Num_Acc,an,mois,jour,hrmn,lum,agg,int,atm,col,com,gps,lat,long,dep
200900001187,9,1,19,1755,1,2,1,1.0,6,29019,M,,,29
200900001188,9,1,19,1345,1,2,2,2.0,2,29019,M,,,29
200900001189,9,1,23,800,2,2,1,1.0,6,29019,M,,,29
200900001190,9,1,19,840,2,2,1,3.0,6,29019,M,,,29
200900001191,9,1,24,1840,5,2,1,1.0,6,29039,M,,,29
200900001192,9,1,25,1835,2,2,2,1.0,3,29019,M,,,29
200900001193,9,1,17,1925,5,2,1,1.0,6,29019,M,,,29
200900001194,9,1,21,755,5,2,3,2.0,1,29019,M,,,29
200900001195,9,1,31,307,5,2,1,9.0,6,29019,M,,,29
200900001196,9,1,16,1830,5,2,1,1.0,6,29019,M,,,29
200900001197,9,1,3,2245,3,1,1,1.0,1,29026,M,4.0,-,29
200900001198,9,1,11,1000,1,1,1,1.0,6,29171,M,0.0,0,29
200900001199,9,1,19,1100,1,2,1,3.0,6,29232,M,,,29
200900001200,9,1,14,1615,1,1,1,1.0,6,29015,M,0.0,0,29
200900001201,9,1,24,1900,2,2,1,1.0,1,29216,M,0.0,0,29
200900001202,9,1,26,1900,3,2,1,9.0,4,29039,M,,,29
200900001203,9,1,11,1825,5,2,1,1.0,1,29254,M,,,29
200900001204,9,1,2,1415,1,1,1,9.0,1,29249,M,4.0,-,29
200900001205,9,1,3,2000,5,2,1,1.0,6,85047,M,0.0,0,85
200900001206,9,1,25,1745,1,1,1,1.0,6,85071,M,0.0,0,85
200900001207,9,1,12,2045,5,2,1,9.0,7,85169,M,0.0,0,85
200900001208,9,1,10,1845,5,2,1,1.0,1,85135,M,0.0,0,85
200900001209,9,1,31,145,3,2,1,1.0,7,85080,M,4.0,-,85
200900001210,9,1,12,600,2,2,1,9.0,6,85190,M,0.0,0,85
200900001211,9,1,29,1400,1,1,1,1.0,5,85012,M,0.0,0,85
200900001212,9,1,10,845,2,2,1,1.0,6,85092,M,4.0,-,85
200900001213,9,1,17,1830,4,2,1,8.0,3,85051,M,0.0,0,85
200900001214,9,1,24,2215,5,2,1,1.0,6,85117,M,4.0,-,85
200900001215,9,1,14,1500,1,1,1,1.0,2,85162,M,0.0,0,85
200900001216,9,1,10,530,3,1,1,1.0,1,85158,M,0.0,0,85
200900001217,9,1,19,800,2,2,1,2.0,6,85191,M,,,85
200900001218,9,1,12,1205,1,2,6,1.0,7,85191,M,,,85
200900001219,9,1,27,800,2,2,1,5.0,6,85191,M,,,85
200900001220,9,1,10,1430,1,1,3,1.0,3,85191,M,,,85
200900001221,9,1,14,1915,3,1,1,8.0,6,85069,M,,,85
200900001222,9,1,12,1400,1,1,1,1.0,1,04198,M,4.0,0,04
200900001223,9,1,6,1815,3,1,1,4.0,1,04240,M,4.0,0,04
200900001224,9,1,15,1445,1,2,1,1.0,6,04143,M,0.0,0,04
200900001225,9,1,19,1615,2,1,9,2.0,6,04110,M,4.0,0,04
200900001226,9,1,19,2035,5,2,1,1.0,2,04112,M,,,04
200900001227,9,1,23,2200,3,1,1,9.0,1,04188,M,4.0,0,04
200900001228,9,1,22,1730,1,1,1,1.0,6,04163,M,4.0,0,04
200900001229,9,1,23,2030,3,1,1,4.0,6,04041,M,4.0,0,04
200900001230,9,1,5,1620,1,2,2,4.0,3,27554,M,4.0,0,27
200900001231,9,1,4,650,5,2,1,1.0,6,27681,M,4.0,0,27
200900001232,9,1,5,1650,1,2,2,4.0,6,27681,M,,,27
200900001233,9,1,13,1335,1,2,3,1.0,5,27229,M,,,27
200900001234,9,1,1,300,3,1,1,1.0,6,27590,M,4.0,0,27
200900001235,9,1,3,1345,1,1,2,7.0,3,27497,M,4.0,0,27
200900001236,9,1,5,1700,2,2,2,4.0,2,27025,M,4.0,0,27
200900001237,9,1,7,830,2,1,1,4.0,1,27641,M,4.0,0,27
200900001238,9,1,9,1630,1,1,1,4.0,1,27445,M,4.0,0,27
200900001239,9,1,9,2000,3,1,1,9.0,1,27306,M,4.0,0,27
200900001240,9,1,9,1645,1,1,2,7.0,3,27695,M,4.0,0,27
200900001241,9,1,14,730,3,1,1,9.0,7,27238,M,4.0,0,27
200900001242,9,1,14,1745,5,2,1,1.0,6,27469,M,4.0,0,27
200900001243,9,1,7,2230,3,1,1,9.0,2,27547,M,4.0,0,27
200900001244,9,1,11,1200,1,1,1,1.0,1,27398,M,4.0,0,27
200900001245,9,1,12,515,3,1,1,9.0,7,27246,M,4.0,0,27
200900001246,9,1,17,1000,1,2,2,1.0,6,27056,M,4.0,0,27
200900001247,9,1,20,545,3,1,1,9.0,6,27268,M,4.0,0,27
200900001248,9,1,20,915,1,1,1,9.0,6,27302,M,4.0,0,27
200900001249,9,1,20,800,2,1,1,9.0,6,27045,M,4.0,0,27
200900001250,9,1,20,2000,3,1,1,1.0,6,27519,M,4.0,0,27
200900001251,9,1,22,1400,1,1,2,2.0,3,27663,M,4.0,0,27
200900001252,9,1,23,2215,3,1,1,1.0,7,27414,M,4.0,0,27
200900001253,9,1,21,1830,3,1,3,1.0,1,27332,M,4.0,0,27
200900001254,9,1,23,1730,2,2,1,1.0,6,27696,M,4.0,0,27
200900001255,9,1,30,830,1,1,1,1.0,7,27648,M,4.0,0,27
200900001256,9,1,27,800,2,1,4,1.0,3,27268,M,4.0,0,27
200900001257,9,1,31,2030,5,2,3,1.0,2,27582,M,4.0,0,27
200900001258,9,1,21,405,5,2,6,9.0,6,27375,M,,,27
200900001259,9,1,20,1800,3,1,1,9.0,7,12145,M,0.0,0,12
200900001260,9,1,15,900,1,2,1,7.0,6,12299,M,0.0,0,12
200900001261,9,1,12,1445,1,1,1,7.0,1,12215,M,0.0,0,12
200900001262,9,1,15,430,3,1,1,4.0,7,12068,M,4.0,0,12
200900001263,9,1,14,745,2,1,1,9.0,7,12093,M,4.0,0,12
200900001264,9,1,18,1515,1,1,9,2.0,6,12213,M,4.0,0,12
200900001265,9,1,18,1800,3,1,1,5.0,2,12162,M,4.0,0,12
200900001266,9,1,28,745,2,2,9,1.0,6,12096,M,4.0,0,12
200900001267,9,1,7,1515,1,2,1,1.0,6,12130,M,4.0,0,12
200900001268,9,1,9,1245,1,2,1,1.0,3,12176,M,,,12
200900001269,9,1,12,1200,1,1,4,1.0,3,12202,M,,,12
200900001270,9,1,12,2045,3,1,1,1.0,7,12291,M,4.0,0,12
200900001271,9,1,27,1850,5,2,1,1.0,6,12208,M,4.0,0,12
200900001272,9,1,24,1844,5,2,1,3.0,6,73008,M,,,73
200900001273,9,1,31,1330,1,2,1,1.0,2,73008,M,,,73
200900001274,9,1,28,900,1,1,1,1.0,6,07018,M,4.0,0,07
200900001275,9,1,28,315,5,2,1,1.0,6,07042,M,4.0,0,07
200900001276,9,1,3,1845,2,1,1,1.0,3,07066,M,0.0,0,07
200900001277,9,1,4,545,5,2,1,1.0,6,07279,M,0.0,0,07
200900001278,9,1,12,1530,1,2,1,1.0,6,07324,M,4.0,0,07
200900001279,9,1,15,2130,3,1,1,1.0,1,07132,M,4.0,0,07
200900001280,9,1,18,130,3,1,1,1.0,7,07157,M,4.0,0,07
200900001281,9,1,22,615,3,1,1,1.0,7,07261,M,4.0,0,07
200900001282,9,1,26,830,3,1,1,1.0,3,07227,M,4.0,0,07
200900001283,9,1,28,1430,1,2,1,1.0,6,07102,M,,,07
200900001284,9,1,29,1006,1,2,1,1.0,6,07331,M,,,07
200900001285,9,1,6,835,2,2,6,1.0,3,44184,M,,,44
200900001286,9,1,6,1340,1,2,1,1.0,4,44109,M,,,44
200900001287,9,1,6,1600,1,2,1,1.0,3,44109,M,,,44
200900001288,9,1,10,230,4,2,1,1.0,2,44109,M,,,44
200900001289,9,1,13,655,2,2,1,9.0,6,44162,M,,,44
200900001290,9,1,21,2040,3,1,3,2.0,3,44114,M,,,44
200900001291,9,1,23,1000,1,2,1,1.0,2,44109,M,,,44
200900001292,9,1,29,820,2,2,1,8.0,6,44109,M,,,44
200900001293,9,1,29,1843,5,2,1,1.0,7,44109,M,,,44
200900001294,9,1,31,45,5,1,1,1.0,6,44109,M,,,44
200900001295,9,1,6,1705,1,2,1,1.0,3,44109,M,,,44
200900001296,9,1,2,1135,1,2,1,8.0,6,44162,M,,,44
200900001297,9,1,2,1320,1,2,3,8.0,6,44109,M,,,44
200900001298,9,1,3,415,5,2,1,1.0,6,44143,M,,,44
200900001299,9,1,4,1310,1,2,1,1.0,6,44109,M,,,44
200900001300,9,1,5,1740,5,1,1,1.0,6,44109,M,,,44
200900001301,9,1,7,1045,1,2,1,1.0,7,44162,M,,,44
200900001302,9,1,8,1850,5,2,1,1.0,3,44109,M,,,44
200900001303,9,1,9,705,5,2,1,1.0,6,44109,M,,,44
200900001304,9,1,9,800,2,2,1,1.0,7,44184,M,,,44
200900001305,9,1,9,815,2,2,9,1.0,3,44109,M,,,44
200900001306,9,1,9,925,1,2,1,1.0,7,44109,M,,,44
200900001307,9,1,11,855,1,2,1,9.0,3,44109,M,,,44
200900001308,9,1,11,1900,3,2,9,1.0,2,44055,M,,,44
200900001309,9,1,12,1215,1,2,1,1.0,6,44109,M,,,44
200900001310,9,1,13,2225,5,2,2,1.0,3,44143,M,,,44
200900001311,9,1,14,1110,1,2,3,1.0,3,44132,M,,,44
200900001312,9,1,16,855,1,2,1,9.0,2,44109,M,,,44
200900001313,9,1,17,1745,2,2,9,1.0,6,44055,M,,,44
200900001314,9,1,17,1815,5,2,3,1.0,3,44109,M,,,44
200900001315,9,1,19,1355,1,2,1,2.0,2,44162,M,,,44
200900001316,9,1,20,1220,1,2,1,1.0,3,44184,M,,,44
200900001317,9,1,20,1240,1,2,6,1.0,3,44135,M,,,44
200900001318,9,1,20,1825,3,2,1,9.0,6,44109,M,,,44
200900001319,9,1,20,2032,5,2,2,1.0,3,44184,M,,,44
200900001320,9,1,21,1130,1,2,2,1.0,3,44184,M,,,44
200900001321,9,1,21,1230,1,2,3,1.0,3,44109,M,,,44
200900001322,9,1,21,1550,1,2,3,1.0,3,44055,M,,,44
200900001323,9,1,21,1800,1,2,1,1.0,6,44143,M,,,44
200900001324,9,1,22,1955,5,2,1,2.0,6,44109,M,,,44
200900001325,9,1,23,2335,5,2,1,3.0,7,44109,M,,,44
200900001326,9,1,24,1000,1,2,1,2.0,6,44109,M,,,44
200900001327,9,1,24,1905,2,2,1,1.0,6,44162,M,,,44
200900001328,9,1,27,1857,2,2,3,1.0,3,44055,M,,,44
200900001329,9,1,28,20,5,2,1,2.0,7,44184,M,,,44
200900001330,9,1,28,1005,1,2,1,2.0,6,44109,M,,,44
200900001331,9,1,30,1520,1,2,1,1.0,6,44184,M,,,44
200900001332,9,1,31,610,5,2,2,1.0,3,44184,M,,,44
200900001333,9,1,31,1040,1,2,1,1.0,3,44132,M,,,44
200900001334,9,1,31,1200,1,2,3,1.0,3,44184,M,,,44
200900001335,9,1,31,1410,1,2,1,1.0,2,44109,M,,,44
200900001336,9,1,14,1830,2,1,1,1.0,6,45068,M,4.0,0,45
200900001337,9,1,5,1815,3,1,1,4.0,1,45289,M,0.0,0,45
200900001338,9,1,20,715,2,1,1,9.0,6,45332,M,0.0,0,45
200900001339,9,1,11,1100,1,1,1,4.0,6,45025,M,4.0,0,45
200900001340,9,1,4,500,3,1,1,1.0,6,45146,M,0.0,0,45
200900001341,9,1,6,800,2,1,1,4.0,6,45200,M,0.0,0,45
200900001342,9,1,6,2300,5,2,1,9.0,6,45155,M,4.0,0,45
200900001343,9,1,25,130,3,1,1,1.0,7,45291,M,0.0,0,45
200900001344,9,1,25,300,3,1,1,9.0,6,45006,M,0.0,0,45
200900001345,9,1,26,1245,1,1,1,1.0,3,45053,M,0.0,0,45
200900001346,9,1,29,730,3,1,1,8.0,1,45016,M,0.0,0,45
200900001347,9,1,30,1830,3,1,1,1.0,6,45075,M,4.0,0,45
200900001348,9,1,15,1130,1,1,1,1.0,6,45227,M,4.0,0,45
200900001349,9,1,20,1015,1,1,1,9.0,6,45155,M,0.0,0,45
200900001350,9,1,15,815,1,1,1,9.0,1,45306,M,0.0,0,45
200900001351,9,1,3,1850,5,2,3,1.0,1,45302,M,4.0,0,45
200900001352,9,1,10,1705,1,2,1,1.0,1,45234,M,4.0,0,45
200900001353,9,1,12,1415,1,2,1,1.0,6,45234,M,4.0,0,45
200900001354,9,1,13,1905,5,2,1,1.0,6,45234,M,4.0,0,45
200900001355,9,1,14,2320,5,2,1,1.0,6,45285,M,4.0,0,45
200900001356,9,1,15,1210,1,2,1,1.0,6,45234,M,4.0,0,45
200900001357,9,1,15,1600,1,1,3,1.0,3,45232,M,4.0,0,45
200900001358,9,1,16,725,2,2,2,1.0,3,45284,M,4.0,0,45
200900001359,9,1,20,1530,1,2,1,2.0,2,45284,M,4.0,0,45
200900001360,9,1,26,2114,5,2,1,1.0,1,45234,M,4.0,0,45
200900001361,9,1,24,420,5,2,7,3.0,6,45208,M,4.0,0,45
200900001362,9,1,27,700,3,1,1,1.0,6,45338,M,4.0,0,45
200900001363,9,1,5,1020,1,2,1,1.0,6,45338,M,4.0,0,45
200900001364,9,1,17,1814,5,2,1,8.0,3,45208,M,4.0,0,45
200900001365,9,1,21,2055,3,1,1,8.0,6,45004,M,4.0,0,45
200900001366,9,1,25,1335,1,2,1,1.0,4,45004,M,4.0,0,45
200900001367,9,1,28,500,4,2,1,8.0,6,45068,M,4.0,0,45
200900001368,9,1,17,1700,1,2,1,1.0,6,45068,M,4.0,0,45
200900001369,9,1,23,1630,1,2,1,1.0,5,45298,M,4.0,0,45
200900001370,9,1,20,1055,1,2,6,1.0,3,45274,M,4.0,0,45
200900001371,9,1,21,1400,1,2,2,1.0,1,45234,M,4.0,0,45
200900001372,9,1,27,1115,1,2,3,1.0,3,45075,M,4.0,0,45
200900001373,9,1,23,1600,1,2,1,1.0,6,45147,M,4.0,0,45
200900001374,9,1,9,1430,1,2,6,1.0,1,45147,M,4.0,0,45
200900001375,9,1,16,1450,1,2,3,1.0,3,45169,M,4.0,0,45
200900001376,9,1,15,800,2,2,1,1.0,1,45302,M,4.0,0,45
200900001377,9,1,8,1725,5,2,1,1.0,6,45232,M,4.0,0,45
200900001378,9,1,19,700,5,2,3,3.0,1,08008,M,0.0,0,08
200900001379,9,1,20,1015,1,1,1,9.0,7,08321,M,0.0,0,08
200900001380,9,1,18,1515,1,2,1,4.0,6,08311,M,0.0,0,08
200900001381,9,1,10,100,3,1,1,9.0,6,08297,M,0.0,0,08
200900001382,9,1,1,400,3,1,1,5.0,7,08444,M,0.0,0,08
200900001383,9,1,10,915,1,1,1,1.0,6,08302,M,0.0,0,08
200900001384,9,1,12,945,1,1,2,9.0,6,08368,M,0.0,0,08
200900001385,9,1,9,45,5,2,1,1.0,6,08302,M,0.0,0,08
200900001386,9,1,20,830,1,1,1,8.0,6,08413,M,0.0,0,08
200900001387,9,1,7,830,1,1,1,1.0,3,08284,M,0.0,0,08
200900001388,9,1,25,1840,5,2,2,1.0,3,08105,M,0.0,0,08
200900001389,9,1,22,1445,1,2,1,2.0,6,08105,M,0.0,0,08
200900001390,9,1,28,805,2,2,3,9.0,6,08105,M,0.0,0,08
200900001391,9,1,3,1140,1,2,2,7.0,3,08105,M,0.0,0,08
200900001392,9,1,31,745,2,1,1,5.0,1,48119,M,,,48
200900001393,9,1,2,1730,1,2,1,7.0,6,48080,M,,,48
200900001394,9,1,9,2100,3,1,1,1.0,1,48016,M,,,48
200900001395,9,1,13,1545,1,2,1,1.0,6,48095,M,4.0,0,48
200900001396,9,1,28,1845,3,1,1,1.0,6,48095,M,,,48
200900001397,9,3,31,1607,1,2,2,1.0,6,75112,M,,,75
200900001398,9,3,1,1540,1,2,1,1.0,4,75115,M,,,75
200900001399,9,3,4,920,1,2,5,3.0,6,75113,M,,,75
200900001400,9,3,1,44,5,2,5,1.0,2,75117,M,,,75
200900001401,9,3,1,1750,1,2,2,1.0,3,75120,M,,,75
200900001402,9,3,13,5,5,2,3,1.0,3,75107,M,,,75
200900001403,9,3,14,1400,1,2,5,8.0,3,75107,M,,,75
200900001404,9,3,15,1220,1,2,3,1.0,3,75112,M,,,75
200900001405,9,3,15,1320,1,2,1,1.0,4,75120,M,,,75
200900001406,9,3,16,1935,2,2,5,1.0,3,75114,M,,,75
200900001407,9,3,29,1955,1,2,1,1.0,3,75118,M,,,75
200900001408,9,3,31,2230,5,2,2,1.0,3,75116,M,,,75
200900001409,9,3,18,1650,1,2,2,1.0,6,75113,M,,,75
200900001410,9,3,19,230,5,2,2,1.0,3,75119,M,,,75
200900001411,9,3,19,1525,1,2,4,1.0,2,75112,M,,,75
200900001412,9,3,26,1810,1,2,5,1.0,6,75116,M,,,75
200900001413,9,3,29,1540,1,2,1,1.0,2,75103,M,,,75
200900001414,9,3,29,1620,1,2,1,9.0,7,75101,M,,,75
200900001415,9,3,1,205,5,2,1,1.0,6,75104,M,,,75
200900001416,9,3,1,420,5,2,4,1.0,7,75116,M,,,75
200900001417,9,3,1,505,5,2,1,1.0,6,75108,M,,,75
200900001418,9,3,1,1835,5,2,4,1.0,6,75115,M,,,75
200900001419,9,3,1,1930,5,2,1,1.0,2,75117,M,,,75
200900001420,9,3,1,1945,2,2,2,1.0,3,75112,M,,,75
200900001421,9,3,1,1950,5,2,2,1.0,6,75106,M,,,75
200900001422,9,3,2,315,5,2,1,1.0,3,75112,M,,,75
200900001423,9,3,2,715,2,2,4,1.0,7,75113,M,,,75
200900001424,9,3,2,750,5,2,1,1.0,6,75116,M,,,75
200900001425,9,3,2,945,1,2,1,1.0,3,75112,M,,,75
200900001426,9,3,2,950,1,2,2,1.0,7,75108,M,,,75
200900001427,9,3,2,950,1,2,3,1.0,3,75119,M,,,75
200900001428,9,3,2,1000,1,2,5,1.0,6,75108,M,,,75
200900001429,9,3,2,1045,1,2,2,1.0,3,75112,M,,,75
200900001430,9,3,2,1840,5,2,1,1.0,6,75112,M,,,75
200900001431,9,3,7,38,5,2,1,1.0,6,75119,M,,,75
200900001432,9,3,7,125,5,2,2,1.0,7,75113,M,,,75
200900001433,9,3,7,328,5,2,1,1.0,6,75114,M,,,75
200900001434,9,3,7,400,5,2,1,1.0,6,75115,M,,,75
200900001435,9,3,7,515,3,2,1,1.0,6,75120,M,,,75
200900001436,9,3,7,558,5,2,1,1.0,6,75113,M,,,75
200900001437,9,3,7,1120,1,2,2,1.0,6,75115,M,,,75
200900001438,9,3,7,1235,1,2,1,1.0,6,75107,M,,,75
200900001439,9,3,7,1435,1,2,1,1.0,6,75118,M,,,75
200900001440,9,3,7,1740,1,2,1,1.0,6,75119,M,,,75
200900001441,9,3,7,1750,1,2,1,1.0,2,75118,M,,,75
200900001442,9,3,31,1014,1,2,1,1.0,6,75115,M,,,75
200900001443,9,3,31,1056,1,2,2,1.0,3,75114,M,,,75
200900001444,9,3,31,1145,1,2,1,1.0,6,75116,M,,,75
200900001445,9,3,31,1225,1,2,2,1.0,3,75114,M,,,75
200900001446,9,3,31,1235,1,2,2,1.0,2,75114,M,,,75
200900001447,9,3,6,1210,1,2,5,1.0,3,75116,M,,,75
200900001448,9,3,6,1230,1,2,4,1.0,1,75120,M,,,75
200900001449,9,3,6,1232,1,2,1,1.0,2,75114,M,,,75
200900001450,9,3,6,1430,1,2,1,1.0,6,75114,M,,,75
200900001451,9,3,6,1520,1,2,1,1.0,6,75114,M,,,75
200900001452,9,3,6,1520,1,2,2,1.0,6,75109,M,,,75
200900001453,9,3,6,1550,1,2,2,1.0,3,75107,M,,,75
200900001454,9,3,31,1410,1,2,2,1.0,2,75114,M,,,75
200900001455,9,3,31,1420,1,2,3,1.0,6,75112,M,,,75
200900001456,9,3,31,1505,1,2,1,1.0,4,75101,M,,,75
200900001457,9,3,31,1545,1,2,1,1.0,3,75109,M,,,75
200900001458,9,3,31,1600,1,2,5,1.0,6,75110,M,,,75
200900001459,9,3,31,1625,1,2,1,1.0,1,75120,M,,,75
200900001460,9,3,2,1050,1,2,2,1.0,6,75117,M,,,75
200900001461,9,3,2,1145,1,2,5,1.0,3,75115,M,,,75
200900001462,9,3,2,1320,1,2,1,1.0,3,75117,M,,,75
200900001463,9,3,8,1000,1,2,3,1.0,3,75114,M,,,75
200900001464,9,3,2,1340,1,2,1,1.0,6,75110,M,,,75
200900001465,9,3,31,1300,1,2,2,1.0,3,75117,M,,,75
200900001466,9,3,8,1010,1,2,5,2.0,7,75113,M,,,75
200900001467,9,3,2,1355,1,2,2,1.0,6,75103,M,,,75
200900001468,9,3,8,1045,1,2,2,3.0,6,75105,M,,,75
200900001469,9,3,2,1630,1,2,1,1.0,6,75116,M,,,75
200900001470,9,3,8,1050,1,2,1,2.0,7,75112,M,,,75
200900001471,9,3,2,1655,1,2,1,1.0,6,75106,M,,,75
200900001472,9,3,8,1105,1,2,1,2.0,3,75117,M,,,75
200900001473,9,3,2,1745,1,2,1,1.0,6,75116,M,,,75
200900001474,9,3,8,1120,1,2,2,2.0,3,75106,M,,,75
200900001475,9,3,8,1145,1,2,5,2.0,3,75110,M,,,75
200900001476,9,3,8,1226,1,2,5,2.0,7,75112,M,,,75
200900001477,9,3,8,1325,1,2,4,2.0,6,75116,M,,,75
200900001478,9,3,8,1520,1,2,4,1.0,6,75115,M,,,75
200900001479,9,3,8,1527,1,2,5,1.0,4,75114,M,,,75
200900001480,9,3,8,1555,1,2,2,1.0,3,75111,M,,,75
200900001481,9,3,8,1635,1,2,2,1.0,6,75104,M,,,75
200900001482,9,3,8,1825,2,2,5,1.0,3,75114,M,,,75
200900001483,9,3,8,1830,2,2,5,1.0,6,75119,M,,,75
200900001484,9,3,8,1852,2,2,1,1.0,3,75106,M,,,75
200900001485,9,3,8,2155,5,2,3,1.0,7,75120,M,,,75
200900001486,9,3,8,2250,5,2,1,1.0,7,75107,M,,,75
200900001487,9,3,9,715,1,2,1,1.0,6,75106,M,,,75
200900001488,9,3,9,900,1,2,3,1.0,2,75107,M,,,75
200900001489,9,3,3,900,1,2,3,7.0,6,75113,M,,,75
200900001490,9,3,3,1015,1,2,2,1.0,6,75115,M,,,75
200900001491,9,3,3,1045,1,2,2,1.0,6,75107,M,,,75
200900001492,9,3,3,1105,1,2,5,1.0,6,75115,M,,,75
200900001493,9,3,3,1130,1,2,2,1.0,6,75109,M,,,75
200900001494,9,3,3,1145,1,2,1,1.0,3,75108,M,,,75
200900001495,9,3,3,1205,1,2,2,1.0,6,75111,M,,,75
200900001496,9,3,3,1350,1,2,2,1.0,6,75101,M,,,75
200900001497,9,3,3,1355,1,2,1,1.0,3,75103,M,,,75
200900001498,9,3,3,1520,1,2,5,1.0,3,75120,M,,,75
200900001499,9,3,3,1600,1,2,3,1.0,6,75118,M,,,75
200900001500,9,3,2,1924,5,2,1,1.0,3,75115,M,,,75
200900001501,9,3,2,1935,5,2,2,1.0,3,75111,M,,,75
200900001502,9,3,2,2110,5,2,1,1.0,6,75112,M,,,75
200900001503,9,3,2,2140,5,2,5,1.0,7,75117,M,,,75
200900001504,9,3,2,2300,5,2,1,1.0,6,75117,M,,,75
200900001505,9,3,3,815,5,2,1,1.0,3,75116,M,,,75
200900001506,9,3,3,820,1,2,1,1.0,3,75116,M,,,75
200900001507,9,3,3,840,1,2,1,1.0,6,75116,M,,,75
200900001508,9,3,3,850,1,2,1,1.0,6,75105,M,,,75
200900001509,9,3,4,905,1,2,1,2.0,6,75116,M,,,75
200900001510,9,3,4,915,1,2,2,2.0,6,75116,M,,,75
200900001511,9,3,4,920,1,2,2,2.0,6,75107,M,,,75
200900001512,9,3,4,920,1,2,3,2.0,6,75117,M,,,75
200900001513,9,3,4,930,1,2,1,2.0,6,75120,M,,,75
200900001514,9,3,4,1015,1,2,5,2.0,3,75112,M,,,75
200900001515,9,3,4,1035,1,2,2,2.0,6,75108,M,,,75
200900001516,9,3,4,1100,1,2,1,2.0,7,75117,M,,,75
200900001517,9,3,4,1120,1,2,1,2.0,3,75119,M,,,75
200900001518,9,3,4,1213,1,2,1,2.0,6,75117,M,,,75
200900001519,9,3,4,1240,1,2,1,8.0,6,75109,M,,,75
200900001520,9,3,4,1245,1,2,3,2.0,7,75116,M,,,75
200900001521,9,3,4,1300,1,2,4,2.0,2,75120,M,,,75
200900001522,9,3,4,1335,1,2,1,8.0,7,75111,M,,,75
200900001523,9,3,31,1715,1,2,4,1.0,6,75112,M,,,75
200900001524,9,3,31,1935,1,2,1,1.0,6,75118,M,,,75
200900001525,9,3,31,2200,5,2,4,1.0,6,75114,M,,,75
200900001526,9,3,30,1840,1,2,1,2.0,5,75109,M,,,75
200900001527,9,3,30,1850,1,2,1,1.0,3,75112,M,,,75
200900001528,9,3,30,1900,1,2,2,1.0,6,75106,M,,,75
200900001529,9,3,30,1930,1,2,3,1.0,6,75112,M,,,75
200900001530,9,3,30,1945,1,2,2,1.0,3,75102,M,,,75
200900001531,9,3,30,2000,5,2,1,1.0,4,75117,M,,,75
200900001532,9,3,3,850,1,2,1,1.0,6,75109,M,,,75
200900001533,9,3,4,1800,2,2,1,1.0,7,75113,M,,,75
200900001534,9,3,5,1650,1,2,3,1.0,5,75118,M,,,75
200900001535,9,3,4,1800,2,2,2,1.0,6,75114,M,,,75
200900001536,9,3,5,1810,1,2,4,1.0,6,75107,M,,,75
200900001537,9,3,4,1825,2,2,2,1.0,3,75114,M,,,75
200900001538,9,3,5,1905,5,2,3,1.0,6,75115,M,,,75
200900001539,9,3,4,1830,2,2,5,9.0,3,75116,M,,,75
200900001540,9,3,5,1930,5,2,2,1.0,6,75117,M,,,75
200900001541,9,3,4,1845,5,2,1,1.0,6,75112,M,,,75
200900001542,9,3,5,1945,5,2,3,1.0,6,75120,M,,,75
200900001543,9,3,4,1910,5,2,3,8.0,7,75113,M,,,75
200900001544,9,3,5,2015,5,2,2,1.0,3,75117,M,,,75
200900001545,9,3,4,1940,5,2,3,1.0,2,75113,M,,,75
200900001546,9,3,5,2025,5,2,3,1.0,6,75108,M,,,75
200900001547,9,3,4,2000,5,2,3,1.0,3,75111,M,,,75
200900001548,9,3,5,2145,5,2,2,1.0,3,75118,M,,,75
200900001549,9,3,4,2025,5,2,2,1.0,3,75111,M,,,75
200900001550,9,3,5,2215,5,2,1,1.0,7,75102,M,,,75
200900001551,9,3,4,2100,5,2,3,1.0,3,75113,M,,,75
200900001552,9,3,5,2340,5,2,1,1.0,3,75113,M,,,75
200900001553,9,3,4,2305,5,2,3,1.0,6,75118,M,,,75
200900001554,9,3,6,30,5,2,2,1.0,2,75110,M,,,75
200900001555,9,3,5,805,1,2,1,8.0,3,75107,M,,,75
200900001556,9,3,6,140,5,2,1,1.0,7,75104,M,,,75
200900001557,9,3,5,845,1,2,2,1.0,3,75117,M,,,75
200900001558,9,3,6,1601,1,2,3,1.0,6,75112,M,,,75
200900001559,9,3,6,1619,1,2,3,1.0,6,75119,M,,,75
200900001560,9,3,6,1650,1,2,1,1.0,3,75113,M,,,75
200900001561,9,3,6,1825,2,2,2,1.0,6,75111,M,,,75
200900001562,9,3,6,1840,2,2,3,1.0,3,75117,M,,,75
200900001563,9,3,6,1845,5,2,3,1.0,3,75104,M,,,75
200900001564,9,3,6,2015,5,2,1,1.0,3,75117,M,,,75
200900001565,9,3,6,2045,5,2,1,1.0,6,75117,M,,,75
200900001566,9,3,6,2205,5,2,2,1.0,7,75115,M,,,75
200900001567,9,3,6,2340,5,2,1,1.0,3,75101,M,,,75
200900001568,9,3,6,2345,5,2,2,1.0,6,75102,M,,,75
200900001569,9,3,7,20,5,2,2,1.0,3,75114,M,,,75
200900001570,9,3,7,30,5,2,2,1.0,6,75115,M,,,75
200900001571,9,3,3,1720,1,2,2,1.0,3,75114,M,,,75
200900001572,9,3,3,1810,2,2,3,1.0,2,75113,M,,,75
200900001573,9,3,3,1940,5,2,1,1.0,6,75110,M,,,75
200900001574,9,3,3,1955,5,2,1,1.0,7,75117,M,,,75
200900001575,9,3,3,2000,5,2,1,1.0,6,75120,M,,,75