Num_Acc,an,mois,jour,hrmn,lum,agg,int,atm,col,com,gps,lat,long,dep
200900001973,9,3,26,1653,1,2,1,2.0,6,75110,M,,,75
200900001974,9,3,26,1655,1,2,2,8.0,2,75103,M,,,75
200900001975,9,3,26,1700,1,2,1,2.0,6,75117,M,,,75
200900001976,9,3,26,1700,1,2,1,1.0,3,75120,M,,,75
200900001977,9,3,26,1800,1,2,2,2.0,3,75108,M,,,75
200900001978,9,3,26,1800,1,2,2,2.0,6,75118,M,,,75
200900001979,9,3,26,1805,1,2,2,1.0,1,75120,M,,,75
200900001980,9,3,26,1840,1,2,1,8.0,2,75113,M,,,75
200900001981,9,3,26,1855,2,2,3,2.0,2,75111,M,,,75
200900001982,9,3,26,1930,5,2,1,1.0,6,75118,M,,,75
200900001983,9,3,26,1945,5,2,5,2.0,3,75111,M,0.0,0,75
200900001984,9,3,26,1945,5,2,4,2.0,3,75116,M,,,75
200900001985,9,3,26,2000,5,2,3,2.0,7,75103,M,,,75
200900001986,9,3,26,2010,5,2,2,2.0,6,75108,M,,,75
200900001987,9,3,26,2130,5,2,3,2.0,3,75115,M,,,75
200900001988,9,3,26,2210,5,2,3,2.0,3,75120,M,,,75
200900001989,9,3,26,2352,5,2,1,3.0,6,75106,M,,,75
200900001990,9,3,27,45,5,2,1,2.0,6,75118,M,,,75
200900001991,9,3,27,120,5,2,2,1.0,3,75102,M,,,75
200900001992,9,3,27,125,5,2,1,2.0,6,75112,M,,,75
200900001993,9,3,27,820,1,2,3,8.0,3,75112,M,,,75
200900001994,9,3,27,840,1,2,1,1.0,6,75119,M,,,75
200900001995,9,3,27,945,1,2,3,8.0,6,75108,M,,,75
200900001996,9,3,27,1110,1,2,1,8.0,3,75119,M,,,75
200900001997,9,3,27,1200,1,2,1,1.0,3,75118,M,,,75
200900001998,9,3,27,1220,1,2,1,1.0,2,75115,M,,,75
200900001999,9,3,27,1315,1,2,2,1.0,3,75105,M,,,75
200900002000,9,3,27,1330,1,2,5,1.0,3,75101,M,,,75
200900002001,9,3,27,1355,1,2,2,1.0,3,75115,M,,,75
200900002002,9,3,27,1445,1,2,1,1.0,3,75120,M,,,75
200900002003,9,3,27,1455,1,2,1,1.0,7,75118,M,,,75
200900002004,9,3,27,1500,1,2,5,1.0,7,75117,M,,,75
200900002005,9,3,27,1600,1,2,1,8.0,7,75117,M,,,75
200900002006,9,3,27,1620,1,2,4,1.0,6,75119,M,,,75
200900002007,9,3,27,1745,1,2,1,1.0,4,75113,M,,,75
200900002008,9,3,27,1900,2,2,2,1.0,6,75115,M,,,75
200900002009,9,3,27,2035,5,2,1,1.0,6,75116,M,,,75
200900002010,9,3,27,2205,5,2,3,1.0,3,75120,M,,,75
200900002011,9,3,28,34,5,2,2,1.0,3,75115,M,,,75
200900002012,9,3,28,110,5,2,2,2.0,6,75110,M,,,75
200900002013,9,3,28,310,5,2,1,2.0,6,75104,M,,,75
200900002014,9,3,28,555,2,2,2,2.0,6,75119,M,,,75
200900002015,9,3,28,1236,1,2,1,1.0,6,75117,M,,,75
200900002016,9,3,28,1250,1,2,1,1.0,4,75112,M,,,75
200900002017,9,3,28,1345,1,2,1,2.0,3,75102,M,,,75
200900002018,9,3,28,1400,1,2,1,2.0,4,75120,M,,,75
200900002019,9,3,28,1455,1,2,1,2.0,4,75120,M,,,75
200900002020,9,3,28,1500,1,2,2,2.0,6,75109,M,,,75
200900002021,9,3,28,1520,1,2,2,1.0,3,75116,M,,,75
200900002022,9,3,28,1545,1,2,5,3.0,7,75108,M,,,75
200900002023,9,3,28,1600,1,2,1,2.0,7,75116,M,,,75
200900002024,9,3,28,1650,1,2,1,2.0,6,75115,M,,,75
200900002025,9,3,28,1700,1,2,1,2.0,7,75107,M,,,75
200900002026,9,3,28,1700,1,2,3,2.0,3,75120,M,,,75
200900002027,9,3,28,1740,1,2,5,8.0,5,75119,M,,,75
200900002028,9,3,28,2015,5,2,2,1.0,3,75119,M,,,75
200900002029,9,3,28,2030,5,2,1,2.0,2,75111,M,,,75
200900002030,9,3,28,2115,5,2,5,1.0,3,75108,M,,,75
200900002031,9,3,28,2305,5,2,4,1.0,4,75120,M,,,75
200900002032,9,3,28,2325,5,2,1,1.0,2,75112,M,,,75
200900002033,9,3,29,25,5,2,3,1.0,6,75116,M,,,75
200900002034,9,3,29,50,5,2,2,1.0,6,75112,M,,,75
200900002035,9,3,29,100,5,2,3,1.0,3,75116,M,,,75
200900002036,9,3,29,455,5,2,2,1.0,3,75111,M,,,75
200900002037,9,3,29,605,2,2,5,1.0,2,75117,M,,,75
200900002038,9,3,29,650,1,2,1,1.0,7,75118,M,,,75
200900002039,9,3,29,757,1,2,2,1.0,2,75104,M,,,75
200900002040,9,3,29,1150,1,2,1,1.0,6,75119,M,,,75
200900002041,9,3,29,1215,1,2,1,1.0,6,75119,M,,,75
200900002042,9,3,29,1300,1,2,2,1.0,3,75118,M,,,75
200900002043,9,3,29,1320,1,2,1,1.0,4,75112,M,,,75
200900002044,9,3,29,1744,1,2,1,1.0,6,75109,M,,,75
200900002045,9,3,29,1820,1,2,1,1.0,3,75108,M,,,75
200900002046,9,3,29,1900,1,2,1,1.0,6,75116,M,,,75
200900002047,9,3,29,2020,5,2,5,1.0,6,75114,M,,,75
200900002048,9,3,30,45,5,2,4,1.0,6,75113,M,,,75
200900002049,9,3,30,815,1,2,5,1.0,6,75104,M,,,75
200900002050,9,3,30,840,1,2,5,1.0,3,75116,M,,,75
200900002051,9,3,30,910,1,2,3,1.0,3,75114,M,,,75
200900002052,9,3,30,1100,1,2,2,1.0,3,75107,M,,,75
200900002053,9,3,30,1125,1,2,1,1.0,3,75114,M,,,75
200900002054,9,3,30,1225,1,2,1,1.0,6,75113,M,,,75
200900002055,9,3,30,1315,1,2,2,1.0,6,75102,M,,,75
200900002056,9,3,30,1315,1,2,1,1.0,6,75112,M,,,75
200900002057,9,3,30,1330,1,2,1,1.0,6,75111,M,,,75
200900002058,9,3,30,1410,1,2,1,1.0,7,75120,M,,,75
200900002059,9,3,30,1500,1,2,4,1.0,6,75120,M,,,75
200900002060,9,3,30,1518,1,2,2,1.0,3,75109,M,,,75
200900002061,9,3,30,1530,1,2,3,1.0,3,75112,M,,,75
200900002062,9,3,30,1610,1,2,2,1.0,6,75119,M,,,75
200900002063,9,2,12,815,1,1,9,4.0,6,48132,M,,,48
200900002064,9,2,17,1045,1,1,1,1.0,3,48147,M,,,48
200900002065,9,2,8,2030,3,1,1,1.0,6,48127,M,4.0,0,48
200900002066,9,2,24,1800,1,2,1,1.0,1,48086,M,,,48
200900002067,9,1,1,1542,1,2,1,1.0,7,36202,M,4.0,0,36
200900002068,9,1,9,920,1,2,6,8.0,3,36044,M,4.0,0,36
200900002069,9,1,16,1830,5,2,2,1.0,3,36046,M,4.0,0,36
200900002070,9,1,25,1615,1,1,1,2.0,7,36016,M,4.0,0,36
200900002071,9,1,19,2030,3,1,1,8.0,7,36195,M,4.0,0,36
200900002072,9,1,22,1715,2,1,1,2.0,1,36068,M,4.0,0,36
200900002073,9,1,13,1145,1,1,1,1.0,3,36208,M,4.0,0,36
200900002074,9,1,18,2145,3,1,1,8.0,6,36034,M,4.0,0,36
200900002075,9,1,25,400,5,1,1,8.0,6,36159,M,4.0,0,36
200900002076,9,1,17,1905,4,1,1,8.0,6,36202,M,4.0,0,36
200900002077,9,1,18,853,1,2,2,1.0,3,36044,M,4.0,0,36
200900002078,9,1,20,835,1,1,1,8.0,6,36044,M,4.0,0,36
200900002079,9,1,20,1503,1,2,1,1.0,6,36044,M,4.0,0,36
200900002080,9,1,26,1006,1,2,1,1.0,7,36044,M,4.0,0,36
200900002081,9,1,28,1715,2,2,1,1.0,6,36044,M,4.0,0,36
200900002082,9,1,20,614,3,1,1,8.0,6,36202,M,4.0,0,36
200900002083,9,1,15,1245,1,1,1,1.0,2,36164,M,4.0,0,36
200900002084,9,1,20,930,1,2,1,9.0,7,36044,M,,,36
200900002085,9,1,22,916,1,1,2,8.0,3,36063,M,4.0,0,36
200900002086,9,1,8,1115,1,2,6,1.0,6,36046,M,4.0,0,36
200900002087,9,1,16,1330,1,1,1,1.0,6,60610,M,0.0,0,60
200900002088,9,1,22,745,3,2,1,3.0,6,60477,M,4.0,0,60
200900002089,9,1,13,130,3,1,1,1.0,2,60558,M,0.0,0,60
200900002090,9,1,12,1305,1,2,1,1.0,6,60159,M,,,60
200900002091,9,1,4,1150,1,2,1,1.0,1,60057,M,,,60
200900002092,9,1,8,1445,1,1,1,7.0,2,60030,M,0.0,0,60
200900002093,9,1,28,1530,1,1,1,1.0,7,60178,M,0.0,0,60
200900002094,9,1,20,330,3,1,1,9.0,6,60680,M,4.0,0,60
200900002095,9,1,30,715,3,1,3,1.0,3,60338,M,4.0,0,60
200900002096,9,1,3,1000,1,1,1,1.0,6,60319,M,0.0,0,60
200900002097,9,1,19,2200,3,1,1,4.0,6,60598,M,0.0,0,60
200900002098,9,1,18,1800,3,1,4,1.0,3,60181,M,0.0,0,60
200900002099,9,1,24,915,1,1,1,1.0,6,60459,M,0.0,0,60
200900002100,9,1,8,2045,3,1,1,1.0,2,60541,M,0.0,0,60
200900002101,9,1,20,1230,1,1,1,8.0,1,60272,M,4.0,0,60
200900002102,9,1,25,1900,5,2,2,2.0,3,60178,M,4.0,0,60
200900002103,9,1,15,2215,3,1,1,1.0,1,60430,M,4.0,0,60
200900002104,9,1,27,1415,1,1,1,1.0,3,60091,M,4.0,0,60
200900002105,9,1,31,1215,1,1,1,1.0,5,60019,M,0.0,0,60
200900002106,9,1,27,1145,1,1,1,1.0,6,60628,M,0.0,0,60
200900002107,9,1,21,500,5,2,1,1.0,7,60325,M,4.0,0,60
200900002108,9,1,9,1645,1,1,1,4.0,1,60549,M,0.0,0,60
200900002109,9,1,17,2000,3,1,2,1.0,3,60162,M,0.0,0,60
200900002110,9,1,13,715,5,2,1,2.0,6,60509,M,0.0,0,60
200900002111,9,1,5,1245,1,1,1,4.0,1,60155,M,0.0,0,60
200900002112,9,1,2,1845,3,1,1,1.0,6,60582,M,4.0,0,60
200900002113,9,1,15,1930,5,2,1,8.0,6,60291,M,0.0,0,60
200900002114,9,1,17,1345,1,1,1,1.0,5,60136,M,0.0,0,60
200900002115,9,1,13,1815,3,1,1,1.0,6,60332,M,0.0,0,60
200900002116,9,1,20,2015,5,2,1,1.0,1,60260,M,0.0,0,60
200900002117,9,1,15,745,5,2,1,1.0,6,60221,M,0.0,0,60
200900002118,9,1,19,1745,2,2,1,8.0,6,60159,M,,,60
200900002119,9,1,20,900,1,1,1,9.0,3,60159,M,,,60
200900002120,9,1,8,900,1,1,1,4.0,1,60264,M,0.0,0,60
200900002121,9,1,23,1830,5,2,1,1.0,1,41059,M,4.0,0,41
200900002122,9,1,20,645,3,1,1,9.0,6,41095,M,4.0,0,41
200900002123,9,1,10,1745,5,2,1,4.0,1,41295,M,4.0,0,41
200900002124,9,1,26,1630,1,1,9,1.0,7,41059,M,4.0,0,41
200900002125,9,1,30,1615,1,1,1,1.0,1,41046,M,4.0,0,41
200900002126,9,1,26,845,1,1,1,9.0,3,41149,M,4.0,0,41
200900002127,9,1,2,800,1,2,1,1.0,6,41106,M,4.0,0,41
200900002128,9,1,16,1915,3,1,1,2.0,5,41150,M,4.0,0,41
200900002129,9,1,2,1715,5,2,1,1.0,1,41295,M,4.0,0,41
200900002130,9,1,12,715,3,1,1,9.0,5,41097,M,4.0,0,41
200900002131,9,1,11,100,5,1,1,1.0,6,41092,M,4.0,0,41
200900002132,9,1,26,1930,2,2,1,1.0,6,41073,M,4.0,0,41
200900002133,9,1,22,1933,5,2,6,2.0,7,41269,M,,,41
200900002134,9,1,30,2335,5,2,2,1.0,3,41018,M,,,41
200900002135,9,1,20,1157,1,2,1,1.0,3,41018,M,,,41
200900002136,9,1,15,1740,5,2,1,1.0,5,41018,M,,,41
200900002137,9,1,6,915,1,1,1,8.0,5,41136,M,4.0,0,41
200900002138,9,1,10,1845,5,2,2,1.0,3,41047,M,4.0,0,41
200900002139,9,1,16,2215,5,2,6,1.0,7,41269,M,,,41
200900002140,9,1,26,830,1,1,1,5.0,6,41233,M,4.0,0,41
200900002141,9,1,23,1130,1,2,1,2.0,2,41018,M,4.0,0,41
200900002142,9,1,17,2240,5,2,1,1.0,3,41018,M,4.0,0,41
200900002143,9,1,24,1415,1,1,1,1.0,7,28012,M,4.0,0,28
200900002144,9,1,12,1430,1,1,1,1.0,6,28085,M,4.0,0,28
200900002145,9,1,6,740,2,2,7,1.0,3,28085,M,4.0,0,28
200900002146,9,1,30,910,1,2,1,1.0,6,28085,M,4.0,0,28
200900002147,9,1,15,900,1,2,1,1.0,7,28085,M,4.0,0,28
200900002148,9,1,14,1935,4,2,2,1.0,3,28220,M,4.0,0,28
200900002149,9,1,6,900,1,2,3,4.0,2,28085,M,4.0,0,28
200900002150,9,1,21,1355,1,2,1,1.0,7,28404,M,4.0,0,28
200900002151,9,1,26,745,2,2,6,1.0,6,28134,M,4.0,0,28
200900002152,9,1,24,1305,1,2,6,1.0,7,28134,M,4.0,0,28
200900002153,9,1,19,1340,1,2,1,1.0,3,28404,M,4.0,0,28
200900002154,9,1,23,2005,5,2,2,1.0,3,28218,M,4.0,0,28
200900002155,9,1,19,1350,1,2,3,1.0,3,28110,M,4.0,0,28
200900002156,9,1,30,830,1,2,2,1.0,3,28085,M,4.0,0,28
200900002157,9,1,14,1900,5,2,1,1.0,1,28229,M,4.0,0,28
200900002158,9,1,29,1600,1,1,1,1.0,6,28191,M,4.0,0,28
200900002159,9,1,15,1845,1,1,1,8.0,6,28074,M,4.0,0,28
200900002160,9,1,1,345,3,1,1,5.0,6,28259,M,4.0,0,28
200900002161,9,1,14,830,2,2,1,1.0,6,28116,M,4.0,0,28
200900002162,9,1,16,2115,3,1,1,5.0,1,28088,M,4.0,0,28
200900002163,9,1,5,1445,1,1,1,4.0,6,28104,M,4.0,0,28
200900002164,9,1,31,1830,3,1,1,1.0,7,28393,M,4.0,0,28
200900002165,9,1,23,1545,1,2,2,1.0,3,28134,M,4.0,0,28
200900002166,9,1,1,130,5,2,1,1.0,6,03310,M,0.0,0,03
200900002167,9,1,14,745,2,2,3,8.0,5,03310,M,,,03
200900002168,9,1,1,2055,5,2,1,5.0,6,03310,M,,,03
200900002169,9,1,7,1835,5,2,1,1.0,6,03310,M,,,03
200900002170,9,1,10,1555,1,2,1,1.0,6,03310,M,,,03
200900002171,9,1,28,1022,1,2,2,1.0,2,03098,M,0.0,0,03
200900002172,9,1,30,1100,1,2,1,1.0,3,03310,M,,,03
200900002173,9,1,20,1300,1,2,1,1.0,6,03310,M,,,03
200900002174,9,1,31,1930,5,2,2,1.0,3,03310,M,,,03
200900002175,9,1,31,2042,5,2,1,1.0,6,03310,M,0.0,0,03
200900002176,9,1,27,1825,5,2,1,1.0,3,03095,M,,,03
200900002177,9,1,17,35,5,2,1,1.0,6,03310,M,,,03
200900002178,9,1,4,2200,3,1,1,1.0,3,03053,M,0.0,0,03
200900002179,9,1,23,1945,5,2,1,1.0,1,03060,M,0.0,0,03
200900002180,9,1,20,745,1,1,1,8.0,3,03197,M,0.0,0,03
200900002181,9,1,8,1800,3,1,1,1.0,6,03263,M,0.0,0,03
200900002182,9,1,5,2045,3,1,1,1.0,1,03195,M,0.0,0,03
200900002183,9,1,30,2230,3,2,1,1.0,6,03052,M,0.0,0,03
200900002184,9,1,12,1045,1,2,1,1.0,6,03275,M,0.0,0,03
200900002185,9,1,10,1945,3,1,1,9.0,6,03132,M,0.0,0,03
200900002186,9,1,21,430,3,1,1,9.0,7,03054,M,0.0,0,03
200900002187,9,1,1,1900,5,2,1,1.0,3,03082,M,0.0,0,03
200900002188,9,1,11,1245,1,1,1,1.0,6,03233,M,0.0,0,03
200900002189,9,1,5,2200,3,1,1,1.0,7,03005,M,0.0,0,03
200900002190,9,1,23,2120,5,2,1,1.0,7,03310,M,0.0,0,03
200900002191,9,1,24,900,1,2,3,2.0,6,03310,M,,,03
200900002192,9,1,27,2000,5,2,6,1.0,6,03023,M,,,03
200900002193,9,1,18,2130,3,1,1,1.0,1,03102,M,0.0,0,03
200900002194,9,1,30,1145,1,1,1,1.0,6,43151,M,4.0,0,43
200900002195,9,1,27,1500,1,1,1,4.0,7,43137,M,0.0,0,43
200900002196,9,1,29,815,1,1,1,5.0,3,43122,M,4.0,0,43
200900002197,9,1,25,1630,1,1,1,1.0,7,43024,M,0.0,0,43
200900002198,9,1,30,900,1,2,1,1.0,6,43137,M,4.0,0,43
200900002199,9,1,22,1615,1,1,1,4.0,1,43007,M,4.0,0,43
200900002200,9,1,22,1745,2,2,1,1.0,5,43021,M,0.0,0,43
200900002201,9,1,23,1745,2,1,1,1.0,7,43039,M,4.0,0,43
200900002202,9,1,16,1945,3,1,1,8.0,6,43211,M,4.0,0,43
200900002203,9,1,19,1530,1,1,1,1.0,5,43163,M,4.0,0,43
200900002204,9,1,9,2015,5,2,1,2.0,3,43112,M,0.0,0,43
200900002205,9,1,10,500,3,1,1,1.0,6,43153,M,4.0,0,43
200900002206,9,1,14,1725,2,2,9,1.0,3,43157,M,,,43
200900002207,9,1,15,1205,1,2,1,1.0,2,43157,M,,,43
200900002208,9,1,18,1245,1,1,1,8.0,6,43062,M,4.0,0,43
200900002209,9,1,1,1100,1,1,1,1.0,6,43017,M,4.0,0,43
200900002210,9,1,9,915,1,2,1,1.0,6,43137,M,0.0,0,43
200900002211,9,1,16,1510,2,2,1,1.0,6,43157,M,,,43
200900002212,9,1,16,1335,1,2,3,1.0,7,79191,M,,,79
200900002213,9,1,29,1345,1,1,1,1.0,1,79321,M,0.0,0,79
200900002214,9,1,19,750,5,2,2,1.0,3,79191,M,,,79
200900002215,9,1,24,325,5,2,1,1.0,7,79191,M,,,79
200900002216,9,1,17,1515,1,2,2,1.0,3,79191,M,,,79
200900002217,9,1,3,1620,1,2,1,1.0,2,79191,M,,,79
200900002218,9,1,16,1955,5,2,1,1.0,7,79191,M,,,79
200900002219,9,1,31,1855,5,2,1,1.0,7,79191,M,,,79
200900002220,9,1,10,1830,5,2,1,9.0,7,79329,M,,,79
200900002221,9,1,12,1900,5,2,1,1.0,7,79191,M,,,79
200900002222,9,1,29,1540,1,1,2,1.0,3,79191,M,,,79
200900002223,9,1,30,1525,1,2,6,1.0,6,79191,M,,,79
200900002224,9,1,16,2100,5,2,3,8.0,7,79191,M,,,79
200900002225,9,1,8,845,1,1,1,9.0,6,79214,M,0.0,0,79
200900002226,9,1,11,2015,3,1,1,9.0,7,79062,M,0.0,0,79
200900002227,9,1,18,945,1,2,1,2.0,7,79191,M,,,79
200900002228,9,1,20,1840,3,1,9,8.0,3,79329,M,,,79
200900002229,9,1,26,1825,5,2,1,1.0,6,79191,M,,,79
200900002230,9,1,29,800,2,1,2,1.0,3,79130,M,0.0,0,79
200900002231,9,1,12,1700,1,2,3,1.0,7,79191,M,,,79
200900002232,9,1,5,950,1,2,1,1.0,7,79191,M,,,79
200900002233,9,1,5,1600,1,1,1,4.0,5,79289,M,0.0,0,79
200900002234,9,1,22,1250,1,1,1,3.0,4,79081,M,,,79
200900002235,9,1,29,1500,1,2,2,1.0,6,68224,M,4.0,0,68
200900002236,9,1,27,1430,1,2,3,1.0,6,68224,M,4.0,0,68
200900002237,9,1,16,831,1,2,1,5.0,2,68066,M,4.0,0,68
200900002238,9,1,16,1205,1,2,1,1.0,6,68224,M,4.0,0,68
200900002239,9,1,30,1820,5,2,1,1.0,6,68224,M,4.0,0,68
200900002240,9,1,8,2115,3,2,1,1.0,6,68224,M,4.0,0,68
200900002241,9,1,21,1215,1,2,1,1.0,3,68166,M,4.0,0,68
200900002242,9,1,25,1547,1,2,1,1.0,6,68066,M,4.0,0,68
200900002243,9,1,16,1850,5,2,1,1.0,1,68066,M,4.0,0,68
200900002244,9,1,30,1001,1,2,3,1.0,2,68066,M,4.0,0,68
200900002245,9,1,9,2052,5,2,2,1.0,6,68066,M,4.0,0,68
200900002246,9,1,12,1525,1,2,1,1.0,6,68224,M,4.0,0,68
200900002247,9,1,13,1037,1,2,2,1.0,6,68066,M,4.0,0,68
200900002248,9,1,15,1755,5,2,3,2.0,3,68224,M,4.0,0,68
200900002249,9,1,15,415,3,1,1,2.0,6,68295,M,4.0,0,68
200900002250,9,1,9,1700,1,1,3,1.0,1,68373,M,4.0,0,68
200900002251,9,1,23,515,3,1,1,8.0,6,68225,M,4.0,0,68
200900002252,9,1,10,930,1,2,2,1.0,1,68348,M,4.0,0,68
200900002253,9,1,9,1345,1,2,3,1.0,5,68016,M,4.0,0,68
200900002254,9,1,5,1400,1,1,1,9.0,1,68367,M,4.0,0,68
200900002255,9,1,11,1745,2,2,1,1.0,6,68329,M,4.0,0,68
200900002256,9,1,12,1715,1,1,1,1.0,1,68292,M,4.0,0,68
200900002257,9,1,14,700,5,2,1,9.0,6,68163,M,4.0,0,68
200900002258,9,1,23,1230,1,1,1,3.0,6,68018,M,4.0,0,68
200900002259,9,1,30,1445,1,1,1,1.0,1,68375,M,4.0,0,68
200900002260,9,1,26,1000,1,2,1,1.0,2,68055,M,4.0,0,68
200900002261,9,1,10,1430,1,1,1,1.0,1,68268,M,4.0,0,68
200900002262,9,1,7,2215,5,2,1,9.0,1,68308,M,4.0,0,68
200900002263,9,1,9,1900,2,1,1,8.0,6,68263,M,4.0,0,68
200900002264,9,1,19,1145,1,1,1,8.0,6,68017,M,4.0,0,68
200900002265,9,1,9,945,1,1,1,1.0,6,68305,M,4.0,0,68
200900002266,9,1,12,1515,1,2,3,1.0,3,68164,M,4.0,0,68
200900002267,9,1,2,1020,1,1,1,1.0,2,68241,M,4.0,0,68
200900002268,9,1,19,530,3,1,1,2.0,6,68101,M,4.0,0,68
200900002269,9,1,19,1615,2,1,2,2.0,1,68012,M,4.0,0,68
200900002270,9,1,28,2245,3,1,1,1.0,6,68175,M,4.0,0,68
200900002271,9,1,9,1845,5,2,3,1.0,1,68155,M,4.0,0,68
200900002272,9,1,27,1400,1,2,1,1.0,3,68298,M,4.0,0,68
200900002273,9,1,16,755,1,2,1,1.0,7,68224,M,4.0,0,68
200900002274,9,1,4,1110,1,2,2,1.0,3,68066,M,4.0,0,68
200900002275,9,1,16,750,2,2,1,1.0,6,68224,M,4.0,0,68
200900002276,9,1,1,300,3,1,1,4.0,6,68258,M,4.0,0,68
200900002277,9,1,15,1706,5,2,2,1.0,3,68066,M,4.0,0,68
200900002278,9,1,29,1555,1,2,1,1.0,6,68066,M,4.0,0,68
200900002279,9,1,29,1945,5,2,1,1.0,6,68224,M,4.0,0,68
200900002280,9,1,31,1245,1,1,1,1.0,1,68097,M,4.0,0,68
200900002281,9,1,22,1715,1,1,1,2.0,1,10003,M,0.0,0,10
200900002282,9,1,20,900,1,1,1,9.0,6,10344,M,4.0,0,10
200900002283,9,1,25,1815,5,2,1,1.0,7,10099,M,0.0,0,10
200900002284,9,1,26,1300,1,2,1,1.0,1,10323,M,4.0,0,10
200900002285,9,1,29,600,3,1,1,5.0,6,10356,M,4.0,0,10
200900002286,9,1,2,730,2,1,1,8.0,6,10430,M,0.0,0,10
200900002287,9,1,21,1715,1,2,3,1.0,3,10224,M,0.0,0,10
200900002288,9,1,14,1245,1,1,1,2.0,7,10211,M,0.0,0,10
200900002289,9,1,20,615,3,1,1,9.0,1,10259,M,0.0,0,10
200900002290,9,1,2,1430,1,2,2,8.0,3,10260,M,4.0,0,10
200900002291,9,1,2,1740,1,2,1,1.0,2,10060,M,,,10
200900002292,9,1,10,2155,3,1,1,9.0,2,10081,M,,,10
200900002293,9,1,10,1815,5,2,1,1.0,6,10387,M,,,10
200900002294,9,1,12,1430,1,2,1,1.0,4,10340,M,4.0,0,10
200900002295,9,1,17,2105,5,2,1,1.0,6,27554,M,4.0,0,27
200900002296,9,1,5,1855,3,2,9,1.0,6,14341,M,4.0,-,14
200900002297,9,1,8,2000,5,2,1,1.0,6,14118,M,4.0,-,14
200900002298,9,1,15,1815,2,2,3,1.0,6,14118,M,4.0,-,14
200900002299,9,1,21,1830,5,2,1,1.0,6,14118,M,4.0,-,14
200900002300,9,1,14,5,5,2,1,1.0,6,14118,M,4.0,-,14
200900002301,9,1,3,1815,5,2,2,1.0,3,14366,M,4.0,0,14
200900002302,9,1,12,1755,2,2,1,1.0,6,14101,M,4.0,-,14
200900002303,9,1,26,1055,1,2,2,1.0,3,14366,M,4.0,0,14
200900002304,9,1,16,740,3,2,2,1.0,6,14069,M,4.0,0,14
200900002305,9,1,16,1335,1,2,2,7.0,3,14167,M,4.0,-,14
200900002306,9,1,25,1130,1,2,3,1.0,3,14437,M,4.0,-,14
200900002307,9,1,20,1830,4,2,1,1.0,6,14437,M,4.0,-,14
200900002308,9,1,22,1830,5,2,3,1.0,6,14118,M,4.0,-,14
200900002309,9,1,27,815,1,2,1,1.0,2,14118,M,4.0,-,14
200900002310,9,1,9,1900,3,1,1,1.0,1,14160,M,4.0,-,14
200900002311,9,1,5,730,3,1,1,4.0,7,14514,M,4.0,0,14
200900002312,9,1,10,1915,3,2,4,1.0,6,14370,M,4.0,-,14
200900002313,9,1,10,1600,1,1,1,1.0,6,14083,M,4.0,0,14
200900002314,9,1,17,1515,1,1,1,8.0,6,14335,M,4.0,-,14
200900002315,9,1,14,645,2,1,1,9.0,1,14278,M,4.0,-,14
200900002316,9,1,28,1600,1,1,1,1.0,6,14012,M,4.0,-,14
200900002317,9,1,13,1215,1,2,6,1.0,6,14174,M,4.0,-,14
200900002318,9,1,26,1745,2,1,2,8.0,3,14347,M,4.0,-,14
200900002319,9,1,26,830,1,2,1,9.0,6,14276,M,4.0,-,14
200900002320,9,1,13,1330,1,1,1,2.0,1,14514,M,4.0,0,14
200900002321,9,1,20,1630,1,1,2,1.0,3,14251,M,4.0,-,14
200900002322,9,1,22,800,2,2,1,2.0,6,14027,M,4.0,-,14
200900002323,9,1,3,1830,3,1,1,1.0,3,14194,M,4.0,0,14
200900002324,9,1,24,15,3,1,2,1.0,7,14412,M,4.0,-,14
200900002325,9,1,7,2155,5,2,6,1.0,6,14333,M,,,14
200900002326,9,1,11,1615,1,2,1,1.0,6,14366,M,4.0,0,14
200900002327,9,1,12,1650,2,1,1,2.0,6,14069,M,,,14
200900002328,9,1,14,930,1,1,2,9.0,1,14407,M,4.0,-,14
200900002329,9,1,15,1545,1,1,1,9.0,6,14705,M,0.0,0,14
200900002330,9,1,28,1945,3,1,1,1.0,2,14374,M,4.0,-,14
200900002331,9,1,19,1835,2,2,1,1.0,6,27681,M,4.0,0,27
200900002332,9,1,20,630,2,2,1,9.0,6,27681,M,4.0,0,27
200900002333,9,1,25,1825,5,2,2,2.0,6,27562,M,4.0,0,27
200900002334,9,1,27,1245,1,2,9,1.0,6,27681,M,4.0,0,27
200900002335,9,1,10,1015,1,1,1,1.0,6,81195,M,4.0,0,81
200900002336,9,1,11,1700,2,1,7,9.0,6,81163,M,,,81
200900002337,9,1,9,800,2,2,1,1.0,6,81004,M,,,81
200900002338,9,1,14,1630,1,2,1,1.0,6,81004,M,,,81
200900002339,9,1,15,1710,1,2,1,1.0,6,81065,M,,,81
200900002340,9,1,1,1700,1,1,1,1.0,6,81288,M,0.0,0,81
200900002341,9,1,20,1500,1,1,1,1.0,1,81242,M,0.0,0,81
200900002342,9,1,11,615,3,1,1,5.0,6,81150,M,4.0,0,81
200900002343,9,1,16,1045,1,1,1,1.0,6,81128,M,0.0,0,81
200900002344,9,1,17,1830,5,2,1,1.0,6,81120,M,0.0,0,81
200900002345,9,1,30,1915,5,2,1,1.0,6,81120,M,0.0,0,81
200900002346,9,1,1,100,3,1,1,1.0,7,81127,M,4.0,0,81
200900002347,9,1,16,945,1,2,1,7.0,6,81219,M,4.0,0,81
200900002348,9,1,4,1400,1,1,1,1.0,2,81038,M,4.0,0,81
200900002349,9,1,11,1215,1,1,1,1.0,3,81090,M,4.0,0,81
200900002350,9,1,20,1115,1,1,1,1.0,6,81288,M,0.0,0,81