Num_Acc,an,mois,jour,hrmn,lum,agg,int,atm,col,com,gps,lat,long,dep
200900002351,9,1,19,1615,1,2,1,2.0,6,81105,M,,,81
200900002352,9,1,5,1330,1,1,1,1.0,6,81219,M,4.0,0,81
200900002353,9,1,27,1515,1,1,1,1.0,6,81164,M,4.0,0,81
200900002354,9,1,30,1410,1,2,3,1.0,3,05061,M,,,05
200900002355,9,1,9,1820,5,2,1,1.0,6,05061,M,,,05
200900002356,9,1,29,1445,1,1,1,1.0,6,05085,M,0.0,0,05
200900002357,9,1,29,1015,1,1,1,1.0,6,05173,M,0.0,0,05
200900002358,9,1,15,1745,3,1,1,1.0,6,05099,M,0.0,0,05
200900002359,9,1,3,1415,1,1,2,1.0,3,05133,M,0.0,0,05
200900002360,9,1,31,1515,1,2,9,1.0,6,05179,M,0.0,0,05
200900002361,9,1,15,815,2,1,1,5.0,1,35219,M,0.0,0,35
200900002362,9,1,27,715,2,1,3,5.0,5,35014,M,4.0,-,35
200900002363,9,1,17,1000,1,1,2,1.0,1,35235,M,0.0,0,35
200900002364,9,1,25,300,3,1,1,1.0,6,35161,M,0.0,0,35
200900002365,9,1,14,1015,1,2,1,7.0,6,35224,M,0.0,0,35
200900002366,9,1,26,2130,3,2,1,2.0,6,35332,M,0.0,0,35
200900002367,9,1,26,900,1,1,1,1.0,6,35222,M,0.0,0,35
200900002368,9,1,14,900,2,1,1,5.0,1,35218,M,0.0,0,35
200900002369,9,1,28,545,3,1,1,1.0,6,35206,M,0.0,0,35
200900002370,9,1,26,1130,1,1,1,1.0,1,35105,M,0.0,0,35
200900002371,9,1,5,900,1,1,1,9.0,7,35083,M,0.0,0,35
200900002372,9,1,27,1015,1,1,1,5.0,1,35047,M,4.0,-,35
200900002373,9,1,27,1015,1,1,1,5.0,1,35219,M,0.0,0,35
200900002374,9,1,3,800,2,1,1,8.0,6,35207,M,0.0,0,35
200900002375,9,1,28,1950,5,2,9,2.0,3,35055,M,,,35
200900002376,9,1,14,1840,5,2,1,2.0,2,35281,M,,,35
200900002377,9,1,5,920,3,1,1,2.0,4,35281,M,,,35
200900002378,9,1,20,500,3,1,2,2.0,5,35281,M,,,35
200900002379,9,1,15,1430,1,2,1,1.0,3,35131,M,0.0,0,35
200900002380,9,1,13,645,2,1,1,9.0,6,35012,M,0.0,0,35
200900002381,9,1,5,930,1,1,1,9.0,1,35253,M,0.0,0,35
200900002382,9,1,8,740,5,2,1,1.0,6,35115,M,,,35
200900002383,9,1,20,1815,1,2,2,1.0,3,35019,M,0.0,0,35
200900002384,9,1,14,1545,1,1,1,1.0,6,35037,M,0.0,0,35
200900002385,9,1,21,1900,5,2,3,2.0,3,35288,M,,,35
200900002386,9,1,12,1430,1,2,1,1.0,2,35288,M,,,35
200900002387,9,1,31,2200,5,2,1,1.0,1,35288,M,,,35
200900002388,9,1,28,1145,1,1,1,2.0,1,35294,M,0.0,0,35
200900002389,9,1,3,2100,3,1,1,1.0,6,35009,M,4.0,-,35
200900002390,9,1,1,2045,5,2,2,1.0,1,35238,M,,,35
200900002391,9,1,17,1540,1,2,3,1.0,3,35238,M,,,35
200900002392,9,1,17,1500,1,2,3,1.0,3,35238,M,,,35
200900002393,9,1,6,1330,1,2,4,1.0,4,35238,M,,,35
200900002394,9,1,8,1850,5,2,2,1.0,7,35238,M,,,35
200900002395,9,1,19,820,1,2,2,8.0,6,35238,M,,,35
200900002396,9,1,21,1320,1,2,4,1.0,3,35238,M,,,35
200900002397,9,1,21,2000,5,2,1,2.0,6,35238,M,,,35
200900002398,9,1,21,2010,5,2,2,2.0,3,35238,M,,,35
200900002399,9,1,10,1350,1,2,3,1.0,3,35238,M,,,35
200900002400,9,1,22,805,5,2,5,2.0,3,35238,M,,,35
200900002401,9,1,22,820,2,2,3,2.0,7,35238,M,,,35
200900002402,9,1,22,1810,5,2,1,1.0,6,35238,M,,,35
200900002403,9,1,22,2210,5,2,1,6.0,7,35238,M,,,35
200900002404,9,1,9,1410,1,2,1,7.0,3,35238,M,,,35
200900002405,9,1,5,2215,5,2,5,1.0,3,35238,M,,,35
200900002406,9,1,21,855,1,2,1,1.0,4,35238,M,,,35
200900002407,9,1,25,2115,5,2,1,1.0,3,35238,M,,,35
200900002408,9,1,9,1125,1,2,3,7.0,2,35238,M,,,35
200900002409,9,1,11,1245,1,2,1,1.0,6,35238,M,,,35
200900002410,9,1,12,1205,1,2,1,1.0,5,35238,M,,,35
200900002411,9,1,16,1745,2,1,6,8.0,3,35055,M,,,35
200900002412,9,1,16,1823,3,2,1,1.0,5,35238,M,,,35
200900002413,9,1,17,1250,1,2,2,8.0,3,35238,M,,,35
200900002414,9,1,17,1445,1,2,1,8.0,3,35238,M,,,35
200900002415,9,1,26,1600,1,2,1,7.0,6,35238,M,,,35
200900002416,9,1,26,1700,1,2,6,1.0,7,35238,M,,,35
200900002417,9,1,28,1740,1,2,1,3.0,3,35238,M,,,35
200900002418,9,1,21,2150,5,2,1,2.0,2,35278,M,,,35
200900002419,9,1,28,1800,3,1,5,2.0,5,35238,M,,,35
200900002420,9,1,31,1600,1,2,1,8.0,3,35238,M,,,35
200900002421,9,1,31,1840,5,2,2,1.0,3,35238,M,,,35
200900002422,9,1,31,2030,3,1,1,1.0,2,35238,M,,,35
200900002423,9,1,28,1720,1,2,1,2.0,7,49007,M,,,49
200900002424,9,1,31,1240,1,2,1,1.0,6,49007,M,,,49
200900002425,9,1,31,1717,1,2,1,1.0,7,49007,M,,,49
200900002426,9,1,26,1946,5,2,1,1.0,2,49007,M,,,49
200900002427,9,1,22,1646,1,2,1,2.0,7,49007,M,,,49
200900002428,9,1,8,1750,3,2,2,1.0,6,49099,M,,,49
200900002429,9,1,14,1150,1,2,1,9.0,7,49246,M,,,49
200900002430,9,1,10,119,5,2,1,1.0,7,49007,M,,,49
200900002431,9,1,12,1450,1,2,1,1.0,7,49007,M,,,49
200900002432,9,1,1,952,1,2,1,1.0,7,49015,M,,,49
200900002433,9,1,9,646,2,2,1,1.0,7,49015,M,,,49
200900002434,9,1,15,1006,1,2,1,1.0,7,49007,M,,,49
200900002435,9,1,9,845,1,2,3,1.0,6,49099,M,,,49
200900002436,9,1,3,1457,1,2,1,1.0,7,49007,M,,,49
200900002437,9,1,7,1738,1,2,1,9.0,3,49007,M,,,49
200900002438,9,1,14,825,1,2,1,1.0,6,49007,M,,,49
200900002439,9,1,14,905,1,2,1,1.0,7,49353,M,,,49
200900002440,9,1,8,804,1,2,1,1.0,3,49007,M,,,49
200900002441,9,1,6,953,1,1,1,4.0,3,49267,M,,,49
200900002442,9,1,8,1240,1,2,1,1.0,3,49007,M,,,49
200900002443,9,1,7,2038,5,2,1,1.0,3,49007,M,,,49
200900002444,9,1,2,2135,5,2,1,1.0,2,49007,M,,,49
200900002445,9,1,13,753,2,2,1,1.0,2,49007,M,,,49
200900002446,9,1,26,2309,5,2,1,1.0,3,49007,M,,,49
200900002447,9,1,28,1209,1,2,3,2.0,3,49099,M,,,49
200900002448,9,1,21,1353,1,2,1,1.0,2,49007,M,,,49
200900002449,9,1,19,1454,1,2,1,2.0,2,49015,M,,,49
200900002450,9,1,26,1421,1,2,1,1.0,6,49007,M,,,49
200900002451,9,1,23,1454,1,2,1,1.0,5,49015,M,,,49
200900002452,9,1,16,1524,1,2,1,1.0,5,49353,M,,,49
200900002453,9,1,28,1835,1,2,1,2.0,3,49246,M,,,49
200900002454,9,1,17,1542,1,2,1,1.0,7,49267,M,,,49
200900002455,9,1,20,1354,1,2,1,1.0,6,49007,M,,,49
200900002456,9,1,16,835,1,2,1,1.0,7,49007,M,,,49
200900002457,9,1,3,1235,1,2,1,1.0,7,49007,M,,,49
200900002458,9,1,21,1550,1,1,1,1.0,3,49267,M,0.0,0,49
200900002459,9,1,24,1723,1,2,1,1.0,6,49007,M,,,49
200900002460,9,1,21,1415,1,2,1,1.0,7,49007,M,,,49
200900002461,9,1,30,1621,1,2,1,1.0,7,49007,M,,,49
200900002462,9,1,19,1002,1,2,1,1.0,7,49007,M,,,49
200900002463,9,1,23,1653,1,2,1,1.0,7,49007,M,,,49
200900002464,9,1,16,1441,1,2,1,2.0,2,49007,M,,,49
200900002465,9,1,17,1505,1,2,1,1.0,2,49099,M,,,49
200900002466,9,1,7,1100,1,1,1,1.0,7,49298,M,0.0,0,49
200900002467,9,1,8,1245,1,1,2,1.0,3,49292,M,0.0,0,49
200900002468,9,1,20,815,2,1,1,2.0,7,49206,M,0.0,0,49
200900002469,9,1,5,1545,1,1,1,4.0,1,49377,M,0.0,0,49
200900002470,9,1,7,2030,3,1,1,4.0,1,49174,M,0.0,0,49
200900002471,9,1,14,900,1,2,1,8.0,7,49120,M,0.0,0,49
200900002472,9,1,6,1415,1,1,1,4.0,1,49119,M,0.0,0,49
200900002473,9,1,7,1345,1,1,1,1.0,5,49021,M,0.0,0,49
200900002474,9,1,12,1015,1,1,1,1.0,1,49021,M,0.0,0,49
200900002475,9,1,1,45,3,1,1,1.0,7,49026,M,0.0,0,49
200900002476,9,1,12,730,3,1,1,9.0,1,49223,M,0.0,0,49
200900002477,9,1,13,2115,3,1,1,5.0,6,49020,M,0.0,0,49
200900002478,9,1,4,1445,1,1,1,1.0,7,49294,M,0.0,0,49
200900002479,9,1,16,1815,3,1,1,5.0,1,49103,M,0.0,0,49
200900002480,9,1,26,930,1,1,1,9.0,3,49072,M,0.0,0,49
200900002481,9,1,14,2015,3,1,2,1.0,3,49180,M,4.0,-,49
200900002482,9,1,23,1030,1,1,1,7.0,1,49132,M,0.0,0,49
200900002483,9,1,25,1828,1,2,1,1.0,7,49267,M,,,49
200900002484,9,1,16,1507,1,1,1,2.0,3,49007,M,,,49
200900002485,9,1,16,2018,2,2,1,1.0,6,49007,M,,,49
200900002486,9,1,21,1200,1,1,1,1.0,6,49125,M,0.0,0,49
200900002487,9,1,10,1852,1,2,1,1.0,6,49007,M,,,49
200900002488,9,1,14,1828,1,2,1,1.0,3,49007,M,,,49
200900002489,9,1,16,1210,1,2,1,1.0,6,49328,M,,,49
200900002490,9,1,20,850,1,2,1,2.0,6,49328,M,,,49
200900002491,9,1,21,1150,1,2,1,2.0,2,49328,M,,,49
200900002492,9,1,26,1645,1,2,1,2.0,6,49328,M,,,49
200900002493,9,1,1,2030,1,2,1,1.0,2,49328,M,,,49
200900002494,9,1,14,1005,1,1,1,8.0,7,49328,M,,,49
200900002495,9,1,16,1510,1,2,1,1.0,7,49007,M,,,49
200900002496,9,1,17,2200,3,1,1,1.0,3,87148,M,0.0,0,87
200900002497,9,1,25,1830,3,1,1,3.0,6,87070,M,,,87
200900002498,9,1,15,1615,1,1,1,1.0,6,87077,M,,,87
200900002499,9,1,15,1445,1,1,1,9.0,7,87197,M,0.0,0,87
200900002500,9,1,22,2134,5,2,1,2.0,6,87085,M,,,87
200900002501,9,1,12,1712,1,2,1,1.0,1,87085,M,,,87
200900002502,9,1,9,1437,1,2,1,1.0,6,87085,M,,,87
200900002503,9,1,14,1427,1,2,1,2.0,6,87085,M,,,87
200900002504,9,1,12,2335,5,2,1,1.0,6,87085,M,,,87
200900002505,9,1,8,1220,1,1,1,1.0,6,87048,M,,,87
200900002506,9,1,24,958,1,2,1,3.0,6,87065,M,,,87
200900002507,9,1,21,1722,1,2,1,1.0,6,87085,M,,,87
200900002508,9,1,30,1334,1,2,1,1.0,2,87085,M,,,87
200900002509,9,1,17,1155,1,2,6,2.0,6,87050,M,,,87
200900002510,9,1,28,1723,1,2,1,1.0,6,87113,M,,,87
200900002511,9,1,31,1553,1,2,1,1.0,6,87085,M,,,87
200900002512,9,1,28,1716,1,2,1,1.0,3,87085,M,,,87
200900002513,9,1,28,815,1,2,1,1.0,1,87085,M,,,87
200900002514,9,1,10,1606,1,2,1,1.0,3,87085,M,,,87
200900002515,9,1,10,1135,1,2,1,1.0,3,87085,M,,,87
200900002516,9,1,22,1825,5,2,1,2.0,4,87085,M,,,87
200900002517,9,1,26,1808,5,2,1,2.0,4,87085,M,,,87
200900002518,9,1,16,825,1,2,1,1.0,4,87085,M,,,87
200900002519,9,1,11,1220,1,2,2,1.0,3,87085,M,,,87
200900002520,9,1,16,1312,1,2,3,1.0,3,87085,M,,,87
200900002521,9,1,28,550,5,2,1,1.0,6,87085,M,,,87
200900002522,9,1,13,649,5,2,1,1.0,6,87085,M,,,87
200900002523,9,1,15,1359,1,2,1,1.0,2,87065,M,,,87
200900002524,9,1,22,1005,1,2,3,2.0,3,87085,M,,,87
200900002525,9,1,22,1050,1,1,1,2.0,6,87085,M,,,87
200900002526,9,1,11,516,5,2,2,1.0,2,87085,M,,,87
200900002527,9,1,20,1924,5,2,1,1.0,2,87085,M,,,87
200900002528,9,1,18,1604,1,1,1,2.0,6,87050,M,,,87
200900002529,9,1,16,1600,1,2,1,1.0,6,87085,M,,,87
200900002530,9,1,23,900,1,2,2,2.0,3,87085,M,,,87
200900002531,9,1,13,2055,4,2,1,2.0,1,87065,M,,,87
200900002532,9,1,24,1842,5,1,1,1.0,2,87085,M,,,87
200900002533,9,1,7,1710,2,2,1,1.0,3,87085,M,,,87
200900002534,9,1,4,1745,2,1,1,1.0,5,87001,M,,,87
200900002535,9,1,22,1320,1,2,1,2.0,6,87050,M,,,87
200900002536,9,1,16,1740,2,2,1,1.0,7,60684,M,,,60
200900002537,9,1,29,1615,1,2,1,1.0,7,60414,M,,,60
200900002538,9,1,28,1055,1,2,1,1.0,6,60159,M,,,60
200900002539,9,1,20,615,5,2,1,4.0,3,05023,M,,,05
200900002540,9,1,28,2020,3,1,1,1.0,5,73132,M,,,73
200900002541,9,2,20,2100,3,1,1,1.0,1,49244,M,0.0,0,49
200900002542,9,2,19,2015,3,1,2,1.0,3,49264,M,0.0,0,49
200900002543,9,2,3,1530,1,1,1,1.0,1,49292,M,0.0,0,49
200900002544,9,2,19,1130,1,2,1,1.0,2,49244,M,0.0,0,49
200900002545,9,2,26,2345,3,1,1,1.0,5,49222,M,0.0,0,49
200900002546,9,2,3,1015,1,2,3,1.0,3,49296,M,0.0,0,49
200900002547,9,2,6,15,3,1,1,1.0,2,49277,M,0.0,0,49
200900002548,9,2,28,1000,1,1,1,1.0,1,49215,M,0.0,0,49
200900002549,9,2,28,1130,1,2,2,1.0,3,49228,M,0.0,0,49
200900002550,9,2,11,1530,1,2,3,1.0,3,49276,M,0.0,0,49
200900002551,9,2,3,1800,3,1,1,9.0,6,49221,M,0.0,0,49
200900002552,9,2,20,2015,3,1,1,1.0,7,49151,M,0.0,0,49
200900002553,9,2,4,1645,1,1,1,8.0,3,49106,M,0.0,0,49
200900002554,9,2,10,1645,1,2,5,1.0,3,49313,M,0.0,0,49
200900002555,9,2,28,2030,3,1,1,1.0,3,49042,M,0.0,0,49
200900002556,9,2,22,1930,3,1,2,1.0,3,49096,M,0.0,0,49
200900002557,9,2,27,830,1,1,3,5.0,5,49176,M,0.0,0,49
200900002558,9,2,4,500,3,1,1,1.0,2,49303,M,0.0,0,49
200900002559,9,2,22,1245,1,1,2,1.0,1,49106,M,0.0,0,49
200900002560,9,2,1,700,2,2,1,1.0,6,49076,M,0.0,0,49
200900002561,9,2,10,745,2,1,1,1.0,6,49369,M,0.0,0,49
200900002562,9,2,2,1830,3,1,1,2.0,6,49250,M,0.0,0,49
200900002563,9,2,4,1530,1,1,3,1.0,3,49180,M,0.0,0,49
200900002564,9,2,5,1745,1,1,2,1.0,2,49378,M,0.0,0,49
200900002565,9,2,7,925,1,2,3,1.0,3,49099,M,,,49
200900002566,9,2,10,946,1,2,1,2.0,5,49007,M,,,49
200900002567,9,2,13,747,2,2,1,1.0,3,49007,M,,,49
200900002568,9,2,6,1130,1,2,1,1.0,7,49007,M,,,49
200900002569,9,2,13,858,1,1,1,1.0,6,49007,M,,,49
200900002570,9,2,13,1740,1,2,1,1.0,3,49007,M,,,49
200900002571,9,2,9,1850,5,2,1,1.0,6,49007,M,,,49
200900002572,9,2,3,2025,3,2,1,1.0,7,49267,M,,,49
200900002573,9,2,14,435,5,2,1,1.0,6,49099,M,,,49
200900002574,9,2,5,1832,2,2,1,1.0,3,49007,M,,,49
200900002575,9,2,6,1731,1,2,1,1.0,2,49007,M,,,49
200900002576,9,2,9,1723,1,2,1,1.0,7,49353,M,,,49
200900002577,9,2,4,1741,1,1,1,1.0,3,49267,M,,,49
200900002578,9,2,9,731,1,2,1,1.0,3,49007,M,,,49
200900002579,9,2,8,1718,1,2,1,1.0,3,49007,M,,,49
200900002580,9,2,6,1955,3,1,1,1.0,1,49328,M,,,49
200900002581,9,2,7,1124,1,2,1,1.0,6,49007,M,,,49
200900002582,9,2,12,1350,1,2,1,1.0,7,49015,M,,,49
200900002583,9,2,12,1215,1,2,1,1.0,3,49007,M,,,49
200900002584,9,2,15,1701,1,2,1,1.0,7,49007,M,,,49
200900002585,9,2,6,352,4,2,1,1.0,7,49015,M,,,49
200900002586,9,2,11,758,2,2,1,1.0,7,49015,M,,,49
200900002587,9,2,15,1601,1,2,1,1.0,7,49007,M,,,49
200900002588,9,2,18,830,1,2,1,1.0,7,49007,M,,,49
200900002589,9,2,28,1602,1,2,1,1.0,3,49007,M,,,49
200900002590,9,2,26,1336,1,2,1,1.0,7,49007,M,,,49
200900002591,9,2,28,1430,1,2,1,1.0,3,49007,M,,,49
200900002592,9,2,21,720,2,2,1,1.0,7,49007,M,,,49
200900002593,9,2,26,938,1,2,1,1.0,7,49007,M,,,49
200900002594,9,2,18,2040,5,2,1,1.0,3,49007,M,,,49
200900002595,9,2,23,1730,1,2,1,1.0,6,49099,M,,,49
200900002596,9,2,20,131,5,2,1,2.0,7,49015,M,,,49
200900002597,9,2,19,849,1,2,1,1.0,4,49007,M,,,49
200900002598,9,2,27,1340,1,2,1,1.0,6,49007,M,,,49
200900002599,9,2,16,1243,1,1,1,1.0,7,49015,M,,,49
200900002600,9,2,9,1245,1,2,1,8.0,6,49328,M,,,49
200900002601,9,2,16,1934,2,2,1,1.0,3,49007,M,,,49
200900002602,9,2,19,1820,1,2,1,1.0,1,49328,M,,,49
200900002603,9,2,2,830,1,2,1,1.0,6,49328,M,,,49
200900002604,9,2,6,1440,1,2,1,1.0,1,49328,M,,,49
200900002605,9,2,16,2035,5,2,1,1.0,6,49328,M,,,49
200900002606,9,2,18,2340,5,2,1,1.0,2,49099,M,,,49
200900002607,9,1,24,2020,5,2,8,1.0,6,73011,M,4.0,0,73
200900002608,9,4,5,55,5,2,2,1.0,3,75111,M,,,75
200900002609,9,4,5,225,5,2,1,1.0,7,75112,M,,,75
200900002610,9,4,5,855,1,2,1,1.0,5,75118,M,,,75
200900002611,9,4,5,1130,1,2,2,1.0,3,75103,M,,,75
200900002612,9,4,5,1135,1,2,1,1.0,2,75119,M,,,75
200900002613,9,4,5,1310,1,2,1,1.0,2,75117,M,,,75
200900002614,9,4,5,1535,1,2,1,1.0,7,75113,M,,,75
200900002615,9,4,5,1710,1,2,3,1.0,6,75118,M,,,75
200900002616,9,4,5,1955,1,2,2,1.0,6,75112,M,,,75
200900002617,9,4,5,2000,1,2,1,1.0,6,75119,M,,,75
200900002618,9,4,5,2225,5,2,5,1.0,6,75112,M,,,75
200900002619,9,4,5,2345,5,2,3,1.0,7,75107,M,,,75
200900002620,9,4,4,110,5,2,3,1.0,6,75112,M,,,75
200900002621,9,4,4,440,5,2,3,1.0,3,75108,M,,,75
200900002622,9,4,4,520,5,2,4,1.0,6,75116,M,,,75
200900002623,9,4,4,610,2,2,2,1.0,3,75107,M,,,75
200900002624,9,4,4,640,5,2,2,1.0,6,75112,M,,,75
200900002625,9,4,4,715,1,2,5,1.0,3,75108,M,,,75
200900002626,9,4,4,725,1,2,1,1.0,6,75108,M,,,75
200900002627,9,4,4,730,1,2,2,1.0,3,75111,M,,,75
200900002628,9,4,4,901,1,2,5,1.0,7,75108,M,,,75
200900002629,9,4,4,1120,1,2,1,1.0,4,75112,M,,,75
200900002630,9,4,4,1310,1,2,1,1.0,3,75112,M,,,75
200900002631,9,4,4,1430,1,2,1,1.0,6,75115,M,,,75
200900002632,9,4,4,1505,1,2,1,1.0,3,75117,M,,,75
200900002633,9,4,4,1520,1,2,2,1.0,6,75112,M,,,75
200900002634,9,4,4,1615,1,2,1,1.0,2,75111,M,,,75
200900002635,9,4,4,2100,5,2,1,1.0,2,75115,M,,,75
200900002636,9,4,4,2108,5,2,1,1.0,6,75117,M,,,75
200900002637,9,4,4,2120,5,2,4,1.0,6,75114,M,,,75
200900002638,9,4,4,2230,5,2,1,1.0,4,75113,M,,,75
200900002639,9,4,4,2325,5,2,1,1.0,3,75114,M,,,75
200900002640,9,4,4,1225,1,2,1,1.0,3,75117,M,,,75
200900002641,9,4,4,50,5,2,1,1.0,6,75115,M,,,75
200900002642,9,4,3,411,5,2,2,1.0,3,75101,M,,,75
200900002643,9,4,3,1205,1,2,1,1.0,6,75118,M,,,75
200900002644,9,4,3,1300,1,2,5,1.0,6,75119,M,,,75
200900002645,9,4,3,1330,1,2,1,1.0,7,75115,M,,,75
200900002646,9,4,3,1425,1,2,2,1.0,3,75111,M,,,75
200900002647,9,4,3,1515,1,2,1,1.0,7,75120,M,,,75
200900002648,9,4,3,1520,1,2,5,1.0,3,75110,M,,,75
200900002649,9,4,3,1550,1,2,1,1.0,2,75113,M,,,75
200900002650,9,4,3,1630,1,2,3,1.0,6,75119,M,,,75
200900002651,9,4,3,1640,1,2,3,1.0,7,75117,M,,,75
200900002652,9,4,3,1645,1,2,3,1.0,6,75120,M,,,75
200900002653,9,4,3,1655,1,2,1,1.0,2,75116,M,,,75
200900002654,9,4,3,1710,1,2,1,1.0,3,75119,M,,,75
200900002655,9,4,3,1725,1,2,5,1.0,3,75116,M,,,75
200900002656,9,4,3,1730,1,2,4,8.0,6,75113,M,,,75
200900002657,9,4,3,1840,1,2,3,1.0,3,75102,M,,,75
200900002658,9,4,3,1920,1,2,1,1.0,2,75114,M,,,75
200900002659,9,4,3,2305,5,2,1,1.0,3,75112,M,,,75
200900002660,9,4,3,2350,5,2,2,1.0,3,75117,M,,,75
200900002661,9,4,3,15,5,2,5,1.0,3,75113,M,,,75
200900002662,9,4,3,750,1,2,1,1.0,6,75120,M,,,75
200900002663,9,4,3,805,2,2,3,1.0,6,75110,M,,,75
200900002664,9,4,3,1000,1,2,1,1.0,3,75119,M,,,75
200900002665,9,4,3,1025,1,2,1,1.0,2,75115,M,,,75
200900002666,9,4,3,1140,1,2,5,1.0,6,75113,M,,,75
200900002667,9,4,2,2155,5,2,1,1.0,2,75118,M,,,75
200900002668,9,4,2,2200,5,2,1,1.0,6,75113,M,,,75
200900002669,9,4,2,218,5,2,1,1.0,6,75118,M,,,75
200900002670,9,4,2,840,1,2,5,1.0,3,75120,M,,,75
200900002671,9,4,2,910,1,2,3,1.0,7,75107,M,,,75
200900002672,9,4,2,1000,1,2,5,1.0,3,75116,M,,,75
200900002673,9,4,2,1005,1,2,5,1.0,4,75114,M,,,75
200900002674,9,4,2,1030,1,2,1,1.0,3,75118,M,,,75
200900002675,9,4,2,1115,1,2,1,1.0,6,75113,M,,,75
200900002676,9,4,2,1120,1,2,3,1.0,6,75106,M,,,75
200900002677,9,4,2,1130,1,2,3,1.0,7,75117,M,,,75
200900002678,9,4,2,1330,1,2,4,1.0,5,75117,M,,,75
200900002679,9,4,2,1410,1,2,2,1.0,6,75118,M,,,75
200900002680,9,4,2,1445,1,2,1,1.0,6,75117,M,,,75
200900002681,9,4,2,1445,1,2,2,1.0,6,75115,M,,,75
200900002682,9,4,2,1449,1,2,2,1.0,3,75106,M,,,75
200900002683,9,4,2,1535,1,2,2,1.0,3,75115,M,,,75
200900002684,9,4,2,1605,1,2,1,1.0,3,75110,M,,,75
200900002685,9,4,2,1630,1,2,2,1.0,6,75118,M,,,75
200900002686,9,4,2,1645,1,2,1,1.0,6,75119,M,,,75
200900002687,9,4,2,1720,1,2,1,1.0,2,75113,M,,,75
200900002688,9,4,2,1800,1,2,3,1.0,6,75115,M,,,75
200900002689,9,4,2,1815,1,2,1,1.0,3,75116,M,,,75
200900002690,9,4,2,1840,1,2,1,1.0,5,75107,M,,,75
200900002691,9,4,2,1910,1,2,1,1.0,6,75109,M,,,75
200900002692,9,4,2,1916,1,2,5,1.0,7,75107,M,,,75
200900002693,9,4,2,2002,5,2,1,1.0,6,75118,M,,,75
200900002694,9,4,2,2055,5,2,1,1.0,6,75106,M,,,75
200900002695,9,4,2,2143,5,2,1,1.0,6,75111,M,,,75
200900002696,9,4,1,1815,1,2,1,1.0,2,75120,M,,,75
200900002697,9,4,1,1945,1,2,4,1.0,7,75114,M,,,75
200900002698,9,4,1,1650,1,2,5,1.0,2,75116,M,,,75
200900002699,9,4,1,147,5,2,1,1.0,6,75111,M,,,75
200900002700,9,4,1,830,1,2,1,1.0,2,75108,M,,,75
200900002701,9,4,1,850,1,2,1,1.0,3,75115,M,,,75
200900002702,9,4,1,855,1,2,2,1.0,3,75112,M,,,75
200900002703,9,4,1,1000,1,2,1,1.0,4,75116,M,,,75
200900002704,9,4,1,1015,1,2,2,1.0,3,75114,M,,,75
200900002705,9,4,1,1105,1,2,1,1.0,7,75119,M,,,75
200900002706,9,4,1,1135,1,2,2,1.0,3,75111,M,,,75
200900002707,9,4,1,1140,1,2,1,1.0,3,75102,M,,,75
200900002708,9,4,1,1200,1,2,1,1.0,6,75118,M,,,75
200900002709,9,4,1,1445,1,2,1,1.0,3,75102,M,,,75
200900002710,9,4,1,1540,1,2,5,1.0,6,75117,M,,,75
200900002711,9,4,1,1605,1,2,1,1.0,6,75120,M,,,75
200900002712,9,4,1,1615,1,2,3,1.0,3,75117,M,,,75
200900002713,9,4,1,1620,1,2,1,1.0,6,75110,M,,,75
200900002714,9,4,1,1650,1,2,1,1.0,3,75103,M,,,75
200900002715,9,4,1,1725,1,2,1,1.0,4,75109,M,,,75
200900002716,9,4,1,1745,1,2,1,1.0,6,75120,M,,,75
200900002717,9,4,1,1905,1,2,5,1.0,6,75118,M,,,75
200900002718,9,4,1,2052,5,2,1,1.0,6,75117,M,,,75
200900002719,9,4,1,2240,5,2,1,1.0,3,75114,M,,,75
200900002720,9,4,6,600,2,2,1,1.0,6,75103,M,,,75
200900002721,9,4,6,835,1,2,2,1.0,3,75116,M,,,75
200900002722,9,4,6,935,1,2,2,1.0,3,75115,M,,,75
200900002723,9,4,6,950,1,2,2,1.0,2,75107,M,,,75
200900002724,9,4,6,1045,1,2,1,1.0,3,75113,M,,,75
200900002725,9,4,6,1045,1,2,1,1.0,3,75109,M,,,75
200900002726,9,4,6,1100,1,2,2,1.0,3,75108,M,,,75
200900002727,9,4,6,1110,1,2,5,1.0,3,75116,M,,,75
200900002728,9,4,6,1120,1,2,1,1.0,6,75112,M,,,75
200900002729,9,4,6,1210,1,2,1,1.0,4,75113,M,,,75
200900002730,9,4,6,1335,1,2,1,1.0,6,75115,M,,,75
200900002731,9,4,6,1440,1,2,2,1.0,6,75103,M,,,75
200900002732,9,4,6,1548,1,2,3,1.0,2,75115,M,,,75
200900002733,9,4,6,1600,1,2,1,1.0,6,75109,M,,,75
200900002734,9,4,6,1629,1,2,1,1.0,5,75116,M,,,75
200900002735,9,4,6,1635,1,2,1,1.0,6,75111,M,,,75
200900002736,9,4,6,1815,1,2,2,1.0,3,75116,M,,,75
200900002737,9,4,6,1950,2,2,2,1.0,6,75115,M,,,75
200900002738,9,4,6,2002,5,2,2,1.0,3,75116,M,,,75
200900002739,9,4,6,2032,5,2,1,1.0,4,75108,M,,,75
200900002740,9,4,7,45,5,2,5,2.0,3,75111,M,,,75
200900002741,9,4,7,235,5,2,5,2.0,6,75120,M,,,75
200900002742,9,4,7,745,1,2,3,2.0,3,75112,M,,,75
200900002743,9,4,7,825,1,2,1,2.0,2,75116,M,,,75