Num_Acc,an,mois,jour,hrmn,lum,agg,int,atm,col,com,gps,lat,long,dep
200900002744,9,4,7,900,1,2,1,2.0,6,75115,M,,,75
200900002745,9,4,7,900,1,2,5,2.0,7,75117,M,,,75
200900002746,9,4,7,935,1,2,1,2.0,1,75120,M,,,75
200900002747,9,4,7,940,1,2,1,2.0,2,75114,M,,,75
200900002748,9,4,7,940,1,2,1,2.0,6,75112,M,,,75
200900002749,9,4,7,1015,1,2,1,2.0,6,75118,M,,,75
200900002750,9,4,7,1110,1,2,1,2.0,3,75115,M,,,75
200900002751,9,4,7,1130,1,2,1,1.0,6,75108,M,,,75
200900002752,9,4,7,1140,1,2,5,1.0,3,75117,M,,,75
200900002753,9,4,7,1140,1,2,2,8.0,6,75110,M,,,75
200900002754,9,4,7,1155,1,2,1,1.0,2,75106,M,,,75
200900002755,9,4,7,1203,1,2,1,1.0,6,75117,M,,,75
200900002756,9,4,7,1330,1,2,1,1.0,3,75113,M,,,75
200900002757,9,4,7,1600,1,2,1,1.0,3,75115,M,,,75
200900002758,9,4,7,1615,1,2,1,1.0,6,75108,M,,,75
200900002759,9,4,7,1640,1,2,1,1.0,7,75114,M,,,75
200900002760,9,4,7,1645,1,2,1,1.0,6,75120,M,,,75
200900002761,9,4,7,1700,1,2,1,1.0,1,75119,M,,,75
200900002762,9,4,7,1700,1,2,5,1.0,6,75101,M,,,75
200900002763,9,4,7,1710,1,2,1,1.0,6,75115,M,,,75
200900002764,9,4,7,1715,1,2,1,1.0,6,75120,M,,,75
200900002765,9,4,7,1750,1,2,1,1.0,6,75108,M,,,75
200900002766,9,4,7,1800,1,2,2,1.0,3,75109,M,,,75
200900002767,9,4,7,1805,1,2,1,1.0,6,75113,M,,,75
200900002768,9,4,7,1920,2,2,3,1.0,3,75104,M,,,75
200900002769,9,4,7,1930,1,2,5,1.0,2,75103,M,,,75
200900002770,9,4,7,2030,5,2,1,1.0,3,75107,M,,,75
200900002771,9,4,7,2045,5,2,2,1.0,1,75109,M,,,75
200900002772,9,4,7,2255,5,2,5,1.0,6,75109,M,,,75
200900002773,9,4,8,5,5,2,4,1.0,6,75118,M,,,75
200900002774,9,4,8,230,5,2,2,1.0,3,75113,M,,,75
200900002775,9,4,8,835,1,2,4,2.0,6,75105,M,,,75
200900002776,9,4,8,840,1,2,3,2.0,3,75108,M,,,75
200900002777,9,4,8,910,1,2,3,2.0,7,75101,M,,,75
200900002778,9,4,8,915,1,2,5,2.0,3,75116,M,,,75
200900002779,9,4,8,915,1,2,2,2.0,6,75115,M,,,75
200900002780,9,4,8,945,1,2,1,2.0,3,75116,M,,,75
200900002781,9,4,8,1000,1,2,1,2.0,7,75116,M,,,75
200900002782,9,4,8,1005,1,2,1,2.0,7,75109,M,,,75
200900002783,9,4,8,1020,1,2,1,2.0,6,75111,M,,,75
200900002784,9,4,8,1030,1,2,1,2.0,3,75113,M,,,75
200900002785,9,4,8,1030,1,2,3,2.0,7,75116,M,,,75
200900002786,9,4,8,1040,1,2,1,2.0,3,75107,M,,,75
200900002787,9,4,8,1055,1,2,2,2.0,3,75118,M,,,75
200900002788,9,4,8,1105,1,2,1,2.0,6,75113,M,,,75
200900002789,9,4,8,1122,1,2,1,2.0,7,75117,M,,,75
200900002790,9,4,8,1129,1,2,4,2.0,3,75120,M,,,75
200900002791,9,4,8,1130,1,2,3,1.0,2,75114,M,,,75
200900002792,9,4,8,1200,1,2,5,2.0,2,75119,M,,,75
200900002793,9,4,8,1210,1,2,2,2.0,6,75105,M,,,75
200900002794,9,4,8,1312,1,2,1,1.0,2,75101,M,,,75
200900002795,9,4,8,1340,1,2,4,2.0,3,75120,M,,,75
200900002796,9,4,8,1435,1,2,3,8.0,6,75101,M,,,75
200900002797,9,4,8,1515,1,2,1,2.0,3,75113,M,,,75
200900002798,9,4,8,1530,1,2,2,1.0,7,75120,M,,,75
200900002799,9,4,8,1620,1,2,1,1.0,2,75118,M,,,75
200900002800,9,4,8,1640,1,2,3,1.0,3,75108,M,,,75
200900002801,9,4,8,2040,5,2,3,2.0,3,75115,M,,,75
200900002802,9,4,8,2137,5,2,5,2.0,7,75117,M,,,75
200900002803,9,4,8,2300,5,2,1,2.0,6,75107,M,,,75
200900002804,9,4,8,2315,5,2,2,2.0,3,75105,M,,,75
200900002805,9,4,8,2345,5,2,5,2.0,7,75113,M,,,75
200900002806,9,4,9,1401,1,2,5,1.0,3,75105,M,,,75
200900002807,9,4,9,645,1,2,1,1.0,3,75119,M,,,75
200900002808,9,4,9,720,1,2,3,1.0,3,75112,M,,,75
200900002809,9,4,9,805,5,2,1,1.0,7,75116,M,,,75
200900002810,9,4,9,845,1,2,1,1.0,3,75112,M,,,75
200900002811,9,4,9,900,1,2,1,1.0,3,75112,M,,,75
200900002812,9,4,9,1020,1,2,2,1.0,6,75111,M,,,75
200900002813,9,4,9,1320,1,2,5,1.0,6,75116,M,,,75
200900002814,9,4,9,1330,1,2,1,1.0,6,75118,M,,,75
200900002815,9,4,9,1430,1,2,1,1.0,6,75112,M,,,75
200900002816,9,4,9,1600,1,2,4,1.0,6,75111,M,,,75
200900002817,9,4,9,1620,1,2,2,1.0,3,75120,M,,,75
200900002818,9,4,9,1715,1,2,1,1.0,3,75118,M,,,75
200900002819,9,4,9,1730,1,2,2,7.0,3,75111,M,,,75
200900002820,9,4,9,1735,1,2,1,7.0,2,75119,M,,,75
200900002821,9,4,9,1740,1,2,2,1.0,6,75109,M,,,75
200900002822,9,4,9,1745,1,2,1,1.0,2,75108,M,,,75
200900002823,9,4,9,1755,1,2,1,1.0,2,75116,M,,,75
200900002824,9,4,9,1755,1,2,3,1.0,3,75120,M,,,75
200900002825,9,4,9,1755,1,2,5,1.0,6,75117,M,,,75
200900002826,9,4,9,1815,1,2,1,1.0,2,75116,M,,,75
200900002827,9,4,9,1843,1,2,1,1.0,2,75118,M,,,75
200900002828,9,4,9,1855,1,2,4,1.0,6,75114,M,,,75
200900002829,9,4,9,1915,1,2,5,1.0,6,75118,M,,,75
200900002830,9,4,9,1920,1,2,1,1.0,4,75119,M,,,75
200900002831,9,4,9,2135,5,2,2,1.0,3,75117,M,,,75
200900002832,9,4,9,2135,5,2,1,1.0,6,75119,M,,,75
200900002833,9,4,9,2315,5,2,1,1.0,6,75101,M,,,75
200900002834,9,4,9,2355,5,2,1,1.0,3,75119,M,,,75
200900002835,9,4,11,39,5,2,2,1.0,6,75117,M,,,75
200900002836,9,4,11,735,1,2,5,1.0,7,75118,M,,,75
200900002837,9,4,11,1000,1,2,4,1.0,3,75119,M,,,75
200900002838,9,4,11,1140,1,2,4,1.0,6,75115,M,,,75
200900002839,9,4,11,1200,1,2,2,1.0,6,75117,M,,,75
200900002840,9,4,11,1215,1,2,2,1.0,6,75119,M,,,75
200900002841,9,4,11,1300,1,2,1,1.0,4,75117,M,,,75
200900002842,9,4,11,1405,1,2,5,1.0,3,75118,M,,,75
200900002843,9,4,11,1410,1,2,5,1.0,3,75116,M,,,75
200900002844,9,4,11,1420,1,2,1,1.0,6,75113,M,,,75
200900002845,9,4,11,1500,1,2,1,1.0,3,75117,M,,,75
200900002846,9,4,11,1550,1,2,2,1.0,3,75115,M,,,75
200900002847,9,4,11,1615,1,2,1,1.0,3,75119,M,,,75
200900002848,9,4,11,1705,1,2,2,1.0,3,75109,M,,,75
200900002849,9,4,11,1715,1,2,2,1.0,3,75116,M,,,75
200900002850,9,4,11,1850,1,2,3,2.0,6,75117,M,,,75
200900002851,9,4,11,2000,2,2,1,2.0,3,75116,M,,,75
200900002852,9,4,11,2042,5,2,3,2.0,6,75105,M,,,75
200900002853,9,4,11,2045,4,2,1,3.0,7,75110,M,,,75
200900002854,9,4,11,2115,5,2,3,1.0,4,75101,M,,,75
200900002855,9,4,11,2125,5,2,1,2.0,1,75119,M,,,75
200900002856,9,4,12,148,5,2,1,2.0,6,75110,M,,,75
200900002857,9,4,12,220,5,2,1,2.0,3,75111,M,,,75
200900002858,9,4,12,1055,1,2,5,8.0,7,75117,M,,,75
200900002859,9,4,12,1220,1,2,5,1.0,6,75108,M,,,75
200900002860,9,4,12,1300,1,2,4,1.0,6,75105,M,,,75
200900002861,9,4,12,1330,1,2,5,1.0,7,75116,M,,,75
200900002862,9,4,12,1520,1,2,1,1.0,3,75111,M,,,75
200900002863,9,4,12,1525,1,2,2,1.0,3,75111,M,,,75
200900002864,9,4,12,1525,1,2,5,1.0,6,75117,M,,,75
200900002865,9,4,12,2247,5,2,1,1.0,6,75101,M,,,75
200900002866,9,4,12,1330,1,2,3,1.0,7,75117,M,,,75
200900002867,9,4,14,700,2,2,5,1.0,6,75108,M,,,75
200900002868,9,4,14,900,1,2,2,1.0,6,75112,M,,,75
200900002869,9,4,14,1100,1,2,1,1.0,5,75120,M,,,75
200900002870,9,4,14,1106,1,2,4,1.0,3,75114,M,,,75
200900002871,9,4,14,1155,1,2,1,1.0,3,75110,M,,,75
200900002872,9,4,14,1315,1,2,1,1.0,3,75119,M,,,75
200900002873,9,4,14,1430,1,2,1,1.0,6,75108,M,,,75
200900002874,9,4,14,1515,1,2,1,8.0,3,75112,M,,,75
200900002875,9,4,14,1525,1,2,2,1.0,3,75120,M,,,75
200900002876,9,4,14,1530,1,2,1,1.0,2,75120,M,,,75
200900002877,9,4,14,1630,1,2,1,1.0,6,75120,M,,,75
200900002878,9,4,14,1655,1,2,2,1.0,6,75112,M,,,75
200900002879,9,4,14,1714,1,2,2,1.0,6,75111,M,,,75
200900002880,9,4,14,1715,1,2,5,1.0,6,75112,M,,,75
200900002881,9,4,14,1745,1,2,3,1.0,6,75112,M,,,75
200900002882,9,4,14,1755,1,2,2,1.0,3,75110,M,,,75
200900002883,9,4,14,1915,1,2,3,1.0,6,75107,M,,,75
200900002884,9,4,14,2035,5,2,3,1.0,3,75111,M,,,75
200900002885,9,4,14,2045,5,2,1,1.0,6,75113,M,,,75
200900002886,9,4,13,610,2,2,1,1.0,2,75117,M,,,75
200900002887,9,4,13,1200,1,2,1,1.0,3,75110,M,,,75
200900002888,9,4,13,1200,1,2,2,1.0,2,75113,M,,,75
200900002889,9,4,13,1510,1,2,2,1.0,6,75110,M,,,75
200900002890,9,4,13,1555,1,2,1,1.0,2,75120,M,,,75
200900002891,9,4,13,1657,1,2,1,1.0,7,75117,M,,,75
200900002892,9,4,13,1742,1,2,1,1.0,6,75114,M,,,75
200900002893,9,4,13,1825,1,2,2,1.0,3,75114,M,,,75
200900002894,9,4,13,1830,1,2,1,1.0,2,75113,M,,,75
200900002895,9,4,13,1915,1,2,2,1.0,6,75102,M,,,75
200900002896,9,4,13,1925,1,2,3,1.0,6,75104,M,,,75
200900002897,9,4,13,2010,5,2,1,1.0,3,75112,M,,,75
200900002898,9,4,21,750,1,2,1,1.0,2,75120,M,,,75
200900002899,9,4,21,900,1,2,1,1.0,4,75112,M,,,75
200900002900,9,4,21,925,1,2,2,1.0,6,75112,M,,,75
200900002901,9,4,21,1130,1,2,2,1.0,6,75117,M,,,75
200900002902,9,4,21,1215,1,2,1,1.0,3,75116,M,,,75
200900002903,9,4,21,1230,1,2,1,1.0,7,75113,M,,,75
200900002904,9,4,21,1255,1,2,7,1.0,6,75113,M,,,75
200900002905,9,4,21,1405,1,2,1,1.0,6,75117,M,,,75
200900002906,9,4,15,20,5,2,2,1.0,3,75116,M,,,75
200900002907,9,4,15,830,1,2,1,1.0,2,75118,M,,,75
200900002908,9,4,15,850,1,2,3,1.0,6,75119,M,,,75
200900002909,9,4,15,930,1,2,1,1.0,3,75119,M,,,75
200900002910,9,4,15,1030,1,2,1,1.0,7,75112,M,,,75
200900002911,9,4,15,1150,1,2,5,1.0,2,75114,M,,,75
200900002912,9,4,15,1255,1,2,5,1.0,7,75102,M,,,75
200900002913,9,4,15,1300,1,2,1,1.0,6,75114,M,,,75
200900002914,9,4,15,1655,1,2,1,1.0,3,75115,M,,,75
200900002915,9,4,15,1720,1,2,5,1.0,3,75108,M,,,75
200900002916,9,4,15,1755,1,2,3,1.0,6,75117,M,,,75
200900002917,9,4,15,1836,1,2,3,1.0,6,75117,M,,,75
200900002918,9,4,15,1850,1,2,1,1.0,2,75117,M,,,75
200900002919,9,4,15,1930,1,2,2,1.0,2,75107,M,,,75
200900002920,9,4,21,250,5,2,1,1.0,6,75106,M,,,75
200900002921,9,4,21,1440,1,2,2,1.0,6,75106,M,,,75
200900002922,9,4,21,1520,1,2,2,1.0,3,75111,M,,,75
200900002923,9,4,21,1700,1,2,1,1.0,4,75108,M,,,75
200900002924,9,4,21,1900,1,2,2,1.0,3,75117,M,,,75
200900002925,9,4,21,1940,1,2,2,1.0,6,75120,M,,,75
200900002926,9,4,21,1955,1,2,2,1.0,3,75112,M,,,75
200900002927,9,4,21,2020,1,2,1,1.0,6,75118,M,,,75
200900002928,9,4,16,1526,1,2,1,8.0,6,75115,M,,,75
200900002929,9,4,16,1550,1,2,1,1.0,3,75116,M,,,75
200900002930,9,4,16,1655,1,2,1,1.0,3,75107,M,,,75
200900002931,9,4,16,5,5,2,3,1.0,3,75112,M,,,75
200900002932,9,4,16,800,1,2,1,1.0,6,75113,M,,,75
200900002933,9,4,16,805,1,2,1,2.0,5,75112,M,,,75
200900002934,9,4,16,815,1,2,3,1.0,3,75113,M,,,75
200900002935,9,4,16,920,1,2,1,1.0,3,75109,M,,,75
200900002936,9,4,16,935,1,2,1,1.0,3,75107,M,,,75
200900002937,9,4,16,1350,1,2,1,1.0,6,75116,M,,,75
200900002938,9,4,16,1605,1,2,1,8.0,6,75113,M,,,75
200900002939,9,4,16,1645,1,2,1,8.0,6,75112,M,,,75
200900002940,9,4,16,1650,1,2,1,1.0,3,75116,M,,,75
200900002941,9,4,16,1657,1,2,1,1.0,3,75116,M,,,75
200900002942,9,4,16,1705,1,2,1,8.0,2,75117,M,,,75
200900002943,9,4,16,1705,1,2,2,8.0,6,75117,M,,,75
200900002944,9,4,16,1715,1,2,2,1.0,6,75103,M,,,75
200900002945,9,4,16,1850,1,2,3,1.0,2,75107,M,,,75
200900002946,9,4,16,1955,2,2,6,1.0,3,75108,M,,,75
200900002947,9,4,16,2005,2,2,1,1.0,6,75102,M,,,75
200900002948,9,4,16,2200,5,2,3,1.0,3,75115,M,,,75
200900002949,9,4,16,2335,5,2,1,1.0,2,75118,M,,,75
200900002950,9,4,11,2143,5,2,1,1.0,7,75105,M,,,75
200900002951,9,4,10,1015,1,2,1,1.0,4,75116,M,,,75
200900002952,9,4,10,1015,1,2,2,1.0,2,75102,M,,,75
200900002953,9,4,10,1355,1,2,4,1.0,2,75112,M,,,75
200900002954,9,4,10,5,5,2,1,1.0,6,75118,M,,,75
200900002955,9,4,10,120,5,2,1,1.0,3,75111,M,,,75
200900002956,9,4,10,220,5,2,4,1.0,6,75111,M,,,75
200900002957,9,4,10,350,5,2,4,1.0,6,75117,M,,,75
200900002958,9,4,10,800,1,2,1,1.0,6,75118,M,,,75
200900002959,9,4,10,800,1,2,5,1.0,3,75119,M,,,75
200900002960,9,4,10,835,1,2,1,1.0,3,75105,M,,,75
200900002961,9,4,10,905,1,2,1,1.0,3,75110,M,,,75
200900002962,9,4,10,1020,1,2,1,1.0,7,75111,M,,,75
200900002963,9,4,10,1030,1,2,1,1.0,6,75115,M,,,75
200900002964,9,4,10,1040,1,2,1,1.0,6,75110,M,,,75
200900002965,9,4,10,1352,1,2,2,1.0,6,75114,M,,,75
200900002966,9,4,10,1400,1,2,1,1.0,3,75118,M,,,75
200900002967,9,4,10,1405,1,2,5,7.0,4,75108,M,,,75
200900002968,9,4,10,1430,1,2,2,1.0,3,75110,M,,,75
200900002969,9,4,10,1540,1,2,5,1.0,3,75103,M,,,75
200900002970,9,4,10,1600,1,2,1,1.0,3,75112,M,,,75
200900002971,9,4,10,1600,1,2,3,1.0,3,75115,M,,,75
200900002972,9,4,10,1620,1,2,1,1.0,7,75101,M,,,75
200900002973,9,4,10,1630,1,2,5,1.0,3,75108,M,,,75
200900002974,9,4,10,1810,1,2,2,2.0,7,75115,M,,,75
200900002975,9,4,10,1810,1,2,1,1.0,3,75120,M,,,75
200900002976,9,4,10,1915,1,2,1,1.0,4,75108,M,,,75
200900002977,9,4,10,2000,5,2,4,1.0,3,75118,M,,,75
200900002978,9,4,10,2100,5,2,3,1.0,6,75114,M,,,75
200900002979,9,4,10,2245,5,2,2,1.0,3,75120,M,,,75
200900002980,9,4,10,2350,5,2,3,1.0,6,75108,M,,,75
200900002981,9,4,10,2350,5,2,1,1.0,2,75115,M,,,75
200900002982,9,4,19,1325,1,2,2,1.0,3,75115,M,,,75
200900002983,9,4,19,30,5,2,3,2.0,2,75101,M,,,75
200900002984,9,4,19,125,5,2,1,1.0,6,75118,M,,,75
200900002985,9,4,19,245,5,2,1,1.0,5,75118,M,,,75
200900002986,9,4,19,510,5,2,5,2.0,3,75101,M,,,75
200900002987,9,4,19,1205,1,2,1,2.0,2,75110,M,,,75
200900002988,9,4,19,1515,1,2,1,1.0,3,75114,M,,,75
200900002989,9,4,19,1615,1,2,1,1.0,2,75116,M,,,75
200900002990,9,4,19,1750,1,2,1,1.0,3,75118,M,,,75
200900002991,9,4,18,45,5,2,2,1.0,3,75110,M,,,75
200900002992,9,4,18,320,5,2,1,1.0,6,75116,M,,,75
200900002993,9,4,18,525,5,2,5,1.0,6,75116,M,,,75
200900002994,9,4,18,530,5,2,2,2.0,7,75117,M,,,75
200900002995,9,4,18,1025,1,2,1,2.0,6,75119,M,,,75
200900002996,9,4,18,1145,1,2,2,2.0,6,75102,M,,,75
200900002997,9,4,18,1305,1,2,1,2.0,6,75116,M,,,75
200900002998,9,4,18,1355,1,2,5,2.0,3,75116,M,,,75
200900002999,9,4,18,1414,1,2,3,2.0,7,75111,M,,,75
200900003000,9,4,18,1445,1,2,1,2.0,4,75114,M,,,75
200900003001,9,4,18,1620,1,2,5,2.0,7,75104,M,,,75
200900003002,9,4,18,1645,1,2,1,2.0,6,75104,M,,,75
200900003003,9,4,18,1755,1,2,3,2.0,3,75113,M,,,75
200900003004,9,4,18,1800,5,2,1,2.0,7,75112,M,,,75
200900003005,9,4,18,1845,1,2,1,2.0,6,75119,M,,,75
200900003006,9,4,18,1925,1,2,1,2.0,6,75120,M,,,75
200900003007,9,4,18,1935,1,2,5,2.0,7,75118,M,,,75
200900003008,9,4,18,1950,5,2,1,2.0,3,75112,M,,,75
200900003009,9,4,18,1956,5,2,1,2.0,3,75115,M,,,75
200900003010,9,4,18,2150,5,2,3,2.0,2,75114,M,,,75
200900003011,9,4,18,2240,5,2,2,2.0,3,75116,M,,,75
200900003012,9,4,18,2330,5,2,2,2.0,3,75102,M,,,75
200900003013,9,4,17,1910,1,2,2,1.0,6,75118,M,,,75
200900003014,9,4,17,230,5,2,2,1.0,6,75101,M,,,75
200900003015,9,4,17,307,5,2,2,1.0,6,75108,M,,,75
200900003016,9,4,17,1155,1,2,2,1.0,6,75109,M,,,75
200900003017,9,4,17,1356,1,2,1,1.0,3,75115,M,,,75
200900003018,9,4,17,1525,1,2,2,8.0,3,75111,M,,,75
200900003019,9,4,17,1620,1,2,2,1.0,7,75106,M,,,75
200900003020,9,4,17,1625,1,2,1,1.0,2,75119,M,,,75
200900003021,9,4,17,1910,1,2,1,1.0,6,75116,M,,,75
200900003022,9,4,17,1949,1,2,2,1.0,6,75111,M,,,75
200900003023,9,4,17,2100,5,2,1,1.0,6,75119,M,,,75
200900003024,9,4,17,1800,1,2,6,1.0,7,75112,M,,,75
200900003025,9,4,17,145,5,2,2,1.0,3,75110,M,,,75
200900003026,9,4,17,750,1,2,2,1.0,3,75111,M,,,75
200900003027,9,4,17,830,1,2,1,1.0,2,75115,M,,,75
200900003028,9,4,17,840,1,2,1,1.0,7,75113,M,,,75
200900003029,9,4,17,1145,1,2,1,1.0,7,75115,M,,,75
200900003030,9,4,17,1300,1,2,7,1.0,3,75111,M,,,75
200900003031,9,4,17,1350,1,2,2,1.0,3,75112,M,,,75
200900003032,9,4,17,1630,1,2,1,8.0,3,75112,M,,,75
200900003033,9,4,17,1905,1,2,6,1.0,3,75107,M,,,75
200900003034,9,4,17,1945,1,2,1,1.0,6,75112,M,,,75
200900003035,9,4,25,536,5,2,2,1.0,3,75118,M,,,75
200900003036,9,4,25,628,1,2,2,1.0,6,75117,M,,,75
200900003037,9,4,25,900,1,2,1,1.0,6,75118,M,,,75
200900003038,9,4,25,925,1,2,1,1.0,3,75118,M,,,75
200900003039,9,4,25,1245,1,2,1,1.0,4,75119,M,,,75
200900003040,9,4,25,1330,1,2,2,1.0,6,75109,M,,,75
200900003041,9,4,25,1410,1,2,1,1.0,6,75113,M,,,75
200900003042,9,4,25,1445,1,2,1,2.0,3,75105,M,,,75
200900003043,9,4,25,1454,1,2,1,2.0,7,75108,M,,,75
200900003044,9,4,25,1500,1,2,2,2.0,2,75107,M,,,75
200900003045,9,4,25,1550,1,2,1,2.0,2,75120,M,,,75
200900003046,9,4,25,1555,1,2,2,2.0,3,75118,M,,,75
200900003047,9,4,25,1700,1,2,2,1.0,3,75106,M,,,75
200900003048,9,4,25,1810,1,2,1,1.0,3,75106,M,,,75
200900003049,9,4,25,1815,1,2,1,1.0,3,75120,M,,,75
200900003050,9,4,25,1915,2,2,2,1.0,3,75105,M,,,75
200900003051,9,4,25,1930,1,2,3,1.0,3,75112,M,,,75
200900003052,9,4,25,2225,5,2,1,1.0,2,75112,M,,,75
200900003053,9,4,22,25,5,2,3,1.0,3,75114,M,,,75
200900003054,9,4,22,715,1,2,4,1.0,3,75117,M,,,75
200900003055,9,4,22,750,1,2,2,1.0,3,75114,M,,,75
200900003056,9,4,22,750,1,2,2,1.0,3,75107,M,,,75
200900003057,9,4,22,835,1,2,2,1.0,6,75114,M,,,75
200900003058,9,4,22,845,1,2,1,1.0,6,75113,M,,,75
200900003059,9,4,22,910,1,2,1,1.0,7,75119,M,,,75
200900003060,9,4,22,1150,1,2,3,1.0,2,75115,M,,,75
200900003061,9,4,22,1155,1,2,1,1.0,7,75105,M,,,75
200900003062,9,4,22,1155,2,2,2,1.0,2,75112,M,,,75
200900003063,9,4,22,1200,1,2,2,1.0,3,75117,M,,,75
200900003064,9,4,22,1353,1,2,2,1.0,3,75114,M,,,75
200900003065,9,4,22,1430,1,2,1,1.0,3,75110,M,,,75
200900003066,9,4,22,1515,1,2,1,1.0,7,75119,M,,,75
200900003067,9,4,22,1710,1,2,1,1.0,4,75117,M,,,75
200900003068,9,4,22,1720,1,2,1,1.0,6,75118,M,,,75
200900003069,9,4,22,1730,1,2,2,1.0,3,75114,M,,,75
200900003070,9,4,22,1815,1,2,2,1.0,2,75108,M,,,75
200900003071,9,4,22,1820,1,2,2,1.0,3,75116,M,,,75
200900003072,9,4,22,1835,1,2,1,1.0,6,75107,M,,,75
200900003073,9,4,22,1900,1,2,1,1.0,2,75108,M,,,75
200900003074,9,4,22,1930,1,2,2,1.0,3,75114,M,,,75
200900003075,9,4,22,1955,2,2,1,1.0,2,75111,M,,,75
200900003076,9,4,22,2020,1,2,2,1.0,3,75116,M,,,75
200900003077,9,4,22,2035,2,2,3,1.0,3,75108,M,,,75
200900003078,9,4,22,2250,5,2,1,1.0,6,75118,M,,,75
200900003079,9,4,20,710,1,2,2,1.0,2,75115,M,,,75
200900003080,9,4,20,900,1,2,2,1.0,6,75119,M,,,75
200900003081,9,4,20,1000,1,2,5,1.0,2,75102,M,,,75
200900003082,9,4,20,1220,1,2,2,1.0,3,75119,M,,,75
200900003083,9,4,20,1333,1,2,1,1.0,6,75120,M,,,75
200900003084,9,4,20,1525,1,2,5,1.0,2,75114,M,,,75
200900003085,9,4,20,1530,1,2,5,1.0,4,75110,M,,,75
200900003086,9,4,20,1540,1,2,5,1.0,6,75106,M,,,75
200900003087,9,4,20,1545,1,2,2,1.0,3,75115,M,,,75
200900003088,9,4,20,1545,1,2,4,1.0,6,75120,M,,,75
200900003089,9,4,20,1600,1,2,1,1.0,3,75108,M,,,75
200900003090,9,4,20,1720,1,2,1,1.0,3,75109,M,,,75
200900003091,9,4,20,1740,1,2,4,1.0,6,75114,M,,,75
200900003092,9,4,20,1815,1,2,1,1.0,6,75112,M,,,75
200900003093,9,4,20,1820,1,2,5,1.0,6,75117,M,,,75
200900003094,9,4,20,1905,1,2,1,1.0,3,75112,M,,,75
200900003095,9,4,20,1935,1,2,1,1.0,6,75118,M,,,75
200900003096,9,4,20,2010,2,2,3,1.0,6,75104,M,,,75
200900003097,9,4,20,2030,2,2,1,1.0,6,75113,M,,,75
200900003098,9,4,20,2100,5,2,4,1.0,3,75113,M,,,75
200900003099,9,4,20,2115,5,2,2,1.0,7,75111,M,,,75
200900003100,9,4,20,2210,5,2,2,1.0,6,75108,M,,,75
200900003101,9,4,20,2358,5,2,1,1.0,6,75112,M,,,75
200900003102,9,4,23,428,5,2,2,1.0,6,75108,M,,,75
200900003103,9,4,23,748,1,2,4,1.0,2,75118,M,,,75
200900003104,9,4,23,805,1,2,1,1.0,3,75110,M,,,75
200900003105,9,4,23,820,1,2,1,1.0,6,75116,M,,,75
200900003106,9,4,23,955,1,2,2,1.0,3,75117,M,,,75
200900003107,9,4,23,1000,1,2,5,7.0,3,75120,M,,,75
200900003108,9,4,23,1210,1,2,1,1.0,6,75103,M,,,75
200900003109,9,4,23,1250,1,2,3,1.0,2,75105,M,,,75
200900003110,9,4,23,1350,1,2,1,1.0,6,75111,M,,,75
200900003111,9,4,23,1445,1,2,5,1.0,3,75110,M,,,75
200900003112,9,4,23,1510,1,2,1,1.0,3,75111,M,,,75
200900003113,9,4,23,1625,1,2,1,1.0,3,75118,M,,,75
200900003114,9,4,23,1645,1,2,2,1.0,6,75116,M,,,75
200900003115,9,4,23,1750,1,2,1,1.0,6,75120,M,,,75
200900003116,9,4,23,1750,1,2,5,1.0,2,75119,M,,,75
200900003117,9,4,23,1755,1,2,1,1.0,6,75101,M,,,75
200900003118,9,4,23,1820,1,2,1,1.0,6,75113,M,,,75
200900003119,9,4,23,1825,1,2,4,1.0,3,75115,M,,,75
200900003120,9,4,23,1940,2,2,1,1.0,6,75120,M,,,75
200900003121,9,4,23,2025,2,2,3,1.0,3,75113,M,,,75
200900003122,9,4,23,2030,2,2,1,1.0,4,75120,M,,,75
200900003123,9,4,23,2150,5,2,3,1.0,3,75116,M,,,75
200900003124,9,4,23,2200,5,2,1,1.0,6,75112,M,,,75
200900003125,9,4,13,1400,1,2,2,1.0,3,75117,M,,,75
200900003126,9,4,21,840,1,2,3,1.0,3,75113,M,,,75
200900003127,9,4,21,2255,5,2,2,1.0,3,75112,M,,,75
200900003128,9,4,27,1150,1,2,3,1.0,3,75101,M,,,75
200900003129,9,4,27,1215,1,2,2,1.0,6,75118,M,,,75
200900003130,9,4,27,1230,1,2,1,1.0,6,75109,M,,,75
200900003131,9,4,27,1236,1,2,2,1.0,3,75116,M,,,75
200900003132,9,4,24,140,5,2,1,1.0,1,75117,M,,,75
200900003133,9,4,24,245,5,2,1,1.0,2,75120,M,,,75
200900003134,9,4,24,727,1,2,3,1.0,3,75118,M,,,75
200900003135,9,4,24,900,1,2,1,1.0,7,75117,M,,,75
200900003136,9,4,24,1045,1,2,3,1.0,6,75120,M,,,75
200900003137,9,4,24,1055,2,2,4,2.0,6,75108,M,,,75
200900003138,9,4,24,1200,1,2,1,1.0,3,75105,M,,,75
200900003139,9,4,24,1315,1,2,3,1.0,3,75116,M,,,75
200900003140,9,4,24,1330,1,2,5,1.0,7,75119,M,,,75