Num_Acc,an,mois,jour,hrmn,lum,agg,int,atm,col,com,gps,lat,long,dep
200900003524,9,1,19,1000,1,2,1,8.0,1,83145,M,0.0,0,83
200900003525,9,1,1,900,1,1,9,1.0,2,83123,M,,,83
200900003526,9,1,1,1345,1,1,2,1.0,3,83035,M,0.0,0,83
200900003527,9,1,8,1800,3,1,1,4.0,2,83140,M,0.0,0,83
200900003528,9,1,19,1430,1,2,1,2.0,3,83073,M,0.0,0,83
200900003529,9,1,19,1730,1,1,1,2.0,1,83023,M,0.0,0,83
200900003530,9,1,26,2045,3,1,1,8.0,1,83048,M,0.0,0,83
200900003531,9,1,26,2150,5,2,1,8.0,6,83062,M,,,83
200900003532,9,1,27,1720,1,2,1,1.0,6,83069,M,,,83
200900003533,9,1,29,1300,1,1,1,1.0,6,83004,M,0.0,0,83
200900003534,9,2,10,645,2,1,1,8.0,1,83057,M,4.0,0,83
200900003535,9,2,27,1215,1,1,1,1.0,2,83054,M,4.0,0,83
200900003536,9,2,3,1930,3,1,1,2.0,6,83071,M,,,83
200900003537,9,2,26,2215,3,1,1,1.0,6,83049,M,4.0,0,83
200900003538,9,2,19,1845,3,1,1,1.0,7,83051,M,0.0,0,83
200900003539,9,2,8,1215,1,1,1,1.0,3,83007,M,0.0,0,83
200900003540,9,2,25,1800,2,2,1,1.0,1,83042,M,0.0,0,83
200900003541,9,2,14,1100,1,1,1,1.0,3,83138,M,0.0,0,83
200900003542,9,2,16,1630,1,2,1,1.0,6,83070,M,0.0,0,83
200900003543,9,2,11,1845,3,1,1,6.0,1,83077,M,0.0,0,83
200900003544,9,2,23,1830,2,1,1,1.0,2,83150,M,0.0,0,83
200900003545,9,2,20,1200,1,1,1,1.0,1,83019,M,0.0,0,83
200900003546,9,2,21,1730,1,2,1,1.0,7,83030,M,0.0,0,83
200900003547,9,2,5,1800,3,1,1,2.0,1,83047,M,4.0,0,83
200900003548,9,2,16,1945,3,1,1,1.0,1,83035,M,0.0,0,83
200900003549,9,2,16,1815,5,2,1,1.0,1,83094,M,0.0,0,83
200900003550,9,2,11,1815,2,2,1,1.0,3,83099,M,0.0,0,83
200900003551,9,2,16,1700,1,2,1,1.0,1,83012,M,0.0,0,83
200900003552,9,2,10,1300,1,1,1,1.0,3,83042,M,0.0,0,83
200900003553,9,2,28,30,3,1,1,1.0,6,83012,M,0.0,0,83
200900003554,9,2,9,1950,5,2,1,1.0,3,83137,M,,,83
200900003555,9,2,10,1555,1,2,1,1.0,6,83137,M,,,83
200900003556,9,2,1,2130,5,2,1,2.0,6,83137,M,,,83
200900003557,9,2,3,725,1,2,1,2.0,6,83137,M,,,83
200900003558,9,2,3,1730,1,2,6,1.0,5,83090,M,,,83
200900003559,9,2,9,1015,1,2,1,1.0,3,83137,M,,,83
200900003560,9,2,9,945,1,1,1,1.0,7,83090,M,,,83
200900003561,9,2,13,1015,1,2,6,1.0,6,83062,M,,,83
200900003562,9,2,11,1352,1,2,3,1.0,3,83137,M,,,83
200900003563,9,2,3,2350,5,2,1,2.0,6,83137,M,,,83
200900003564,9,2,4,845,1,2,3,1.0,3,83137,M,,,83
200900003565,9,2,10,1930,5,2,3,1.0,3,83050,M,,,83
200900003566,9,2,6,830,1,2,1,1.0,2,83137,M,,,83
200900003567,9,2,12,1547,1,1,1,1.0,6,83126,M,,,83
200900003568,9,2,14,1115,1,2,1,1.0,7,83118,M,,,83
200900003569,9,2,12,2010,5,2,1,8.0,6,83061,M,,,83
200900003570,9,2,22,230,5,2,1,1.0,6,83144,M,,,83
200900003571,9,2,17,730,1,2,3,1.0,3,83137,M,,,83
200900003572,9,2,15,510,5,2,1,1.0,6,83069,M,,,83
200900003573,9,2,19,640,2,2,6,1.0,3,83062,M,,,83
200900003574,9,2,17,830,1,2,1,1.0,6,83009,M,,,83
200900003575,9,2,21,1750,1,2,1,1.0,2,83137,M,,,83
200900003576,9,2,22,340,5,2,1,1.0,6,83137,M,,,83
200900003577,9,2,26,1000,1,2,3,1.0,6,83137,M,,,83
200900003578,9,2,26,2240,5,2,1,1.0,7,83129,M,,,83
200900003579,9,2,27,1305,1,2,3,1.0,1,83062,M,,,83
200900003580,9,2,20,2130,5,2,1,1.0,7,83137,M,,,83
200900003581,9,2,20,638,2,1,4,1.0,3,83090,M,,,83
200900003582,9,2,20,555,5,2,1,1.0,2,83137,M,,,83
200900003583,9,2,25,755,1,2,1,1.0,6,83137,M,,,83
200900003584,9,2,13,1220,1,1,1,1.0,2,83144,M,,,83
200900003585,9,2,23,1420,1,1,1,1.0,3,83144,M,,,83
200900003586,9,2,27,950,1,1,1,1.0,4,83069,M,,,83
200900003587,9,2,23,1315,1,1,1,1.0,6,83035,M,,,83
200900003588,9,2,20,1630,1,1,1,1.0,4,83137,M,,,83
200900003589,9,2,20,1140,1,1,1,1.0,2,83144,M,,,83
200900003590,9,2,11,745,1,1,1,1.0,3,83144,M,,,83
200900003591,9,2,25,1005,1,1,1,1.0,2,83126,M,,,83
200900003592,9,2,11,1915,3,1,1,6.0,3,83047,M,,,83
200900003593,9,2,13,1720,1,1,1,1.0,3,83137,M,,,83
200900003594,9,2,1,1750,2,1,1,2.0,6,83062,M,,,83
200900003595,9,2,21,640,3,1,1,1.0,7,83137,M,,,83
200900003596,9,2,18,1430,1,1,1,1.0,4,83137,M,,,83
200900003597,9,2,22,1903,3,1,1,1.0,2,83062,M,,,83
200900003598,9,2,5,705,2,1,1,1.0,4,83144,M,,,83
200900003599,9,2,11,1607,1,2,1,1.0,6,83126,M,,,83
200900003600,9,2,5,1840,5,2,1,2.0,1,83050,M,,,83
200900003601,9,2,6,1220,1,2,1,1.0,3,83126,M,,,83
200900003602,9,2,8,300,3,1,1,1.0,6,83102,M,0.0,0,83
200900003603,9,2,8,535,3,1,1,1.0,7,83050,M,,,83
200900003604,9,2,7,1730,1,1,1,1.0,5,83054,M,0.0,0,83
200900003605,9,2,10,700,2,1,1,1.0,6,83108,M,0.0,0,83
200900003606,9,2,9,915,1,1,1,1.0,1,83023,M,0.0,0,83
200900003607,9,2,12,1915,5,1,1,1.0,6,83087,M,0.0,0,83
200900003608,9,2,13,1015,1,2,1,1.0,3,83129,M,,,83
200900003609,9,2,15,1020,1,2,1,1.0,6,83126,M,,,83
200900003610,9,2,18,1815,2,1,1,1.0,3,83090,M,,,83
200900003611,9,2,19,1225,1,1,1,8.0,2,83062,M,,,83
200900003612,9,2,21,2300,5,2,1,1.0,6,83068,M,0.0,0,83
200900003613,9,2,25,1630,1,1,2,1.0,5,83090,M,,,83
200900003614,9,2,28,1700,1,2,2,1.0,3,83090,M,,,83
200900003615,9,2,28,1800,1,1,1,1.0,1,83097,M,0.0,0,83
200900003616,9,1,22,800,3,2,1,2.0,1,17400,M,4.0,-,17
200900003617,9,1,21,1440,1,2,1,1.0,6,17300,M,,,17
200900003618,9,1,2,2000,5,2,2,1.0,3,17300,M,,,17
200900003619,9,1,14,650,5,2,6,8.0,7,17299,M,,,17
200900003620,9,1,2,2024,5,2,1,1.0,1,17274,M,,,17
200900003621,9,1,13,1140,1,2,1,1.0,1,17300,M,,,17
200900003622,9,1,1,410,5,2,1,1.0,1,17300,M,,,17
200900003623,9,1,19,815,1,1,1,1.0,2,17299,M,,,17
200900003624,9,1,14,2023,5,2,1,2.0,6,17300,M,,,17
200900003625,9,1,12,1120,1,2,1,9.0,6,17274,M,,,17
200900003626,9,1,12,825,1,2,1,8.0,7,17299,M,,,17
200900003627,9,1,26,1640,1,2,3,1.0,3,17200,M,,,17
200900003628,9,1,7,900,1,2,1,1.0,6,17300,M,,,17
200900003629,9,1,9,1130,1,2,1,1.0,3,17291,M,,,17
200900003630,9,1,3,1748,2,2,2,1.0,1,17028,M,,,17
200900003631,9,1,9,505,5,2,1,1.0,6,17291,M,,,17
200900003632,9,1,11,2030,5,2,3,1.0,3,17300,M,,,17
200900003633,9,1,3,1635,1,2,2,1.0,3,17291,M,,,17
200900003634,9,1,7,925,1,2,6,1.0,7,17299,M,,,17
200900003635,9,1,13,1220,1,2,3,2.0,3,17300,M,,,17
200900003636,9,1,23,540,5,2,1,2.0,6,17300,M,,,17
200900003637,9,1,22,1006,1,2,1,2.0,7,17200,M,,,17
200900003638,9,1,31,1530,1,2,1,1.0,7,17300,M,,,17
200900003639,9,1,23,2100,5,2,1,2.0,2,17300,M,,,17
200900003640,9,1,20,1939,5,2,1,1.0,3,17300,M,,,17
200900003641,9,1,17,15,5,2,1,1.0,6,17300,M,,,17
200900003642,9,1,16,1820,5,2,3,1.0,7,17449,M,,,17
200900003643,9,1,21,1210,1,2,1,2.0,2,17300,M,,,17
200900003644,9,1,22,1900,3,2,1,2.0,7,17449,M,,,17
200900003645,9,1,27,1015,1,2,1,1.0,6,17300,M,,,17
200900003646,9,1,31,1730,1,2,1,1.0,4,17299,M,,,17
200900003647,9,1,16,1755,2,2,1,1.0,7,17300,M,,,17
200900003648,9,1,6,1000,1,2,1,8.0,6,17486,M,0.0,0,17
200900003649,9,1,30,2345,3,1,1,1.0,1,17441,M,0.0,0,17
200900003650,9,1,7,1315,1,1,1,1.0,1,17099,M,4.0,-,17
200900003651,9,1,21,1215,1,1,2,1.0,3,17183,M,0.0,0,17
200900003652,9,1,15,1900,5,2,1,1.0,1,17347,M,0.0,0,17
200900003653,9,1,1,300,3,1,1,1.0,6,17443,M,0.0,0,17
200900003654,9,1,8,900,1,1,1,9.0,6,17057,M,0.0,0,17
200900003655,9,1,12,945,1,1,1,9.0,1,17447,M,0.0,0,17
200900003656,9,1,28,1545,1,1,1,1.0,1,17185,M,0.0,0,17
200900003657,9,1,12,845,1,2,1,9.0,1,17003,M,0.0,0,17
200900003658,9,1,16,900,1,1,1,1.0,6,17409,M,0.0,0,17
200900003659,9,1,6,900,1,1,1,8.0,7,17345,M,0.0,0,17
200900003660,9,1,5,1745,3,2,1,4.0,7,17434,M,0.0,0,17
200900003661,9,1,1,1900,3,1,1,8.0,3,17351,M,0.0,0,17
200900003662,9,1,2,1640,1,2,2,1.0,3,17415,M,,,17
200900003663,9,1,3,2155,5,2,2,1.0,3,17415,M,,,17
200900003664,9,1,14,630,3,1,1,9.0,7,17415,M,,,17
200900003665,9,1,30,1510,1,2,2,1.0,2,17415,M,,,17
200900003666,9,1,14,1715,1,2,1,1.0,2,17415,M,,,17
200900003667,9,1,10,1630,1,2,1,1.0,3,17415,M,,,17
200900003668,9,1,28,850,1,1,1,2.0,6,17415,M,,,17
200900003669,9,1,22,1200,1,2,1,3.0,2,17415,M,,,17
200900003670,9,1,11,955,2,2,1,1.0,6,17306,M,,,17
200900003671,9,1,8,1643,1,2,1,1.0,3,17306,M,,,17
200900003672,9,1,16,1230,1,2,1,1.0,7,17306,M,,,17
200900003673,9,1,14,1430,1,2,1,1.0,2,17306,M,,,17
200900003674,9,1,3,1745,3,1,1,1.0,2,17326,M,0.0,0,17
200900003675,9,1,7,1233,1,2,1,1.0,3,17306,M,,,17
200900003676,9,1,7,1730,2,2,1,1.0,2,17306,M,,,17
200900003677,9,1,8,740,3,2,1,1.0,2,17300,M,,,17
200900003678,9,1,10,40,3,1,1,8.0,7,17300,M,,,17
200900003679,9,1,12,1420,1,1,2,1.0,2,17449,M,,,17
200900003680,9,1,11,1341,1,2,6,1.0,3,17306,M,,,17
200900003681,9,1,12,1333,1,2,1,2.0,7,17306,M,,,17
200900003682,9,1,13,730,3,1,1,2.0,5,17264,M,4.0,-,17
200900003683,9,1,17,1455,1,2,1,2.0,7,17299,M,,,17
200900003684,9,1,14,1950,2,1,1,5.0,5,17306,M,,,17
200900003685,9,1,15,855,1,2,2,1.0,6,17380,M,,,17
200900003686,9,1,17,1002,1,1,1,1.0,6,17300,M,,,17
200900003687,9,1,19,745,5,2,6,1.0,3,17299,M,,,17
200900003688,9,1,21,1015,1,2,1,1.0,6,17461,M,,,17
200900003689,9,1,20,1512,1,2,1,1.0,6,17300,M,,,17
200900003690,9,1,31,830,1,2,2,1.0,1,17443,M,0.0,0,17
200900003691,9,1,24,1800,5,2,1,1.0,1,17409,M,0.0,0,17
200900003692,9,1,23,800,5,2,1,6.0,1,17072,M,4.0,-,17
200900003693,9,2,9,30,3,1,1,4.0,3,12133,M,0.0,0,12
200900003694,9,2,5,1715,1,1,1,1.0,5,12008,M,4.0,0,12
200900003695,9,2,28,1230,1,1,1,1.0,7,12241,M,0.0,0,12
200900003696,9,2,27,1,3,1,1,8.0,7,12197,M,4.0,0,12
200900003697,9,2,19,1645,1,1,1,7.0,6,12296,M,4.0,0,12
200900003698,9,2,6,230,5,2,1,2.0,6,12237,M,0.0,0,12
200900003699,9,2,28,1730,1,1,1,1.0,3,12228,M,4.0,0,12
200900003700,9,2,23,1145,1,1,1,8.0,1,12160,M,0.0,0,12
200900003701,9,2,13,1000,1,2,4,1.0,3,12176,M,,,12
200900003702,9,2,13,1955,5,2,1,4.0,2,12089,M,,,12
200900003703,9,2,4,1420,1,2,4,1.0,3,12145,M,,,12
200900003704,9,2,23,1203,1,2,1,1.0,3,12145,M,,,12
200900003705,9,2,19,1335,1,2,6,1.0,3,12202,M,,,12
200900003706,9,2,4,2240,5,2,6,1.0,3,12176,M,,,12
200900003707,9,2,17,1210,1,2,1,8.0,6,12202,M,,,12
200900003708,9,2,6,918,1,2,1,1.0,6,16015,M,4.0,0,16
200900003709,9,2,24,1240,1,2,1,1.0,6,16374,M,5.0,0,16
200900003710,9,2,28,1530,1,2,3,1.0,3,16113,M,5.0,0,16
200900003711,9,1,30,1745,1,1,1,8.0,7,86297,M,4.0,0,86
200900003712,9,1,28,805,1,2,1,1.0,3,86214,M,,,86
200900003713,9,1,9,735,5,2,2,8.0,6,86194,M,,,86
200900003714,9,1,20,1235,1,2,2,1.0,3,86194,M,,,86
200900003715,9,1,21,1605,1,2,1,1.0,6,86194,M,,,86
200900003716,9,1,14,1150,1,2,1,1.0,6,86194,M,,,86
200900003717,9,1,22,810,5,2,5,2.0,3,86194,M,,,86
200900003718,9,1,12,1345,1,1,1,1.0,3,86061,M,4.0,0,86
200900003719,9,1,26,1345,1,2,1,1.0,6,86078,M,0.0,0,86
200900003720,9,1,20,115,5,2,1,1.0,1,86196,M,0.0,0,86
200900003721,9,1,18,1500,1,1,1,1.0,3,86294,M,4.0,0,86
200900003722,9,1,30,2130,3,1,1,1.0,1,86297,M,4.0,0,86
200900003723,9,1,23,1500,1,1,1,3.0,3,86074,M,0.0,0,86
200900003724,9,1,30,1700,1,1,1,1.0,1,86018,M,4.0,0,86
200900003725,9,1,22,2000,3,1,1,2.0,6,86184,M,4.0,0,86
200900003726,9,1,10,1830,3,2,1,1.0,6,86268,M,4.0,0,86
200900003727,9,1,5,1635,1,2,2,4.0,4,86194,M,,,86
200900003728,9,1,14,750,1,2,1,1.0,6,86194,M,,,86
200900003729,9,1,2,1705,2,1,1,8.0,4,86194,M,,,86
200900003730,9,1,23,2105,5,2,2,1.0,2,86066,M,,,86
200900003731,9,1,24,2225,3,1,1,1.0,6,86133,M,,,86
200900003732,9,1,25,1815,1,2,2,1.0,3,86194,M,,,86
200900003733,9,1,27,1900,3,1,1,1.0,2,86194,M,0.0,0,86
200900003734,9,1,30,1405,1,1,1,1.0,3,86088,M,,,86
200900003735,9,2,1,2330,3,1,1,2.0,1,41046,M,,,41
200900003736,9,2,19,1430,1,1,1,1.0,6,41002,M,4.0,0,41
200900003737,9,2,12,1200,1,1,6,1.0,3,41040,M,4.0,0,41
200900003738,9,2,21,1500,1,1,5,1.0,1,41126,M,,,41
200900003739,9,2,21,630,2,1,1,5.0,5,41002,M,4.0,0,41
200900003740,9,2,9,1740,2,2,2,1.0,3,41212,M,,,41
200900003741,9,2,1,2110,5,2,1,1.0,6,41018,M,,,41
200900003742,9,2,23,2025,5,2,2,1.0,3,41018,M,,,41
200900003743,9,2,23,1720,1,2,2,1.0,5,41269,M,,,41
200900003744,9,2,18,1225,1,2,1,1.0,6,41018,M,,,41
200900003745,9,2,13,950,1,2,2,1.0,5,41226,M,4.0,0,41
200900003746,9,2,27,823,1,1,2,1.0,2,41158,M,4.0,0,41
200900003747,9,2,6,1630,1,2,1,1.0,7,41018,M,4.0,0,41
200900003748,9,2,7,2220,5,2,1,1.0,7,41047,M,4.0,0,41
200900003749,9,2,12,635,3,1,1,2.0,7,41018,M,4.0,0,41
200900003750,9,2,13,1758,1,2,1,1.0,5,41018,M,,,41
200900003751,9,2,17,2015,5,2,2,1.0,3,41047,M,4.0,0,41
200900003752,9,2,19,1855,5,2,1,1.0,5,41047,M,4.0,0,41
200900003753,9,2,10,750,2,2,1,2.0,6,41194,M,4.0,0,41
200900003754,9,2,18,25,3,1,1,1.0,6,41194,M,4.0,0,41
200900003755,9,1,10,1830,1,1,1,1.0,5,24483,M,0.0,0,24
200900003756,9,1,27,1915,3,1,1,1.0,6,24097,M,4.0,0,24
200900003757,9,1,8,1645,1,2,3,1.0,3,24322,M,,,24
200900003758,9,1,7,1420,1,1,1,1.0,6,24053,M,,,24
200900003759,9,1,30,635,5,2,1,5.0,6,24322,M,,,24
200900003760,9,1,28,715,2,1,1,9.0,5,24520,M,0.0,0,24
200900003761,9,1,8,2245,3,1,1,1.0,7,24082,M,0.0,0,24
200900003762,9,1,2,1630,1,1,1,1.0,7,24390,M,4.0,0,24
200900003763,9,1,12,2015,3,1,1,9.0,3,24010,M,0.0,0,24
200900003764,9,1,16,1145,1,1,1,1.0,1,24566,M,4.0,0,24
200900003765,9,1,10,200,3,1,1,9.0,7,24067,M,4.0,0,24
200900003766,9,1,25,1745,2,1,1,2.0,6,24115,M,0.0,0,24
200900003767,9,1,26,115,3,1,1,8.0,6,24299,M,4.0,0,24
200900003768,9,1,15,1115,1,2,1,1.0,3,24520,M,0.0,0,24
200900003769,9,1,18,930,1,1,1,1.0,6,24186,M,4.0,0,24
200900003770,9,1,24,1645,1,1,1,1.0,6,24520,M,0.0,0,24
200900003771,9,1,7,1645,1,2,1,1.0,5,24547,M,0.0,0,24
200900003772,9,1,26,1900,5,2,1,1.0,1,24037,M,,,24
200900003773,9,1,16,1844,5,2,1,1.0,2,24557,M,,,24
200900003774,9,1,18,930,1,1,1,1.0,1,24372,M,0.0,0,24
200900003775,9,1,24,1940,5,2,1,8.0,1,24053,M,,,24
200900003776,9,1,26,1750,2,2,3,1.0,3,24037,M,,,24
200900003777,9,1,28,1929,5,2,1,2.0,6,24322,M,,,24
200900003778,9,1,30,1515,1,1,1,1.0,1,24579,M,0.0,0,24
200900003779,9,2,4,715,2,1,1,9.0,6,86148,M,0.0,0,86
200900003780,9,2,4,845,1,1,1,8.0,6,86297,M,4.0,0,86
200900003781,9,2,22,45,3,1,1,1.0,3,86137,M,0.0,0,86
200900003782,9,2,22,1800,1,1,5,1.0,3,86073,M,4.0,0,86
200900003783,9,2,2,2045,3,1,1,1.0,6,86221,M,4.0,0,86
200900003784,9,2,17,1445,1,1,1,1.0,3,86114,M,0.0,0,86
200900003785,9,2,19,1800,1,2,1,1.0,3,86019,M,0.0,0,86
200900003786,9,2,11,1930,3,1,1,1.0,6,86298,M,4.0,0,86
200900003787,9,2,1,630,3,1,1,2.0,6,86037,M,4.0,0,86
200900003788,9,2,12,1530,1,2,1,1.0,7,86043,M,0.0,0,86
200900003789,9,2,15,1045,1,2,1,7.0,6,86066,M,,,86
200900003790,9,2,10,1440,1,2,6,1.0,2,86194,M,,,86
200900003791,9,2,2,805,4,2,1,2.0,6,86194,M,,,86
200900003792,9,2,6,1545,1,2,1,1.0,1,86194,M,,,86
200900003793,9,2,26,1820,1,2,1,1.0,6,86194,M,,,86
200900003794,9,2,20,1835,5,2,1,1.0,4,86194,M,,,86
200900003795,9,2,20,1150,1,2,1,1.0,3,86194,M,,,86
200900003796,9,2,10,1549,1,2,1,1.0,6,86066,M,,,86
200900003797,9,2,11,715,2,2,6,1.0,3,86194,M,,,86
200900003798,9,2,15,500,5,2,1,1.0,6,86194,M,,,86
200900003799,9,2,11,1215,1,2,2,1.0,3,86194,M,,,86
200900003800,9,2,20,115,3,1,1,1.0,6,86019,M,0.0,0,86
200900003801,9,2,15,1345,1,2,1,1.0,6,86194,M,,,86
200900003802,9,2,20,400,3,1,1,1.0,1,86024,M,0.0,0,86
200900003803,9,2,19,730,1,1,1,1.0,1,68128,M,4.0,0,68
200900003804,9,2,3,2045,3,1,1,1.0,7,68091,M,0.0,0,68
200900003805,9,2,21,345,5,2,1,2.0,6,68179,M,4.0,0,68
200900003806,9,2,13,2315,3,1,1,1.0,6,68295,M,4.0,0,68
200900003807,9,2,4,1900,3,1,1,1.0,2,68021,M,0.0,0,68
200900003808,9,2,25,1130,1,2,1,1.0,1,68201,M,4.0,0,68
200900003809,9,2,28,315,3,1,1,1.0,6,68055,M,4.0,0,68
200900003810,9,2,28,1630,1,2,3,1.0,3,68364,M,4.0,0,68
200900003811,9,2,21,1845,3,2,1,1.0,6,68221,M,4.0,0,68
200900003812,9,2,17,1600,1,2,1,2.0,6,68325,M,0.0,0,68
200900003813,9,2,13,1645,1,2,1,1.0,6,68358,M,4.0,0,68
200900003814,9,2,5,840,1,1,1,5.0,6,68140,M,4.0,0,68
200900003815,9,2,18,1600,1,2,1,1.0,6,68201,M,4.0,0,68
200900003816,9,2,15,215,3,1,1,1.0,7,68096,M,0.0,0,68
200900003817,9,2,5,730,2,1,1,9.0,1,68291,M,4.0,0,68
200900003818,9,2,5,630,3,1,1,9.0,6,68068,M,4.0,0,68
200900003819,9,2,7,1045,1,2,2,2.0,3,68224,M,,,68
200900003820,9,2,4,857,1,2,2,2.0,3,68066,M,,,68
200900003821,9,2,4,1346,1,2,2,1.0,5,68066,M,,,68
200900003822,9,2,13,1837,5,2,1,1.0,6,68224,M,,,68
200900003823,9,2,3,933,1,2,1,1.0,6,68066,M,,,68
200900003824,9,2,6,1830,5,2,1,1.0,4,68224,M,,,68
200900003825,9,2,28,1811,1,2,1,1.0,6,68066,M,,,68
200900003826,9,2,26,1455,1,2,1,1.0,7,68224,M,,,68
200900003827,9,2,10,1800,3,2,2,2.0,3,68112,M,,,68
200900003828,9,2,18,1710,1,2,3,1.0,3,68224,M,,,68
200900003829,9,2,16,1310,1,2,1,4.0,6,68066,M,,,68
200900003830,9,2,20,846,1,2,4,1.0,6,68066,M,,,68
200900003831,9,2,22,1236,1,2,1,1.0,6,68066,M,,,68
200900003832,9,2,26,1555,1,2,9,8.0,6,68376,M,,,68
200900003833,9,2,4,2020,5,2,1,2.0,6,68297,M,,,68
200900003834,9,1,7,1610,1,2,1,4.0,2,30007,M,,,30
200900003835,9,1,30,1600,1,2,1,7.0,6,54039,M,4.0,0,54
200900003836,9,1,30,1700,1,2,1,1.0,2,54152,M,4.0,0,54
200900003837,9,1,30,1930,3,1,1,9.0,3,54198,M,4.0,0,54
200900003838,9,1,31,215,5,2,2,1.0,3,54395,M,,,54
200900003839,9,1,31,2235,5,2,1,1.0,6,54261,M,,,54
200900003840,9,1,2,1930,5,2,2,2.0,1,54395,M,,,54
200900003841,9,1,6,755,2,2,1,8.0,6,54578,M,,,54
200900003842,9,1,8,1215,1,2,2,1.0,2,54526,M,,,54
200900003843,9,1,28,950,1,2,3,7.0,7,54274,M,,,54
200900003844,9,1,28,1520,1,2,1,7.0,6,54382,M,,,54
200900003845,9,1,29,740,2,2,1,1.0,6,54395,M,,,54
200900003846,9,1,26,815,1,2,1,1.0,1,54152,M,4.0,0,54
200900003847,9,1,26,2115,3,1,1,1.0,7,54296,M,0.0,0,54
200900003848,9,1,27,1810,5,1,4,1.0,3,54528,M,,,54
200900003849,9,1,28,840,1,2,3,1.0,6,54395,M,,,54
200900003850,9,1,25,1920,5,2,1,1.0,2,54323,M,,,54
200900003851,9,1,6,2120,4,2,1,1.0,6,54079,M,,,54
200900003852,9,1,6,1825,5,2,1,1.0,6,54395,M,,,54
200900003853,9,1,6,1615,1,2,2,1.0,3,54526,M,,,54
200900003854,9,1,25,815,1,2,1,1.0,6,54395,M,,,54
200900003855,9,1,14,800,3,1,1,9.0,7,54277,M,4.0,0,54
200900003856,9,1,14,700,3,1,1,9.0,6,54277,M,4.0,0,54
200900003857,9,1,12,805,2,2,3,5.0,6,54547,M,,,54
200900003858,9,1,10,1150,1,2,1,1.0,6,54547,M,,,54
200900003859,9,1,9,1840,5,2,3,1.0,6,54304,M,,,54
200900003860,9,1,9,1705,2,2,1,1.0,6,54547,M,,,54
200900003861,9,1,7,1740,5,2,6,1.0,6,54395,M,,,54
200900003862,9,1,7,856,1,2,1,9.0,6,54304,M,,,54
200900003863,9,1,19,1655,1,2,2,2.0,3,54395,M,,,54
200900003864,9,1,19,640,2,1,1,2.0,3,54357,M,4.0,0,54
200900003865,9,1,18,1835,5,2,1,2.0,6,54395,M,,,54
200900003866,9,1,18,1345,1,2,4,3.0,3,54393,M,0.0,0,54
200900003867,9,1,18,1300,1,2,6,2.0,3,54395,M,,,54
200900003868,9,1,16,2100,3,1,1,1.0,1,54077,M,4.0,0,54
200900003869,9,1,16,1235,1,2,3,1.0,3,54483,M,4.0,0,54
200900003870,9,1,15,1800,5,2,3,5.0,6,54257,M,,,54
200900003871,9,1,14,930,1,1,1,4.0,3,54222,M,4.0,0,54
200900003872,9,1,24,830,1,2,1,1.0,6,54482,M,,,54
200900003873,9,1,24,745,1,1,1,1.0,6,54109,M,4.0,0,54
200900003874,9,1,24,240,3,1,1,9.0,6,54323,M,4.0,0,54
200900003875,9,1,22,1400,1,2,1,1.0,3,54395,M,,,54
200900003876,9,1,22,753,2,2,1,1.0,2,54482,M,4.0,0,54
200900003877,9,1,20,2000,5,2,1,1.0,3,54115,M,0.0,0,54
200900003878,9,1,20,1730,2,1,1,1.0,3,54089,M,4.0,0,54
200900003879,9,1,20,1345,1,2,1,1.0,4,54300,M,,,54
200900003880,9,1,24,2100,3,2,1,1.0,6,54040,M,4.0,0,54
200900003881,9,1,10,1715,2,2,3,1.0,7,54482,M,,,54
200900003882,9,1,12,800,1,1,3,1.0,3,54304,M,4.0,0,54
200900003883,9,1,25,1453,1,2,2,1.0,1,54578,M,4.0,0,54
200900003884,9,1,24,1050,1,2,5,1.0,3,54395,M,,,54
200900003885,9,1,14,745,2,1,1,9.0,1,54222,M,0.0,0,54
200900003886,9,1,16,1240,1,2,3,1.0,4,54547,M,,,54
200900003887,9,1,6,1345,1,2,1,1.0,6,54395,M,,,54
200900003888,9,1,2,1000,1,1,1,1.0,6,54304,M,,,54
200900003889,9,1,11,1345,1,1,1,1.0,6,54265,M,4.0,0,54
200900003890,9,1,3,2230,3,1,1,1.0,4,54091,M,4.0,0,54
200900003891,9,1,2,1700,5,2,2,1.0,6,54528,M,,,54
200900003892,9,1,10,1615,1,2,3,1.0,2,54174,M,,,54
200900003893,9,1,28,1645,1,1,3,1.0,1,54174,M,4.0,0,54
200900003894,9,2,1,1225,1,2,2,1.0,6,54357,M,,,54
200900003895,9,2,1,1945,3,1,1,1.0,1,54322,M,0.0,0,54
200900003896,9,2,3,550,2,2,3,2.0,3,54578,M,,,54
200900003897,9,2,3,1215,1,2,1,1.0,3,54547,M,,,54
200900003898,9,2,5,1245,1,2,2,1.0,3,54304,M,,,54
200900003899,9,2,3,1100,1,1,1,2.0,3,54304,M,,,54
200900003900,9,2,4,836,1,2,2,2.0,6,54395,M,,,54
200900003901,9,2,5,1340,1,2,1,1.0,6,54547,M,,,54
200900003902,9,2,6,1240,1,2,1,1.0,6,54395,M,,,54
200900003903,9,2,8,1725,2,2,4,1.0,3,54257,M,,,54
200900003904,9,2,9,1305,1,1,1,1.0,5,54115,M,4.0,0,54
200900003905,9,2,6,1815,2,1,1,8.0,1,54547,M,4.0,0,54
200900003906,9,2,9,1345,1,2,2,1.0,3,54395,M,,,54
200900003907,9,2,9,2005,5,2,2,2.0,6,54395,M,,,54
200900003908,9,2,9,2150,5,2,1,2.0,6,54431,M,,,54
200900003909,9,2,11,1715,1,2,1,1.0,6,54395,M,,,54