Num_Acc,an,mois,jour,hrmn,lum,agg,int,atm,col,com,gps,lat,long,dep
200900004291,9,2,14,1730,3,1,1,1.0,7,74287,M,0.0,0,74
200900004292,9,2,17,1645,1,1,1,5.0,1,74035,M,0.0,0,74
200900004293,9,2,17,1715,2,1,3,2.0,3,74255,M,4.0,0,74
200900004294,9,2,18,830,1,1,1,1.0,1,74050,M,4.0,0,74
200900004295,9,2,22,30,5,2,1,4.0,7,74209,M,4.0,0,74
200900004296,9,2,16,1845,2,1,1,1.0,4,74274,M,4.0,0,74
200900004297,9,2,26,1800,2,1,1,1.0,6,74261,M,0.0,0,74
200900004298,9,2,27,1830,1,2,7,1.0,1,74229,M,0.0,0,74
200900004299,9,2,28,1200,1,2,1,1.0,7,74268,M,0.0,0,74
200900004300,9,2,28,1550,1,1,1,1.0,1,74257,M,0.0,0,74
200900004301,9,2,6,1640,1,2,1,1.0,6,74281,M,,,74
200900004302,9,2,14,1235,1,2,6,1.0,6,74010,M,,,74
200900004303,9,2,15,30,5,2,6,8.0,2,74281,M,,,74
200900004304,9,2,23,1710,1,2,1,1.0,6,74281,M,,,74
200900004305,9,2,16,1200,1,1,3,1.0,3,74133,M,,,74
200900004306,9,2,22,230,3,1,1,1.0,6,74087,M,4.0,0,74
200900004307,9,2,1,1045,1,2,1,2.0,2,74080,M,0.0,0,74
200900004308,9,2,18,2245,5,2,1,1.0,6,74010,M,,,74
200900004309,9,3,2,1000,1,1,1,8.0,6,48128,M,,,48
200900004310,9,3,26,1630,1,1,1,1.0,6,48097,M,,,48
200900004311,9,3,19,1300,1,2,1,1.0,6,48140,M,,,48
200900004312,9,2,2,1200,1,1,1,8.0,6,10412,M,0.0,0,10
200900004313,9,2,27,2230,3,2,1,1.0,1,10100,M,0.0,0,10
200900004314,9,2,2,1615,1,1,2,7.0,3,10019,M,0.0,0,10
200900004315,9,2,10,1945,3,1,1,1.0,1,10296,M,0.0,0,10
200900004316,9,2,3,1215,1,2,1,4.0,1,10262,M,0.0,0,10
200900004317,9,2,5,830,1,1,1,1.0,6,10008,M,0.0,0,10
200900004318,9,2,20,1400,1,1,1,1.0,6,10361,M,0.0,0,10
200900004319,9,2,8,1730,2,2,1,1.0,6,10387,M,,,10
200900004320,9,2,7,1630,1,2,1,1.0,2,10387,M,,,10
200900004321,9,2,4,1025,1,2,3,1.0,7,10333,M,,,10
200900004322,9,2,23,1655,1,2,1,1.0,6,10387,M,,,10
200900004323,9,2,20,2105,5,2,3,1.0,1,10343,M,,,10
200900004324,9,2,20,2225,5,2,3,1.0,6,10387,M,,,10
200900004325,9,2,16,1655,1,2,3,2.0,4,10387,M,,,10
200900004326,9,2,17,1515,1,1,1,1.0,5,81297,M,4.0,0,81
200900004327,9,2,9,1830,3,1,2,1.0,3,81219,M,4.0,0,81
200900004328,9,2,27,1230,1,1,1,1.0,3,81046,M,4.0,0,81
200900004329,9,2,5,730,1,2,9,4.0,1,81097,M,4.0,0,81
200900004330,9,2,21,1200,1,2,1,7.0,3,81271,M,4.0,0,81
200900004331,9,2,21,1900,5,2,1,1.0,1,81116,M,4.0,0,81
200900004332,9,2,28,1600,1,1,1,1.0,1,81131,M,4.0,0,81
200900004333,9,2,4,1730,1,1,1,1.0,1,81220,M,4.0,0,81
200900004334,9,2,11,1800,5,2,4,1.0,2,81021,M,,,81
200900004335,9,2,4,1305,1,2,2,1.0,3,81004,M,,,81
200900004336,9,2,23,805,2,1,1,1.0,7,81065,M,,,81
200900004337,9,3,6,2215,5,2,3,1.0,3,81163,M,,,81
200900004338,9,3,2,1800,5,2,2,1.0,3,81163,M,,,81
200900004339,9,3,3,1800,2,2,1,1.0,6,81048,M,4.0,0,81
200900004340,9,3,15,1830,1,1,1,1.0,1,81326,M,4.0,0,81
200900004341,9,3,2,245,3,1,1,1.0,6,81220,M,4.0,0,81
200900004342,9,3,20,2245,3,1,1,1.0,6,81124,M,4.0,0,81
200900004343,9,3,19,1745,2,1,1,1.0,3,81218,M,4.0,0,81
200900004344,9,3,9,2245,5,2,1,1.0,6,81271,M,4.0,0,81
200900004345,9,3,12,845,1,1,1,1.0,3,81273,M,4.0,0,81
200900004346,9,3,13,100,3,1,1,1.0,6,81294,M,4.0,0,81
200900004347,9,3,17,815,1,1,1,1.0,2,81145,M,4.0,0,81
200900004348,9,3,14,815,1,1,1,1.0,3,81054,M,4.0,0,81
200900004349,9,3,20,1545,1,1,2,1.0,3,81171,M,0.0,0,81
200900004350,9,2,21,1600,1,2,1,1.0,7,51343,M,0.0,0,51
200900004351,9,2,7,1900,3,1,1,4.0,5,51181,M,0.0,0,51
200900004352,9,2,28,1715,1,2,1,1.0,7,51232,M,0.0,0,51
200900004353,9,2,21,445,3,1,1,1.0,7,51493,M,0.0,0,51
200900004354,9,2,22,1945,3,1,1,1.0,1,51599,M,0.0,0,51
200900004355,9,2,15,1730,3,1,1,1.0,7,51205,M,0.0,0,51
200900004356,9,2,14,830,1,2,1,1.0,3,51609,M,0.0,0,51
200900004357,9,2,28,1130,1,2,1,1.0,3,51216,M,0.0,0,51
200900004358,9,2,6,1200,1,1,2,1.0,3,51510,M,0.0,0,51
200900004359,9,2,11,1744,2,2,2,8.0,3,51230,M,,,51
200900004360,9,2,9,755,2,1,1,1.0,1,51108,M,,,51
200900004361,9,2,1,1632,1,1,1,1.0,7,51108,M,,,51
200900004362,9,2,24,1845,3,1,1,1.0,1,51563,M,0.0,0,51
200900004363,9,2,11,400,5,2,1,1.0,7,51049,M,0.0,0,51
200900004364,9,2,12,745,2,1,1,1.0,1,79029,M,0.0,0,79
200900004365,9,2,14,1630,1,2,2,1.0,3,79311,M,0.0,0,79
200900004366,9,2,16,1830,3,1,1,1.0,3,79213,M,0.0,0,79
200900004367,9,2,5,745,2,2,1,2.0,6,79162,M,0.0,0,79
200900004368,9,2,28,1830,2,1,1,1.0,1,79078,M,0.0,0,79
200900004369,9,2,6,1550,1,2,2,1.0,7,79191,M,,,79
200900004370,9,2,12,1225,1,2,1,1.0,7,79191,M,,,79
200900004371,9,2,23,1120,1,2,1,1.0,3,79191,M,,,79
200900004372,9,2,24,2323,4,2,1,1.0,6,79191,M,,,79
200900004373,9,2,27,1748,2,2,1,1.0,7,79081,M,,,79
200900004374,9,2,14,620,5,2,1,1.0,2,79191,M,,,79
200900004375,9,2,19,1545,1,2,2,1.0,3,79191,M,,,79
200900004376,9,2,4,800,2,2,3,1.0,7,79191,M,,,79
200900004377,9,2,2,815,1,1,1,9.0,6,79050,M,0.0,0,79
200900004378,9,2,7,1435,1,2,2,1.0,5,79191,M,,,79
200900004379,9,2,7,1915,3,1,1,8.0,1,79342,M,0.0,0,79
200900004380,9,2,8,15,3,1,1,1.0,7,79265,M,0.0,0,79
200900004381,9,2,11,1945,3,1,1,1.0,1,79058,M,0.0,0,79
200900004382,9,2,2,2005,5,2,1,1.0,7,79191,M,,,79
200900004383,9,2,4,730,3,1,1,9.0,1,79062,M,0.0,0,79
200900004384,9,2,6,1930,3,1,1,1.0,3,79050,M,0.0,0,79
200900004385,9,2,13,2100,3,1,1,8.0,1,79005,M,0.0,0,79
200900004386,9,2,28,1600,1,2,1,1.0,1,79049,M,0.0,0,79
200900004387,9,2,4,1509,1,2,3,1.0,3,79329,M,,,79
200900004388,9,2,9,1500,1,2,1,8.0,3,79329,M,,,79
200900004389,9,2,7,1420,1,1,2,8.0,3,79329,M,,,79
200900004390,9,2,11,1045,1,1,2,1.0,3,79300,M,,,79
200900004391,9,3,6,1700,1,2,2,1.0,1,27056,M,4.0,0,27
200900004392,9,3,7,2230,5,2,1,1.0,6,27626,M,4.0,0,27
200900004393,9,3,11,1000,1,2,3,1.0,1,27116,M,0.0,0,27
200900004394,9,3,15,200,3,1,2,1.0,2,27676,M,4.0,0,27
200900004395,9,3,15,1845,2,2,2,1.0,3,27565,M,4.0,0,27
200900004396,9,3,17,1830,1,2,1,1.0,1,27346,M,4.0,0,27
200900004397,9,3,10,1850,1,2,1,1.0,6,27562,M,4.0,0,27
200900004398,9,3,17,1230,1,2,1,1.0,6,27056,M,4.0,0,27
200900004399,9,3,16,1530,1,1,1,1.0,7,27076,M,4.0,0,27
200900004400,9,3,17,800,2,1,1,5.0,2,27275,M,4.0,0,27
200900004401,9,3,3,1800,1,1,1,1.0,6,27004,M,4.0,0,27
200900004402,9,3,1,1315,1,1,1,1.0,7,27644,M,4.0,0,27
200900004403,9,3,2,1530,1,1,1,1.0,3,27446,M,4.0,0,27
200900004404,9,3,11,1650,1,2,2,1.0,3,27229,M,,,27
200900004405,9,3,1,1605,1,2,1,1.0,7,27681,M,4.0,0,27
200900004406,9,3,9,1200,1,2,1,1.0,6,27229,M,4.0,0,27
200900004407,9,3,17,1920,1,2,3,1.0,3,27229,M,,,27
200900004408,9,3,22,2110,5,2,3,1.0,5,27229,M,,,27
200900004409,9,3,19,1500,1,2,2,1.0,2,27229,M,,,27
200900004410,9,3,29,1910,1,2,2,1.0,3,27229,M,,,27
200900004411,9,3,12,1045,1,2,1,1.0,2,27681,M,4.0,0,27
200900004412,9,3,14,2105,3,2,1,1.0,7,27554,M,4.0,0,27
200900004413,9,3,23,820,1,2,1,1.0,4,27681,M,4.0,0,27
200900004414,9,3,28,40,5,2,1,1.0,6,27588,M,4.0,0,27
200900004415,9,3,27,1930,5,2,9,3.0,6,27056,M,4.0,0,27
200900004416,9,3,26,1545,1,1,1,2.0,1,27104,M,4.0,0,27
200900004417,9,3,22,1715,1,1,3,1.0,6,27016,M,4.0,0,27
200900004418,9,3,22,130,3,1,1,1.0,7,27199,M,4.0,0,27
200900004419,9,3,21,430,3,1,1,1.0,2,27580,M,0.0,0,27
200900004420,9,3,17,1045,1,1,1,1.0,2,27510,M,4.0,0,27
200900004421,9,1,4,1210,1,2,4,1.0,3,21231,M,,,21
200900004422,9,1,8,715,2,1,1,9.0,1,21651,M,4.0,0,21
200900004423,9,1,18,2100,3,1,1,9.0,1,21469,M,,,21
200900004424,9,1,18,1945,3,1,1,9.0,1,21527,M,4.0,0,21
200900004425,9,1,12,850,1,2,2,5.0,3,21231,M,,,21
200900004426,9,1,8,807,2,2,4,1.0,2,21231,M,,,21
200900004427,9,1,9,2042,5,2,1,1.0,6,21355,M,,,21
200900004428,9,1,8,900,1,2,2,1.0,3,21617,M,,,21
200900004429,9,1,6,1510,1,2,1,1.0,2,21231,M,,,21
200900004430,9,1,10,939,1,2,2,1.0,3,21231,M,,,21
200900004431,9,1,15,825,1,2,1,8.0,3,21231,M,,,21
200900004432,9,1,8,2155,5,2,3,1.0,3,21231,M,,,21
200900004433,9,1,27,2200,3,1,1,1.0,7,21318,M,,,21
200900004434,9,1,18,845,2,1,1,2.0,6,21385,M,4.0,0,21
200900004435,9,1,24,2330,3,1,1,1.0,4,21214,M,0.0,0,21
200900004436,9,1,26,1230,1,1,1,8.0,7,21488,M,,,21
200900004437,9,1,31,1500,1,1,1,1.0,7,21211,M,4.0,0,21
200900004438,9,1,26,1400,1,1,1,9.0,1,21564,M,4.0,0,21
200900004439,9,1,11,1730,2,2,1,1.0,6,21435,M,,,21
200900004440,9,1,14,2000,3,1,1,2.0,1,21261,M,4.0,0,21
200900004441,9,1,16,800,2,1,1,9.0,1,21497,M,4.0,0,21
200900004442,9,1,17,2040,5,2,2,1.0,3,21231,M,,,21
200900004443,9,1,31,1215,1,2,2,1.0,3,21231,M,,,21
200900004444,9,1,29,740,2,2,1,1.0,2,21231,M,,,21
200900004445,9,1,28,1223,1,2,1,1.0,4,21231,M,,,21
200900004446,9,1,9,2235,5,2,1,1.0,1,45208,M,4.0,0,45
200900004447,9,1,28,1400,1,2,3,1.0,3,95018,M,4.0,0,95
200900004448,9,1,14,1830,5,2,1,1.0,2,95428,M,4.0,0,95
200900004449,9,1,19,1055,1,2,3,3.0,3,95018,M,4.0,0,95
200900004450,9,1,16,845,1,2,1,1.0,6,95257,M,4.0,0,95
200900004451,9,1,22,2000,5,2,9,2.0,6,95306,M,4.0,0,95
200900004452,9,1,20,1810,5,2,1,9.0,6,95063,M,4.0,0,95
200900004453,9,1,20,750,2,2,2,1.0,7,95018,M,4.0,0,95
200900004454,9,1,23,1950,5,2,1,1.0,4,95306,M,4.0,0,95
200900004455,9,1,23,740,5,1,1,2.0,6,95452,M,4.0,0,95
200900004456,9,1,24,1205,1,2,2,1.0,4,95018,M,4.0,0,95
200900004457,9,1,26,750,2,2,2,1.0,6,95313,M,4.0,0,95
200900004458,9,1,24,1510,1,2,2,1.0,3,95582,M,4.0,0,95
200900004459,9,1,27,740,5,2,1,1.0,7,95018,M,4.0,0,95
200900004460,9,1,27,2040,5,2,2,1.0,3,95018,M,4.0,0,95
200900004461,9,1,30,955,1,2,1,1.0,6,95257,M,4.0,0,95
200900004462,9,1,22,1200,1,2,1,2.0,3,95219,M,4.0,0,95
200900004463,9,1,20,1350,1,2,1,2.0,2,95252,M,4.0,0,95
200900004464,9,1,5,1115,1,2,2,4.0,7,95277,M,4.0,0,95
200900004465,9,1,6,1800,3,2,3,4.0,3,95306,M,4.0,0,95
200900004466,9,1,7,1545,1,2,1,1.0,4,95424,M,4.0,0,95
200900004467,9,1,9,1845,5,2,1,8.0,6,95018,M,4.0,0,95
200900004468,9,1,11,1140,1,2,3,4.0,7,95280,M,4.0,0,95
200900004469,9,1,8,810,2,2,1,1.0,3,95252,M,4.0,0,95
200900004470,9,1,15,1330,1,1,1,1.0,2,95277,M,4.0,0,95
200900004471,9,1,8,1220,1,2,1,1.0,6,95424,M,4.0,0,95
200900004472,9,1,22,650,5,2,1,3.0,6,95218,M,4.0,0,95
200900004473,9,1,26,715,2,2,1,1.0,6,95563,M,4.0,0,95
200900004474,9,1,22,825,1,2,1,2.0,1,95219,M,4.0,0,95
200900004475,9,1,18,2230,3,1,1,3.0,6,95002,M,4.0,0,95
200900004476,9,1,22,1745,5,1,1,2.0,5,95134,M,4.0,0,95
200900004477,9,1,10,2345,3,2,9,4.0,6,95392,M,4.0,0,95
200900004478,9,1,21,1715,1,1,1,8.0,7,95604,M,4.0,0,95
200900004479,9,1,15,910,1,2,3,8.0,3,95018,M,4.0,0,95
200900004480,9,1,13,1105,1,2,1,1.0,6,95252,M,4.0,0,95
200900004481,9,1,10,1400,1,2,1,1.0,7,95585,M,4.0,0,95
200900004482,9,1,13,1800,5,2,1,2.0,6,95424,M,4.0,0,95
200900004483,9,1,4,810,5,2,3,1.0,1,95585,M,4.0,0,95
200900004484,9,1,4,140,5,2,1,4.0,1,95500,M,4.0,0,95
200900004485,9,1,29,2000,3,1,1,8.0,5,95023,M,4.0,0,95
200900004486,9,1,21,415,3,1,1,5.0,2,95510,M,4.0,0,95
200900004487,9,1,22,1515,1,2,1,2.0,6,95585,M,4.0,0,95
200900004488,9,1,21,1445,1,2,9,1.0,6,95539,M,4.0,0,95
200900004489,9,1,12,1525,1,2,1,8.0,1,95176,M,4.0,0,95
200900004490,9,1,30,730,5,2,1,1.0,6,95582,M,4.0,0,95
200900004491,9,1,9,1220,1,2,1,1.0,6,95426,M,4.0,0,95
200900004492,9,1,11,1840,5,2,1,1.0,6,95063,M,4.0,0,95
200900004493,9,1,16,740,5,2,3,8.0,6,95598,M,4.0,0,95
200900004494,9,1,22,1900,3,2,1,2.0,6,95427,M,4.0,0,95
200900004495,9,1,12,1900,3,2,3,2.0,3,95424,M,4.0,0,95
200900004496,9,1,18,1905,5,2,1,2.0,6,95607,M,4.0,0,95
200900004497,9,1,20,705,2,2,2,1.0,3,95574,M,4.0,0,95
200900004498,9,1,20,1825,3,2,1,1.0,3,95288,M,4.0,0,95
200900004499,9,1,28,1600,1,1,1,8.0,2,95052,M,4.0,0,95
200900004500,9,1,21,1300,1,2,2,1.0,1,95500,M,4.0,0,95
200900004501,9,1,25,1620,1,2,9,2.0,2,95424,M,4.0,0,95
200900004502,9,1,22,1815,1,2,1,1.0,6,95426,M,4.0,0,95
200900004503,9,1,17,230,4,1,1,1.0,7,95527,M,4.0,0,95
200900004504,9,1,17,2000,3,1,1,1.0,5,95219,M,4.0,0,95
200900004505,9,1,24,630,2,1,1,1.0,3,95488,M,,,95
200900004506,9,1,4,1445,1,1,1,1.0,7,95042,M,,,95
200900004507,9,1,10,1815,3,1,1,9.0,3,95394,M,,,95
200900004508,9,1,13,620,3,1,1,3.0,2,95527,M,4.0,0,95
200900004509,9,1,29,700,2,2,2,1.0,1,95585,M,4.0,0,95
200900004510,9,1,23,1130,1,2,3,1.0,7,95585,M,4.0,0,95
200900004511,9,1,2,1635,1,2,1,1.0,6,95500,M,4.0,0,95
200900004512,9,1,2,2250,5,2,1,1.0,6,83137,M,,,83
200900004513,9,2,17,1600,1,2,1,1.0,6,83126,M,,,83
200900004514,9,2,10,845,1,2,3,1.0,3,05026,M,0.0,0,05
200900004515,9,2,23,1200,1,1,1,1.0,7,05097,M,0.0,0,05
200900004516,9,2,25,1645,1,1,1,1.0,6,05077,M,0.0,0,05
200900004517,9,2,28,1115,1,2,1,1.0,1,05046,M,0.0,0,05
200900004518,9,2,7,1030,1,2,1,1.0,6,05061,M,,,05
200900004519,9,2,21,1028,1,2,6,1.0,3,05061,M,,,05
200900004520,9,2,21,730,2,1,1,1.0,6,05023,M,,,05
200900004521,9,2,17,1758,1,2,1,1.0,6,05061,M,,,05
200900004522,9,2,22,226,5,2,1,1.0,6,05061,M,,,05
200900004523,9,1,1,1820,3,1,2,1.0,2,34032,M,4.0,0,34
200900004524,9,1,5,1715,5,2,1,1.0,6,34172,M,4.0,0,34
200900004525,9,1,12,740,3,1,1,3.0,7,34032,M,4.0,0,34
200900004526,9,1,26,800,1,1,1,1.0,3,34009,M,4.0,0,34
200900004527,9,1,27,1815,3,1,1,1.0,1,34179,M,4.0,0,34
200900004528,9,1,23,2215,5,2,1,1.0,6,34343,M,4.0,0,34
200900004529,9,1,23,1915,5,2,1,1.0,6,34255,M,4.0,0,34
200900004530,9,1,23,1915,3,1,1,1.0,1,34333,M,4.0,0,34
200900004531,9,1,15,1845,5,2,1,1.0,6,34145,M,4.0,0,34
200900004532,9,1,6,1730,1,2,1,1.0,1,34145,M,4.0,0,34
200900004533,9,1,4,1630,1,2,1,1.0,1,34169,M,4.0,0,34
200900004534,9,1,2,2214,3,1,1,1.0,7,34032,M,4.0,0,34
200900004535,9,1,5,1540,1,2,1,1.0,3,34172,M,4.0,0,34
200900004536,9,1,5,750,2,2,1,8.0,7,34172,M,4.0,0,34
200900004537,9,1,20,1645,1,1,9,1.0,1,34266,M,4.0,0,34
200900004538,9,1,19,1715,1,1,1,1.0,6,34035,M,4.0,0,34
200900004539,9,1,14,1135,1,2,1,1.0,7,34172,M,4.0,0,34
200900004540,9,1,15,830,1,1,1,1.0,3,34123,M,4.0,0,34
200900004541,9,1,9,1230,1,1,1,2.0,4,34081,M,4.0,0,34
200900004542,9,1,9,1915,4,2,1,1.0,6,34013,M,4.0,0,34
200900004543,9,1,10,100,5,2,1,2.0,6,34194,M,4.0,0,34
200900004544,9,1,11,1530,1,1,1,7.0,1,34297,M,4.0,0,34
200900004545,9,1,12,950,1,2,1,1.0,7,34032,M,4.0,0,34
200900004546,9,1,9,1130,1,2,1,1.0,7,34172,M,4.0,0,34
200900004547,9,1,8,1730,5,2,1,1.0,6,34145,M,4.0,0,34
200900004548,9,1,4,1730,1,1,1,1.0,7,34235,M,4.0,0,34
200900004549,9,1,3,500,5,1,6,1.0,7,34095,M,4.0,0,34
200900004550,9,1,28,1945,3,1,1,1.0,1,34300,M,4.0,0,34
200900004551,9,1,5,1625,1,2,1,1.0,3,34172,M,4.0,0,34
200900004552,9,1,3,315,5,2,1,2.0,7,34032,M,,,34
200900004553,9,1,9,1115,1,2,1,1.0,3,34032,M,4.0,0,34
200900004554,9,1,9,1230,1,2,3,2.0,3,34032,M,4.0,0,34
200900004555,9,1,9,2210,5,2,5,2.0,1,34172,M,4.0,0,34
200900004556,9,1,11,1435,1,2,3,1.0,2,34172,M,4.0,0,34
200900004557,9,1,10,1300,1,2,1,1.0,3,34198,M,4.0,0,34
200900004558,9,1,11,900,1,1,1,1.0,4,34032,M,4.0,0,34
200900004559,9,1,11,1245,1,2,3,2.0,3,34032,M,4.0,0,34
200900004560,9,1,11,1955,5,2,1,1.0,6,34172,M,4.0,0,34
200900004561,9,1,12,1400,1,2,1,1.0,3,34032,M,4.0,0,34
200900004562,9,1,12,1630,1,1,1,1.0,1,34032,M,4.0,0,34
200900004563,9,1,13,920,1,2,3,1.0,3,34172,M,4.0,0,34
200900004564,9,1,13,1200,1,2,1,1.0,7,34032,M,4.0,0,34
200900004565,9,1,13,1600,1,2,6,1.0,7,34032,M,4.0,0,34
200900004566,9,1,13,1820,5,2,1,1.0,3,34172,M,4.0,0,34
200900004567,9,1,13,1925,5,2,1,1.0,2,34172,M,4.0,0,34
200900004568,9,1,13,2148,5,2,1,1.0,1,34172,M,4.0,0,34
200900004569,9,1,14,1315,1,1,6,1.0,3,34270,M,4.0,0,34
200900004570,9,1,14,1430,1,2,1,1.0,2,34028,M,4.0,0,34
200900004571,9,1,14,1746,2,2,1,1.0,6,34172,M,4.0,0,34
200900004572,9,1,17,2000,5,2,2,1.0,1,34299,M,4.0,0,34
200900004573,9,1,12,855,1,1,1,1.0,4,34129,M,4.0,0,34
200900004574,9,1,19,1330,1,2,1,1.0,1,34057,M,0.0,0,34
200900004575,9,1,19,1845,5,2,1,2.0,3,34145,M,4.0,0,34
200900004576,9,1,6,1930,5,2,1,1.0,3,34172,M,4.0,0,34
200900004577,9,1,6,1500,1,2,1,1.0,6,34057,M,4.0,0,34
200900004578,9,1,28,700,2,1,1,1.0,7,34122,M,4.0,0,34
200900004579,9,1,16,1415,1,2,2,1.0,3,34172,M,4.0,0,34
200900004580,9,1,28,1200,1,2,1,1.0,5,34172,M,4.0,0,34
200900004581,9,1,29,940,1,2,1,1.0,3,34172,M,,,34
200900004582,9,1,31,1515,1,2,1,2.0,4,34172,M,4.0,0,34
200900004583,9,1,29,842,1,2,1,1.0,6,34172,M,4.0,0,34
200900004584,9,1,28,1640,1,2,1,1.0,1,34172,M,4.0,0,34
200900004585,9,1,23,1600,1,2,6,8.0,3,34129,M,4.0,0,34
200900004586,9,1,26,930,1,2,1,3.0,7,34172,M,4.0,0,34
200900004587,9,1,27,1652,1,2,3,1.0,3,34108,M,4.0,0,34
200900004588,9,1,30,2030,5,2,2,1.0,1,34172,M,4.0,0,34
200900004589,9,1,30,2137,5,2,1,1.0,3,34172,M,4.0,0,34
200900004590,9,1,30,840,1,2,1,1.0,6,34172,M,4.0,0,34
200900004591,9,1,27,1721,1,2,4,1.0,1,34172,M,4.0,0,34
200900004592,9,1,20,1235,1,2,1,1.0,6,34172,M,4.0,0,34
200900004593,9,1,31,1435,1,2,1,3.0,7,34172,M,4.0,0,34
200900004594,9,1,20,1126,1,2,1,1.0,7,34172,M,4.0,0,34
200900004595,9,1,22,1240,1,2,7,1.0,3,34172,M,,,34
200900004596,9,1,18,915,1,2,1,1.0,6,34172,M,4.0,0,34
200900004597,9,1,31,1230,1,1,1,1.0,7,34032,M,,,34
200900004598,9,1,25,1445,1,2,1,1.0,1,34032,M,4.0,0,34
200900004599,9,1,27,1750,2,1,1,1.0,3,34032,M,4.0,0,34
200900004600,9,1,16,1830,5,1,2,1.0,3,34336,M,4.0,0,34
200900004601,9,1,30,930,1,2,1,1.0,2,34032,M,4.0,0,34
200900004602,9,1,21,2315,5,2,1,1.0,1,34032,M,4.0,0,34
200900004603,9,1,21,810,1,1,1,1.0,2,34032,M,4.0,0,34
200900004604,9,1,3,500,3,1,1,1.0,2,34209,M,4.0,0,34
200900004605,9,1,11,845,1,1,9,1.0,1,34114,M,4.0,0,34
200900004606,9,1,12,1130,1,2,1,1.0,7,34032,M,4.0,0,34
200900004607,9,1,19,930,1,1,1,1.0,1,34189,M,4.0,0,34
200900004608,9,1,20,1215,1,2,2,1.0,1,34032,M,4.0,0,34
200900004609,9,1,21,1115,1,2,1,1.0,7,34032,M,4.0,0,34
200900004610,9,1,24,910,1,2,1,2.0,7,34032,M,4.0,0,34
200900004611,9,1,25,500,5,2,1,1.0,6,34172,M,4.0,0,34
200900004612,9,1,16,130,3,2,1,1.0,6,34243,M,4.0,0,34
200900004613,9,1,17,55,3,1,1,2.0,6,34129,M,4.0,0,34
200900004614,9,1,29,1615,1,1,1,1.0,6,34259,M,4.0,0,34
200900004615,9,1,5,1945,5,2,1,1.0,6,34108,M,4.0,0,34
200900004616,9,1,16,30,5,2,1,1.0,7,34172,M,4.0,0,34
200900004617,9,1,23,330,5,2,1,2.0,7,34172,M,4.0,0,34
200900004618,9,1,26,1830,5,2,1,1.0,6,34172,M,4.0,0,34
200900004619,9,1,28,2340,5,2,1,1.0,7,34003,M,4.0,0,34
200900004620,9,1,30,500,5,2,2,1.0,3,34172,M,4.0,0,34
200900004621,9,1,4,1600,1,1,1,1.0,1,34332,M,4.0,0,34
200900004622,9,1,5,745,2,1,1,1.0,5,34096,M,4.0,0,34
200900004623,9,1,6,1500,1,1,1,1.0,7,34252,M,4.0,0,34
200900004624,9,1,27,815,1,2,1,1.0,1,34057,M,4.0,0,34
200900004625,9,2,18,845,1,2,1,7.0,2,52550,M,4.0,0,52
200900004626,9,2,2,1230,1,1,1,2.0,1,52448,M,4.0,0,52
200900004627,9,2,4,1830,3,1,8,1.0,1,52534,M,4.0,0,52
200900004628,9,2,26,1805,2,2,1,1.0,6,52448,M,4.0,0,52
200900004629,9,2,9,750,1,2,6,2.0,3,52121,M,4.0,0,52
200900004630,9,2,20,1755,1,2,1,1.0,6,52121,M,4.0,0,52
200900004631,9,2,21,1135,1,1,2,1.0,3,52121,M,4.0,0,52
200900004632,9,2,3,1715,2,2,1,1.0,2,52121,M,4.0,0,52
200900004633,9,2,2,1610,1,2,1,1.0,1,52121,M,4.0,0,52
200900004634,9,3,3,1600,1,1,1,1.0,6,52353,M,4.0,0,52
200900004635,9,3,9,2030,3,1,1,1.0,7,52398,M,4.0,0,52
200900004636,9,3,17,1945,3,2,1,1.0,1,52449,M,4.0,0,52
200900004637,9,3,20,1600,1,1,1,1.0,6,52524,M,4.0,0,52
200900004638,9,3,22,1545,1,2,1,1.0,3,52419,M,4.0,0,52
200900004639,9,3,22,1835,1,2,1,1.0,2,52121,M,4.0,0,52
200900004640,9,3,25,810,1,2,1,2.0,6,52448,M,4.0,0,52
200900004641,9,3,25,905,1,1,1,4.0,6,52121,M,4.0,0,52
200900004642,9,3,27,1700,1,2,1,1.0,6,52448,M,4.0,0,52
200900004643,9,3,28,1945,5,2,1,1.0,5,52269,M,4.0,0,52
200900004644,9,3,28,500,3,1,1,8.0,6,52121,M,4.0,0,52
200900004645,9,3,30,1825,1,2,3,1.0,4,52448,M,4.0,0,52
200900004646,9,3,28,1210,1,2,1,1.0,3,52448,M,4.0,0,52
200900004647,9,3,23,1621,1,2,3,1.0,2,52121,M,4.0,0,52
200900004648,9,3,2,310,5,1,1,1.0,6,52448,M,4.0,0,52
200900004649,9,3,2,1350,1,2,1,1.0,3,52448,M,4.0,0,52
200900004650,9,3,2,1045,1,2,2,1.0,3,52448,M,4.0,0,52
200900004651,9,1,18,2015,3,1,3,2.0,3,31091,M,4.0,0,31
200900004652,9,1,16,1945,5,1,3,1.0,1,31561,M,4.0,0,31
200900004653,9,1,1,415,5,2,2,1.0,3,31232,M,4.0,0,31
200900004654,9,1,1,830,1,2,1,1.0,6,31446,M,4.0,0,31
200900004655,9,1,7,845,1,1,1,8.0,1,31285,M,4.0,0,31
200900004656,9,1,11,1500,1,1,1,1.0,1,31033,M,4.0,0,31
200900004657,9,1,8,2145,3,1,1,9.0,6,31094,M,4.0,0,31
200900004658,9,1,27,1730,1,2,1,1.0,7,31424,M,4.0,0,31
200900004659,9,1,22,1515,1,1,2,2.0,3,31004,M,4.0,0,31
200900004660,9,1,24,30,3,1,1,2.0,2,31022,M,4.0,0,31
200900004661,9,1,25,1430,1,1,1,1.0,2,31117,M,4.0,0,31
200900004662,9,1,26,2215,3,1,1,2.0,6,31104,M,4.0,0,31
200900004663,9,1,28,1600,1,1,1,1.0,7,31501,M,4.0,0,31