Num_Acc,an,mois,jour,hrmn,lum,agg,int,atm,col,com,gps,lat,long,dep
200900005043,9,3,29,1215,1,1,1,1.0,7,49246,M,,,49
200900005044,9,3,22,410,4,2,1,1.0,6,49099,M,,,49
200900005045,9,3,20,1630,1,2,1,1.0,2,49007,M,,,49
200900005046,9,3,20,1100,1,2,1,1.0,2,49007,M,,,49
200900005047,9,3,13,1415,1,2,1,1.0,4,49328,M,,,49
200900005048,9,3,18,939,1,2,1,1.0,6,49007,M,,,49
200900005049,9,3,4,907,1,2,2,1.0,3,49007,M,,,49
200900005050,9,3,8,1103,1,2,1,2.0,2,49007,M,,,49
200900005051,9,3,13,2130,3,1,1,1.0,6,49217,M,0.0,0,49
200900005052,9,3,6,30,3,1,1,1.0,7,49222,M,0.0,0,49
200900005053,9,3,21,2100,3,1,1,1.0,3,49303,M,0.0,0,49
200900005054,9,3,18,1945,3,1,1,1.0,7,49260,M,0.0,0,49
200900005055,9,3,22,700,1,2,3,1.0,3,49214,M,0.0,0,49
200900005056,9,3,24,1200,1,1,2,1.0,6,49274,M,0.0,0,49
200900005057,9,3,17,1630,1,1,1,1.0,1,49067,M,0.0,0,49
200900005058,9,3,2,1100,1,1,1,1.0,6,49117,M,0.0,0,49
200900005059,9,3,30,800,1,2,2,1.0,3,49313,M,0.0,0,49
200900005060,9,3,3,745,2,1,1,5.0,7,49269,M,0.0,0,49
200900005061,9,3,24,1745,1,1,1,1.0,1,49180,M,0.0,0,49
200900005062,9,3,14,1730,1,2,1,1.0,7,49092,M,0.0,0,49
200900005063,9,3,9,1515,1,1,9,1.0,3,49029,M,0.0,0,49
200900005064,9,3,1,130,3,1,1,1.0,3,49311,M,0.0,0,49
200900005065,9,3,14,1200,1,1,1,1.0,6,49371,M,0.0,0,49
200900005066,9,3,7,1645,1,1,2,1.0,3,49285,M,0.0,0,49
200900005067,9,3,13,330,3,1,1,5.0,7,49053,M,0.0,0,49
200900005068,9,3,1,345,3,1,1,1.0,7,49289,M,0.0,0,49
200900005069,9,3,12,845,1,1,1,1.0,6,49265,M,0.0,0,49
200900005070,9,3,4,1445,1,1,2,8.0,3,49018,M,0.0,0,49
200900005071,9,3,17,715,1,1,6,1.0,7,49298,M,0.0,0,49
200900005072,9,3,18,1800,1,1,1,1.0,6,49180,M,0.0,0,49
200900005073,9,3,12,1130,1,1,1,1.0,7,49127,M,0.0,0,49
200900005074,9,3,10,1115,1,1,1,3.0,4,49283,M,0.0,0,49
200900005075,9,3,12,1330,1,1,1,1.0,6,49355,M,0.0,0,49
200900005076,9,3,9,745,2,1,2,1.0,3,49179,M,0.0,0,49
200900005077,9,3,22,1315,1,1,1,1.0,3,49317,M,0.0,0,49
200900005078,9,3,9,730,1,1,2,1.0,3,49063,M,0.0,0,49
200900005079,9,3,9,1615,1,1,2,1.0,3,49264,M,0.0,0,49
200900005080,9,3,6,1738,1,2,1,1.0,6,30189,M,4.0,0,30
200900005081,9,3,8,1530,1,1,1,1.0,6,30269,M,4.0,0,30
200900005082,9,3,13,745,1,1,1,1.0,5,30193,M,4.0,0,30
200900005083,9,3,18,1600,1,1,1,1.0,3,30084,M,4.0,0,30
200900005084,9,3,18,1730,1,2,1,1.0,1,30116,M,0.0,0,30
200900005085,9,3,18,2145,5,2,1,1.0,7,30007,M,,,30
200900005086,9,3,19,1800,1,2,1,1.0,3,30155,M,0.0,0,30
200900005087,9,3,19,1830,1,1,1,6.0,3,30202,M,4.0,0,30
200900005088,9,3,20,1740,1,2,1,1.0,2,30007,M,,,30
200900005089,9,3,21,1145,1,1,1,1.0,7,30123,M,4.0,0,30
200900005090,9,3,23,1815,1,1,1,1.0,1,30223,M,4.0,0,30
200900005091,9,3,24,1020,1,2,2,1.0,6,30189,M,4.0,0,30
200900005092,9,3,26,1214,1,2,4,1.0,4,30189,M,4.0,0,30
200900005093,9,3,28,1045,1,1,1,1.0,3,30189,M,4.0,0,30
200900005094,9,3,31,746,1,2,2,1.0,3,30189,M,4.0,0,30
200900005095,9,3,31,2040,5,2,4,1.0,1,30007,M,,,30
200900005096,9,3,3,1215,1,2,3,1.0,3,30189,M,4.0,0,30
200900005097,9,3,24,2115,5,2,2,1.0,3,30189,M,4.0,0,30
200900005098,9,3,18,805,1,2,1,1.0,2,30189,M,4.0,0,30
200900005099,9,3,21,1210,1,2,1,1.0,3,30189,M,4.0,0,30
200900005100,9,3,7,610,5,2,6,1.0,7,30007,M,4.0,0,30
200900005101,9,3,31,28,5,2,1,1.0,1,30189,M,4.0,0,30
200900005102,9,3,7,1105,1,2,1,6.0,2,30189,M,4.0,0,30
200900005103,9,3,5,1850,3,2,2,1.0,3,30189,M,4.0,0,30
200900005104,9,3,16,840,1,2,1,1.0,6,30189,M,4.0,0,30
200900005105,9,3,26,1856,1,2,2,1.0,3,30189,M,4.0,0,30
200900005106,9,3,19,1115,1,1,3,1.0,2,30189,M,4.0,0,30
200900005107,9,3,31,120,5,2,1,1.0,6,30189,M,4.0,0,30
200900005108,9,3,5,1815,1,1,1,1.0,1,30189,M,4.0,0,30
200900005109,9,3,7,1915,5,2,4,1.0,6,30189,M,4.0,0,30
200900005110,9,3,19,1600,1,2,3,1.0,3,30007,M,,,30
200900005111,9,3,27,1250,1,2,3,1.0,3,30189,M,4.0,0,30
200900005112,9,3,6,1150,1,2,1,1.0,6,30189,M,4.0,0,30
200900005113,9,3,14,2110,5,2,1,1.0,7,30189,M,4.0,0,30
200900005114,9,3,24,740,1,2,3,1.0,3,30189,M,4.0,0,30
200900005115,9,3,17,1400,1,1,1,1.0,7,30189,M,4.0,0,30
200900005116,9,3,12,1226,1,2,1,1.0,3,30007,M,,,30
200900005117,9,3,18,810,1,2,1,1.0,7,30243,M,,,30
200900005118,9,3,3,1935,2,2,3,1.0,3,30189,M,,,30
200900005119,9,3,23,1815,1,2,1,1.0,2,30189,M,4.0,0,30
200900005120,9,3,21,955,1,2,1,1.0,7,30189,M,4.0,0,30
200900005121,9,3,13,805,1,2,3,1.0,3,30189,M,4.0,0,30
200900005122,9,3,20,2050,5,2,1,1.0,6,30189,M,4.0,0,30
200900005123,9,3,18,1255,1,1,3,1.0,3,30189,M,4.0,0,30
200900005124,9,3,9,1155,1,2,1,1.0,5,30189,M,,,30
200900005125,9,3,30,1711,1,2,1,1.0,3,30189,M,4.0,0,30
200900005126,9,3,14,1200,1,2,2,1.0,3,30189,M,4.0,0,30
200900005127,9,3,15,1715,1,2,3,1.0,3,30189,M,4.0,0,30
200900005128,9,3,5,1345,1,2,1,1.0,6,30189,M,4.0,0,30
200900005129,9,3,10,749,1,2,1,1.0,6,30189,M,4.0,0,30
200900005130,9,3,11,1825,2,1,6,1.0,2,30189,M,4.0,0,30
200900005131,9,3,25,900,1,2,1,1.0,3,30189,M,4.0,0,30
200900005132,9,3,15,900,1,2,1,1.0,6,30189,M,4.0,0,30
200900005133,9,3,25,740,1,2,3,1.0,3,30007,M,4.0,0,30
200900005134,9,3,12,1410,1,1,9,1.0,3,30189,M,4.0,0,30
200900005135,9,3,5,800,1,1,1,1.0,3,30075,M,4.0,0,30
200900005136,9,3,23,2130,5,2,1,1.0,6,30132,M,0.0,0,30
200900005137,9,3,27,2045,3,1,1,1.0,1,30058,M,4.0,0,30
200900005138,9,3,15,1515,1,2,1,1.0,7,30133,M,0.0,0,30
200900005139,9,3,18,1730,1,2,1,1.0,1,30258,M,4.0,0,30
200900005140,9,3,9,815,1,1,1,1.0,6,30081,M,4.0,0,30
200900005141,9,3,12,1600,1,1,1,1.0,2,30226,M,4.0,0,30
200900005142,9,3,1,1645,1,1,1,1.0,1,30217,M,4.0,0,30
200900005143,9,3,17,1100,1,1,1,1.0,3,30004,M,4.0,0,30
200900005144,9,3,28,415,3,1,1,1.0,6,30347,M,4.0,0,30
200900005145,9,3,18,1330,1,2,9,1.0,1,30169,M,0.0,0,30
200900005146,9,3,6,1500,1,2,1,1.0,3,30237,M,4.0,0,30
200900005147,9,3,22,615,2,1,1,1.0,6,30209,M,0.0,0,30
200900005148,9,3,29,1445,1,1,1,1.0,7,30274,M,4.0,0,30
200900005149,9,3,13,1630,1,1,1,1.0,5,30092,M,4.0,0,30
200900005150,9,3,16,1245,1,1,1,1.0,7,30014,M,4.0,0,30
200900005151,9,3,21,345,3,1,1,1.0,7,30075,M,4.0,0,30
200900005152,9,3,4,1000,1,1,1,2.0,3,30300,M,4.0,0,30
200900005153,9,3,17,745,1,1,1,1.0,7,30228,M,4.0,0,30
200900005154,9,3,12,1630,1,1,1,1.0,2,30165,M,4.0,0,30
200900005155,9,3,3,630,3,1,1,1.0,7,30004,M,0.0,0,30
200900005156,9,3,11,1915,2,1,1,1.0,6,30036,M,4.0,0,30
200900005157,9,3,3,1845,2,2,1,1.0,6,30263,M,4.0,0,30
200900005158,9,3,5,945,1,1,1,1.0,3,30002,M,4.0,0,30
200900005159,9,1,1,1445,1,2,1,1.0,6,01160,M,,,01
200900005160,9,1,2,1515,1,1,1,8.0,7,01351,M,,,01
200900005161,9,1,2,1600,1,1,1,8.0,7,01254,M,,,01
200900005162,9,1,5,1445,1,2,1,4.0,2,01173,M,4.0,0,01
200900005163,9,1,8,1800,5,2,4,1.0,2,01249,M,4.0,0,01
200900005164,9,1,12,2200,5,2,1,1.0,6,01274,M,4.0,0,01
200900005165,9,1,14,715,2,1,1,2.0,5,01147,M,,,01
200900005166,9,1,16,1430,1,2,1,1.0,2,01321,M,4.0,0,01
200900005167,9,1,16,1905,5,2,3,1.0,3,01053,M,,,01
200900005168,9,1,7,655,5,2,2,1.0,3,01053,M,4.0,0,01
200900005169,9,1,22,1320,1,2,3,1.0,3,01053,M,,,01
200900005170,9,1,14,745,2,1,1,2.0,4,01276,M,,,01
200900005171,9,1,15,1043,1,2,2,2.0,6,01053,M,,,01
200900005172,9,1,23,2215,3,2,1,9.0,6,01069,M,,,01
200900005173,9,1,30,1205,1,2,3,1.0,3,01053,M,4.0,0,01
200900005174,9,1,25,1325,1,2,3,1.0,7,01053,M,,,01
200900005175,9,1,26,1815,3,1,1,1.0,1,01088,M,4.0,0,01
200900005176,9,1,16,1840,5,2,3,1.0,3,01283,M,,,01
200900005177,9,1,30,1710,1,2,6,1.0,6,01283,M,4.0,0,01
200900005178,9,1,31,1800,5,2,1,1.0,2,01303,M,4.0,0,01
200900005179,9,1,16,1815,4,2,2,2.0,1,01443,M,4.0,0,01
200900005180,9,1,25,1345,1,2,1,1.0,6,01005,M,4.0,0,01
200900005181,9,1,7,1830,5,2,2,1.0,6,01148,M,4.0,0,01
200900005182,9,1,10,915,1,1,3,5.0,3,01069,M,4.0,0,01
200900005183,9,1,19,2100,3,1,1,2.0,6,01140,M,4.0,0,01
200900005184,9,1,24,2100,3,1,1,2.0,6,01024,M,4.0,0,01
200900005185,9,1,23,1700,1,2,2,1.0,3,01249,M,4.0,0,01
200900005186,9,1,30,900,1,2,3,1.0,1,01243,M,4.0,0,01
200900005187,9,1,9,810,1,2,2,1.0,6,01283,M,4.0,0,01
200900005188,9,1,12,1530,1,2,1,1.0,6,01194,M,4.0,0,01
200900005189,9,1,9,915,1,1,1,8.0,1,01184,M,4.0,0,01
200900005190,9,1,14,1400,1,2,1,1.0,6,01244,M,4.0,0,01
200900005191,9,1,12,945,1,1,2,5.0,3,01348,M,4.0,0,01
200900005192,9,1,19,1045,1,2,2,8.0,3,01045,M,4.0,0,01
200900005193,9,1,22,2030,5,2,1,1.0,1,01043,M,4.0,0,01
200900005194,9,1,7,2045,5,1,1,1.0,2,01160,M,4.0,0,01
200900005195,9,1,14,930,2,1,1,2.0,5,01235,M,4.0,0,01
200900005196,9,1,30,1100,1,1,1,1.0,7,01165,M,4.0,0,01
200900005197,9,1,13,1600,1,2,2,7.0,3,01102,M,4.0,0,01
200900005198,9,1,14,820,2,2,1,9.0,6,01053,M,,,01
200900005199,9,2,3,1945,5,2,2,9.0,3,01382,M,4.0,0,01
200900005200,9,2,21,1945,5,1,1,1.0,2,01092,M,4.0,0,01
200900005201,9,2,6,1015,1,1,3,3.0,3,01160,M,4.0,0,01
200900005202,9,2,13,830,1,1,1,8.0,5,01269,M,4.0,0,01
200900005203,9,2,7,1430,1,2,3,2.0,3,01337,M,4.0,0,01
200900005204,9,2,18,1030,1,2,3,1.0,1,01004,M,,,01
200900005205,9,2,19,2145,3,1,1,1.0,2,01290,M,4.0,0,01
200900005206,9,2,9,2015,2,2,3,2.0,7,01102,M,4.0,0,01
200900005207,9,2,14,530,3,1,1,2.0,7,01004,M,4.0,0,01
200900005208,9,2,27,1430,1,2,3,1.0,2,01228,M,4.0,0,01
200900005209,9,2,5,1630,1,1,2,1.0,3,01157,M,4.0,0,01
200900005210,9,2,23,1645,1,1,3,1.0,1,01005,M,4.0,0,01
200900005211,9,2,25,1745,1,1,1,1.0,1,01138,M,4.0,0,01
200900005212,9,2,17,830,1,1,1,4.0,2,01273,M,,,01
200900005213,9,2,24,830,1,2,1,1.0,6,01143,M,4.0,0,01
200900005214,9,2,5,1540,1,2,2,8.0,3,01283,M,4.0,0,01
200900005215,9,2,9,1615,1,1,2,1.0,3,01289,M,4.0,0,01
200900005216,9,2,13,5,5,2,1,4.0,7,01053,M,4.0,0,01
200900005217,9,2,3,840,1,2,3,2.0,3,01053,M,,,01
200900005218,9,2,21,1320,1,2,3,1.0,6,01344,M,,,01
200900005219,9,2,12,750,2,1,1,4.0,1,01275,M,,,01
200900005220,9,3,24,1650,1,1,2,1.0,5,01289,M,4.0,0,01
200900005221,9,3,21,30,3,1,1,1.0,2,01320,M,4.0,0,01
200900005222,9,3,11,745,1,2,1,1.0,3,01053,M,4.0,0,01
200900005223,9,3,1,1905,4,2,1,1.0,6,01053,M,4.0,0,01
200900005224,9,3,31,1925,1,2,3,1.0,5,01053,M,,,01
200900005225,9,3,11,745,1,2,1,2.0,2,01053,M,,,01
200900005226,9,3,18,835,1,2,2,1.0,5,01053,M,4.0,0,01
200900005227,9,3,24,1938,5,2,1,2.0,6,01283,M,4.0,0,01
200900005228,9,3,14,1230,1,1,1,1.0,5,01248,M,4.0,0,01
200900005229,9,3,31,30,5,2,1,1.0,3,01281,M,0.0,0,01
200900005230,9,3,13,1830,1,2,1,1.0,2,01333,M,4.0,0,01
200900005231,9,3,10,1900,3,1,1,2.0,1,01383,M,4.0,0,01
200900005232,9,3,5,700,2,2,9,1.0,3,01244,M,4.0,0,01
200900005233,9,3,24,1715,1,1,1,1.0,1,01004,M,4.0,0,01
200900005234,9,3,29,845,2,1,1,1.0,6,01434,M,4.0,0,01
200900005235,9,3,15,300,3,1,1,1.0,7,01452,M,4.0,0,01
200900005236,9,3,23,1815,1,1,1,1.0,1,01163,M,,,01
200900005237,9,3,3,1700,1,1,1,1.0,3,01115,M,,,01
200900005238,9,3,15,1445,1,2,3,1.0,3,01249,M,,,01
200900005239,9,3,31,2245,3,1,1,1.0,1,01133,M,4.0,0,01
200900005240,9,3,8,1900,3,1,1,8.0,6,01235,M,4.0,0,01
200900005241,9,3,9,630,2,1,1,1.0,1,01244,M,,,01
200900005242,9,3,19,1845,1,1,1,1.0,1,01374,M,4.0,0,01
200900005243,9,3,19,1915,5,2,3,1.0,3,01103,M,4.0,0,01
200900005244,9,3,31,1600,1,2,1,1.0,3,01160,M,4.0,0,01
200900005245,9,3,14,1645,1,1,2,1.0,3,01007,M,4.0,0,01
200900005246,9,3,28,1800,1,1,1,2.0,1,01304,M,4.0,0,01
200900005247,9,3,2,1700,1,2,9,1.0,6,01244,M,,,01
200900005248,9,3,16,2330,5,1,1,1.0,2,01249,M,4.0,0,01
200900005249,9,3,9,2000,3,1,1,1.0,1,01343,M,4.0,0,01
200900005250,9,3,1,1325,1,1,1,8.0,6,30032,M,4.0,0,30
200900005251,9,3,3,1250,1,1,4,1.0,7,30032,M,4.0,0,30
200900005252,9,3,14,1420,1,1,1,1.0,3,30032,M,4.0,0,30
200900005253,9,3,28,1745,1,1,2,2.0,3,30032,M,4.0,0,30
200900005254,9,3,24,1315,1,2,1,1.0,7,08105,M,0.0,0,08
200900005255,9,3,7,345,5,2,3,1.0,7,08490,M,0.0,0,08
200900005256,9,3,3,1545,1,1,1,1.0,6,08188,M,0.0,0,08
200900005257,9,3,11,1515,1,1,1,1.0,5,08491,M,0.0,0,08
200900005258,9,3,25,545,2,1,1,4.0,7,08110,M,0.0,0,08
200900005259,9,3,18,1500,1,2,1,1.0,6,08302,M,0.0,0,08
200900005260,9,3,7,345,3,1,1,1.0,1,08400,M,0.0,0,08
200900005261,9,3,21,1545,1,2,3,1.0,3,79202,M,0.0,0,79
200900005262,9,3,11,1800,1,2,6,1.0,3,79031,M,0.0,0,79
200900005263,9,3,11,1915,3,1,1,1.0,6,79048,M,0.0,0,79
200900005264,9,3,21,1645,1,1,1,1.0,7,79086,M,0.0,0,79
200900005265,9,3,30,1615,1,2,1,2.0,3,79185,M,0.0,0,79
200900005266,9,3,22,1820,2,2,1,1.0,2,79191,M,,,79
200900005267,9,3,5,1700,1,2,6,1.0,2,79191,M,,,79
200900005268,9,3,13,1515,1,2,1,1.0,3,79329,M,,,79
200900005269,9,3,14,150,5,2,1,1.0,7,79191,M,,,79
200900005270,9,3,19,753,2,2,1,1.0,2,79191,M,,,79
200900005271,9,3,25,1320,1,2,3,1.0,3,79191,M,,,79
200900005272,9,3,14,1400,1,1,1,8.0,5,79161,M,0.0,0,79
200900005273,9,3,1,1745,1,1,2,8.0,3,79156,M,0.0,0,79
200900005274,9,3,1,245,3,1,1,1.0,2,79242,M,0.0,0,79
200900005275,9,3,8,2015,3,1,1,2.0,1,79159,M,0.0,0,79
200900005276,9,3,3,1930,5,2,3,1.0,3,54578,M,,,54
200900005277,9,3,4,1815,3,1,1,3.0,2,54537,M,4.0,0,54
200900005278,9,3,6,900,1,2,2,1.0,6,54395,M,,,54
200900005279,9,3,11,1125,1,2,3,1.0,6,54395,M,,,54
200900005280,9,3,13,1930,3,1,1,1.0,1,54008,M,0.0,0,54
200900005281,9,3,16,915,1,2,1,1.0,4,54395,M,,,54
200900005282,9,3,17,1350,1,2,2,1.0,3,54357,M,4.0,0,54
200900005283,9,3,21,1150,1,2,2,1.0,2,54395,M,,,54
200900005284,9,3,21,2300,5,2,1,1.0,6,54395,M,,,54
200900005285,9,3,21,1245,1,1,1,1.0,6,54019,M,0.0,0,54
200900005286,9,3,23,715,1,2,1,1.0,3,54090,M,4.0,0,54
200900005287,9,3,31,1845,1,2,2,1.0,3,54482,M,,,54
200900005288,9,3,25,1015,1,1,1,2.0,7,54358,M,0.0,0,54
200900005289,9,3,25,1025,1,2,2,2.0,3,54395,M,,,54
200900005290,9,3,25,1930,5,2,1,3.0,6,54397,M,4.0,0,54
200900005291,9,3,25,2325,3,1,1,2.0,2,54027,M,4.0,0,54
200900005292,9,3,27,2030,5,2,1,1.0,7,54544,M,4.0,0,54
200900005293,9,3,29,1613,1,2,9,1.0,3,54329,M,,,54
200900005294,9,3,31,1145,1,2,3,1.0,7,54395,M,,,54
200900005295,9,3,3,2020,3,1,3,1.0,6,54367,M,4.0,0,54
200900005296,9,3,20,1555,1,2,1,1.0,3,54542,M,,,54
200900005297,9,3,26,1615,1,2,1,1.0,3,54323,M,,,54
200900005298,9,3,29,1525,1,1,1,1.0,6,54323,M,4.0,0,54
200900005299,9,3,7,1630,1,1,9,1.0,2,54060,M,4.0,0,54
200900005300,9,3,17,1225,1,1,1,1.0,7,54328,M,4.0,0,54
200900005301,9,3,25,1635,1,1,1,2.0,7,54304,M,4.0,0,54
200900005302,9,3,26,1445,1,2,3,2.0,3,54395,M,,,54
200900005303,9,3,20,905,1,2,2,1.0,6,54274,M,,,54
200900005304,9,3,14,1820,2,2,1,2.0,2,54482,M,4.0,0,54
200900005305,9,3,11,1210,1,2,3,1.0,3,54395,M,,,54
200900005306,9,3,6,2025,5,2,2,1.0,2,54395,M,,,54
200900005307,9,3,22,1517,1,2,1,1.0,7,54181,M,,,54
200900005308,9,3,12,1020,1,2,1,1.0,6,54395,M,,,54
200900005309,9,3,5,1500,1,2,3,2.0,3,54395,M,,,54
200900005310,9,3,18,1655,1,2,3,1.0,3,54395,M,,,54
200900005311,9,3,10,1654,1,2,1,1.0,6,54280,M,,,54
200900005312,9,3,13,1645,1,2,1,1.0,6,54395,M,,,54
200900005313,9,3,2,1740,1,2,1,1.0,4,54526,M,,,54
200900005314,9,3,24,1020,1,2,3,1.0,3,54395,M,,,54
200900005315,9,3,18,2015,5,2,3,1.0,3,54578,M,,,54
200900005316,9,3,26,2000,5,2,2,3.0,6,54395,M,,,54
200900005317,9,3,10,2018,5,2,2,2.0,6,54395,M,,,54
200900005318,9,3,3,820,1,2,1,1.0,2,54395,M,,,54
200900005319,9,3,16,1415,1,1,1,1.0,7,54025,M,,,54
200900005320,9,3,24,2005,2,2,3,1.0,1,54304,M,4.0,0,54
200900005321,9,3,10,1345,1,2,1,1.0,3,54395,M,,,54
200900005322,9,3,18,1345,1,2,1,1.0,6,54304,M,,,54
200900005323,9,3,31,1735,1,2,1,1.0,4,54395,M,,,54
200900005324,9,3,14,2035,5,2,2,2.0,3,54395,M,,,54
200900005325,9,3,25,1920,5,2,1,3.0,6,54395,M,,,54
200900005326,9,3,19,1910,5,2,2,1.0,3,54547,M,,,54
200900005327,9,3,3,1235,1,1,1,1.0,3,54025,M,,,54
200900005328,9,3,1,1930,3,1,1,1.0,1,54144,M,4.0,0,54
200900005329,9,3,12,1830,3,1,1,8.0,6,54156,M,0.0,0,54
200900005330,9,3,28,1845,1,2,1,1.0,1,54120,M,4.0,0,54
200900005331,9,3,31,1530,1,1,1,1.0,6,54540,M,4.0,0,54
200900005332,9,2,27,1406,1,2,3,1.0,3,87065,M,,,87
200900005333,9,3,25,1152,1,2,1,1.0,3,83061,M,,,83
200900005334,9,3,26,747,1,2,1,1.0,2,83061,M,,,83
200900005335,9,3,9,1340,1,2,1,7.0,3,83144,M,,,83
200900005336,9,3,5,700,2,2,3,1.0,3,83137,M,,,83
200900005337,9,3,10,930,1,2,1,1.0,6,83137,M,,,83
200900005338,9,3,23,1530,1,1,3,1.0,3,83126,M,,,83
200900005339,9,3,5,1110,1,2,1,1.0,6,83129,M,,,83
200900005340,9,3,2,1005,1,2,1,1.0,6,83061,M,,,83
200900005341,9,3,3,1355,1,2,1,1.0,4,83137,M,,,83
200900005342,9,3,19,810,1,2,1,1.0,6,83137,M,,,83
200900005343,9,3,10,1700,1,2,1,1.0,2,83129,M,,,83
200900005344,9,3,26,1040,1,2,1,1.0,6,83137,M,,,83
200900005345,9,3,31,1440,1,2,1,1.0,4,83137,M,,,83
200900005346,9,3,10,825,1,2,1,1.0,6,83137,M,,,83
200900005347,9,3,21,1710,1,2,3,1.0,3,83144,M,,,83
200900005348,9,3,16,930,1,2,6,1.0,3,83090,M,,,83
200900005349,9,3,3,1110,1,2,2,1.0,1,83126,M,,,83
200900005350,9,3,31,1415,1,2,1,2.0,3,83126,M,,,83
200900005351,9,3,7,1940,3,1,1,1.0,1,83126,M,,,83
200900005352,9,3,26,1545,1,2,1,1.0,6,83137,M,,,83
200900005353,9,3,15,455,5,2,1,1.0,6,83137,M,,,83
200900005354,9,3,18,1540,1,1,1,1.0,6,83090,M,,,83
200900005355,9,3,28,1010,1,2,1,8.0,6,83137,M,,,83
200900005356,9,3,30,2155,5,2,2,1.0,3,83137,M,,,83
200900005357,9,3,9,1810,1,2,4,1.0,1,83137,M,,,83
200900005358,9,3,9,1130,1,2,1,1.0,1,83137,M,,,83
200900005359,9,3,3,800,1,2,1,1.0,3,83126,M,,,83
200900005360,9,3,3,1905,5,2,1,1.0,1,83137,M,,,83
200900005361,9,3,14,1510,1,1,1,1.0,1,83009,M,,,83
200900005362,9,3,6,2035,5,2,1,1.0,3,83126,M,,,83
200900005363,9,3,7,1515,1,1,1,1.0,3,83069,M,,,83
200900005364,9,3,8,1930,5,1,1,1.0,3,83090,M,,,83
200900005365,9,3,9,1925,5,2,2,1.0,3,83137,M,,,83
200900005366,9,3,7,1930,5,2,1,1.0,3,83137,M,,,83
200900005367,9,3,27,1700,1,2,1,1.0,2,83137,M,,,83
200900005368,9,3,10,1100,1,1,1,1.0,2,83069,M,,,83
200900005369,9,3,10,1710,1,1,1,1.0,3,83050,M,,,83
200900005370,9,3,13,2030,3,1,1,1.0,6,83061,M,,,83
200900005371,9,3,16,835,1,1,1,1.0,1,83069,M,,,83
200900005372,9,3,27,850,1,1,1,1.0,6,83129,M,,,83
200900005373,9,3,16,1518,1,1,1,1.0,3,83126,M,,,83
200900005374,9,3,24,750,1,1,1,1.0,7,83050,M,,,83
200900005375,9,3,28,1128,1,2,1,1.0,3,83129,M,,,83
200900005376,9,3,28,2010,5,2,2,3.0,6,83137,M,,,83
200900005377,9,3,31,1530,1,2,3,2.0,6,83137,M,,,83
200900005378,9,3,13,1735,1,2,1,1.0,7,83061,M,,,83
200900005379,9,3,6,1715,1,1,1,1.0,6,83127,M,0.0,0,83
200900005380,9,3,12,1445,1,1,1,1.0,1,83035,M,0.0,0,83
200900005381,9,3,22,1400,1,1,9,1.0,1,83152,M,0.0,0,83
200900005382,9,3,3,2030,3,1,1,1.0,1,83138,M,0.0,0,83
200900005383,9,3,23,1730,1,2,1,1.0,2,83068,M,0.0,0,83
200900005384,9,3,20,900,1,1,1,1.0,2,83150,M,0.0,0,83
200900005385,9,3,28,1000,1,2,1,2.0,1,83077,M,4.0,0,83
200900005386,9,3,13,1700,1,1,1,1.0,3,83142,M,0.0,0,83
200900005387,9,3,6,1400,1,1,1,1.0,6,83054,M,4.0,0,83
200900005388,9,3,8,430,3,1,1,1.0,6,83056,M,4.0,0,83
200900005389,9,3,4,1945,5,2,1,3.0,6,83107,M,0.0,0,83
200900005390,9,3,4,1215,1,1,1,2.0,1,83004,M,4.0,0,83
200900005391,9,3,15,1045,1,1,1,1.0,6,83003,M,0.0,0,83
200900005392,9,3,27,745,1,1,1,1.0,7,83042,M,4.0,0,83
200900005393,9,3,15,845,1,1,1,1.0,6,83061,M,0.0,0,83
200900005394,9,3,14,2015,5,2,1,1.0,1,83023,M,0.0,0,83
200900005395,9,3,27,1845,3,1,1,1.0,7,83063,M,4.0,0,83
200900005396,9,3,7,1830,2,1,1,1.0,2,83081,M,0.0,0,83
200900005397,9,3,11,1545,1,2,4,1.0,3,83073,M,0.0,0,83
200900005398,9,3,13,1430,1,2,2,1.0,6,83073,M,4.0,0,83
200900005399,9,3,8,1515,1,1,1,1.0,1,83115,M,4.0,0,83
200900005400,9,3,5,2030,3,1,1,2.0,3,83148,M,0.0,0,83
200900005401,9,3,7,1115,1,1,1,1.0,3,83077,M,0.0,0,83
200900005402,9,3,12,1200,1,1,1,1.0,1,83140,M,0.0,0,83
200900005403,9,3,9,845,1,2,1,1.0,1,83053,M,0.0,0,83
200900005404,9,3,20,2015,3,1,1,1.0,6,83104,M,0.0,0,83
200900005405,9,3,20,2315,5,1,9,1.0,6,83068,M,4.0,0,83
200900005406,9,3,28,1500,1,1,1,1.0,3,83148,M,0.0,0,83
200900005407,9,3,15,830,1,1,1,1.0,3,83035,M,0.0,0,83
200900005408,9,3,15,1600,1,1,1,1.0,1,83070,M,0.0,0,83
200900005409,9,3,15,1915,5,2,1,1.0,1,83054,M,0.0,0,83
200900005410,9,3,15,1445,1,1,1,1.0,1,83089,M,0.0,0,83
200900005411,9,3,16,1745,1,1,3,1.0,1,83057,M,4.0,0,83
200900005412,9,3,20,845,1,1,6,1.0,2,83107,M,0.0,0,83
200900005413,9,3,23,1600,1,1,1,1.0,3,83023,M,0.0,0,83
200900005414,9,3,26,1430,1,2,1,1.0,3,83116,M,4.0,0,83
200900005415,9,3,27,2115,3,1,1,1.0,6,83154,M,0.0,0,83
200900005416,9,1,2,1050,1,1,3,1.0,1,23104,M,0.0,0,23
200900005417,9,1,10,1845,3,1,1,1.0,1,23154,M,4.0,0,23
200900005418,9,1,14,1330,1,2,1,8.0,7,23075,M,4.0,0,23
200900005419,9,1,24,1115,1,1,2,3.0,3,23075,M,4.0,0,23
200900005420,9,1,23,1915,3,1,1,1.0,6,23149,M,0.0,0,23