Num_Acc,an,mois,jour,hrmn,lum,agg,int,atm,col,com,gps,lat,long,dep
200900005421,9,1,19,755,2,2,1,3.0,6,23096,M,,,23
200900005422,9,2,27,355,5,2,2,1.0,7,23096,M,,,23
200900005423,9,2,18,1530,1,2,1,1.0,1,23021,M,4.0,0,23
200900005424,9,2,3,730,2,2,1,2.0,3,23096,M,,,23
200900005425,9,3,20,1535,1,1,3,1.0,3,23169,M,4.0,0,23
200900005426,9,3,30,730,1,1,1,1.0,6,23079,M,4.0,0,23
200900005427,9,3,4,815,1,1,1,4.0,1,23224,M,4.0,0,23
200900005428,9,2,6,1415,1,2,1,1.0,3,66144,M,4.0,0,66
200900005429,9,2,9,1415,1,1,1,1.0,1,66210,M,0.0,0,66
200900005430,9,2,22,1530,1,1,1,1.0,1,66218,M,0.0,0,66
200900005431,9,2,13,2130,3,1,1,6.0,2,66176,M,0.0,0,66
200900005432,9,2,7,1045,1,1,1,1.0,1,66230,M,0.0,0,66
200900005433,9,2,7,645,2,1,1,4.0,6,66146,M,0.0,0,66
200900005434,9,2,28,1745,1,1,1,1.0,1,66105,M,4.0,0,66
200900005435,9,2,22,800,1,1,1,1.0,1,66034,M,4.0,0,66
200900005436,9,2,4,1645,1,2,1,7.0,6,66014,M,4.0,0,66
200900005437,9,2,27,1645,1,2,1,1.0,2,66172,M,0.0,0,66
200900005438,9,2,7,100,5,1,6,6.0,7,66226,M,0.0,0,66
200900005439,9,2,14,1915,3,1,1,1.0,1,66088,M,4.0,0,66
200900005440,9,2,11,1430,1,1,1,4.0,1,66067,M,0.0,0,66
200900005441,9,2,20,1245,1,2,1,1.0,6,66078,M,0.0,0,66
200900005442,9,2,21,200,3,1,1,1.0,6,66037,M,0.0,0,66
200900005443,9,2,26,1815,1,2,1,1.0,1,66124,M,0.0,0,66
200900005444,9,2,28,1845,3,1,1,1.0,3,66137,M,0.0,0,66
200900005445,9,2,6,1736,1,2,1,1.0,3,66136,M,4.0,0,66
200900005446,9,2,13,2130,3,1,1,1.0,6,66136,M,,,66
200900005447,9,2,13,1630,1,2,1,1.0,6,66136,M,,,66
200900005448,9,2,14,1645,1,2,1,1.0,6,66136,M,,,66
200900005449,9,2,15,1545,1,2,1,1.0,7,66136,M,,,66
200900005450,9,2,9,1400,1,1,1,1.0,2,66136,M,4.0,0,66
200900005451,9,2,24,815,1,2,1,1.0,6,66136,M,,,66
200900005452,9,2,20,1015,1,2,1,1.0,6,66136,M,,,66
200900005453,9,2,16,1820,2,2,3,1.0,3,66136,M,,,66
200900005454,9,5,25,500,5,2,5,1.0,6,75102,M,,,75
200900005455,9,5,25,733,1,2,1,1.0,1,75112,M,,,75
200900005456,9,5,25,930,1,2,3,1.0,3,75118,M,,,75
200900005457,9,5,25,948,1,2,2,1.0,3,75111,M,,,75
200900005458,9,5,25,1230,1,2,1,1.0,6,75106,M,,,75
200900005459,9,5,25,1310,1,2,1,1.0,3,75107,M,,,75
200900005460,9,5,25,1420,1,2,3,1.0,4,75117,M,,,75
200900005461,9,5,25,1510,1,2,1,1.0,6,75116,M,,,75
200900005462,9,5,25,1530,1,2,1,1.0,3,75114,M,,,75
200900005463,9,5,25,1549,1,2,1,1.0,6,75103,M,,,75
200900005464,9,5,25,1710,1,2,5,1.0,6,75112,M,,,75
200900005465,9,5,25,1725,1,2,1,1.0,6,75119,M,,,75
200900005466,9,5,25,1820,1,2,1,1.0,3,75109,M,,,75
200900005467,9,5,25,1850,1,2,1,1.0,2,75116,M,,,75
200900005468,9,5,25,1900,1,2,5,1.0,3,75115,M,,,75
200900005469,9,5,25,1915,1,2,1,1.0,3,75116,M,,,75
200900005470,9,5,25,1920,1,2,5,1.0,3,75116,M,,,75
200900005471,9,5,25,2055,1,2,1,1.0,4,75111,M,,,75
200900005472,9,5,25,2210,5,2,1,1.0,2,75113,M,,,75
200900005473,9,5,26,101,5,2,3,2.0,6,75103,M,,,75
200900005474,9,5,26,115,5,2,1,2.0,6,75109,M,,,75
200900005475,9,5,26,304,5,2,2,1.0,6,75118,M,,,75
200900005476,9,5,26,747,1,2,1,1.0,6,75114,M,,,75
200900005477,9,5,26,840,1,2,1,1.0,2,75113,M,,,75
200900005478,9,5,26,940,1,2,2,8.0,3,75111,M,,,75
200900005479,9,5,26,1000,1,2,5,1.0,3,75116,M,,,75
200900005480,9,5,26,1035,1,2,5,1.0,3,75115,M,,,75
200900005481,9,5,26,1110,1,2,5,2.0,6,75118,M,,,75
200900005482,9,5,26,1245,1,2,3,2.0,7,75117,M,,,75
200900005483,9,5,26,1330,1,2,1,1.0,7,75105,M,,,75
200900005484,9,5,26,1355,1,2,1,2.0,6,75116,M,,,75
200900005485,9,5,26,1533,1,2,2,1.0,3,75115,M,,,75
200900005486,9,5,26,1550,1,2,2,1.0,3,75114,M,,,75
200900005487,9,5,26,1638,1,2,1,1.0,3,75112,M,,,75
200900005488,9,5,26,1700,1,2,5,1.0,2,75119,M,,,75
200900005489,9,5,26,1715,1,2,2,1.0,2,75113,M,,,75
200900005490,9,5,26,1735,1,2,5,1.0,3,75111,M,,,75
200900005491,9,5,26,1820,1,2,5,8.0,7,75120,M,,,75
200900005492,9,5,26,1915,1,2,1,1.0,6,75105,M,,,75
200900005493,9,5,26,2005,1,2,1,1.0,3,75116,M,,,75
200900005494,9,5,26,2015,1,2,4,1.0,2,75112,M,,,75
200900005495,9,5,26,2103,2,2,2,1.0,6,75117,M,,,75
200900005496,9,5,26,2355,5,2,3,1.0,3,75117,M,,,75
200900005497,9,5,27,1640,1,2,3,1.0,6,75115,M,,,75
200900005498,9,5,27,300,5,2,5,1.0,7,75110,M,,,75
200900005499,9,5,27,730,1,2,1,1.0,6,75114,M,,,75
200900005500,9,5,27,800,1,2,2,1.0,3,75115,M,,,75
200900005501,9,5,27,810,1,2,2,1.0,6,75115,M,,,75
200900005502,9,5,27,1020,1,2,1,1.0,6,75117,M,,,75
200900005503,9,5,27,1100,1,2,1,1.0,6,75106,M,,,75
200900005504,9,5,27,1230,1,2,2,1.0,6,75117,M,,,75
200900005505,9,5,27,1320,1,2,1,1.0,3,75111,M,,,75
200900005506,9,5,27,1350,1,2,2,1.0,3,75111,M,,,75
200900005507,9,5,27,1430,1,2,1,8.0,3,75104,M,,,75
200900005508,9,5,27,1455,1,2,2,1.0,4,75107,M,,,75
200900005509,9,5,27,1505,1,2,2,1.0,3,75118,M,,,75
200900005510,9,5,27,1600,1,2,1,1.0,6,75101,M,,,75
200900005511,9,5,27,1620,1,2,1,1.0,6,75113,M,,,75
200900005512,9,5,27,1725,1,2,1,1.0,3,75112,M,,,75
200900005513,9,5,27,1740,1,2,2,1.0,6,75111,M,,,75
200900005514,9,5,27,1800,1,2,2,1.0,6,75103,M,,,75
200900005515,9,5,27,1815,1,2,1,1.0,2,75103,M,,,75
200900005516,9,5,27,1815,1,2,5,1.0,7,75102,M,,,75
200900005517,9,5,27,2015,1,2,1,1.0,6,75113,M,,,75
200900005518,9,5,30,125,5,2,2,1.0,3,75104,M,,,75
200900005519,9,5,30,155,5,2,1,1.0,6,75109,M,,,75
200900005520,9,5,30,350,5,2,2,1.0,3,75105,M,,,75
200900005521,9,5,30,435,5,2,1,1.0,6,75112,M,,,75
200900005522,9,5,30,500,2,2,2,1.0,3,75112,M,,,75
200900005523,9,5,30,600,1,2,5,1.0,7,75116,M,,,75
200900005524,9,5,30,940,1,2,1,1.0,6,75103,M,,,75
200900005525,9,5,30,1110,1,2,1,1.0,4,75116,M,,,75
200900005526,9,5,30,1110,1,2,2,6.0,6,75115,M,,,75
200900005527,9,5,30,1113,1,2,1,1.0,6,75114,M,,,75
200900005528,9,5,30,1150,1,2,2,1.0,6,75111,M,,,75
200900005529,9,5,30,1330,1,2,1,1.0,6,75109,M,,,75
200900005530,9,5,30,1445,1,2,1,1.0,5,75116,M,,,75
200900005531,9,5,30,1640,1,2,5,1.0,3,75103,M,,,75
200900005532,9,5,30,1750,1,2,1,1.0,3,75108,M,,,75
200900005533,9,5,30,1755,1,2,1,1.0,6,75119,M,,,75
200900005534,9,5,30,1930,1,2,1,1.0,6,75114,M,,,75
200900005535,9,5,30,2020,2,2,3,1.0,3,75114,M,,,75
200900005536,9,5,30,2055,2,2,1,1.0,6,75119,M,,,75
200900005537,9,5,30,2123,2,2,5,1.0,6,75110,M,,,75
200900005538,9,5,28,2000,1,2,3,1.0,3,75118,M,,,75
200900005539,9,5,28,118,5,2,2,2.0,2,75120,M,,,75
200900005540,9,5,28,813,1,2,1,1.0,4,75114,M,,,75
200900005541,9,5,28,912,1,2,2,1.0,4,75106,M,,,75
200900005542,9,5,28,940,1,2,1,1.0,2,75105,M,,,75
200900005543,9,5,28,1003,1,2,3,8.0,1,75104,M,,,75
200900005544,9,5,28,1025,1,2,1,1.0,1,75107,M,,,75
200900005545,9,5,28,1200,1,2,1,1.0,6,75110,M,,,75
200900005546,9,5,28,1250,1,2,2,1.0,4,75108,M,,,75
200900005547,9,5,28,1305,1,2,2,1.0,6,75115,M,,,75
200900005548,9,5,28,1330,1,2,2,1.0,2,75107,M,,,75
200900005549,9,5,28,1340,1,2,2,1.0,6,75120,M,,,75
200900005550,9,5,28,1410,1,2,1,1.0,7,75105,M,,,75
200900005551,9,5,28,1430,1,2,3,1.0,3,75118,M,,,75
200900005552,9,5,28,1525,1,2,2,1.0,6,75118,M,,,75
200900005553,9,5,28,1700,1,2,1,1.0,2,75118,M,,,75
200900005554,9,5,28,1750,1,2,2,1.0,7,75117,M,,,75
200900005555,9,5,28,1800,1,2,7,8.0,6,75119,M,,,75
200900005556,9,5,28,1815,1,2,1,1.0,6,75118,M,,,75
200900005557,9,5,28,1845,5,2,1,1.0,2,75116,M,,,75
200900005558,9,5,28,1950,1,2,1,1.0,2,75120,M,,,75
200900005559,9,5,28,2005,1,2,1,8.0,2,75105,M,,,75
200900005560,9,5,28,2050,2,2,2,1.0,3,75118,M,,,75
200900005561,9,5,28,2200,5,2,2,8.0,2,75115,M,,,75
200900005562,9,5,28,2210,5,2,6,1.0,6,75111,M,,,75
200900005563,9,5,28,2345,5,2,2,1.0,6,75119,M,,,75
200900005564,9,5,15,5,3,2,2,2.0,6,75110,M,,,75
200900005565,9,5,15,5,5,2,2,8.0,2,75116,M,,,75
200900005566,9,5,15,42,5,2,4,1.0,7,75119,M,,,75
200900005567,9,5,15,115,5,2,2,2.0,7,75120,M,,,75
200900005568,9,5,15,755,1,2,1,1.0,2,75120,M,,,75
200900005569,9,5,15,805,1,2,1,1.0,3,75110,M,,,75
200900005570,9,5,15,955,1,2,1,1.0,6,75108,M,,,75
200900005571,9,5,15,1040,1,2,5,1.0,3,75113,M,,,75
200900005572,9,5,15,1045,1,2,5,8.0,3,75111,M,,,75
200900005573,9,5,15,1050,1,2,2,1.0,3,75111,M,,,75
200900005574,9,5,15,1115,1,2,3,1.0,6,75105,M,,,75
200900005575,9,5,15,1125,1,2,2,8.0,3,75107,M,,,75
200900005576,9,5,15,1410,1,2,1,2.0,2,75111,M,,,75
200900005577,9,5,15,1420,1,2,2,1.0,3,75118,M,,,75
200900005578,9,5,15,1450,1,2,1,1.0,2,75110,M,,,75
200900005579,9,5,15,1515,1,2,1,8.0,7,75107,M,,,75
200900005580,9,5,15,1515,1,2,3,2.0,3,75119,M,,,75
200900005581,9,5,15,1600,1,2,2,1.0,6,75107,M,,,75
200900005582,9,5,15,1600,1,2,1,1.0,4,75112,M,,,75
200900005583,9,5,15,1612,1,2,1,2.0,7,75112,M,,,75
200900005584,9,5,15,1615,1,2,5,2.0,6,75117,M,,,75
200900005585,9,5,15,1630,1,2,1,1.0,7,75115,M,,,75
200900005586,9,5,15,1740,1,2,5,8.0,7,75115,M,,,75
200900005587,9,5,15,1800,1,2,3,1.0,3,75105,M,,,75
200900005588,9,5,15,1945,2,2,3,1.0,6,75113,M,,,75
200900005589,9,5,15,2205,5,2,2,1.0,6,75110,M,,,75
200900005590,9,5,15,2210,5,2,3,1.0,2,75117,M,,,75
200900005591,9,5,15,2215,5,2,1,1.0,2,75105,M,,,75
200900005592,9,5,15,2220,5,2,5,1.0,3,75108,M,,,75
200900005593,9,5,15,2312,5,2,1,1.0,3,75111,M,,,75
200900005594,9,5,14,1215,1,2,3,2.0,6,75119,M,,,75
200900005595,9,5,14,1,5,2,1,1.0,6,75113,M,,,75
200900005596,9,5,14,850,1,2,1,1.0,7,75112,M,,,75
200900005597,9,5,14,900,1,2,3,2.0,3,75113,M,,,75
200900005598,9,5,14,920,1,2,1,2.0,3,75116,M,,,75
200900005599,9,5,14,955,1,2,2,2.0,7,75102,M,,,75
200900005600,9,5,14,1100,1,2,3,3.0,7,75118,M,,,75
200900005601,9,5,14,1230,1,2,2,2.0,3,75106,M,,,75
200900005602,9,5,14,1235,1,2,1,2.0,3,75112,M,,,75
200900005603,9,5,14,1250,1,2,1,2.0,6,75101,M,,,75
200900005604,9,5,14,1310,1,2,2,1.0,3,75104,M,,,75
200900005605,9,5,14,1405,1,2,3,1.0,6,75114,M,,,75
200900005606,9,5,14,1725,1,2,1,1.0,6,75108,M,,,75
200900005607,9,5,14,1745,1,2,2,2.0,7,75108,M,,,75
200900005608,9,5,14,1820,2,2,3,2.0,3,75105,M,,,75
200900005609,9,5,14,1835,1,2,1,2.0,7,75111,M,,,75
200900005610,9,5,14,1849,1,2,2,2.0,6,75106,M,,,75
200900005611,9,5,14,1915,1,2,1,1.0,4,75118,M,,,75
200900005612,9,5,14,1940,1,2,2,2.0,3,75111,M,,,75
200900005613,9,5,14,1945,1,2,4,1.0,6,75117,M,,,75
200900005614,9,5,14,1955,1,2,1,2.0,1,75110,M,,,75
200900005615,9,5,14,2030,5,2,5,3.0,2,75117,M,,,75
200900005616,9,5,14,2215,5,2,3,9.0,1,75103,M,,,75
200900005617,9,5,14,2240,5,2,2,8.0,6,75109,M,,,75
200900005618,9,5,17,45,5,2,1,2.0,6,75114,M,,,75
200900005619,9,5,17,55,5,2,2,2.0,7,75117,M,,,75
200900005620,9,5,17,136,5,2,5,2.0,2,75120,M,,,75
200900005621,9,5,17,301,5,2,5,3.0,6,75108,M,,,75
200900005622,9,5,17,315,5,2,2,3.0,6,75101,M,,,75
200900005623,9,5,17,327,5,2,1,2.0,6,75112,M,,,75
200900005624,9,5,17,330,5,2,5,2.0,2,75117,M,,,75
200900005625,9,5,17,510,5,2,5,2.0,2,75111,M,,,75
200900005626,9,5,17,515,2,2,5,2.0,6,75106,M,,,75
200900005627,9,5,17,720,1,2,1,2.0,6,75116,M,,,75
200900005628,9,5,17,735,1,2,1,2.0,2,75118,M,,,75
200900005629,9,5,17,1005,1,2,2,8.0,3,75107,M,,,75
200900005630,9,5,17,1005,1,2,1,2.0,6,75112,M,,,75
200900005631,9,5,17,1110,1,2,3,8.0,6,75104,M,,,75
200900005632,9,5,17,1315,1,2,1,2.0,6,75118,M,,,75
200900005633,9,5,17,1320,1,2,3,2.0,6,75119,M,,,75
200900005634,9,5,17,1430,1,2,1,2.0,2,75113,M,,,75
200900005635,9,5,17,1445,1,2,1,1.0,6,75116,M,,,75
200900005636,9,5,17,1500,1,2,2,2.0,3,75113,M,,,75
200900005637,9,5,17,1515,1,2,1,2.0,2,75118,M,,,75
200900005638,9,5,17,1710,1,2,2,1.0,6,75120,M,,,75
200900005639,9,5,17,1831,1,2,1,1.0,1,75110,M,,,75
200900005640,9,5,17,1900,1,2,3,1.0,6,75104,M,,,75
200900005641,9,5,17,1955,1,2,2,1.0,3,75118,M,,,75
200900005642,9,5,17,2007,1,2,1,1.0,6,75117,M,,,75
200900005643,9,5,17,2045,2,2,1,1.0,7,75112,M,,,75
200900005644,9,5,18,240,5,2,5,1.0,6,75120,M,,,75
200900005645,9,5,18,855,1,2,1,1.0,6,75112,M,,,75
200900005646,9,5,18,910,1,2,2,1.0,3,75112,M,,,75
200900005647,9,5,18,930,1,2,1,1.0,2,75111,M,,,75
200900005648,9,5,18,935,1,2,2,1.0,6,75118,M,,,75
200900005649,9,5,18,1002,1,2,1,1.0,6,75112,M,,,75
200900005650,9,5,18,1015,1,2,1,1.0,6,75111,M,,,75
200900005651,9,5,18,1050,1,2,1,1.0,3,75119,M,,,75
200900005652,9,5,18,1053,1,2,1,1.0,6,75119,M,,,75
200900005653,9,5,18,1130,1,2,2,8.0,3,75118,M,,,75
200900005654,9,5,18,1137,1,2,1,1.0,6,75119,M,,,75
200900005655,9,5,18,1235,1,2,5,1.0,3,75103,M,,,75
200900005656,9,5,18,1249,1,2,2,1.0,3,75103,M,,,75
200900005657,9,5,18,1325,1,2,2,1.0,6,75105,M,,,75
200900005658,9,5,18,1410,1,2,2,1.0,3,75113,M,,,75
200900005659,9,5,18,1440,1,2,5,1.0,3,75108,M,,,75
200900005660,9,5,18,1505,1,2,2,1.0,3,75114,M,,,75
200900005661,9,5,18,1510,1,2,2,1.0,7,75118,M,,,75
200900005662,9,5,18,1608,1,2,2,1.0,6,75113,M,,,75
200900005663,9,5,18,1725,1,2,1,1.0,4,75112,M,,,75
200900005664,9,5,18,1725,1,2,1,1.0,6,75110,M,,,75
200900005665,9,5,18,1810,1,2,1,1.0,3,75117,M,,,75
200900005666,9,5,18,1850,1,2,5,1.0,3,75109,M,,,75
200900005667,9,5,18,2010,1,2,1,1.0,3,75114,M,,,75
200900005668,9,5,18,2325,5,2,2,1.0,7,75107,M,,,75
200900005669,9,5,19,705,1,2,3,1.0,6,75120,M,,,75
200900005670,9,5,19,835,1,2,2,1.0,6,75102,M,,,75
200900005671,9,5,19,905,1,2,1,1.0,2,75110,M,,,75
200900005672,9,5,19,915,1,2,2,1.0,6,75117,M,,,75
200900005673,9,5,19,930,1,2,3,1.0,7,75102,M,,,75
200900005674,9,5,19,935,1,2,1,1.0,6,75112,M,,,75
200900005675,9,5,19,950,1,2,1,1.0,3,75114,M,,,75
200900005676,9,5,19,1033,1,2,2,1.0,3,75103,M,,,75
200900005677,9,5,19,1305,1,2,1,1.0,6,75109,M,,,75
200900005678,9,5,19,1335,1,2,4,1.0,3,75112,M,,,75
200900005679,9,5,19,1350,1,2,1,1.0,6,75120,M,,,75
200900005680,9,5,19,1420,1,2,1,1.0,3,75112,M,,,75
200900005681,9,5,19,1500,1,2,1,1.0,6,75119,M,,,75
200900005682,9,5,19,1620,1,2,1,1.0,6,75111,M,,,75
200900005683,9,5,19,1705,1,2,2,1.0,6,75120,M,,,75
200900005684,9,5,19,1850,1,2,2,1.0,3,75110,M,,,75
200900005685,9,5,19,1910,1,2,1,1.0,5,75112,M,,,75
200900005686,9,5,19,2100,5,2,1,1.0,6,75113,M,,,75
200900005687,9,5,19,2258,5,2,1,1.0,6,75118,M,,,75
200900005688,9,5,19,2345,5,2,1,1.0,3,75113,M,,,75
200900005689,9,5,16,50,5,2,1,1.0,6,75104,M,,,75
200900005690,9,5,16,204,5,2,1,1.0,1,75108,M,,,75
200900005691,9,5,16,228,5,2,1,1.0,7,75106,M,,,75
200900005692,9,5,16,640,1,2,1,1.0,6,75114,M,,,75
200900005693,9,5,16,655,2,2,1,1.0,6,75116,M,,,75
200900005694,9,5,16,715,1,2,1,1.0,6,75115,M,,,75
200900005695,9,5,16,820,1,2,1,1.0,3,75112,M,,,75
200900005696,9,5,16,1032,1,2,1,1.0,6,75109,M,,,75
200900005697,9,5,16,1445,1,2,1,1.0,3,75116,M,,,75
200900005698,9,5,16,1540,1,2,1,1.0,3,75119,M,,,75
200900005699,9,5,16,1600,1,2,3,2.0,3,75117,M,,,75
200900005700,9,5,16,1645,1,2,5,2.0,3,75112,M,,,75
200900005701,9,5,16,1715,1,2,1,1.0,3,75110,M,,,75
200900005702,9,5,16,1715,1,2,1,2.0,2,75120,M,,,75
200900005703,9,5,16,1715,1,2,3,2.0,6,75101,M,,,75
200900005704,9,5,16,1750,1,2,1,2.0,7,75113,M,,,75
200900005705,9,5,16,1820,1,2,1,1.0,6,75120,M,,,75
200900005706,9,5,16,2000,1,2,1,1.0,3,75113,M,,,75
200900005707,9,5,16,2200,5,2,2,2.0,6,75108,M,,,75
200900005708,9,5,16,2205,5,2,1,2.0,2,75113,M,,,75
200900005709,9,5,21,115,5,2,2,1.0,3,75101,M,,,75
200900005710,9,5,21,240,5,2,5,1.0,3,75116,M,,,75
200900005711,9,5,21,255,5,2,2,1.0,3,75116,M,,,75
200900005712,9,5,21,1205,1,2,3,1.0,2,75101,M,,,75
200900005713,9,5,21,1230,1,2,1,1.0,4,75108,M,,,75
200900005714,9,5,21,1640,1,2,1,8.0,6,75112,M,,,75
200900005715,9,5,21,1800,1,2,1,1.0,6,75111,M,,,75
200900005716,9,5,21,1820,1,2,1,1.0,6,75120,M,,,75
200900005717,9,5,21,1850,1,2,1,1.0,6,75119,M,,,75
200900005718,9,5,21,1900,1,2,1,1.0,6,75119,M,,,75
200900005719,9,5,21,1920,1,2,1,1.0,6,75102,M,,,75
200900005720,9,5,24,30,5,2,1,1.0,6,75117,M,,,75
200900005721,9,5,24,130,5,2,1,1.0,6,75118,M,,,75
200900005722,9,5,24,435,5,2,2,1.0,3,75111,M,,,75
200900005723,9,5,24,1300,1,2,1,1.0,4,75113,M,,,75
200900005724,9,5,24,1310,1,2,1,1.0,6,75107,M,,,75
200900005725,9,5,24,1430,1,2,1,1.0,2,75115,M,,,75
200900005726,9,5,24,1440,1,2,1,1.0,2,75118,M,,,75
200900005727,9,5,24,1440,1,2,1,1.0,3,75112,M,,,75
200900005728,9,5,24,1600,1,2,2,1.0,3,75120,M,,,75
200900005729,9,5,24,1700,1,2,2,1.0,2,75113,M,,,75
200900005730,9,5,24,1800,1,2,1,1.0,3,75116,M,,,75
200900005731,9,5,24,2020,1,2,1,1.0,1,75107,M,,,75
200900005732,9,5,23,115,5,2,2,1.0,3,75116,M,,,75
200900005733,9,5,23,540,1,2,3,1.0,2,75107,M,,,75
200900005734,9,5,23,600,2,2,3,1.0,6,75118,M,,,75
200900005735,9,5,23,925,1,2,1,1.0,6,75107,M,,,75
200900005736,9,5,23,1130,1,2,1,1.0,4,75114,M,,,75
200900005737,9,5,23,1200,1,2,5,1.0,6,75110,M,,,75
200900005738,9,5,23,1250,1,2,1,1.0,4,75110,M,,,75
200900005739,9,5,23,1935,1,2,1,1.0,2,75110,M,,,75
200900005740,9,5,23,2025,2,2,5,1.0,6,75116,M,,,75
200900005741,9,5,23,2140,5,2,1,1.0,3,75111,M,,,75
200900005742,9,5,23,2330,5,2,1,1.0,3,75116,M,,,75
200900005743,9,5,31,200,5,2,1,1.0,7,75114,M,,,75
200900005744,9,5,31,225,5,2,1,1.0,4,75118,M,,,75
200900005745,9,5,31,330,5,2,1,1.0,6,75120,M,,,75
200900005746,9,5,31,515,2,2,1,1.0,7,75116,M,,,75
200900005747,9,5,31,615,1,2,2,1.0,7,75115,M,,,75
200900005748,9,5,31,650,1,2,5,1.0,6,75120,M,,,75
200900005749,9,5,31,1300,1,2,1,1.0,2,75115,M,,,75
200900005750,9,5,31,1445,1,2,1,1.0,3,75113,M,,,75
200900005751,9,5,31,1500,1,2,1,1.0,6,75120,M,,,75
200900005752,9,5,31,1630,1,2,1,1.0,3,75119,M,,,75
200900005753,9,5,31,1840,1,2,1,1.0,6,75115,M,,,75
200900005754,9,5,31,1900,1,2,1,1.0,6,75119,M,,,75
200900005755,9,5,31,1940,1,2,2,1.0,6,75119,M,,,75
200900005756,9,5,31,2155,5,2,1,1.0,6,75112,M,,,75
200900005757,9,5,31,2310,5,2,1,1.0,2,75110,M,,,75
200900005758,9,5,31,2340,5,2,2,1.0,3,75110,M,,,75
200900005759,9,5,29,1040,1,2,5,1.0,3,75116,M,,,75
200900005760,9,5,29,5,5,2,1,1.0,6,75108,M,,,75
200900005761,9,5,29,605,2,2,1,1.0,6,75112,M,,,75
200900005762,9,5,29,640,1,2,1,1.0,6,75109,M,,,75
200900005763,9,5,29,700,1,2,1,1.0,2,75117,M,,,75
200900005764,9,5,29,700,2,2,4,1.0,7,75106,M,,,75
200900005765,9,5,29,845,1,2,1,1.0,6,75112,M,,,75
200900005766,9,5,29,920,1,2,2,1.0,3,75118,M,,,75
200900005767,9,5,29,925,1,2,2,1.0,4,75116,M,,,75
200900005768,9,5,29,1720,1,2,2,1.0,6,75116,M,,,75
200900005769,9,5,29,1800,1,2,2,1.0,3,75113,M,,,75
200900005770,9,5,29,1810,1,2,1,7.0,3,75101,M,,,75
200900005771,9,5,29,1820,1,2,4,1.0,3,75114,M,,,75
200900005772,9,5,29,1825,1,2,2,1.0,2,75118,M,,,75
200900005773,9,5,29,1835,1,2,2,1.0,6,75105,M,,,75
200900005774,9,5,29,1900,1,2,2,1.0,6,75119,M,,,75
200900005775,9,5,29,1920,1,2,5,1.0,3,75117,M,,,75
200900005776,9,5,29,1935,1,2,1,1.0,6,75112,M,,,75
200900005777,9,5,29,2020,1,2,1,1.0,6,75116,M,,,75
200900005778,9,5,29,2045,1,2,1,1.0,6,75104,M,,,75
200900005779,9,5,29,2140,1,2,2,1.0,3,75113,M,,,75
200900005780,9,5,29,2355,5,2,1,1.0,1,75106,M,,,75
200900005781,9,5,29,1140,1,2,1,1.0,3,75120,M,,,75
200900005782,9,5,29,1145,1,2,1,1.0,3,75111,M,,,75
200900005783,9,5,29,1200,1,2,1,1.0,6,75110,M,,,75
200900005784,9,5,29,1200,1,2,3,1.0,6,75111,M,,,75
200900005785,9,5,29,1247,1,2,2,1.0,6,75115,M,,,75
200900005786,9,5,29,1345,1,2,1,1.0,4,75120,M,,,75
200900005787,9,5,29,1350,1,2,5,1.0,3,75116,M,,,75
200900005788,9,5,29,1415,1,2,1,1.0,4,75119,M,,,75
200900005789,9,5,29,1455,1,2,2,1.0,3,75111,M,,,75
200900005790,9,5,29,1500,1,2,3,1.0,2,75112,M,,,75
200900005791,9,5,29,1550,1,2,1,1.0,6,75113,M,,,75
200900005792,9,5,29,1555,1,2,1,1.0,6,75112,M,,,75
200900005793,9,5,29,1705,1,2,2,1.0,3,75111,M,,,75
200900005794,9,5,29,1715,1,2,1,1.0,3,75109,M,,,75
200900005795,9,5,29,1715,1,2,5,1.0,6,75108,M,,,75
200900005796,9,5,22,1450,1,2,1,1.0,2,75120,M,,,75
200900005797,9,5,22,10,5,2,1,1.0,6,75119,M,,,75
200900005798,9,5,22,715,1,2,2,1.0,6,75120,M,,,75
200900005799,9,5,22,1555,1,2,5,1.0,3,75108,M,,,75
200900005800,9,5,22,950,1,2,1,1.0,3,75111,M,,,75
200900005801,9,5,22,1250,1,2,2,1.0,2,75116,M,,,75
200900005802,9,5,22,1400,1,2,2,1.0,3,75101,M,,,75
200900005803,9,5,22,1400,1,2,2,1.0,6,75111,M,,,75
200900005804,9,5,22,1435,1,2,1,1.0,6,75119,M,,,75
200900005805,9,5,22,1515,1,2,2,1.0,6,75106,M,,,75
200900005806,9,5,22,1530,1,2,1,1.0,4,75112,M,,,75
200900005807,9,5,22,1555,1,2,5,1.0,6,75119,M,,,75
200900005808,9,5,22,1603,1,2,1,1.0,6,75114,M,,,75
200900005809,9,5,22,1610,1,2,1,1.0,2,75119,M,,,75
200900005810,9,5,22,1715,1,2,2,1.0,3,75112,M,,,75
200900005811,9,5,22,1750,1,2,1,1.0,2,75118,M,,,75
200900005812,9,5,22,1800,1,2,3,1.0,6,75108,M,,,75
200900005813,9,5,22,1850,1,2,3,1.0,3,75104,M,,,75
200900005814,9,5,22,2330,5,2,2,1.0,3,75107,M,,,75