Num_Acc,an,mois,jour,hrmn,lum,agg,int,atm,col,com,gps,lat,long,dep
200900005815,9,5,20,645,2,2,3,1.0,3,75108,M,,,75
200900005816,9,5,20,725,1,2,2,1.0,3,75110,M,,,75
200900005817,9,5,20,745,1,2,1,1.0,6,75116,M,,,75
200900005818,9,5,20,750,1,2,1,1.0,3,75118,M,,,75
200900005819,9,5,20,800,1,2,1,1.0,2,75120,M,,,75
200900005820,9,5,20,830,1,2,5,1.0,3,75114,M,,,75
200900005821,9,5,20,846,1,2,2,1.0,3,75108,M,,,75
200900005822,9,5,20,855,1,2,2,1.0,7,75111,M,,,75
200900005823,9,5,20,900,1,2,1,1.0,3,75116,M,,,75
200900005824,9,5,20,905,1,2,1,1.0,6,75117,M,,,75
200900005825,9,5,20,915,1,2,3,1.0,3,75120,M,,,75
200900005826,9,5,20,1135,1,2,1,1.0,3,75119,M,,,75
200900005827,9,5,20,1135,1,2,1,1.0,6,75112,M,,,75
200900005828,9,5,20,1208,1,2,4,1.0,6,75112,M,,,75
200900005829,9,5,20,1230,1,2,1,1.0,2,75116,M,,,75
200900005830,9,5,20,1315,1,2,1,1.0,2,75107,M,,,75
200900005831,9,5,20,1330,1,2,1,1.0,6,75117,M,,,75
200900005832,9,5,20,1454,1,2,2,7.0,6,75117,M,,,75
200900005833,9,5,20,1545,1,2,1,1.0,6,75113,M,,,75
200900005834,9,5,20,1555,1,2,1,1.0,6,75109,M,,,75
200900005835,9,5,20,1615,1,2,5,1.0,7,75116,M,,,75
200900005836,9,5,20,1615,1,2,3,1.0,3,75109,M,,,75
200900005837,9,5,20,1620,1,2,4,1.0,6,75105,M,,,75
200900005838,9,5,20,1640,1,2,1,1.0,7,75106,M,,,75
200900005839,9,5,20,1700,1,2,1,1.0,6,75119,M,,,75
200900005840,9,5,20,1705,1,2,1,1.0,6,75115,M,,,75
200900005841,9,5,20,1740,1,2,5,1.0,3,75119,M,,,75
200900005842,9,5,20,1740,1,2,2,1.0,3,75115,M,,,75
200900005843,9,5,20,1835,1,2,1,1.0,6,75110,M,,,75
200900005844,9,5,20,1850,1,2,2,1.0,7,75113,M,,,75
200900005845,9,5,20,1855,1,2,3,1.0,2,75112,M,,,75
200900005846,9,5,20,2010,1,2,1,1.0,6,75120,M,,,75
200900005847,9,5,20,2130,4,2,5,1.0,7,75111,M,,,75
200900005848,9,5,20,2200,5,2,2,1.0,3,75104,M,,,75
200900005849,9,5,20,2210,5,2,2,1.0,3,75116,M,,,75
200900005850,9,5,20,2215,5,2,1,1.0,3,75116,M,,,75
200900005851,9,5,20,2255,5,2,5,1.0,3,75105,M,,,75
200900005852,9,5,26,1730,1,2,3,1.0,6,75109,M,,,75
200900005853,9,5,28,1700,1,2,1,1.0,2,75114,M,,,75
200900005854,9,5,3,30,5,2,3,1.0,3,75106,M,,,75
200900005855,9,5,3,205,5,2,1,1.0,6,75117,M,,,75
200900005856,9,5,3,510,5,2,1,1.0,2,75117,M,,,75
200900005857,9,5,3,620,1,2,2,1.0,3,75103,M,,,75
200900005858,9,5,3,1045,1,2,2,1.0,3,75110,M,,,75
200900005859,9,5,3,1205,1,2,1,1.0,7,75117,M,,,75
200900005860,9,5,3,1255,1,2,5,1.0,3,75110,M,,,75
200900005861,9,5,3,1400,1,2,1,1.0,4,75116,M,,,75
200900005862,9,5,3,1435,1,2,2,1.0,6,75107,M,,,75
200900005863,9,5,3,1720,1,2,5,1.0,6,75115,M,,,75
200900005864,9,5,3,1900,1,2,2,1.0,6,75101,M,,,75
200900005865,9,5,3,1910,1,2,1,1.0,6,75116,M,,,75
200900005866,9,5,3,1930,1,2,1,1.0,3,75119,M,,,75
200900005867,9,5,3,1935,1,2,3,1.0,6,75119,M,,,75
200900005868,9,5,3,2000,1,2,1,1.0,3,75117,M,,,75
200900005869,9,5,3,2015,2,2,1,1.0,6,75112,M,,,75
200900005870,9,5,3,2055,2,2,3,1.0,3,75110,M,,,75
200900005871,9,5,3,2130,5,2,5,1.0,6,75120,M,,,75
200900005872,9,5,3,2205,5,2,1,1.0,7,75118,M,,,75
200900005873,9,5,3,2205,5,2,4,1.0,6,75115,M,,,75
200900005874,9,5,3,2250,5,2,4,1.0,6,75113,M,,,75
200900005875,9,5,6,110,5,2,4,1.0,6,75117,M,,,75
200900005876,9,5,6,125,5,2,5,1.0,6,75110,M,,,75
200900005877,9,5,6,135,5,2,3,1.0,6,75116,M,,,75
200900005878,9,5,6,755,1,2,1,1.0,3,75112,M,,,75
200900005879,9,5,6,845,1,2,2,1.0,2,75115,M,,,75
200900005880,9,5,6,1050,1,2,2,1.0,6,75108,M,,,75
200900005881,9,5,6,1225,1,2,3,1.0,6,75117,M,,,75
200900005882,9,5,6,1345,1,2,2,1.0,6,75120,M,,,75
200900005883,9,5,6,1400,2,2,1,1.0,3,75119,M,,,75
200900005884,9,5,6,1415,1,2,3,1.0,6,75118,M,,,75
200900005885,9,5,6,1500,1,2,1,1.0,3,75116,M,,,75
200900005886,9,5,6,1510,1,2,3,1.0,6,75120,M,,,75
200900005887,9,5,6,1540,1,2,1,1.0,3,75116,M,,,75
200900005888,9,5,6,1740,1,2,1,1.0,6,75116,M,,,75
200900005889,9,5,6,1750,1,2,2,1.0,6,75109,M,,,75
200900005890,9,5,6,1820,1,2,1,1.0,6,75104,M,,,75
200900005891,9,5,6,1920,1,2,2,1.0,3,75111,M,,,75
200900005892,9,5,6,1930,1,2,1,1.0,2,75116,M,,,75
200900005893,9,5,6,1930,1,2,1,1.0,7,75113,M,,,75
200900005894,9,5,6,1935,1,2,1,1.0,6,75118,M,,,75
200900005895,9,5,6,1935,1,2,1,1.0,6,75119,M,,,75
200900005896,9,5,6,2010,2,2,1,1.0,3,75114,M,,,75
200900005897,9,5,6,2245,5,2,1,1.0,4,75114,M,,,75
200900005898,9,5,2,10,5,2,5,1.0,3,75120,M,,,75
200900005899,9,5,2,205,5,2,3,1.0,6,75116,M,,,75
200900005900,9,5,2,1100,1,2,1,1.0,6,75118,M,,,75
200900005901,9,5,2,1130,1,2,5,1.0,3,75117,M,,,75
200900005902,9,5,2,1130,1,2,5,1.0,3,75110,M,,,75
200900005903,9,5,2,1150,1,2,1,1.0,3,75116,M,,,75
200900005904,9,5,2,1240,1,2,5,1.0,7,75112,M,,,75
200900005905,9,5,2,1345,1,2,2,1.0,3,75116,M,,,75
200900005906,9,5,2,1410,1,2,1,1.0,6,75118,M,,,75
200900005907,9,5,2,1425,1,2,2,1.0,2,75108,M,,,75
200900005908,9,5,2,1520,1,2,5,1.0,3,75118,M,,,75
200900005909,9,5,2,1555,1,2,1,1.0,6,75118,M,,,75
200900005910,9,5,2,1700,1,2,1,1.0,3,75112,M,,,75
200900005911,9,5,2,1750,1,2,2,1.0,3,75117,M,,,75
200900005912,9,5,1,227,5,2,1,1.0,1,75118,M,,,75
200900005913,9,5,1,1715,1,2,4,1.0,3,75117,M,,,75
200900005914,9,5,1,30,5,2,2,1.0,6,75115,M,,,75
200900005915,9,5,1,130,5,2,2,1.0,3,75117,M,,,75
200900005916,9,5,1,140,5,2,2,1.0,6,75118,M,,,75
200900005917,9,5,1,200,5,2,2,1.0,3,75111,M,,,75
200900005918,9,5,1,230,5,2,1,1.0,6,75116,M,,,75
200900005919,9,5,1,1050,1,2,1,1.0,6,75116,M,,,75
200900005920,9,5,1,1315,1,2,1,1.0,4,75116,M,,,75
200900005921,9,5,1,1350,1,2,1,1.0,3,75114,M,,,75
200900005922,9,5,1,1410,1,2,2,1.0,3,75116,M,,,75
200900005923,9,5,1,1510,1,2,1,1.0,4,75119,M,,,75
200900005924,9,5,1,1534,1,2,1,1.0,6,75101,M,,,75
200900005925,9,5,1,1720,1,2,1,1.0,7,75110,M,,,75
200900005926,9,5,1,1730,1,2,5,1.0,3,75116,M,,,75
200900005927,9,5,1,1800,1,2,1,1.0,6,75107,M,,,75
200900005928,9,5,1,1830,1,2,1,1.0,2,75112,M,,,75
200900005929,9,5,1,2000,1,2,4,1.0,3,75114,M,,,75
200900005930,9,5,1,2020,1,2,1,1.0,3,75115,M,,,75
200900005931,9,5,1,2145,5,2,2,1.0,3,75112,M,,,75
200900005932,9,5,1,2255,5,2,1,1.0,6,75113,M,,,75
200900005933,9,5,4,2200,5,2,2,1.0,3,75111,M,,,75
200900005934,9,5,4,1035,1,2,1,1.0,6,75113,M,,,75
200900005935,9,5,4,1315,1,2,2,1.0,4,75109,M,,,75
200900005936,9,5,4,1500,1,2,1,1.0,3,75101,M,,,75
200900005937,9,5,4,1640,1,2,1,1.0,6,75118,M,,,75
200900005938,9,5,4,1720,1,2,1,1.0,6,75115,M,,,75
200900005939,9,5,4,1745,1,2,5,1.0,3,75108,M,,,75
200900005940,9,5,4,1750,1,2,3,1.0,3,75106,M,,,75
200900005941,9,5,4,1800,1,2,3,1.0,3,75113,M,,,75
200900005942,9,5,4,1854,1,2,1,1.0,3,75112,M,,,75
200900005943,9,5,4,1910,1,2,1,1.0,6,75117,M,,,75
200900005944,9,5,4,2120,5,2,1,1.0,6,75112,M,,,75
200900005945,9,5,4,2150,5,2,5,1.0,3,75117,M,,,75
200900005946,9,5,4,2200,5,2,5,1.0,3,75118,M,,,75
200900005947,9,5,4,2235,5,2,4,1.0,6,75107,M,,,75
200900005948,9,5,4,835,1,2,3,1.0,3,75120,M,,,75
200900005949,9,5,4,840,1,2,3,1.0,6,75112,M,,,75
200900005950,9,5,4,930,1,2,1,1.0,3,75117,M,,,75
200900005951,9,5,4,1015,1,2,3,1.0,6,75116,M,,,75
200900005952,9,5,4,1200,1,2,3,1.0,7,75116,M,,,75
200900005953,9,5,4,1500,1,2,1,1.0,2,75111,M,,,75
200900005954,9,5,4,1540,1,2,2,1.0,3,75102,M,,,75
200900005955,9,5,5,1940,1,2,4,1.0,3,75112,M,,,75
200900005956,9,5,5,115,5,2,2,1.0,6,75116,M,,,75
200900005957,9,5,5,245,5,2,5,1.0,6,75119,M,,,75
200900005958,9,5,5,259,5,2,1,1.0,6,75117,M,,,75
200900005959,9,5,5,730,1,2,1,1.0,3,75119,M,,,75
200900005960,9,5,5,800,1,2,2,1.0,7,75118,M,,,75
200900005961,9,5,5,1000,1,2,1,1.0,3,75116,M,,,75
200900005962,9,5,5,1205,1,2,2,1.0,2,75112,M,,,75
200900005963,9,5,5,1210,1,2,2,1.0,6,75115,M,,,75
200900005964,9,5,5,1350,1,2,5,1.0,6,75108,M,,,75
200900005965,9,5,5,1410,1,2,5,1.0,3,75116,M,,,75
200900005966,9,5,5,1525,1,2,1,1.0,6,75108,M,,,75
200900005967,9,5,5,1625,1,2,3,1.0,2,75115,M,,,75
200900005968,9,5,5,1657,1,2,1,1.0,6,75118,M,,,75
200900005969,9,5,5,1730,1,2,5,1.0,6,75117,M,,,75
200900005970,9,5,5,1740,1,2,5,1.0,5,75108,M,,,75
200900005971,9,5,5,1750,1,2,2,1.0,3,75119,M,,,75
200900005972,9,5,5,1805,1,2,2,1.0,3,75120,M,,,75
200900005973,9,5,5,1847,1,2,2,1.0,7,75114,M,,,75
200900005974,9,5,5,1915,2,2,3,1.0,2,75118,M,,,75
200900005975,9,5,5,2120,5,2,5,1.0,3,75114,M,,,75
200900005976,9,5,5,2215,5,2,1,1.0,6,75101,M,,,75
200900005977,9,5,7,625,1,2,3,1.0,3,75108,M,,,75
200900005978,9,5,7,805,1,2,1,1.0,6,75112,M,,,75
200900005979,9,5,7,822,1,2,1,1.0,3,75108,M,,,75
200900005980,9,5,7,1220,1,2,3,1.0,2,75105,M,,,75
200900005981,9,5,7,1225,1,2,1,1.0,2,75118,M,,,75
200900005982,9,5,7,555,2,2,5,1.0,3,75116,M,,,75
200900005983,9,5,7,1240,1,2,2,1.0,3,75111,M,,,75
200900005984,9,5,7,1400,1,2,1,1.0,1,75117,M,,,75
200900005985,9,5,7,1508,1,2,1,1.0,6,75119,M,,,75
200900005986,9,5,7,1535,1,2,1,1.0,4,75119,M,,,75
200900005987,9,5,7,1540,1,2,1,1.0,5,75103,M,,,75
200900005988,9,5,7,1540,1,2,1,1.0,3,75109,M,,,75
200900005989,9,5,7,1605,1,2,5,1.0,6,75105,M,,,75
200900005990,9,5,7,1615,1,2,1,1.0,6,75102,M,,,75
200900005991,9,5,7,1645,1,2,1,1.0,6,75105,M,,,75
200900005992,9,5,7,1650,1,2,1,1.0,4,75114,M,,,75
200900005993,9,5,7,1650,1,2,1,1.0,3,75112,M,,,75
200900005994,9,5,7,1720,1,2,1,1.0,3,75115,M,,,75
200900005995,9,5,7,1745,1,2,1,1.0,6,75116,M,,,75
200900005996,9,5,7,1820,1,2,1,1.0,6,75104,M,,,75
200900005997,9,5,7,1827,1,2,2,1.0,7,75114,M,,,75
200900005998,9,5,7,1830,1,2,1,1.0,6,75111,M,,,75
200900005999,9,5,7,1840,1,2,2,1.0,6,75103,M,,,75
200900006000,9,5,7,2030,2,2,1,1.0,6,75111,M,,,75
200900006001,9,5,7,2045,1,2,3,1.0,3,75101,M,,,75
200900006002,9,5,7,2110,5,2,1,1.0,7,75115,M,,,75
200900006003,9,5,7,2220,5,2,2,2.0,3,75114,M,,,75
200900006004,9,5,7,2340,5,2,3,1.0,3,75102,M,,,75
200900006005,9,5,9,342,5,2,4,1.0,6,75114,M,,,75
200900006006,9,5,9,1120,1,2,1,1.0,6,75116,M,,,75
200900006007,9,5,9,1415,1,2,3,2.0,3,75112,M,,,75
200900006008,9,5,9,1435,1,2,2,1.0,3,75114,M,,,75
200900006009,9,5,9,1455,1,2,2,2.0,6,75113,M,,,75
200900006010,9,5,9,1500,1,2,5,2.0,3,75112,M,,,75
200900006011,9,5,9,1525,1,2,3,2.0,7,75110,M,,,75
200900006012,9,5,9,1600,1,2,5,2.0,2,75106,M,,,75
200900006013,9,5,9,1605,1,2,2,2.0,3,75102,M,,,75
200900006014,9,5,9,1925,1,2,2,1.0,6,75104,M,,,75
200900006015,9,5,9,1935,1,2,1,1.0,3,75115,M,,,75
200900006016,9,5,9,1935,1,2,2,1.0,3,75111,M,,,75
200900006017,9,5,9,2110,2,2,5,8.0,3,75112,M,,,75
200900006018,9,5,8,20,5,2,2,1.0,3,75108,M,,,75
200900006019,9,5,8,125,5,2,1,1.0,6,75114,M,,,75
200900006020,9,5,8,225,5,2,5,1.0,3,75119,M,,,75
200900006021,9,5,8,335,5,2,4,1.0,6,75118,M,,,75
200900006022,9,5,8,610,1,2,1,1.0,6,75110,M,,,75
200900006023,9,5,8,1155,1,2,1,1.0,2,75115,M,,,75
200900006024,9,5,8,1430,1,2,2,1.0,3,75120,M,,,75
200900006025,9,5,8,1540,1,2,2,1.0,2,75118,M,,,75
200900006026,9,5,8,1550,1,2,2,1.0,3,75116,M,,,75
200900006027,9,5,8,1912,1,2,2,1.0,6,75120,M,,,75
200900006028,9,5,8,1945,1,2,2,1.0,6,75120,M,,,75
200900006029,9,5,8,2120,1,2,1,1.0,3,75120,M,,,75
200900006030,9,5,8,2220,5,2,5,1.0,6,75118,M,,,75
200900006031,9,5,9,416,5,2,3,3.0,6,75111,M,,,75
200900006032,9,5,9,2246,5,2,1,1.0,7,75104,M,,,75
200900006033,9,5,10,35,5,2,1,1.0,6,75111,M,,,75
200900006034,9,5,10,122,5,2,1,1.0,6,75110,M,,,75
200900006035,9,5,10,400,5,2,5,1.0,6,75119,M,,,75
200900006036,9,5,10,1110,1,2,3,1.0,6,75114,M,,,75
200900006037,9,5,10,1230,1,2,5,1.0,4,75112,M,,,75
200900006038,9,5,10,1340,1,2,2,1.0,3,75118,M,,,75
200900006039,9,5,10,1450,1,2,2,1.0,3,75116,M,,,75
200900006040,9,5,10,1510,1,2,3,1.0,3,75119,M,,,75
200900006041,9,5,10,1805,1,2,1,1.0,7,75101,M,,,75
200900006042,9,5,10,1850,1,2,1,1.0,6,75110,M,,,75
200900006043,9,5,10,1945,2,2,3,2.0,3,75111,M,,,75
200900006044,9,5,10,2010,1,2,3,1.0,2,75110,M,,,75
200900006045,9,5,10,2015,2,2,1,2.0,2,75120,M,,,75
200900006046,9,5,10,2215,5,2,1,2.0,7,75111,M,,,75
200900006047,9,5,10,2335,5,2,3,2.0,6,75118,M,,,75
200900006048,9,5,11,225,3,2,2,2.0,6,75102,M,,,75
200900006049,9,5,11,700,2,2,1,2.0,3,75113,M,,,75
200900006050,9,5,11,830,1,2,1,2.0,4,75117,M,,,75
200900006051,9,5,11,840,1,2,1,2.0,3,75107,M,,,75
200900006052,9,5,11,855,1,2,1,8.0,4,75112,M,,,75
200900006053,9,5,11,855,1,2,2,2.0,6,75109,M,,,75
200900006054,9,5,11,1010,1,2,1,2.0,7,75112,M,,,75
200900006055,9,5,11,1020,1,2,2,2.0,6,75105,M,,,75
200900006056,9,5,11,1035,1,2,1,2.0,3,75113,M,,,75
200900006057,9,5,11,1055,1,2,1,2.0,3,75111,M,,,75
200900006058,9,5,11,1100,1,2,1,2.0,6,75116,M,,,75
200900006059,9,5,11,1244,1,2,5,2.0,4,75117,M,,,75
200900006060,9,5,11,1355,1,2,2,2.0,6,75111,M,,,75
200900006061,9,5,11,1402,1,2,1,1.0,3,75104,M,,,75
200900006062,9,5,11,1655,1,2,3,1.0,6,75109,M,,,75
200900006063,9,5,11,1825,1,2,1,1.0,6,75115,M,,,75
200900006064,9,5,11,1900,1,2,1,1.0,6,75119,M,,,75
200900006065,9,5,11,2305,5,2,2,1.0,6,75104,M,,,75
200900006066,9,5,13,155,3,2,1,1.0,6,75112,M,,,75
200900006067,9,5,13,830,1,2,1,1.0,6,75120,M,,,75
200900006068,9,5,13,835,1,2,1,1.0,3,75112,M,,,75
200900006069,9,5,13,1000,1,2,1,1.0,3,75113,M,,,75
200900006070,9,5,13,1005,1,2,5,1.0,3,75111,M,,,75
200900006071,9,5,13,1430,1,2,1,1.0,3,75115,M,,,75
200900006072,9,5,13,1515,1,2,1,1.0,3,75112,M,,,75
200900006073,9,5,13,1515,1,2,5,1.0,3,75119,M,,,75
200900006074,9,5,13,1610,1,2,5,1.0,3,75112,M,,,75
200900006075,9,5,13,1700,1,2,1,1.0,3,75107,M,,,75
200900006076,9,5,13,1725,1,2,1,1.0,4,75113,M,,,75
200900006077,9,5,13,1820,1,2,1,3.0,6,75119,M,,,75
200900006078,9,5,13,1905,1,2,1,3.0,7,75115,M,,,75
200900006079,9,5,13,1910,1,2,1,2.0,7,75111,M,,,75
200900006080,9,5,13,1930,1,2,4,8.0,2,75116,M,,,75
200900006081,9,5,13,2050,2,2,1,1.0,6,75112,M,,,75
200900006082,9,5,13,2055,2,2,4,8.0,6,75109,M,,,75
200900006083,9,5,13,2115,1,2,2,8.0,6,75119,M,,,75
200900006084,9,5,12,40,5,2,1,2.0,2,75116,M,,,75
200900006085,9,5,12,755,1,2,3,2.0,7,75111,M,,,75
200900006086,9,5,12,840,1,2,1,2.0,7,75119,M,,,75
200900006087,9,5,12,910,1,2,1,2.0,6,75105,M,,,75
200900006088,9,5,12,910,1,2,3,2.0,7,75115,M,,,75
200900006089,9,5,12,935,1,2,1,2.0,7,75114,M,,,75
200900006090,9,5,12,1006,1,2,1,8.0,7,75113,M,,,75
200900006091,9,5,12,1125,1,2,2,2.0,6,75117,M,,,75
200900006092,9,5,12,1130,1,2,1,1.0,5,75116,M,,,75
200900006093,9,5,12,1150,1,2,1,1.0,3,75112,M,,,75
200900006094,9,5,12,1200,1,2,2,8.0,3,75101,M,,,75
200900006095,9,5,12,1320,1,2,1,1.0,6,75116,M,,,75
200900006096,9,5,12,1550,1,2,1,1.0,6,75119,M,,,75
200900006097,9,5,12,1600,1,2,2,1.0,6,75112,M,,,75
200900006098,9,5,12,1605,1,2,3,1.0,3,75103,M,,,75
200900006099,9,5,12,1650,1,2,1,1.0,6,75106,M,,,75
200900006100,9,5,12,1700,1,2,2,1.0,3,75120,M,,,75
200900006101,9,5,12,1730,1,2,1,1.0,4,75116,M,,,75
200900006102,9,5,12,1750,1,2,5,1.0,3,75111,M,,,75
200900006103,9,5,12,1815,1,2,5,1.0,6,75117,M,,,75
200900006104,9,5,12,1820,1,2,1,1.0,6,75119,M,,,75
200900006105,9,5,12,1845,1,2,1,1.0,2,75116,M,,,75
200900006106,9,5,12,2055,2,2,1,1.0,2,75115,M,,,75
200900006107,9,5,12,2105,5,2,2,1.0,6,75102,M,,,75
200900006108,9,5,12,2315,5,2,1,1.0,4,75115,M,,,75
200900006109,9,3,4,1720,1,1,1,1.0,7,51525,M,,,51
200900006110,9,3,7,1010,1,1,1,1.0,2,51525,M,,,51
200900006111,9,3,30,1520,1,1,1,1.0,3,51108,M,,,51
200900006112,9,3,21,1530,1,2,1,1.0,7,51108,M,,,51
200900006113,9,3,16,1600,1,2,1,1.0,3,51108,M,,,51
200900006114,9,3,23,1115,1,1,1,1.0,7,51136,M,0.0,0,51
200900006115,9,3,22,400,3,1,1,1.0,3,51507,M,0.0,0,51
200900006116,9,3,26,730,2,1,1,1.0,1,51248,M,0.0,0,51
200900006117,9,3,15,1745,1,1,1,1.0,7,51589,M,0.0,0,51
200900006118,9,3,13,1630,1,1,1,1.0,3,51193,M,0.0,0,51
200900006119,9,3,27,2145,5,2,1,1.0,3,51492,M,0.0,0,51
200900006120,9,3,15,1800,1,2,1,1.0,3,51649,M,0.0,0,51
200900006121,9,3,14,445,3,1,1,5.0,6,51434,M,0.0,0,51
200900006122,9,3,22,1230,1,1,1,1.0,3,51076,M,0.0,0,51
200900006123,9,3,29,1,3,1,1,1.0,7,51244,M,0.0,0,51
200900006124,9,3,20,1345,1,1,1,1.0,3,51380,M,0.0,0,51
200900006125,9,3,22,1545,1,1,1,1.0,1,51476,M,0.0,0,51
200900006126,9,3,30,1030,1,2,1,1.0,6,51507,M,0.0,0,51
200900006127,9,3,19,1545,1,1,1,1.0,7,51440,M,0.0,0,51
200900006128,9,3,11,1630,1,1,1,1.0,2,51550,M,0.0,0,51
200900006129,9,3,29,615,2,2,1,1.0,7,51521,M,0.0,0,51
200900006130,9,3,16,715,1,1,1,1.0,5,51629,M,0.0,0,51
200900006131,9,3,28,30,3,1,1,2.0,7,51583,M,0.0,0,51
200900006132,9,3,21,1830,1,2,1,1.0,7,51118,M,0.0,0,51
200900006133,9,3,10,1845,3,1,6,8.0,3,51548,M,0.0,0,51
200900006134,9,3,8,745,1,1,1,1.0,7,51407,M,0.0,0,51
200900006135,9,2,27,1745,1,2,1,1.0,6,31561,M,4.0,0,31
200900006136,9,2,28,815,1,1,1,1.0,6,31293,M,0.0,0,31
200900006137,9,2,6,1825,5,2,1,3.0,6,31069,M,,,31
200900006138,9,2,7,1500,1,2,1,1.0,3,31069,M,,,31
200900006139,9,2,11,815,1,2,1,1.0,4,31069,M,4.0,0,31
200900006140,9,2,1,2030,3,2,1,8.0,2,31150,M,4.0,0,31
200900006141,9,2,2,2215,5,2,1,2.0,2,31582,M,4.0,0,31
200900006142,9,2,8,1600,1,1,1,1.0,6,31339,M,4.0,0,31
200900006143,9,2,9,700,5,2,1,8.0,3,31561,M,4.0,0,31
200900006144,9,2,12,1100,1,1,1,8.0,1,31380,M,4.0,0,31
200900006145,9,2,13,1200,1,1,6,1.0,7,31045,M,4.0,0,31
200900006146,9,2,16,15,5,2,1,1.0,6,31390,M,4.0,0,31
200900006147,9,2,16,1330,1,2,2,1.0,3,31451,M,4.0,0,31
200900006148,9,2,18,1945,3,1,1,1.0,6,31002,M,4.0,0,31
200900006149,9,2,19,2230,5,2,2,1.0,3,31291,M,4.0,0,31
200900006150,9,2,17,1300,1,2,1,1.0,6,31467,M,4.0,0,31
200900006151,9,2,19,400,5,1,1,5.0,6,31203,M,4.0,0,31
200900006152,9,2,23,2300,3,2,1,1.0,6,31032,M,4.0,0,31
200900006153,9,2,20,1915,5,1,1,1.0,1,31182,M,4.0,0,31
200900006154,9,2,21,1200,1,2,9,1.0,3,31399,M,4.0,0,31
200900006155,9,2,21,1445,1,1,2,1.0,2,31558,M,4.0,0,31
200900006156,9,2,21,1745,1,1,1,7.0,2,31078,M,4.0,0,31
200900006157,9,2,22,30,3,2,1,1.0,6,31563,M,4.0,0,31
200900006158,9,2,24,830,1,2,1,1.0,3,31080,M,0.0,0,31
200900006159,9,2,26,2300,5,2,1,1.0,1,31446,M,4.0,0,31
200900006160,9,2,10,1110,1,2,1,1.0,3,31555,M,,,31
200900006161,9,2,21,1600,1,1,1,1.0,4,31555,M,4.0,0,31
200900006162,9,2,24,1245,1,1,1,1.0,4,31555,M,4.0,0,31
200900006163,9,2,25,920,1,1,1,1.0,4,31555,M,4.0,0,31
200900006164,9,2,7,1625,1,2,1,1.0,3,31555,M,,,31
200900006165,9,2,18,1215,1,2,1,1.0,3,31069,M,,,31
200900006166,9,2,20,1730,1,2,7,1.0,3,31069,M,4.0,0,31
200900006167,9,2,2,835,1,2,2,1.0,1,31557,M,4.0,0,31
200900006168,9,2,6,1950,5,2,1,1.0,2,31555,M,,,31
200900006169,9,2,6,750,2,2,1,1.0,2,31555,M,,,31
200900006170,9,2,27,1800,1,2,7,1.0,6,31483,M,,,31
200900006171,9,2,9,205,5,2,1,1.0,6,31555,M,,,31
200900006172,9,2,16,2035,5,2,1,1.0,6,31555,M,,,31
200900006173,9,2,17,1900,1,2,1,1.0,6,31555,M,,,31
200900006174,9,2,27,2230,3,2,1,1.0,1,31555,M,,,31
200900006175,9,2,3,1845,5,2,1,1.0,1,31555,M,,,31
200900006176,9,2,18,2330,5,2,1,1.0,6,31555,M,,,31
200900006177,9,2,6,1640,1,2,1,8.0,6,31555,M,,,31
200900006178,9,2,17,215,5,2,1,1.0,6,31555,M,,,31
200900006179,9,2,5,830,1,2,1,1.0,2,31555,M,,,31
200900006180,9,2,19,1645,1,2,1,1.0,6,31555,M,,,31
200900006181,9,2,28,345,5,2,1,1.0,6,31555,M,,,31
200900006182,9,2,26,1530,1,2,1,1.0,6,31555,M,,,31
200900006183,9,2,4,1000,1,2,1,1.0,3,31555,M,,,31
200900006184,9,2,12,1130,1,1,1,1.0,4,31555,M,4.0,0,31
200900006185,9,2,6,2100,5,2,1,2.0,3,31555,M,,,31
200900006186,9,2,4,1720,1,2,1,1.0,6,31555,M,,,31
200900006187,9,2,10,1200,1,2,1,2.0,3,31555,M,,,31
200900006188,9,2,1,1630,1,2,3,1.0,3,31555,M,,,31
200900006189,9,2,27,725,2,2,1,1.0,3,31555,M,,,31
200900006190,9,2,26,1200,1,2,1,1.0,6,31555,M,,,31
200900006191,9,2,7,1110,1,2,1,1.0,3,31555,M,,,31
200900006192,9,2,9,1110,1,2,2,1.0,3,31555,M,,,31
200900006193,9,2,5,2019,5,2,1,1.0,3,31555,M,,,31
200900006194,9,2,21,1745,1,2,1,1.0,2,31555,M,,,31
200900006195,9,2,25,1610,1,2,1,1.0,6,31555,M,,,31
200900006196,9,2,25,908,1,2,1,1.0,3,31555,M,,,31
200900006197,9,2,8,645,5,2,3,1.0,3,31555,M,,,31
200900006198,9,2,27,1600,1,2,1,2.0,2,31555,M,,,31
200900006199,9,2,4,1830,5,2,1,1.0,6,31555,M,,,31
200900006200,9,2,5,1815,2,2,1,1.0,2,31555,M,,,31
200900006201,9,2,13,1810,2,2,1,1.0,6,31555,M,,,31
200900006202,9,2,8,110,5,2,1,1.0,6,31555,M,,,31
200900006203,9,2,9,510,5,2,3,2.0,6,31555,M,,,31
200900006204,9,2,2,1400,1,2,1,1.0,3,31555,M,,,31
200900006205,9,2,3,100,5,2,1,2.0,6,31555,M,,,31
200900006206,9,2,6,200,5,2,1,1.0,5,31555,M,,,31
200900006207,9,2,26,745,2,2,6,5.0,3,31555,M,,,31
200900006208,9,2,13,1240,1,2,1,1.0,6,31555,M,,,31
200900006209,9,2,7,1900,3,1,2,1.0,6,60285,M,0.0,0,60