Num_Acc,an,mois,jour,hrmn,lum,agg,int,atm,col,com,gps,lat,long,dep
200900006955,9,1,15,1320,1,1,3,8.0,3,59350,M,,,59
200900006956,9,1,5,1030,1,1,1,4.0,2,59646,M,,,59
200900006957,9,1,26,1215,1,2,1,1.0,2,59155,M,,,59
200900006958,9,1,7,1045,1,2,1,1.0,3,59350,M,,,59
200900006959,9,1,9,1820,5,2,1,5.0,6,59636,M,,,59
200900006960,9,1,26,1323,1,2,1,1.0,6,59361,M,,,59
200900006961,9,1,2,1745,5,2,1,8.0,6,59172,M,,,59
200900006962,9,1,21,830,2,1,1,5.0,3,59560,M,,,59
200900006963,9,1,30,1920,5,1,1,1.0,6,59650,M,,,59
200900006964,9,1,7,1850,5,2,3,4.0,6,59368,M,,,59
200900006965,9,1,25,1245,1,1,2,1.0,6,59512,M,,,59
200900006966,9,1,8,1720,1,2,1,1.0,6,59569,M,,,59
200900006967,9,1,15,1640,2,2,1,1.0,6,59507,M,,,59
200900006968,9,1,6,1515,1,2,3,1.0,6,59350,M,,,59
200900006969,9,1,13,1320,1,2,1,2.0,6,59009,M,,,59
200900006970,9,1,10,1925,5,2,3,1.0,1,59569,M,,,59
200900006971,9,1,29,1915,5,1,2,1.0,6,59512,M,,,59
200900006972,9,1,30,810,1,2,2,1.0,3,59378,M,,,59
200900006973,9,1,11,1125,1,1,3,1.0,3,59512,M,,,59
200900006974,9,1,9,1850,5,2,1,1.0,6,59606,M,,,59
200900006975,9,1,30,1725,1,2,1,1.0,6,59410,M,,,59
200900006976,9,1,27,1610,1,2,2,1.0,6,59360,M,,,59
200900006977,9,1,26,1810,1,2,1,1.0,6,59378,M,,,59
200900006978,9,1,26,810,2,2,1,1.0,6,59183,M,,,59
200900006979,9,1,22,1625,1,2,1,2.0,3,59122,M,,,59
200900006980,9,1,19,735,4,2,1,3.0,6,59350,M,,,59
200900006981,9,1,19,1151,1,2,1,1.0,1,59317,M,,,59
200900006982,9,1,26,1715,5,2,2,1.0,3,59009,M,,,59
200900006983,9,1,13,1130,1,2,1,3.0,6,59378,M,,,59
200900006984,9,1,19,756,5,2,1,3.0,6,59143,M,,,59
200900006985,9,1,3,640,5,1,1,1.0,6,59650,M,,,59
200900006986,9,1,26,2000,5,2,1,1.0,7,59350,M,,,59
200900006987,9,1,16,1700,1,1,1,1.0,6,59512,M,,,59
200900006988,9,1,28,740,2,2,1,1.0,6,59350,M,,,59
200900006989,9,1,21,1825,5,2,3,1.0,6,59350,M,,,59
200900006990,9,1,25,1615,1,2,2,1.0,3,59606,M,,,59
200900006991,9,1,23,1650,1,1,1,2.0,6,59512,M,,,59
200900006992,9,1,30,1340,1,2,1,1.0,6,59009,M,,,59
200900006993,9,1,20,1050,1,2,1,1.0,6,59350,M,,,59
200900006994,9,1,5,1530,1,1,2,8.0,1,59512,M,,,59
200900006995,9,1,4,1720,5,1,2,1.0,3,59512,M,,,59
200900006996,9,1,11,2005,5,2,3,1.0,3,59386,M,,,59
200900006997,9,1,30,1600,1,1,1,1.0,2,59367,M,,,59
200900006998,9,1,22,1615,1,2,2,2.0,3,59512,M,,,59
200900006999,9,1,13,1515,1,2,1,1.0,6,59386,M,,,59
200900007000,9,1,8,1615,1,1,2,1.0,6,59512,M,,,59
200900007001,9,1,23,710,5,2,1,2.0,6,59648,M,,,59
200900007002,9,1,13,940,1,1,2,2.0,3,59512,M,,,59
200900007003,9,1,29,1715,1,2,1,1.0,6,59350,M,,,59
200900007004,9,1,31,210,5,2,1,1.0,6,59599,M,,,59
200900007005,9,1,27,1050,1,2,1,1.0,6,59350,M,,,59
200900007006,9,1,1,1945,5,1,2,1.0,3,59512,M,,,59
200900007007,9,1,29,730,5,2,1,1.0,6,59447,M,,,59
200900007008,9,1,6,1430,1,1,1,1.0,6,59512,M,,,59
200900007009,9,1,30,220,5,2,1,9.0,7,59444,M,,,59
200900007010,9,1,29,1640,1,1,3,1.0,1,59431,M,,,59
200900007011,9,1,22,810,2,2,4,1.0,3,59527,M,,,59
200900007012,9,1,26,1230,1,2,1,1.0,6,59527,M,,,59
200900007013,9,1,26,1500,1,2,1,1.0,6,59353,M,0.0,0,59
200900007014,9,1,29,1815,2,1,1,1.0,1,59174,M,5.0,0,59
200900007015,9,1,30,1545,1,2,1,7.0,1,59335,M,0.0,0,59
200900007016,9,1,30,2200,5,2,1,9.0,7,59144,M,0.0,0,59
200900007017,9,1,4,730,2,2,1,1.0,3,59331,M,0.0,0,59
200900007018,9,1,22,1500,1,1,1,2.0,4,59187,M,0.0,0,59
200900007019,9,1,10,1300,1,2,1,7.0,6,59363,M,0.0,0,59
200900007020,9,1,24,1300,1,2,1,1.0,6,59435,M,5.0,0,59
200900007021,9,1,27,1300,1,1,2,1.0,3,59318,M,5.0,0,59
200900007022,9,1,17,1130,1,1,1,1.0,1,59087,M,0.0,0,59
200900007023,9,1,14,745,3,1,1,9.0,3,59094,M,0.0,0,59
200900007024,9,1,2,2200,3,2,1,9.0,6,59435,M,0.0,0,59
200900007025,9,1,6,1200,1,2,1,1.0,1,59168,M,5.0,0,59
200900007026,9,1,10,1645,1,1,1,1.0,7,59293,M,5.0,0,59
200900007027,9,1,12,945,1,2,1,2.0,3,59088,M,5.0,0,59
200900007028,9,1,31,1745,3,2,1,8.0,6,59631,M,5.0,0,59
200900007029,9,1,24,340,5,2,1,1.0,7,59225,M,,,59
200900007030,9,1,25,2100,3,1,1,2.0,6,59662,M,5.0,0,59
200900007031,9,1,4,1919,5,2,1,1.0,6,59271,M,,,59
200900007032,9,1,18,2210,3,1,1,8.0,7,59225,M,,,59
200900007033,9,1,31,1140,1,2,1,1.0,6,59350,M,,,59
200900007034,9,1,30,750,2,2,1,1.0,6,59569,M,,,59
200900007035,9,1,31,1645,1,2,9,1.0,3,59183,M,,,59
200900007036,9,1,9,1725,5,2,1,1.0,6,59606,M,,,59
200900007037,9,1,3,630,5,2,1,1.0,6,59350,M,,,59
200900007038,9,1,5,2135,3,1,1,9.0,6,59299,M,,,59
200900007039,9,1,10,35,5,1,1,9.0,6,59431,M,,,59
200900007040,9,1,11,1650,1,2,2,1.0,6,59009,M,,,59
200900007041,9,1,13,1720,5,1,1,3.0,2,59447,M,,,59
200900007042,9,1,24,2215,3,1,1,1.0,6,59632,M,,,59
200900007043,9,1,27,1500,1,2,1,1.0,1,59392,M,,,59
200900007044,9,1,3,1655,2,2,1,5.0,6,59378,M,,,59
200900007045,9,1,5,815,5,2,3,4.0,3,59328,M,,,59
200900007046,9,1,16,820,1,2,1,1.0,3,59207,M,,,59
200900007047,9,1,17,1730,5,2,2,2.0,6,59009,M,,,59
200900007048,9,1,20,1800,2,1,1,1.0,4,59544,M,,,59
200900007049,9,1,21,1350,1,1,3,1.0,3,59043,M,,,59
200900007050,9,1,21,1410,1,2,1,1.0,3,59431,M,,,59
200900007051,9,1,23,620,5,2,1,3.0,6,59368,M,,,59
200900007052,9,1,27,1735,2,2,4,1.0,3,59599,M,,,59
200900007053,9,1,30,900,1,2,1,9.0,3,59179,M,,,59
200900007054,9,1,31,1745,5,1,1,1.0,3,59155,M,,,59
200900007055,9,1,31,2315,5,1,1,1.0,7,59350,M,,,59
200900007056,9,1,29,2235,5,1,1,1.0,6,59350,M,,,59
200900007057,9,1,17,630,3,1,1,1.0,7,59340,M,,,59
200900007058,9,1,7,1340,1,1,1,1.0,6,59350,M,,,59
200900007059,9,1,27,1600,1,1,1,1.0,7,59532,M,,,59
200900007060,9,1,14,623,3,1,1,5.0,6,59237,M,,,59
200900007061,9,1,15,845,1,1,1,1.0,7,59350,M,,,59
200900007062,9,1,18,840,1,1,1,3.0,6,59009,M,,,59
200900007063,9,1,10,2030,5,1,1,1.0,6,59009,M,,,59
200900007064,9,1,13,1405,1,1,1,3.0,7,59588,M,,,59
200900007065,9,1,31,520,5,1,1,1.0,6,59350,M,,,59
200900007066,9,1,13,730,3,1,1,3.0,6,59515,M,,,59
200900007067,9,1,13,2150,3,1,1,3.0,7,59143,M,,,59
200900007068,9,1,15,1600,1,1,1,1.0,7,59350,M,,,59
200900007069,9,1,18,1110,1,1,1,3.0,7,59009,M,,,59
200900007070,9,1,12,830,2,1,1,1.0,4,59143,M,,,59
200900007071,9,1,21,715,3,1,1,1.0,6,59237,M,,,59
200900007072,9,1,13,1845,3,1,1,3.0,6,59350,M,,,59
200900007073,9,1,30,200,3,1,1,1.0,7,59383,M,,,59
200900007074,9,1,7,1640,1,1,1,1.0,2,59032,M,,,59
200900007075,9,1,21,635,3,1,1,1.0,2,59491,M,,,59
200900007076,9,1,12,1140,1,1,1,1.0,4,59350,M,,,59
200900007077,9,1,1,600,3,1,1,1.0,7,59523,M,,,59
200900007078,9,1,2,950,1,1,1,1.0,7,59343,M,,,59
200900007079,9,1,19,2115,5,1,1,1.0,6,59350,M,,,59
200900007080,9,1,20,935,1,1,1,1.0,7,59350,M,,,59
200900007081,9,1,15,730,3,1,1,1.0,6,59646,M,,,59
200900007082,9,1,8,825,1,1,1,5.0,2,59560,M,,,59
200900007083,9,1,10,425,5,1,1,1.0,2,59560,M,,,59
200900007084,9,1,22,1525,1,1,1,3.0,6,59032,M,,,59
200900007085,9,1,31,1000,1,1,1,1.0,7,59665,M,,,59
200900007086,9,1,15,830,3,1,1,3.0,6,59426,M,,,59
200900007087,9,1,13,1350,1,1,1,3.0,6,59346,M,,,59
200900007088,9,1,31,105,5,1,1,1.0,7,59560,M,,,59
200900007089,9,1,7,1930,3,1,1,5.0,7,59515,M,,,59
200900007090,9,1,3,2320,5,1,1,1.0,7,59195,M,,,59
200900007091,9,1,1,320,5,2,2,9.0,3,59172,M,,,59
200900007092,9,1,5,1750,5,2,1,1.0,6,59368,M,,,59
200900007093,9,2,17,1215,1,2,1,2.0,6,59135,M,5.0,0,59
200900007094,9,2,8,600,2,2,1,1.0,6,59018,M,5.0,0,59
200900007095,9,2,8,615,1,1,1,1.0,6,59044,M,5.0,0,59
200900007096,9,2,28,115,5,2,1,1.0,3,59268,M,0.0,0,59
200900007097,9,2,28,1530,1,2,1,1.0,7,59466,M,0.0,0,59
200900007098,9,2,4,2330,5,2,1,1.0,6,59142,M,0.0,0,59
200900007099,9,2,14,745,1,2,1,1.0,6,59331,M,0.0,0,59
200900007100,9,2,15,830,3,1,1,1.0,1,59055,M,0.0,0,59
200900007101,9,2,4,1700,1,1,1,1.0,7,59331,M,0.0,0,59
200900007102,9,2,8,200,3,1,1,8.0,6,59058,M,0.0,0,59
200900007103,9,2,6,1900,5,2,1,1.0,3,59524,M,5.0,0,59
200900007104,9,2,7,1115,1,1,1,2.0,3,59267,M,5.0,0,59
200900007105,9,2,27,1945,3,1,1,1.0,7,59449,M,0.0,0,59
200900007106,9,2,18,1430,1,2,2,1.0,3,59053,M,5.0,0,59
200900007107,9,2,13,1225,1,2,1,1.0,3,59606,M,,,59
200900007108,9,2,28,1145,1,2,2,1.0,3,59291,M,,,59
200900007109,9,2,25,1630,1,2,1,1.0,7,59291,M,,,59
200900007110,9,2,5,750,2,2,1,2.0,6,59636,M,,,59
200900007111,9,2,12,830,1,2,1,4.0,6,59350,M,,,59
200900007112,9,2,13,815,1,2,2,2.0,3,59421,M,,,59
200900007113,9,2,2,1100,1,1,1,4.0,6,59512,M,,,59
200900007114,9,2,12,1542,1,1,3,1.0,6,59512,M,,,59
200900007115,9,2,11,920,1,2,8,1.0,3,59205,M,,,59
200900007116,9,2,5,1940,2,2,1,2.0,6,59350,M,,,59
200900007117,9,2,6,925,1,2,3,1.0,3,59378,M,,,59
200900007118,9,2,6,10,5,2,1,1.0,6,59286,M,,,59
200900007119,9,2,4,1535,1,2,1,1.0,6,59599,M,,,59
200900007120,9,2,9,1305,1,1,2,8.0,3,59512,M,,,59
200900007121,9,2,13,1800,5,1,1,1.0,1,59650,M,,,59
200900007122,9,2,3,1240,1,1,2,1.0,7,59163,M,,,59
200900007123,9,2,4,640,3,2,4,5.0,6,59152,M,,,59
200900007124,9,2,14,1650,1,2,1,1.0,6,59350,M,,,59
200900007125,9,2,7,2300,5,1,1,1.0,3,59512,M,,,59
200900007126,9,2,4,1130,1,2,2,1.0,3,59599,M,,,59
200900007127,9,2,12,850,1,2,1,2.0,3,59599,M,,,59
200900007128,9,2,11,1740,1,1,1,2.0,2,59512,M,,,59
200900007129,9,2,3,1900,5,2,1,1.0,3,59410,M,,,59
200900007130,9,2,10,830,1,2,1,2.0,6,59410,M,,,59
200900007131,9,2,2,1830,2,2,1,8.0,6,59350,M,,,59
200900007132,9,2,6,1135,1,2,1,1.0,6,59350,M,,,59
200900007133,9,2,3,840,1,1,3,8.0,6,59512,M,,,59
200900007134,9,2,11,1355,1,2,1,1.0,6,59220,M,,,59
200900007135,9,2,12,1455,1,2,1,2.0,6,59350,M,,,59
200900007136,9,2,10,815,2,2,3,1.0,6,59350,M,,,59
200900007137,9,2,10,1030,1,2,1,2.0,6,59360,M,,,59
200900007138,9,2,13,1315,1,1,3,2.0,3,59163,M,,,59
200900007139,9,2,9,1725,2,2,1,3.0,6,59350,M,,,59
200900007140,9,2,6,1455,1,2,1,1.0,3,59205,M,,,59
200900007141,9,2,5,1645,1,1,1,1.0,1,59163,M,,,59
200900007142,9,2,5,1610,1,2,2,1.0,6,59350,M,,,59
200900007143,9,2,7,750,1,2,2,1.0,3,59599,M,,,59
200900007144,9,2,13,1250,1,1,2,1.0,3,59512,M,,,59
200900007145,9,2,5,750,2,2,2,1.0,6,59378,M,,,59
200900007146,9,2,10,1100,1,2,1,2.0,6,59350,M,,,59
200900007147,9,2,11,1410,1,1,3,1.0,6,59598,M,,,59
200900007148,9,2,6,748,2,2,1,1.0,6,59131,M,,,59
200900007149,9,2,5,1615,1,2,9,1.0,6,59540,M,,,59
200900007150,9,2,9,1210,1,2,9,2.0,6,59183,M,,,59
200900007151,9,2,9,1835,5,2,1,1.0,6,59183,M,,,59
200900007152,9,2,9,1755,5,2,9,3.0,6,59183,M,,,59
200900007153,9,2,4,920,1,2,1,1.0,6,59122,M,,,59
200900007154,9,2,27,1410,1,2,3,1.0,3,59560,M,,,59
200900007155,9,2,23,1400,1,2,3,2.0,3,59009,M,,,59
200900007156,9,2,24,1450,1,2,3,1.0,3,59566,M,,,59
200900007157,9,2,13,1620,1,2,1,1.0,3,59378,M,,,59
200900007158,9,2,23,1735,1,2,1,8.0,6,59286,M,,,59
200900007159,9,2,23,1630,1,2,1,1.0,6,59378,M,,,59
200900007160,9,2,28,1430,1,2,3,1.0,3,59350,M,,,59
200900007161,9,2,22,1545,1,1,3,1.0,6,59350,M,,,59
200900007162,9,2,10,1400,1,2,1,3.0,6,59606,M,,,59
200900007163,9,2,18,1045,1,2,2,1.0,6,59507,M,,,59
200900007164,9,2,15,1345,1,2,1,1.0,6,59350,M,,,59
200900007165,9,2,23,1930,5,2,3,3.0,3,59350,M,,,59
200900007166,9,2,1,2010,5,2,2,1.0,3,59112,M,,,59
200900007167,9,2,27,1120,1,2,1,1.0,6,59648,M,,,59
200900007168,9,2,20,1845,2,2,2,1.0,3,59360,M,,,59
200900007169,9,2,25,2313,5,2,1,1.0,1,59566,M,,,59
200900007170,9,2,6,2250,5,2,2,2.0,3,59350,M,,,59
200900007171,9,2,19,2130,5,2,1,1.0,6,59350,M,,,59
200900007172,9,2,17,1700,1,2,2,2.0,6,59328,M,,,59
200900007173,9,2,16,2135,5,2,1,2.0,5,59009,M,,,59
200900007174,9,2,13,1225,1,2,1,1.0,6,59014,M,,,59
200900007175,9,2,1,1550,1,2,1,1.0,6,59606,M,,,59
200900007176,9,2,20,30,5,2,1,1.0,3,59350,M,,,59
200900007177,9,2,13,1425,1,2,3,1.0,3,59527,M,,,59
200900007178,9,2,21,1100,1,2,1,1.0,3,59220,M,,,59
200900007179,9,2,1,830,1,1,6,1.0,6,59350,M,,,59
200900007180,9,2,2,1300,1,2,1,4.0,6,59507,M,,,59
200900007181,9,2,2,1645,1,1,1,2.0,3,59452,M,5.0,0,59
200900007182,9,2,3,825,1,2,1,1.0,6,59360,M,,,59
200900007183,9,2,2,1225,1,2,1,4.0,4,59410,M,,,59
200900007184,9,2,7,1530,1,1,2,1.0,6,59512,M,,,59
200900007185,9,2,11,915,1,2,6,7.0,3,59544,M,,,59
200900007186,9,2,14,53,5,2,2,1.0,6,59515,M,,,59
200900007187,9,2,3,1120,1,1,2,1.0,6,59512,M,,,59
200900007188,9,2,6,1010,1,1,3,1.0,3,59646,M,,,59
200900007189,9,2,7,1940,5,2,3,2.0,7,59220,M,,,59
200900007190,9,2,8,1955,5,2,2,2.0,3,59183,M,,,59
200900007191,9,2,10,1430,1,2,1,2.0,6,59646,M,,,59
200900007192,9,2,14,555,3,1,1,9.0,6,59437,M,,,59
200900007193,9,2,14,1200,1,1,1,1.0,4,59650,M,,,59
200900007194,9,2,26,800,1,2,1,1.0,7,59368,M,,,59
200900007195,9,2,26,1600,1,2,3,1.0,3,59122,M,,,59
200900007196,9,2,17,1215,1,2,1,2.0,1,59392,M,,,59
200900007197,9,2,19,905,1,2,2,1.0,6,59507,M,,,59
200900007198,9,2,20,1230,1,2,3,1.0,3,59112,M,,,59
200900007199,9,2,20,1730,1,2,1,1.0,6,59112,M,,,59
200900007200,9,2,26,2030,3,1,1,1.0,1,59369,M,,,59
200900007201,9,2,28,1315,1,2,1,1.0,6,59350,M,,,59
200900007202,9,2,28,1900,3,1,1,1.0,2,59550,M,5.0,0,59
200900007203,9,2,21,1515,1,2,1,1.0,6,59361,M,,,59
200900007204,9,2,24,1450,1,1,1,1.0,6,59512,M,,,59
200900007205,9,2,27,1130,1,2,2,1.0,3,59508,M,,,59
200900007206,9,2,26,1145,1,1,3,1.0,6,59163,M,,,59
200900007207,9,2,16,1255,1,1,1,1.0,6,59512,M,,,59
200900007208,9,2,18,2200,5,2,1,1.0,2,59183,M,,,59
200900007209,9,2,27,2020,3,1,1,1.0,3,59288,M,,,59
200900007210,9,2,21,1715,1,2,1,1.0,3,59155,M,,,59
200900007211,9,2,26,2155,5,1,3,1.0,1,59512,M,,,59
200900007212,9,2,21,755,5,2,1,1.0,6,59183,M,,,59
200900007213,9,2,5,1930,5,2,1,1.0,5,59431,M,,,59
200900007214,9,2,28,1030,1,1,3,1.0,1,59367,M,,,59
200900007215,9,2,28,1600,1,2,3,1.0,6,59512,M,,,59
200900007216,9,2,27,1720,1,2,1,1.0,3,59017,M,,,59
200900007217,9,2,14,1950,3,1,1,1.0,6,59508,M,,,59
200900007218,9,2,14,550,3,1,1,1.0,7,59237,M,,,59
200900007219,9,2,10,515,3,1,1,3.0,7,59507,M,,,59
200900007220,9,2,25,1030,1,1,1,1.0,7,59350,M,,,59
200900007221,9,2,9,830,1,1,1,3.0,6,59636,M,,,59
200900007222,9,2,10,1050,1,1,1,3.0,7,59459,M,,,59
200900007223,9,2,16,1925,5,1,1,1.0,7,59508,M,,,59
200900007224,9,2,12,1940,3,1,1,1.0,6,59507,M,,,59
200900007225,9,2,11,250,3,1,1,9.0,6,59491,M,,,59
200900007226,9,2,2,1515,1,1,1,3.0,7,59350,M,,,59
200900007227,9,2,2,1030,1,1,1,4.0,6,59350,M,,,59
200900007228,9,2,23,330,3,1,1,1.0,7,59359,M,,,59
200900007229,9,2,15,330,5,1,1,1.0,7,59350,M,,,59
200900007230,9,2,8,950,1,1,1,1.0,2,59646,M,,,59
200900007231,9,2,14,2200,5,1,1,1.0,7,59350,M,,,59
200900007232,9,2,9,900,1,1,1,1.0,6,59009,M,,,59
200900007233,9,2,9,643,3,1,1,1.0,7,59016,M,,,59
200900007234,9,2,19,1635,1,1,1,1.0,2,59636,M,,,59
200900007235,9,2,24,710,5,1,1,1.0,6,59537,M,,,59
200900007236,9,2,12,1930,3,1,1,1.0,6,59343,M,,,59
200900007237,9,2,10,1150,1,1,1,3.0,7,59350,M,,,59
200900007238,9,2,17,1435,1,1,1,1.0,7,59343,M,,,59
200900007239,9,2,19,445,5,1,1,1.0,7,59585,M,,,59
200900007240,9,2,5,1715,1,1,1,1.0,7,59350,M,,,59
200900007241,9,2,10,2130,3,1,1,3.0,2,59143,M,,,59
200900007242,9,2,28,645,5,2,2,1.0,3,59378,M,,,59
200900007243,9,2,25,1845,5,2,1,8.0,3,59128,M,,,59
200900007244,9,2,27,1145,1,2,1,1.0,6,59122,M,,,59
200900007245,9,2,25,850,1,1,2,1.0,6,59343,M,,,59
200900007246,9,2,27,1315,1,2,1,1.0,7,59350,M,,,59
200900007247,9,2,28,2200,5,2,1,1.0,2,59370,M,0.0,0,59
200900007248,9,4,2,1340,1,2,1,1.0,6,85191,M,4.0,-,85
200900007249,9,4,25,1125,1,2,1,1.0,6,85191,M,4.0,-,85
200900007250,9,4,17,1656,1,1,1,1.0,2,64102,M,4.0,-,64
200900007251,9,4,18,1940,1,2,1,1.0,4,64102,M,4.0,-,64
200900007252,9,1,30,250,5,1,1,1.0,6,31555,M,4.0,0,31
200900007253,9,4,22,1900,1,1,1,1.0,7,64102,M,4.0,-,64
200900007254,9,4,23,1842,1,1,3,2.0,3,64024,M,4.0,-,64
200900007255,9,4,24,1545,1,2,2,8.0,6,64024,M,4.0,-,64
200900007256,9,4,24,1620,1,2,1,1.0,7,64102,M,4.0,-,64
200900007257,9,4,26,1600,1,2,1,1.0,4,64102,M,4.0,-,64
200900007258,9,4,29,1340,1,1,1,3.0,1,64260,M,4.0,-,64
200900007259,9,4,5,1435,1,2,3,1.0,3,79191,M,,,79
200900007260,9,4,5,1500,1,2,1,1.0,1,79191,M,,,79
200900007261,9,4,10,939,1,2,6,2.0,7,79329,M,,,79
200900007262,9,4,7,1530,1,2,1,1.0,7,79329,M,,,79
200900007263,9,4,10,1045,1,2,1,1.0,7,79081,M,,,79
200900007264,9,4,17,1220,1,2,1,1.0,7,79191,M,,,79
200900007265,9,4,10,1215,1,2,1,3.0,3,79191,M,,,79
200900007266,9,4,11,2025,5,1,6,1.0,7,79191,M,,,79
200900007267,9,4,16,1900,1,2,1,1.0,7,79081,M,,,79
200900007268,9,4,23,1325,1,2,1,1.0,7,79191,M,,,79
200900007269,9,4,30,1120,1,2,3,1.0,3,79191,M,,,79
200900007270,9,4,14,1800,1,1,1,1.0,7,79247,M,0.0,0,79
200900007271,9,4,17,1415,1,2,1,1.0,1,79049,M,0.0,0,79
200900007272,9,4,4,1345,1,1,1,1.0,7,79116,M,0.0,0,79
200900007273,9,4,4,1315,1,2,2,1.0,1,79174,M,0.0,0,79
200900007274,9,4,3,830,1,1,2,5.0,4,79062,M,0.0,0,79
200900007275,9,4,6,1815,1,2,1,1.0,6,79339,M,0.0,0,79
200900007276,9,4,9,1145,1,1,1,1.0,7,79031,M,0.0,0,79
200900007277,9,4,16,1915,1,1,2,1.0,3,79049,M,0.0,0,79
200900007278,9,4,20,1815,1,1,1,1.0,7,79285,M,0.0,0,79
200900007279,9,4,20,2215,5,2,1,1.0,6,79147,M,0.0,0,79
200900007280,9,4,24,1100,1,1,1,1.0,1,79145,M,0.0,0,79
200900007281,9,4,20,2230,3,2,1,1.0,7,79130,M,0.0,0,79
200900007282,9,4,25,445,3,2,1,1.0,6,79049,M,0.0,0,79
200900007283,9,4,26,830,1,1,1,1.0,6,79348,M,0.0,0,79
200900007284,9,4,28,1815,1,1,1,1.0,1,79229,M,0.0,0,79
200900007285,9,4,29,1630,1,1,1,8.0,6,79195,M,0.0,0,79
200900007286,9,4,29,1900,1,1,1,1.0,1,79347,M,0.0,0,79
200900007287,9,4,6,1945,1,1,2,1.0,3,79259,M,,,79
200900007288,9,4,23,1820,1,2,2,1.0,3,79329,M,,,79
200900007289,9,4,16,1730,1,2,1,2.0,3,43089,M,,,43
200900007290,9,4,27,1650,1,2,1,1.0,2,43157,M,,,43
200900007291,9,4,27,1610,1,2,1,1.0,6,43157,M,,,43
200900007292,9,4,2,730,1,1,1,1.0,1,43020,M,0.0,0,43
200900007293,9,4,3,2015,5,1,1,1.0,2,43020,M,0.0,0,43
200900007294,9,4,7,1700,1,1,1,2.0,6,43240,M,4.0,0,43
200900007295,9,4,10,1145,1,2,1,1.0,3,43268,M,0.0,0,43
200900007296,9,4,10,1715,1,1,1,6.0,7,43190,M,4.0,0,43
200900007297,9,4,11,1030,1,1,1,8.0,6,43003,M,4.0,0,43
200900007298,9,4,12,515,3,1,1,2.0,6,43042,M,4.0,0,43
200900007299,9,4,12,1400,1,1,1,8.0,6,43124,M,4.0,0,43
200900007300,9,4,29,1630,1,1,1,1.0,6,43021,M,4.0,0,43
200900007301,9,3,7,2100,5,2,6,1.0,3,51172,M,,,51
200900007302,9,4,13,1930,1,2,4,1.0,1,51454,M,,,51
200900007303,9,2,28,1200,1,1,1,1.0,7,61150,M,4.0,0,61
200900007304,9,2,28,945,1,1,1,1.0,7,61480,M,4.0,0,61
200900007305,9,2,27,1030,1,2,6,5.0,7,61471,M,4.0,0,61
200900007306,9,2,27,745,2,1,1,5.0,7,61251,M,4.0,0,61
200900007307,9,2,2,1930,3,1,1,1.0,7,61472,M,4.0,-,61
200900007308,9,2,4,1515,1,2,1,8.0,7,61145,M,0.0,0,61
200900007309,9,2,13,1115,1,2,1,2.0,6,61038,M,0.0,0,61
200900007310,9,2,13,830,2,1,1,2.0,1,61414,M,4.0,0,61
200900007311,9,2,2,1415,1,1,1,1.0,1,61429,M,4.0,0,61
200900007312,9,2,2,1930,5,2,7,1.0,6,61456,M,0.0,0,61
200900007313,9,2,27,1445,1,1,2,1.0,3,61091,M,4.0,-,61
200900007314,9,2,6,1715,1,1,1,1.0,6,61116,M,4.0,0,61
200900007315,9,1,5,1645,1,2,6,1.0,3,65440,M,,,65
200900007316,9,1,2,2220,5,2,1,1.0,6,65440,M,,,65
200900007317,9,1,13,720,5,2,3,1.0,3,65251,M,,,65
200900007318,9,1,10,1215,1,2,6,1.0,6,65440,M,,,65
200900007319,9,1,17,1530,1,2,3,1.0,3,65440,M,,,65
200900007320,9,1,23,1700,1,2,3,1.0,3,65440,M,,,65
200900007321,9,1,22,2044,5,2,2,2.0,3,65440,M,,,65
200900007322,9,1,20,2110,5,2,2,1.0,3,65440,M,,,65
200900007323,9,1,22,1500,1,2,3,2.0,2,65440,M,,,65
200900007324,9,1,19,1935,5,2,3,2.0,3,65440,M,,,65
200900007325,9,1,23,1415,1,1,1,1.0,1,65031,M,0.0,0,65
200900007326,9,1,5,1900,3,1,1,2.0,2,65226,M,4.0,-,65
200900007327,9,1,29,2100,3,1,1,1.0,3,65049,M,0.0,0,65
200900007328,9,1,25,1500,1,1,1,1.0,6,65147,M,0.0,0,65
200900007329,9,1,12,1935,5,2,1,1.0,3,65440,M,,,65
200900007330,9,1,4,2345,3,1,1,9.0,4,38468,M,4.0,0,38
200900007331,9,1,3,1110,1,2,1,1.0,6,38169,M,,,38
200900007332,9,1,3,1045,1,2,1,1.0,1,38421,M,,,38
200900007333,9,1,22,1050,1,2,1,1.0,3,38421,M,,,38
200900007334,9,1,10,2015,5,2,2,1.0,3,38185,M,,,38
200900007335,9,1,16,20,5,2,1,1.0,2,38151,M,,,38
200900007336,9,1,26,1930,5,2,1,1.0,6,38185,M,,,38
200900007337,9,1,30,1035,1,2,1,1.0,3,38185,M,,,38
200900007338,9,1,28,845,1,2,1,1.0,6,38185,M,,,38
200900007339,9,1,25,1400,1,2,2,1.0,3,38185,M,,,38
200900007340,9,1,31,230,5,2,2,1.0,3,38169,M,,,38
200900007341,9,1,16,1225,1,2,9,1.0,6,38421,M,,,38
200900007342,9,1,21,1150,1,2,1,1.0,6,38151,M,,,38
200900007343,9,1,9,1800,2,2,1,1.0,6,38158,M,4.0,0,38
200900007344,9,1,16,2230,3,1,1,1.0,1,38317,M,0.0,0,38
200900007345,9,1,30,700,2,1,1,1.0,6,38034,M,4.0,0,38