Num_Acc,an,mois,jour,hrmn,lum,agg,int,atm,col,com,gps,lat,long,dep
200900007346,9,1,20,1900,3,1,1,1.0,1,38138,M,4.0,0,38
200900007347,9,1,5,1845,3,1,1,1.0,6,38232,M,4.0,0,38
200900007348,9,1,14,1600,1,1,1,9.0,3,38553,M,0.0,0,38
200900007349,9,1,23,1415,1,1,1,2.0,4,38160,M,4.0,0,38
200900007350,9,1,15,1645,1,2,1,1.0,1,38383,M,4.0,0,38
200900007351,9,1,13,800,2,1,1,9.0,6,38269,M,4.0,0,38
200900007352,9,1,15,1700,2,1,1,2.0,6,38556,M,4.0,0,38
200900007353,9,1,15,2100,3,1,1,1.0,7,38474,M,4.0,0,38
200900007354,9,1,30,2200,3,1,1,1.0,3,38485,M,0.0,0,38
200900007355,9,1,17,1845,5,2,1,8.0,1,38349,M,4.0,0,38
200900007356,9,1,16,1900,3,1,9,1.0,1,38317,M,0.0,0,38
200900007357,9,1,4,1800,3,2,1,8.0,6,38562,M,4.0,0,38
200900007358,9,1,1,1700,1,1,1,8.0,6,38247,M,4.0,0,38
200900007359,9,1,6,1645,1,1,1,4.0,1,38449,M,0.0,0,38
200900007360,9,1,27,2015,3,1,1,1.0,1,38537,M,0.0,0,38
200900007361,9,1,2,1300,1,2,9,1.0,6,38087,M,4.0,0,38
200900007362,9,1,12,800,1,2,1,1.0,6,38140,M,0.0,0,38
200900007363,9,1,14,430,3,1,1,9.0,7,38249,M,0.0,0,38
200900007364,9,1,16,745,2,1,1,1.0,7,38478,M,4.0,0,38
200900007365,9,1,31,1845,3,1,1,1.0,6,38507,M,4.0,0,38
200900007366,9,1,5,1715,3,1,1,2.0,1,38061,M,0.0,0,38
200900007367,9,1,19,1530,1,1,1,2.0,6,38344,M,4.0,0,38
200900007368,9,1,29,930,1,1,1,1.0,3,38399,M,4.0,0,38
200900007369,9,1,25,1830,3,1,1,5.0,6,38205,M,0.0,0,38
200900007370,9,1,16,1630,1,1,1,8.0,2,38298,M,4.0,0,38
200900007371,9,1,15,1009,1,2,1,1.0,6,38544,M,,,38
200900007372,9,1,9,1530,1,2,4,1.0,3,38563,M,,,38
200900007373,9,1,25,215,5,2,2,1.0,3,38563,M,,,38
200900007374,9,1,8,2035,5,1,1,1.0,4,38544,M,,,38
200900007375,9,1,31,840,1,2,4,1.0,6,38053,M,,,38
200900007376,9,1,30,940,1,2,1,1.0,6,38185,M,,,38
200900007377,9,1,11,2340,3,1,1,5.0,6,38544,M,,,38
200900007378,9,1,19,2030,5,2,1,2.0,6,38176,M,4.0,0,38
200900007379,9,1,20,2130,5,2,1,1.0,3,38474,M,,,38
200900007380,9,1,24,1930,5,1,4,3.0,3,38544,M,,,38
200900007381,9,1,25,2230,5,1,1,1.0,6,38563,M,,,38
200900007382,9,2,7,1530,1,1,1,2.0,2,38140,M,4.0,0,38
200900007383,9,2,6,2000,5,2,3,2.0,1,38006,M,0.0,0,38
200900007384,9,2,6,1945,3,1,1,2.0,4,38500,M,4.0,0,38
200900007385,9,2,4,1115,1,1,1,1.0,3,38068,M,4.0,0,38
200900007386,9,2,2,1915,5,2,1,2.0,3,38276,M,4.0,0,38
200900007387,9,2,26,2115,5,2,1,1.0,6,38065,M,4.0,0,38
200900007388,9,2,14,1445,1,1,1,1.0,1,38050,M,4.0,0,38
200900007389,9,2,16,645,2,1,1,9.0,1,38203,M,4.0,0,38
200900007390,9,2,10,2015,3,1,1,8.0,5,38030,M,4.0,0,38
200900007391,9,2,23,2300,3,1,1,1.0,7,38521,M,0.0,0,38
200900007392,9,2,20,1500,1,1,1,1.0,1,38073,M,4.0,0,38
200900007393,9,2,27,1330,1,1,1,1.0,6,38314,M,4.0,0,38
200900007394,9,2,14,1830,2,1,1,1.0,7,38065,M,4.0,0,38
200900007395,9,2,13,1600,1,1,1,1.0,1,38304,M,4.0,0,38
200900007396,9,2,14,130,5,2,1,1.0,6,38425,M,4.0,0,38
200900007397,9,2,8,1615,1,1,1,2.0,3,38058,M,4.0,0,38
200900007398,9,2,28,700,2,1,1,1.0,1,38068,M,4.0,0,38
200900007399,9,2,15,2230,3,2,1,1.0,6,38425,M,4.0,0,38
200900007400,9,2,15,1630,1,1,1,1.0,6,38307,M,4.0,0,38
200900007401,9,2,28,1445,1,1,1,7.0,3,38034,M,4.0,0,38
200900007402,9,2,8,1945,5,1,1,1.0,1,38336,M,0.0,0,38
200900007403,9,2,25,1945,5,2,1,1.0,6,38269,M,0.0,0,38
200900007404,9,2,2,2030,5,1,2,2.0,3,38095,M,0.0,0,38
200900007405,9,2,11,2000,5,2,1,1.0,6,38185,M,,,38
200900007406,9,2,3,1855,5,2,1,1.0,6,38185,M,,,38
200900007407,9,2,3,1610,1,2,1,1.0,3,38185,M,,,38
200900007408,9,2,10,1700,1,2,1,1.0,1,38185,M,,,38
200900007409,9,2,15,2355,5,2,1,1.0,6,38185,M,,,38
200900007410,9,2,26,2237,5,2,1,1.0,3,38544,M,,,38
200900007411,9,2,26,1030,1,2,1,1.0,6,38185,M,,,38
200900007412,9,2,28,1000,1,2,1,1.0,2,38421,M,,,38
200900007413,9,2,25,1320,1,2,1,1.0,6,38185,M,,,38
200900007414,9,2,27,1300,1,2,1,1.0,3,38053,M,,,38
200900007415,9,2,6,1130,1,1,1,3.0,6,38544,M,,,38
200900007416,9,2,2,1645,1,2,1,1.0,6,38185,M,,,38
200900007417,9,2,2,1830,3,1,1,2.0,2,38274,M,4.0,0,38
200900007418,9,2,5,1930,3,1,1,3.0,1,38254,M,4.0,0,38
200900007419,9,2,6,1915,5,2,1,2.0,1,38421,M,,,38
200900007420,9,2,7,1135,1,2,1,2.0,3,38421,M,,,38
200900007421,9,2,10,700,1,1,1,1.0,3,38421,M,,,38
200900007422,9,2,21,530,5,1,1,1.0,1,38185,M,,,38
200900007423,9,3,10,2020,5,2,2,1.0,1,65440,M,,,65
200900007424,9,3,2,1355,1,2,6,1.0,6,65440,M,,,65
200900007425,9,3,6,2020,5,2,3,1.0,6,65286,M,,,65
200900007426,9,3,17,1415,1,2,2,1.0,3,65440,M,,,65
200900007427,9,3,19,2230,5,2,2,1.0,3,65440,M,,,65
200900007428,9,3,16,1800,1,2,3,1.0,3,65433,M,,,65
200900007429,9,3,10,840,1,2,3,1.0,5,65440,M,,,65
200900007430,9,3,25,1025,1,2,1,1.0,6,65286,M,,,65
200900007431,9,3,17,1050,1,2,2,1.0,3,65047,M,,,65
200900007432,9,3,23,1745,1,2,2,1.0,6,65440,M,,,65
200900007433,9,3,12,2325,5,2,2,1.0,1,65440,M,,,65
200900007434,9,3,27,1600,1,1,1,1.0,3,65258,M,4.0,0,65
200900007435,9,3,14,245,5,2,1,1.0,7,65375,M,0.0,0,65
200900007436,9,3,16,1815,1,1,1,1.0,3,65460,M,4.0,0,65
200900007437,9,3,10,1730,1,2,1,1.0,2,65235,M,4.0,0,65
200900007438,9,3,3,1300,1,1,1,1.0,6,65031,M,4.0,0,65
200900007439,9,3,1,1530,1,2,1,2.0,6,65087,M,4.0,0,65
200900007440,9,3,6,800,1,1,1,1.0,7,65375,M,4.0,0,65
200900007441,9,3,20,1030,1,1,1,1.0,3,65242,M,0.0,0,65
200900007442,9,3,12,1920,5,2,1,1.0,3,65251,M,,,65
200900007443,9,3,31,810,1,2,4,1.0,1,65417,M,,,65
200900007444,9,3,7,845,1,1,2,1.0,3,61170,M,4.0,-,61
200900007445,9,3,13,2030,2,1,1,1.0,2,61473,M,4.0,-,61
200900007446,9,3,15,1700,1,1,1,1.0,7,61357,M,4.0,-,61
200900007447,9,3,29,1215,1,2,1,1.0,6,61145,M,4.0,-,61
200900007448,9,3,6,1150,1,2,3,1.0,2,61006,M,4.0,-,61
200900007449,9,3,24,515,3,1,1,2.0,2,61011,M,4.0,-,61
200900007450,9,3,16,930,1,2,1,1.0,7,61145,M,4.0,-,61
200900007451,9,3,12,2340,3,1,1,2.0,7,61082,M,4.0,0,61
200900007452,9,2,13,1100,1,2,1,1.0,6,65375,M,0.0,0,65
200900007453,9,2,2,2245,3,1,1,3.0,6,65353,M,4.0,0,65
200900007454,9,2,13,700,3,1,3,1.0,3,65284,M,4.0,0,65
200900007455,9,2,15,2145,5,2,1,1.0,6,65001,M,0.0,0,65
200900007456,9,2,20,1230,1,2,1,1.0,3,65095,M,4.0,0,65
200900007457,9,2,22,1445,1,1,1,1.0,6,65127,M,4.0,0,65
200900007458,9,2,9,1530,1,2,1,1.0,3,65258,M,4.0,0,65
200900007459,9,2,21,1700,1,2,1,1.0,3,65258,M,0.0,0,65
200900007460,9,2,15,2330,5,2,1,9.0,6,65245,M,4.0,0,65
200900007461,9,2,2,1627,1,2,1,2.0,6,65440,M,,,65
200900007462,9,2,7,1720,1,2,2,2.0,3,65047,M,,,65
200900007463,9,2,19,1950,5,2,1,1.0,3,65226,M,,,65
200900007464,9,2,25,1715,1,2,1,1.0,2,65100,M,,,65
200900007465,9,2,22,850,1,2,7,1.0,2,65440,M,,,65
200900007466,9,2,25,1510,1,2,1,1.0,6,65440,M,,,65
200900007467,9,2,2,2110,5,2,2,2.0,2,65440,M,,,65
200900007468,9,2,16,730,3,1,1,1.0,5,65235,M,4.0,0,65
200900007469,9,2,16,800,2,1,1,1.0,7,65286,M,,,65
200900007470,9,2,28,1310,1,2,2,1.0,3,65251,M,,,65
200900007471,9,2,15,400,5,2,6,1.0,2,65440,M,,,65
200900007472,9,2,5,1355,1,2,1,1.0,2,65440,M,,,65
200900007473,9,4,1,1352,1,2,1,1.0,2,49007,M,,,49
200900007474,9,4,23,1110,1,2,3,1.0,3,49328,M,,,49
200900007475,9,4,30,1600,1,2,2,1.0,3,49099,M,,,49
200900007476,9,4,2,1145,1,2,1,1.0,6,49328,M,,,49
200900007477,9,4,16,745,1,2,1,1.0,6,49099,M,,,49
200900007478,9,4,28,1430,1,2,1,1.0,6,49099,M,,,49
200900007479,9,4,23,1130,1,2,1,1.0,6,49099,M,,,49
200900007480,9,4,3,2024,2,2,1,1.0,1,49015,M,,,49
200900007481,9,4,2,1810,1,2,1,1.0,6,49099,M,,,49
200900007482,9,4,9,651,2,2,1,2.0,2,49007,M,,,49
200900007483,9,4,12,2231,5,2,1,1.0,3,49007,M,,,49
200900007484,9,4,28,2040,2,2,1,2.0,1,49328,M,,,49
200900007485,9,4,1,1753,1,2,1,2.0,3,49007,M,,,49
200900007486,9,4,2,1613,1,2,1,1.0,7,49007,M,,,49
200900007487,9,4,11,1533,1,2,1,1.0,1,49007,M,,,49
200900007488,9,4,7,717,1,2,1,1.0,3,49007,M,,,49
200900007489,9,4,6,2155,5,2,1,1.0,3,49099,M,,,49
200900007490,9,4,26,1510,1,2,6,1.0,6,49328,M,,,49
200900007491,9,4,17,1600,1,2,1,1.0,2,49099,M,,,49
200900007492,9,4,15,1655,1,2,1,2.0,2,49007,M,,,49
200900007493,9,4,7,2058,2,2,1,1.0,3,49246,M,,,49
200900007494,9,4,11,1057,1,2,1,1.0,7,49007,M,,,49
200900007495,9,4,14,1225,1,2,3,1.0,3,49099,M,,,49
200900007496,9,4,9,1915,1,2,1,1.0,7,49129,M,0.0,0,49
200900007497,9,4,22,1730,1,2,1,1.0,6,49339,M,0.0,0,49
200900007498,9,4,9,1945,1,1,1,1.0,1,49232,M,0.0,0,49
200900007499,9,4,10,730,2,1,3,3.0,3,49132,M,0.0,0,49
200900007500,9,4,24,30,5,2,1,1.0,6,49331,M,4.0,-,49
200900007501,9,4,23,1730,1,1,2,1.0,3,49192,M,0.0,0,49
200900007502,9,4,24,2045,1,1,1,1.0,1,49054,M,0.0,0,49
200900007503,9,4,5,1800,1,2,1,1.0,1,49104,M,0.0,0,49
200900007504,9,4,23,807,1,2,1,1.0,2,49007,M,,,49
200900007505,9,4,10,1530,1,1,1,2.0,5,49049,M,0.0,0,49
200900007506,9,4,21,1130,1,1,1,1.0,4,49355,M,0.0,0,49
200900007507,9,4,14,2045,2,1,1,1.0,6,49323,M,0.0,0,49
200900007508,9,4,14,1800,1,2,1,1.0,6,49372,M,0.0,0,49
200900007509,9,4,18,2145,3,1,1,1.0,1,49272,M,0.0,0,49
200900007510,9,4,20,800,1,1,2,5.0,2,49359,M,0.0,0,49
200900007511,9,4,4,1215,1,1,3,1.0,3,49041,M,0.0,0,49
200900007512,9,4,5,1815,1,1,1,1.0,2,49021,M,0.0,0,49
200900007513,9,4,14,1130,1,2,7,1.0,6,49264,M,0.0,0,49
200900007514,9,4,23,1415,1,1,1,1.0,6,49049,M,0.0,0,49
200900007515,9,4,20,1300,1,1,2,1.0,3,49127,M,0.0,0,49
200900007516,9,4,20,833,1,2,1,1.0,7,49267,M,,,49
200900007517,9,4,30,1711,1,2,1,1.0,7,49007,M,,,49
200900007518,9,4,22,905,1,2,1,1.0,3,49007,M,,,49
200900007519,9,4,18,1820,1,2,1,1.0,7,49007,M,,,49
200900007520,9,4,17,1914,1,2,1,1.0,6,49007,M,,,49
200900007521,9,4,17,1435,1,2,1,1.0,7,49015,M,,,49
200900007522,9,4,29,1615,1,2,1,1.0,1,49007,M,,,49
200900007523,9,4,25,1420,1,2,1,1.0,7,49015,M,,,49
200900007524,9,4,24,2015,1,2,2,1.0,3,49007,M,,,49
200900007525,9,4,16,1430,1,2,1,1.0,7,49007,M,,,49
200900007526,9,4,20,1710,1,2,1,1.0,7,49007,M,,,49
200900007527,9,4,18,1635,1,2,1,1.0,6,49015,M,,,49
200900007528,9,4,30,2355,5,2,1,1.0,7,49015,M,,,49
200900007529,9,4,22,1910,1,2,1,1.0,3,49007,M,,,49
200900007530,9,4,21,1743,1,2,1,1.0,4,49007,M,,,49
200900007531,9,4,16,1012,1,2,1,1.0,7,49007,M,,,49
200900007532,9,4,24,700,2,1,1,7.0,6,49323,M,0.0,0,49
200900007533,9,4,26,335,5,2,1,1.0,6,49103,M,0.0,0,49
200900007534,9,4,7,1620,1,2,1,1.0,3,49246,M,,,49
200900007535,9,4,17,430,3,1,1,5.0,7,49223,M,0.0,0,49
200900007536,9,4,17,426,3,2,1,1.0,2,49353,M,,,49
200900007537,9,4,10,1915,1,1,1,8.0,4,49328,M,,,49
200900007538,9,4,16,1725,1,2,3,1.0,1,49328,M,,,49
200900007539,9,4,19,2245,5,2,1,1.0,6,65440,M,,,65
200900007540,9,4,7,2215,4,2,3,2.0,6,65440,M,,,65
200900007541,9,4,21,2150,5,2,5,1.0,3,65440,M,,,65
200900007542,9,4,12,930,1,2,7,2.0,6,65286,M,,,65
200900007543,9,4,9,1835,1,2,4,1.0,6,65440,M,,,65
200900007544,9,4,12,1400,1,2,1,2.0,3,65286,M,,,65
200900007545,9,4,21,2335,5,2,2,1.0,6,65440,M,,,65
200900007546,9,4,1,1745,1,2,1,1.0,6,65440,M,,,65
200900007547,9,4,12,700,3,1,1,2.0,6,65242,M,4.0,0,65
200900007548,9,4,19,1415,1,1,1,3.0,7,65079,M,4.0,0,65
200900007549,9,4,2,1215,1,1,1,1.0,1,65371,M,4.0,-,65
200900007550,9,4,6,345,3,1,1,1.0,6,65330,M,0.0,0,65
200900007551,9,4,25,1200,1,1,1,2.0,3,65252,M,4.0,-,65
200900007552,9,4,18,1600,1,1,1,1.0,6,65258,M,4.0,0,65
200900007553,9,4,13,1115,1,1,1,1.0,6,65335,M,4.0,0,65
200900007554,9,4,21,1045,1,2,9,1.0,6,65460,M,0.0,0,65
200900007555,9,4,4,2030,2,2,1,1.0,3,65286,M,,,65
200900007556,9,4,6,1730,1,1,1,1.0,6,65473,M,4.0,-,65
200900007557,9,4,16,1440,1,2,1,1.0,2,65440,M,,,65
200900007558,9,4,9,1410,1,1,3,1.0,2,65331,M,,,65
200900007559,9,4,19,1515,1,2,1,1.0,6,65251,M,,,65
200900007560,9,4,18,2340,3,1,3,1.0,3,65226,M,,,65
200900007561,9,4,20,1400,1,1,1,1.0,1,65226,M,,,65
200900007562,9,1,5,1445,1,1,1,1.0,1,32242,M,4.0,0,32
200900007563,9,1,5,1700,1,1,1,1.0,6,32356,M,4.0,0,32
200900007564,9,1,8,1730,2,1,1,1.0,7,32083,M,4.0,0,32
200900007565,9,1,29,930,1,1,1,5.0,1,32321,M,4.0,0,32
200900007566,9,1,7,530,5,2,1,1.0,6,32013,M,4.0,0,32
200900007567,9,1,31,1330,1,1,1,1.0,1,32088,M,4.0,0,32
200900007568,9,1,29,1230,1,1,1,1.0,7,32369,M,4.0,0,32
200900007569,9,1,5,1023,1,2,1,8.0,6,32013,M,4.0,0,32
200900007570,9,1,26,1715,1,1,1,2.0,1,32296,M,4.0,-,32
200900007571,9,3,13,1230,1,2,2,1.0,1,68226,M,4.0,0,68
200900007572,9,3,9,720,2,2,2,1.0,6,68066,M,,,68
200900007573,9,3,5,1710,1,2,2,1.0,3,68224,M,,,68
200900007574,9,3,17,2121,5,2,1,1.0,6,68066,M,,,68
200900007575,9,3,18,845,1,2,6,7.0,3,68224,M,,,68
200900007576,9,3,18,1800,1,2,2,1.0,1,68154,M,0.0,0,68
200900007577,9,3,2,1915,5,1,1,2.0,2,68300,M,4.0,0,68
200900007578,9,3,4,1015,1,1,1,2.0,6,68279,M,4.0,0,68
200900007579,9,3,4,1630,1,2,3,8.0,6,68224,M,,,68
200900007580,9,3,5,1530,1,2,2,2.0,3,68066,M,,,68
200900007581,9,3,9,1914,5,2,9,1.0,6,68066,M,,,68
200900007582,9,3,10,1123,1,2,1,2.0,6,68066,M,,,68
200900007583,9,3,10,1136,1,2,1,2.0,2,68224,M,,,68
200900007584,9,3,10,1730,1,1,1,3.0,6,68321,M,0.0,0,68
200900007585,9,3,10,1920,5,2,3,2.0,6,68224,M,,,68
200900007586,9,3,16,2040,5,2,1,1.0,2,68224,M,,,68
200900007587,9,3,16,835,1,1,1,1.0,2,68224,M,,,68
200900007588,9,3,7,1915,5,1,1,1.0,6,68253,M,0.0,0,68
200900007589,9,3,7,2245,5,2,1,1.0,3,68138,M,4.0,0,68
200900007590,9,3,17,1130,1,2,1,1.0,6,68098,M,0.0,0,68
200900007591,9,3,15,145,5,2,1,1.0,6,68304,M,4.0,0,68
200900007592,9,3,18,37,5,2,1,1.0,6,68066,M,,,68
200900007593,9,3,18,1915,2,2,2,1.0,3,68063,M,4.0,0,68
200900007594,9,3,19,645,1,1,4,1.0,7,68273,M,4.0,0,68
200900007595,9,3,19,459,4,2,1,1.0,6,68224,M,,,68
200900007596,9,3,19,1740,1,2,3,1.0,2,68066,M,,,68
200900007597,9,3,20,1145,1,2,1,1.0,6,68267,M,4.0,0,68
200900007598,9,3,20,1745,1,1,1,1.0,5,68301,M,0.0,0,68
200900007599,9,3,23,1136,1,2,2,1.0,2,68066,M,,,68
200900007600,9,3,25,742,1,2,5,2.0,3,68066,M,,,68
200900007601,9,3,27,1005,1,2,1,8.0,5,68224,M,,,68
200900007602,9,3,27,2115,3,1,1,1.0,3,68226,M,0.0,0,68
200900007603,9,3,27,1340,1,2,3,1.0,6,68066,M,,,68
200900007604,9,3,28,1145,1,2,1,2.0,1,68154,M,0.0,0,68
200900007605,9,3,29,525,5,2,2,1.0,3,68224,M,,,68
200900007606,9,3,31,1507,1,2,2,1.0,3,68066,M,,,68
200900007607,9,1,6,755,5,2,3,1.0,4,47001,M,,,47
200900007608,9,1,7,1542,1,2,2,1.0,3,47201,M,,,47
200900007609,9,1,28,1930,5,2,3,3.0,6,47001,M,,,47
200900007610,9,1,29,1404,1,2,1,1.0,6,47001,M,,,47
200900007611,9,2,1,355,5,2,1,1.0,6,47001,M,,,47
200900007612,9,2,10,1515,1,2,1,1.0,6,47001,M,,,47
200900007613,9,2,26,1020,1,1,1,1.0,5,47001,M,,,47
200900007614,9,2,26,2050,5,2,3,1.0,3,47201,M,,,47
200900007615,9,4,22,1415,1,1,1,1.0,1,12225,M,0.0,0,12
200900007616,9,4,13,830,1,1,1,5.0,6,12142,M,0.0,0,12
200900007617,9,4,23,1215,1,1,1,1.0,5,12119,M,4.0,0,12
200900007618,9,4,8,945,1,1,1,8.0,3,12286,M,4.0,0,12
200900007619,9,4,29,2030,3,1,1,3.0,3,12136,M,4.0,0,12
200900007620,9,4,10,1630,1,1,1,1.0,1,12096,M,4.0,0,12
200900007621,9,4,22,1645,1,2,2,1.0,3,12202,M,,,12
200900007622,9,4,2,1830,1,1,1,1.0,6,12157,M,4.0,0,12
200900007623,9,4,18,2340,5,2,1,1.0,6,12089,M,,,12
200900007624,9,2,6,745,2,1,1,1.0,3,32307,M,4.0,0,32
200900007625,9,2,28,1445,1,1,2,1.0,3,32208,M,4.0,0,32
200900007626,9,2,22,1945,3,1,1,1.0,3,32160,M,4.0,0,32
200900007627,9,2,6,845,1,1,1,1.0,6,32005,M,4.0,-,32
200900007628,9,2,17,1630,1,1,1,1.0,6,32332,M,4.0,0,32
200900007629,9,2,20,1115,1,2,2,1.0,3,32319,M,4.0,0,32
200900007630,9,2,20,1215,1,1,2,1.0,3,32095,M,4.0,0,32
200900007631,9,2,21,1800,2,1,1,1.0,6,32249,M,4.0,0,32
200900007632,9,2,22,1845,2,1,9,1.0,2,32183,M,4.0,0,32
200900007633,9,2,24,900,1,1,1,1.0,1,32056,M,4.0,0,32
200900007634,9,2,26,1915,3,1,1,1.0,3,32147,M,4.0,0,32
200900007635,9,2,27,1700,1,2,1,1.0,7,32107,M,4.0,0,32
200900007636,9,2,28,800,1,1,1,1.0,6,32290,M,4.0,0,32
200900007637,9,3,26,1030,1,1,1,8.0,5,47111,M,0.0,0,47
200900007638,9,3,8,2315,5,2,1,1.0,6,47246,M,0.0,0,47
200900007639,9,3,21,1805,1,2,1,1.0,2,47001,M,,,47
200900007640,9,3,23,1345,1,2,1,1.0,3,47201,M,,,47
200900007641,9,3,18,820,1,2,6,1.0,3,47001,M,,,47
200900007642,9,3,24,1705,1,2,1,1.0,2,47001,M,,,47
200900007643,9,3,3,2300,3,1,1,1.0,7,47033,M,0.0,0,47
200900007644,9,3,5,1915,2,2,2,1.0,1,47310,M,0.0,0,47
200900007645,9,3,1,100,5,2,1,1.0,6,47056,M,0.0,0,47
200900007646,9,3,2,1000,1,1,1,1.0,6,47065,M,0.0,0,47
200900007647,9,3,5,2000,3,1,1,2.0,5,47070,M,0.0,0,47
200900007648,9,3,7,2245,3,1,4,1.0,3,47233,M,0.0,0,47
200900007649,9,3,9,200,3,1,1,3.0,6,47165,M,0.0,0,47
200900007650,9,3,11,800,1,1,4,2.0,5,47215,M,0.0,0,47
200900007651,9,3,12,1115,1,2,3,1.0,3,47209,M,0.0,0,47
200900007652,9,3,18,1745,1,2,1,1.0,4,47310,M,0.0,0,47
200900007653,9,3,20,815,1,2,9,1.0,3,47252,M,0.0,0,47
200900007654,9,3,14,1730,1,2,1,1.0,3,47310,M,0.0,0,47
200900007655,9,3,15,1645,1,1,1,1.0,2,47175,M,0.0,0,47
200900007656,9,3,16,1645,1,1,1,1.0,2,47209,M,0.0,0,47
200900007657,9,3,17,515,3,1,1,1.0,6,47141,M,4.0,0,47
200900007658,9,3,22,1530,1,1,1,1.0,6,47056,M,0.0,0,47
200900007659,9,3,23,1100,1,1,1,1.0,7,47168,M,0.0,0,47
200900007660,9,3,26,1600,1,2,1,1.0,7,47195,M,0.0,0,47
200900007661,9,3,20,1830,1,1,1,1.0,3,47216,M,0.0,0,47
200900007662,9,3,31,1915,1,1,3,1.0,3,47177,M,0.0,0,47
200900007663,9,3,12,1945,3,1,3,1.0,3,47326,M,0.0,0,47
200900007664,9,4,5,2100,4,2,1,1.0,6,47310,M,0.0,0,47
200900007665,9,4,3,1625,1,1,1,3.0,1,47323,M,0.0,0,47
200900007666,9,4,3,1830,1,2,1,1.0,6,47199,M,0.0,0,47
200900007667,9,4,4,210,3,1,1,5.0,7,47215,M,0.0,0,47
200900007668,9,4,4,1950,1,2,1,1.0,6,47323,M,0.0,0,47
200900007669,9,4,6,930,1,1,1,1.0,2,47060,M,0.0,0,47
200900007670,9,4,7,1015,1,1,2,3.0,3,47081,M,0.0,0,47
200900007671,9,4,1,1015,1,1,3,1.0,3,47004,M,0.0,0,47
200900007672,9,4,3,1645,1,1,1,8.0,6,47267,M,0.0,0,47
200900007673,9,4,3,1800,1,2,1,2.0,6,47100,M,0.0,0,47
200900007674,9,4,18,2130,2,1,1,2.0,7,47267,M,0.0,0,47
200900007675,9,4,7,1245,1,2,1,3.0,5,47051,M,0.0,0,47
200900007676,9,4,7,1445,1,1,1,8.0,1,47070,M,0.0,0,47
200900007677,9,4,9,1115,1,1,1,1.0,2,47036,M,0.0,0,47
200900007678,9,4,9,2315,5,1,1,1.0,6,47209,M,0.0,0,47
200900007679,9,4,10,1715,1,1,1,2.0,7,47157,M,0.0,0,47
200900007680,9,4,16,1530,1,1,1,1.0,6,47045,M,0.0,0,47
200900007681,9,4,19,1900,1,1,1,1.0,6,47172,M,0.0,0,47
200900007682,9,4,21,1145,1,1,1,1.0,3,47252,M,0.0,0,47
200900007683,9,4,22,845,1,2,3,1.0,2,47115,M,0.0,0,47
200900007684,9,4,24,15,3,1,2,1.0,1,47244,M,0.0,0,47
200900007685,9,4,25,2050,5,2,2,2.0,3,47323,M,0.0,0,47
200900007686,9,4,28,1500,1,1,2,1.0,3,47206,M,0.0,0,47
200900007687,9,4,30,1715,1,1,1,2.0,1,47209,M,0.0,0,47
200900007688,9,4,28,1745,1,1,2,2.0,3,47151,M,0.0,0,47
200900007689,9,2,9,1240,1,2,3,1.0,3,73065,M,,,73
200900007690,9,2,16,800,1,1,4,1.0,1,73329,M,0.0,0,73
200900007691,9,2,5,1840,5,2,3,1.0,3,73065,M,,,73
200900007692,9,2,13,815,1,2,6,1.0,6,73051,M,0.0,0,73
200900007693,9,2,13,2215,5,2,3,1.0,1,73008,M,,,73
200900007694,9,2,28,1200,1,2,1,1.0,6,73249,M,4.0,0,73
200900007695,9,2,1,320,5,2,1,1.0,1,73008,M,,,73
200900007696,9,2,10,1715,1,1,1,4.0,6,73232,M,4.0,0,73
200900007697,9,2,13,1645,1,1,1,7.0,1,73267,M,0.0,0,73
200900007698,9,2,11,1200,1,1,1,1.0,5,73203,M,0.0,0,73
200900007699,9,2,22,1615,1,1,1,4.0,1,73116,M,0.0,0,73
200900007700,9,2,20,1715,1,1,1,1.0,5,73219,M,4.0,0,73
200900007701,9,2,6,845,1,1,2,1.0,1,36057,M,4.0,0,36
200900007702,9,2,5,1322,1,2,2,1.0,3,36044,M,4.0,0,36
200900007703,9,2,1,1245,1,2,3,8.0,3,36044,M,4.0,0,36
200900007704,9,2,4,1120,1,1,1,1.0,7,36202,M,4.0,0,36
200900007705,9,2,5,1200,1,1,1,1.0,6,36098,M,4.0,0,36
200900007706,9,2,5,1245,1,1,1,1.0,1,36195,M,4.0,0,36
200900007707,9,2,5,1500,1,2,1,1.0,2,36044,M,4.0,0,36
200900007708,9,2,7,1115,1,2,1,4.0,6,36031,M,4.0,0,36
200900007709,9,2,12,105,3,1,1,1.0,7,36202,M,4.0,0,36
200900007710,9,2,10,1510,1,2,1,1.0,7,36044,M,4.0,0,36
200900007711,9,2,14,955,1,1,1,1.0,3,36202,M,4.0,0,36
200900007712,9,2,20,100,5,2,1,1.0,6,36088,M,4.0,0,36
200900007713,9,2,21,815,1,1,1,5.0,1,36149,M,4.0,0,36
200900007714,9,2,22,1943,5,2,1,2.0,2,36044,M,4.0,0,36
200900007715,9,2,23,1655,1,1,3,1.0,3,36202,M,4.0,0,36
200900007716,9,2,28,1245,1,2,1,1.0,3,36044,M,4.0,0,36
200900007717,9,3,6,1,3,1,1,1.0,7,36084,M,4.0,0,36
200900007718,9,3,22,2000,3,1,1,1.0,1,36037,M,4.0,0,36
200900007719,9,3,3,445,3,1,1,1.0,7,36247,M,4.0,0,36
200900007720,9,3,15,1245,1,1,1,1.0,6,36228,M,4.0,0,36
200900007721,9,3,2,1730,1,1,2,1.0,3,36063,M,4.0,0,36
200900007722,9,3,5,1100,1,2,1,1.0,3,36044,M,4.0,0,36
200900007723,9,3,6,2019,5,2,1,1.0,7,36044,M,4.0,0,36