Num_Acc,an,mois,jour,hrmn,lum,agg,int,atm,col,com,gps,lat,long,dep
200900007724,9,3,13,1937,5,2,1,1.0,7,36063,M,4.0,0,36
200900007725,9,3,16,615,2,1,1,1.0,7,36101,M,4.0,0,36
200900007726,9,3,19,915,1,2,4,1.0,3,36192,M,4.0,0,36
200900007727,9,3,22,1,5,2,1,1.0,6,36093,M,4.0,0,36
200900007728,9,3,21,1935,3,2,1,1.0,3,36063,M,,,36
200900007729,9,3,25,1730,1,1,2,2.0,3,36013,M,4.0,0,36
200900007730,9,3,28,1055,1,1,1,8.0,7,36159,M,4.0,0,36
200900007731,9,3,29,1735,1,2,2,1.0,3,36044,M,,,36
200900007732,9,3,30,1933,1,2,1,1.0,7,36044,M,,,36
200900007733,9,3,31,645,5,2,1,1.0,6,36005,M,4.0,0,36
200900007734,9,3,30,1711,1,1,1,1.0,3,36202,M,,,36
200900007735,9,3,31,1400,1,2,1,1.0,3,36044,M,4.0,0,36
200900007736,9,2,4,1430,1,2,1,1.0,2,04049,M,4.0,0,04
200900007737,9,2,16,545,5,2,1,1.0,5,04049,M,4.0,0,04
200900007738,9,2,19,1945,1,1,1,1.0,3,04160,M,0.0,0,04
200900007739,9,2,8,245,3,2,1,1.0,7,04121,M,4.0,0,04
200900007740,9,2,9,1345,1,1,1,1.0,3,04094,M,4.0,0,04
200900007741,9,2,4,1600,1,1,1,2.0,5,04001,M,4.0,0,04
200900007742,9,2,3,1455,1,2,1,2.0,6,04112,M,,,04
200900007743,9,4,18,1220,1,2,3,1.0,3,04112,M,,,04
200900007744,9,4,15,1445,1,1,1,1.0,1,04094,M,4.0,0,04
200900007745,9,4,14,1900,1,2,1,1.0,2,04045,M,4.0,0,04
200900007746,9,4,22,1715,1,1,1,1.0,1,04152,M,0.0,0,04
200900007747,9,4,14,1345,1,1,1,1.0,6,04123,M,4.0,0,04
200900007748,9,4,14,815,1,1,1,1.0,7,04006,M,4.0,0,04
200900007749,9,4,3,1830,1,1,1,1.0,6,04192,M,0.0,0,04
200900007750,9,4,4,730,1,2,1,1.0,1,04166,M,4.0,0,04
200900007751,9,4,13,1115,1,1,1,1.0,6,04004,M,4.0,0,04
200900007752,9,4,10,1710,1,2,1,1.0,6,04112,M,,,04
200900007753,9,3,1,1745,1,1,2,2.0,2,73270,M,4.0,0,73
200900007754,9,3,9,910,1,2,4,2.0,6,73321,M,,,73
200900007755,9,3,26,815,1,1,1,1.0,6,73228,M,4.0,0,73
200900007756,9,3,17,1130,1,1,1,1.0,1,73245,M,0.0,0,73
200900007757,9,3,14,1230,1,1,1,1.0,1,73036,M,4.0,0,73
200900007758,9,3,18,1015,1,1,1,1.0,1,73039,M,4.0,0,73
200900007759,9,3,8,215,3,1,1,1.0,6,73085,M,4.0,0,73
200900007760,9,3,28,1830,5,2,2,3.0,5,73011,M,4.0,0,73
200900007761,9,3,18,1715,1,1,1,1.0,1,73128,M,4.0,0,73
200900007762,9,3,18,1630,1,2,1,1.0,6,73217,M,4.0,0,73
200900007763,9,3,26,1945,1,1,1,1.0,6,73179,M,4.0,0,73
200900007764,9,3,14,315,3,1,1,1.0,6,73104,M,4.0,0,73
200900007765,9,3,13,2215,3,1,1,1.0,6,73144,M,4.0,0,73
200900007766,9,3,11,2000,5,1,2,1.0,3,73270,M,4.0,0,73
200900007767,9,3,5,1015,1,1,1,4.0,1,73143,M,0.0,0,73
200900007768,9,3,30,1645,1,1,1,1.0,6,73179,M,4.0,0,73
200900007769,9,3,27,1115,1,2,1,1.0,3,73252,M,4.0,0,73
200900007770,9,3,22,25,5,2,2,1.0,3,17300,M,,,17
200900007771,9,3,22,1940,1,2,1,1.0,6,17415,M,,,17
200900007772,9,3,29,1841,2,2,1,1.0,6,17306,M,,,17
200900007773,9,3,23,1605,1,2,1,1.0,6,17200,M,,,17
200900007774,9,3,22,1525,1,2,2,1.0,1,17306,M,,,17
200900007775,9,3,22,1607,1,2,1,1.0,3,17300,M,,,17
200900007776,9,3,14,1535,1,1,1,1.0,7,17300,M,,,17
200900007777,9,3,17,1009,1,2,2,1.0,3,17300,M,,,17
200900007778,9,3,19,1905,1,2,9,1.0,3,17300,M,,,17
200900007779,9,3,20,1900,1,2,1,1.0,3,17300,M,,,17
200900007780,9,3,17,1240,1,2,1,1.0,2,17299,M,,,17
200900007781,9,3,21,1212,1,2,1,1.0,3,17333,M,,,17
200900007782,9,3,31,1120,1,2,3,1.0,3,17274,M,,,17
200900007783,9,3,30,1555,1,2,1,1.0,6,17200,M,,,17
200900007784,9,3,26,1605,1,2,1,1.0,2,17300,M,,,17
200900007785,9,3,28,707,4,2,1,1.0,6,17300,M,,,17
200900007786,9,3,18,1350,1,2,1,1.0,1,17300,M,,,17
200900007787,9,3,20,1825,1,2,3,1.0,6,17300,M,,,17
200900007788,9,3,24,1610,1,2,1,1.0,6,17300,M,,,17
200900007789,9,3,8,415,5,2,1,1.0,6,17380,M,,,17
200900007790,9,3,11,1820,2,2,1,1.0,7,17306,M,,,17
200900007791,9,3,5,1435,1,2,3,1.0,3,17306,M,,,17
200900007792,9,3,12,1740,1,2,1,1.0,3,17449,M,,,17
200900007793,9,3,11,940,1,2,1,1.0,3,17415,M,,,17
200900007794,9,3,3,2040,5,2,9,1.0,6,17300,M,,,17
200900007795,9,3,11,1745,1,2,3,1.0,2,17299,M,,,17
200900007796,9,3,3,1220,1,2,1,1.0,2,17300,M,,,17
200900007797,9,3,15,1900,1,2,2,1.0,3,17299,M,,,17
200900007798,9,3,13,1820,1,2,1,1.0,3,17333,M,,,17
200900007799,9,3,1,1915,5,2,2,1.0,1,17299,M,,,17
200900007800,9,3,14,1500,1,2,1,1.0,7,17299,M,,,17
200900007801,9,3,5,2040,5,2,2,1.0,3,17299,M,,,17
200900007802,9,3,10,1455,1,2,1,1.0,3,17306,M,,,17
200900007803,9,3,5,655,2,1,1,4.0,6,17300,M,,,17
200900007804,9,3,2,1320,1,2,1,1.0,6,17415,M,,,17
200900007805,9,3,10,1730,1,1,1,2.0,6,17048,M,0.0,0,17
200900007806,9,3,1,800,1,1,1,1.0,6,17349,M,4.0,-,17
200900007807,9,3,1,2000,3,1,1,1.0,1,17128,M,0.0,0,17
200900007808,9,3,26,1900,1,2,1,1.0,1,17434,M,4.0,-,17
200900007809,9,3,24,1145,1,1,1,1.0,6,17418,M,4.0,-,17
200900007810,9,3,21,1800,1,2,1,1.0,3,17310,M,4.0,-,17
200900007811,9,3,20,1745,1,1,3,1.0,5,17309,M,4.0,-,17
200900007812,9,3,16,1530,1,1,1,1.0,1,17253,M,0.0,0,17
200900007813,9,3,8,1145,1,1,1,1.0,3,17344,M,4.0,-,17
200900007814,9,3,24,1845,1,1,1,1.0,3,17197,M,4.0,-,17
200900007815,9,3,11,2000,3,1,1,1.0,7,17072,M,0.0,0,17
200900007816,9,3,11,1930,3,1,1,1.0,5,17474,M,0.0,0,17
200900007817,9,3,19,1030,1,2,1,1.0,1,17070,M,4.0,-,17
200900007818,9,3,26,745,1,1,1,1.0,1,17376,M,4.0,-,17
200900007819,9,3,16,1130,1,1,1,1.0,5,17050,M,0.0,0,17
200900007820,9,3,24,745,1,2,6,1.0,3,17136,M,0.0,0,17
200900007821,9,3,17,1045,1,1,1,1.0,2,17345,M,4.0,-,17
200900007822,9,3,12,815,1,2,9,1.0,1,17197,M,0.0,0,17
200900007823,9,3,22,810,1,1,1,1.0,6,17415,M,,,17
200900007824,9,3,1,1500,1,2,6,1.0,7,17415,M,,,17
200900007825,9,3,18,1520,1,2,1,1.0,3,17306,M,,,17
200900007826,9,3,21,1218,1,2,1,1.0,3,17380,M,,,17
200900007827,9,3,25,1650,1,2,6,2.0,7,17380,M,,,17
200900007828,9,3,27,1740,1,1,1,1.0,3,17415,M,,,17
200900007829,9,3,28,2200,3,1,1,1.0,7,17300,M,,,17
200900007830,9,3,26,920,1,1,2,1.0,2,17415,M,,,17
200900007831,9,3,27,810,1,1,1,1.0,7,17274,M,,,17
200900007832,9,3,29,1750,1,2,1,1.0,6,17306,M,,,17
200900007833,9,3,29,1945,3,2,1,1.0,7,17306,M,,,17
200900007834,9,4,22,1625,1,2,1,1.0,6,68224,M,,,68
200900007835,9,4,2,700,2,1,1,1.0,6,68146,M,4.0,0,68
200900007836,9,4,1,315,5,2,1,1.0,6,68224,M,,,68
200900007837,9,4,1,1320,1,2,1,1.0,6,68224,M,,,68
200900007838,9,4,2,1730,1,2,3,1.0,1,68270,M,0.0,0,68
200900007839,9,4,2,1745,1,2,4,7.0,3,68011,M,4.0,0,68
200900007840,9,4,3,900,1,2,3,1.0,3,68224,M,,,68
200900007841,9,4,3,1020,1,2,1,1.0,3,68224,M,,,68
200900007842,9,4,4,1245,1,1,1,1.0,1,68323,M,0.0,0,68
200900007843,9,4,4,1945,1,2,4,1.0,1,68059,M,4.0,0,68
200900007844,9,4,5,115,3,2,1,1.0,7,68330,M,4.0,0,68
200900007845,9,4,5,1615,1,1,1,1.0,7,68062,M,0.0,0,68
200900007846,9,4,6,1300,1,1,1,1.0,1,68201,M,4.0,0,68
200900007847,9,4,6,1615,1,2,1,1.0,3,68154,M,0.0,0,68
200900007848,9,4,7,1019,1,2,1,1.0,3,68066,M,,,68
200900007849,9,4,7,1745,1,1,1,1.0,7,68122,M,4.0,0,68
200900007850,9,4,7,1900,1,1,1,1.0,6,68317,M,4.0,0,68
200900007851,9,4,8,1206,1,2,3,1.0,6,68066,M,,,68
200900007852,9,4,9,1245,1,1,1,1.0,6,68297,M,0.0,0,68
200900007853,9,4,8,1900,2,2,1,1.0,1,68138,M,0.0,0,68
200900007854,9,4,7,2035,5,1,1,1.0,6,68166,M,,,68
200900007855,9,4,10,130,5,2,4,1.0,6,68140,M,4.0,0,68
200900007856,9,4,10,2142,5,1,1,1.0,6,68224,M,,,68
200900007857,9,4,10,1457,1,2,1,1.0,6,68224,M,,,68
200900007858,9,4,11,950,1,2,1,1.0,6,68166,M,,,68
200900007859,9,4,11,1815,1,1,2,1.0,3,68301,M,0.0,0,68
200900007860,9,4,11,2330,3,1,1,1.0,6,68002,M,4.0,0,68
200900007861,9,4,12,1150,1,2,1,1.0,4,68224,M,,,68
200900007862,9,4,13,1700,1,2,4,1.0,3,68224,M,,,68
200900007863,9,4,12,1255,1,1,1,1.0,7,68224,M,,,68
200900007864,9,4,16,2345,5,2,1,1.0,6,68118,M,0.0,0,68
200900007865,9,4,14,1136,1,2,6,1.0,4,68224,M,,,68
200900007866,9,4,14,1330,1,2,1,1.0,2,68166,M,,,68
200900007867,9,4,17,1150,1,2,1,1.0,6,68224,M,,,68
200900007868,9,4,17,1445,1,1,1,1.0,6,68217,M,0.0,0,68
200900007869,9,4,18,2000,2,2,3,1.0,3,68224,M,,,68
200900007870,9,4,19,1500,1,1,1,1.0,1,68259,M,4.0,0,68
200900007871,9,4,17,1600,1,2,1,1.0,2,68154,M,0.0,0,68
200900007872,9,4,17,2337,5,2,3,1.0,6,68224,M,,,68
200900007873,9,4,18,1330,1,1,1,2.0,6,68317,M,4.0,0,68
200900007874,9,4,20,700,2,1,1,1.0,2,68138,M,0.0,0,68
200900007875,9,4,20,1600,1,1,1,1.0,5,68292,M,4.0,0,68
200900007876,9,4,20,2040,5,2,1,1.0,6,68224,M,,,68
200900007877,9,4,21,1405,1,2,1,1.0,6,68224,M,,,68
200900007878,9,4,22,1135,1,2,1,1.0,6,68224,M,,,68
200900007879,9,4,21,1715,1,2,1,1.0,1,68175,M,0.0,0,68
200900007880,9,4,23,1652,1,2,2,1.0,3,68066,M,,,68
200900007881,9,4,24,1715,1,2,1,1.0,2,68066,M,,,68
200900007882,9,4,25,1324,1,2,2,1.0,3,68066,M,,,68
200900007883,9,4,26,1625,1,2,1,1.0,3,68224,M,,,68
200900007884,9,4,27,1650,1,2,1,1.0,3,68224,M,,,68
200900007885,9,4,30,645,1,2,1,1.0,1,68333,M,0.0,0,68
200900007886,9,4,10,1715,1,1,2,3.0,3,36140,M,4.0,0,36
200900007887,9,4,1,720,1,2,2,1.0,3,36044,M,4.0,0,36
200900007888,9,4,3,750,1,2,1,1.0,3,36044,M,4.0,0,36
200900007889,9,4,10,1726,1,2,1,1.0,3,36044,M,4.0,0,36
200900007890,9,4,12,557,5,2,1,1.0,7,36044,M,4.0,0,36
200900007891,9,4,11,845,1,1,2,1.0,3,36031,M,4.0,0,36
200900007892,9,4,11,1751,1,2,1,1.0,7,36044,M,4.0,0,36
200900007893,9,4,13,930,1,2,2,1.0,3,36159,M,4.0,0,36
200900007894,9,4,16,1830,1,1,1,4.0,6,36150,M,4.0,0,36
200900007895,9,4,19,1818,1,1,1,1.0,7,36202,M,,,36
200900007896,9,4,20,1800,1,1,1,1.0,3,36150,M,4.0,0,36
200900007897,9,4,22,1830,1,2,1,1.0,3,36044,M,4.0,0,36
200900007898,9,4,24,1545,1,2,6,1.0,7,36044,M,4.0,0,36
200900007899,9,4,23,2330,3,1,1,1.0,6,36232,M,4.0,0,36
200900007900,9,4,24,2000,1,2,1,1.0,3,36044,M,4.0,0,36
200900007901,9,4,25,1400,1,2,1,1.0,3,36101,M,4.0,0,36
200900007902,9,4,25,1732,1,2,1,1.0,3,36202,M,4.0,0,36
200900007903,9,3,7,1330,1,1,1,1.0,5,05037,M,0.0,0,05
200900007904,9,3,5,1730,2,2,3,1.0,3,05052,M,0.0,0,05
200900007905,9,3,21,1745,1,1,1,1.0,5,05079,M,0.0,0,05
200900007906,9,3,4,1100,1,2,1,2.0,3,05179,M,0.0,0,05
200900007907,9,2,2,725,1,2,2,4.0,7,95018,M,4.0,0,95
200900007908,9,2,2,1905,5,2,1,1.0,6,95424,M,4.0,0,95
200900007909,9,2,3,2040,5,2,3,1.0,6,95306,M,4.0,0,95
200900007910,9,2,2,1830,5,2,3,2.0,4,95018,M,4.0,0,95
200900007911,9,2,5,1418,1,2,1,2.0,2,95018,M,4.0,0,95
200900007912,9,2,6,1935,5,2,3,8.0,3,95176,M,4.0,0,95
200900007913,9,2,9,2005,5,2,1,1.0,6,95487,M,4.0,0,95
200900007914,9,2,11,835,1,2,1,1.0,7,95018,M,4.0,0,95
200900007915,9,2,12,1505,2,2,3,1.0,7,95582,M,4.0,0,95
200900007916,9,2,13,1410,1,2,3,2.0,4,95018,M,4.0,0,95
200900007917,9,2,12,1715,1,2,1,1.0,2,95582,M,4.0,0,95
200900007918,9,2,15,110,5,2,2,1.0,3,95127,M,4.0,0,95
200900007919,9,2,23,1245,1,2,2,1.0,3,95018,M,4.0,0,95
200900007920,9,2,25,1505,1,2,6,1.0,2,95018,M,4.0,0,95
200900007921,9,2,25,2100,5,2,3,1.0,3,95018,M,4.0,0,95
200900007922,9,2,8,2235,5,2,1,3.0,7,95585,M,4.0,0,95
200900007923,9,2,22,1505,1,2,1,1.0,2,95539,M,4.0,0,95
200900007924,9,2,3,50,5,2,1,8.0,7,95500,M,4.0,0,95
200900007925,9,2,3,805,1,2,1,9.0,6,95203,M,4.0,0,95
200900007926,9,2,5,1115,1,2,1,1.0,6,95563,M,4.0,0,95
200900007927,9,2,19,900,1,2,1,1.0,2,95252,M,4.0,0,95
200900007928,9,2,11,1110,1,2,3,1.0,3,95219,M,4.0,0,95
200900007929,9,2,11,615,3,1,1,4.0,2,95277,M,,,95
200900007930,9,2,15,1615,1,2,1,1.0,1,95141,M,4.0,0,95
200900007931,9,2,20,2030,3,1,1,1.0,2,95572,M,,,95
200900007932,9,2,4,1615,1,1,1,1.0,6,95658,M,4.0,0,95
200900007933,9,2,5,750,2,2,1,8.0,7,95018,M,4.0,0,95
200900007934,9,2,6,1430,1,2,1,1.0,6,95018,M,4.0,0,95
200900007935,9,2,8,1210,1,2,1,1.0,2,95585,M,4.0,0,95
200900007936,9,2,8,1500,1,2,1,1.0,6,95306,M,4.0,0,95
200900007937,9,2,9,1655,1,2,1,2.0,7,95018,M,4.0,0,95
200900007938,9,2,14,930,1,2,1,1.0,6,95563,M,4.0,0,95
200900007939,9,2,14,2120,5,2,1,1.0,6,95313,M,4.0,0,95
200900007940,9,2,23,850,1,2,1,2.0,7,95585,M,4.0,0,95
200900007941,9,2,25,2315,5,2,3,1.0,3,95018,M,4.0,0,95
200900007942,9,2,28,1315,1,1,1,7.0,1,95313,M,0.0,0,95
200900007943,9,2,28,1740,2,2,2,1.0,3,95428,M,4.0,0,95
200900007944,9,2,21,45,3,1,1,8.0,7,95370,M,4.0,0,95
200900007945,9,2,22,2100,5,2,1,1.0,3,95063,M,4.0,0,95
200900007946,9,2,25,2010,5,2,6,1.0,3,95476,M,4.0,0,95
200900007947,9,2,11,250,3,1,1,9.0,6,95658,M,4.0,0,95
200900007948,9,2,6,1650,1,2,1,1.0,7,95018,M,4.0,0,95
200900007949,9,2,7,1505,1,1,1,4.0,2,95424,M,4.0,0,95
200900007950,9,2,8,40,5,2,1,1.0,6,95219,M,4.0,0,95
200900007951,9,2,8,1850,3,2,1,1.0,6,95203,M,4.0,0,95
200900007952,9,2,19,1135,1,2,1,1.0,2,95563,M,4.0,0,95
200900007953,9,2,23,2020,5,2,1,1.0,4,95539,M,4.0,0,95
200900007954,9,2,24,1700,1,2,1,1.0,7,95219,M,4.0,0,95
200900007955,9,2,13,2125,5,2,1,1.0,1,95428,M,4.0,0,95
200900007956,9,2,14,1700,1,2,3,1.0,1,95203,M,4.0,0,95
200900007957,9,2,19,830,1,2,1,1.0,7,95252,M,4.0,0,95
200900007958,9,2,8,1445,1,2,1,1.0,2,95598,M,4.0,0,95
200900007959,9,2,28,10,5,2,1,1.0,2,95288,M,4.0,0,95
200900007960,9,2,5,820,1,1,1,1.0,3,95572,M,4.0,0,95
200900007961,9,4,15,1425,1,2,1,2.0,2,19031,M,4.0,0,19
200900007962,9,4,7,1115,1,2,1,2.0,4,19031,M,4.0,0,19
200900007963,9,4,3,1610,1,2,3,1.0,3,19031,M,4.0,0,19
200900007964,9,4,9,1940,1,2,3,1.0,4,19031,M,4.0,0,19
200900007965,9,4,6,1755,1,2,1,1.0,1,19031,M,4.0,0,19
200900007966,9,4,14,1535,1,2,1,1.0,2,19031,M,4.0,0,19
200900007967,9,4,7,1400,1,2,1,3.0,6,19272,M,4.0,0,19
200900007968,9,4,10,1620,1,2,1,2.0,2,19031,M,4.0,0,19
200900007969,9,4,6,1800,1,1,1,1.0,7,19165,M,4.0,0,19
200900007970,9,4,24,2130,3,2,2,1.0,3,19121,M,4.0,0,19
200900007971,9,4,24,1000,1,1,2,1.0,1,19182,M,4.0,0,19
200900007972,9,4,12,1245,1,1,1,2.0,6,19146,M,4.0,0,19
200900007973,9,4,28,1215,1,2,1,1.0,3,19191,M,4.0,0,19
200900007974,9,4,1,1500,1,2,1,1.0,6,19066,M,4.0,0,19
200900007975,9,4,29,1945,1,1,1,2.0,1,19246,M,4.0,0,19
200900007976,9,4,17,1130,1,2,1,1.0,6,19031,M,4.0,0,19
200900007977,9,4,16,2210,5,2,2,1.0,1,19031,M,4.0,0,19
200900007978,9,4,17,1740,1,2,3,1.0,3,19031,M,4.0,0,19
200900007979,9,4,29,1810,1,2,1,1.0,3,19031,M,4.0,0,19
200900007980,9,4,16,1615,1,2,3,1.0,3,19272,M,4.0,0,19
200900007981,9,4,24,1745,1,2,1,1.0,3,19031,M,4.0,0,19
200900007982,9,1,29,730,1,1,1,5.0,1,40103,M,0.0,0,40
200900007983,9,1,1,1040,1,1,1,1.0,7,40192,M,,,40
200900007984,9,1,7,750,2,2,1,1.0,6,40088,M,,,40
200900007985,9,1,8,1230,1,1,1,4.0,3,40291,M,4.0,-,40
200900007986,9,1,9,1635,1,2,1,8.0,6,40279,M,,,40
200900007987,9,1,12,1545,1,1,1,1.0,1,40042,M,4.0,-,40
200900007988,9,1,14,1330,1,2,6,1.0,3,40310,M,,,40
200900007989,9,1,14,1615,1,2,9,1.0,6,40192,M,,,40
200900007990,9,1,16,1700,1,2,7,1.0,6,40287,M,0.0,0,40
200900007991,9,1,16,2140,5,2,1,2.0,1,40184,M,4.0,-,40
200900007992,9,1,21,1630,1,1,1,1.0,6,40277,M,0.0,0,40
200900007993,9,1,23,515,3,1,1,3.0,3,40312,M,4.0,-,40
200900007994,9,1,23,2030,5,2,2,1.0,6,40063,M,,,40
200900007995,9,1,25,1810,3,1,1,3.0,7,40230,M,0.0,0,40
200900007996,9,1,28,1000,1,2,1,8.0,1,40119,M,0.0,0,40
200900007997,9,1,28,1935,1,2,1,2.0,3,40279,M,,,40
200900007998,9,1,11,500,4,2,1,1.0,6,40046,M,0.0,0,40
200900007999,9,2,14,1945,5,2,1,1.0,1,40312,M,4.0,-,40
200900008000,9,2,8,1215,1,1,1,8.0,1,40110,M,0.0,0,40
200900008001,9,2,7,1700,1,2,6,1.0,1,40304,M,4.0,-,40
200900008002,9,2,14,1630,1,1,1,1.0,1,40178,M,0.0,0,40
200900008003,9,2,17,1030,1,1,1,1.0,6,40016,M,0.0,0,40
200900008004,9,2,2,745,2,1,1,9.0,1,40184,M,4.0,-,40
200900008005,9,2,2,1200,1,1,1,1.0,5,40210,M,0.0,0,40
200900008006,9,2,2,1445,1,2,2,1.0,3,40287,M,4.0,-,40
200900008007,9,2,2,1915,3,1,1,1.0,6,40062,M,0.0,0,40
200900008008,9,2,2,1930,3,1,1,1.0,7,40135,M,0.0,0,40
200900008009,9,2,6,700,2,1,1,2.0,6,40294,M,4.0,-,40
200900008010,9,2,6,1030,1,1,1,2.0,6,40155,M,,,40
200900008011,9,2,6,1400,1,1,1,2.0,6,40169,M,0.0,0,40
200900008012,9,2,6,1930,5,2,2,1.0,3,40065,M,4.0,-,40
200900008013,9,2,12,1100,1,1,2,1.0,3,40150,M,4.0,-,40
200900008014,9,2,15,2212,5,2,1,1.0,7,40088,M,,,40
200900008015,9,2,16,1935,5,2,6,1.0,3,40088,M,,,40
200900008016,9,2,18,1725,1,1,3,1.0,3,40192,M,,,40
200900008017,9,2,19,1600,1,1,3,1.0,6,40288,M,0.0,0,40
200900008018,9,2,20,1150,1,2,1,1.0,3,40281,M,,,40
200900008019,9,2,20,1605,1,2,1,1.0,2,40281,M,,,40
200900008020,9,2,24,1645,1,1,2,1.0,3,40104,M,4.0,-,40
200900008021,9,2,27,2250,3,1,1,2.0,6,40281,M,,,40
200900008022,9,2,28,1215,1,2,1,1.0,2,40279,M,,,40
200900008023,9,3,23,1905,5,2,2,1.0,3,10387,M,,,10
200900008024,9,3,12,1340,1,2,2,1.0,3,10387,M,,,10
200900008025,9,3,15,940,1,2,1,1.0,3,10387,M,,,10
200900008026,9,3,2,1845,2,1,2,1.0,3,10435,M,0.0,0,10
200900008027,9,3,21,1045,1,1,1,1.0,6,10005,M,,,10
200900008028,9,3,2,715,2,1,1,1.0,1,10066,M,0.0,0,10
200900008029,9,3,18,1245,1,1,1,1.0,7,10035,M,0.0,0,10
200900008030,9,3,2,730,1,1,1,1.0,7,10064,M,4.0,0,10
200900008031,9,3,14,1115,1,2,1,1.0,1,10280,M,4.0,0,10
200900008032,9,3,20,2030,3,1,1,1.0,7,10351,M,4.0,0,10
200900008033,9,3,10,1545,1,2,1,2.0,3,10006,M,0.0,0,10
200900008034,9,3,31,2000,2,1,9,1.0,7,10034,M,0.0,0,10
200900008035,9,3,8,700,1,1,1,2.0,7,10034,M,0.0,0,10
200900008036,9,3,2,1500,1,2,1,1.0,7,10387,M,,,10
200900008037,9,3,21,1445,1,1,1,1.0,2,10081,M,,,10
200900008038,9,3,4,1855,5,2,2,1.0,5,10387,M,,,10
200900008039,9,3,14,1325,1,1,1,1.0,1,10325,M,,,10
200900008040,9,3,29,300,3,1,1,1.0,6,10095,M,0.0,0,10
200900008041,9,3,9,1400,1,1,1,1.0,1,32013,M,4.0,0,32
200900008042,9,3,4,1100,1,1,1,2.0,6,32301,M,4.0,0,32
200900008043,9,3,5,1800,1,1,1,8.0,6,32211,M,4.0,-,32
200900008044,9,3,23,200,3,2,1,1.0,7,32132,M,4.0,0,32
200900008045,9,3,5,815,1,1,1,2.0,1,32107,M,4.0,0,32
200900008046,9,3,8,915,1,1,1,8.0,5,32464,M,4.0,0,32
200900008047,9,3,9,900,1,1,1,1.0,1,32462,M,4.0,0,32
200900008048,9,3,13,945,1,2,3,1.0,2,32344,M,4.0,-,32
200900008049,9,3,13,1500,1,1,1,1.0,6,32393,M,4.0,0,32
200900008050,9,3,16,820,1,2,3,1.0,6,32013,M,4.0,0,32
200900008051,9,3,18,900,1,1,1,1.0,7,32213,M,4.0,0,32
200900008052,9,3,18,2130,5,2,1,1.0,7,32013,M,4.0,0,32
200900008053,9,3,23,2100,3,2,1,1.0,6,32013,M,4.0,0,32
200900008054,9,3,28,115,3,1,1,1.0,7,32302,M,4.0,0,32
200900008055,9,1,12,920,1,1,1,5.0,3,09225,M,,,09
200900008056,9,1,3,1645,1,2,1,1.0,1,09336,M,4.0,0,09
200900008057,9,1,18,1215,1,1,1,1.0,7,09200,M,4.0,0,09
200900008058,9,1,23,800,2,2,1,3.0,6,09157,M,0.0,0,09
200900008059,9,1,24,1830,5,2,1,2.0,6,09306,M,0.0,0,09
200900008060,9,1,21,1735,2,2,1,2.0,1,09122,M,,,09
200900008061,9,2,28,1215,1,1,1,1.0,2,09244,M,0.0,0,09
200900008062,9,2,4,950,1,1,1,7.0,1,09235,M,4.0,0,09
200900008063,9,2,3,1815,2,2,9,1.0,3,09217,M,0.0,0,09
200900008064,9,2,7,1000,1,1,1,4.0,6,09206,M,0.0,0,09
200900008065,9,2,7,210,5,2,1,2.0,7,09122,M,,,09
200900008066,9,2,24,1840,2,2,3,1.0,3,09207,M,,,09
200900008067,9,1,26,1315,1,2,1,1.0,1,15119,M,0.0,0,15
200900008068,9,1,22,930,1,1,1,2.0,6,15139,M,0.0,0,15
200900008069,9,1,22,1630,1,1,1,1.0,7,15004,M,0.0,0,15
200900008070,9,1,5,2100,3,1,1,1.0,7,15156,M,0.0,0,15
200900008071,9,1,4,1115,1,2,1,9.0,5,15202,M,0.0,0,15
200900008072,9,1,22,1517,1,2,1,1.0,6,15014,M,0.0,0,15
200900008073,9,1,10,1610,1,2,1,1.0,5,15014,M,0.0,0,15
200900008074,9,1,8,1655,2,2,3,1.0,3,55029,M,,,55
200900008075,9,1,9,1000,1,2,1,1.0,3,55545,M,,,55
200900008076,9,1,11,700,2,2,1,9.0,7,55545,M,,,55
200900008077,9,1,14,1130,1,1,1,5.0,1,55171,M,4.0,0,55
200900008078,9,1,17,715,2,1,1,1.0,1,55265,M,0.0,0,55
200900008079,9,1,17,1915,3,1,1,9.0,1,55236,M,,,55
200900008080,9,1,18,345,3,2,1,1.0,6,55470,M,0.0,0,55
200900008081,9,1,20,705,5,2,1,9.0,6,55029,M,,,55
200900008082,9,1,20,745,2,2,1,8.0,6,55058,M,4.0,0,55
200900008083,9,1,20,745,1,1,1,9.0,3,55166,M,4.0,0,55
200900008084,9,1,27,1755,5,2,2,1.0,3,55186,M,,,55
200900008085,9,1,30,1800,5,2,1,1.0,7,55545,M,,,55
200900008086,9,3,18,1520,1,2,1,1.0,2,41018,M,,,41
200900008087,9,3,23,1520,1,2,1,1.0,4,41018,M,,,41
200900008088,9,3,16,1505,1,2,2,1.0,3,41269,M,,,41
200900008089,9,3,18,920,1,2,1,1.0,4,41018,M,4.0,0,41
200900008090,9,3,28,1350,1,2,3,1.0,3,41194,M,,,41
200900008091,9,3,21,1635,1,2,2,1.0,3,41212,M,,,41
200900008092,9,3,25,1445,1,1,1,1.0,4,41018,M,,,41
200900008093,9,3,12,1,5,2,1,1.0,3,41018,M,,,41
200900008094,9,3,2,1710,1,2,1,1.0,3,41269,M,,,41
200900008095,9,3,9,1735,1,2,1,1.0,1,41018,M,,,41
200900008096,9,3,15,1800,1,2,1,1.0,1,41226,M,,,41
200900008097,9,3,1,1545,1,1,1,1.0,5,41220,M,4.0,0,41
200900008098,9,3,10,1300,1,1,1,2.0,5,41232,M,4.0,0,41
200900008099,9,3,8,1515,1,2,1,8.0,6,41252,M,,,41
200900008100,9,3,28,2045,2,1,1,1.0,6,41235,M,4.0,0,41
200900008101,9,3,4,2015,5,2,1,1.0,3,41151,M,4.0,0,41