Num_Acc,an,mois,jour,hrmn,lum,agg,int,atm,col,com,gps,lat,long,dep
200900008478,9,3,26,1755,1,2,1,8.0,6,51454,M,,,51
200900008479,9,3,31,1520,1,2,1,1.0,7,51454,M,,,51
200900008480,9,4,1,1335,1,2,3,1.0,3,51454,M,,,51
200900008481,9,4,4,1615,1,2,4,1.0,3,51454,M,,,51
200900008482,9,4,8,915,1,2,2,1.0,3,51454,M,,,51
200900008483,9,4,10,1715,1,2,1,1.0,6,51454,M,,,51
200900008484,9,4,16,1655,1,2,1,2.0,7,51474,M,,,51
200900008485,9,4,10,1425,1,2,6,1.0,2,01283,M,4.0,0,01
200900008486,9,4,3,1735,1,2,3,1.0,6,01053,M,,,01
200900008487,9,4,10,1945,1,1,1,1.0,1,01171,M,4.0,0,01
200900008488,9,4,29,1845,1,1,1,1.0,6,01383,M,4.0,0,01
200900008489,9,4,24,1845,1,1,1,1.0,1,01237,M,4.0,0,01
200900008490,9,4,10,730,1,1,2,1.0,3,01408,M,4.0,0,01
200900008491,9,4,25,1930,1,1,2,1.0,3,01325,M,4.0,0,01
200900008492,9,4,30,615,2,2,9,1.0,5,01314,M,4.0,0,01
200900008493,9,4,4,1545,1,1,3,1.0,3,01244,M,4.0,0,01
200900008494,9,4,5,1830,1,1,1,1.0,1,01015,M,4.0,0,01
200900008495,9,4,5,500,3,1,1,1.0,6,01025,M,4.0,0,01
200900008496,9,4,4,1630,1,2,4,1.0,3,01034,M,,,01
200900008497,9,4,15,745,1,1,1,1.0,7,01083,M,4.0,0,01
200900008498,9,4,24,1800,1,1,2,1.0,5,01024,M,4.0,0,01
200900008499,9,4,26,515,5,2,3,1.0,6,01364,M,4.0,0,01
200900008500,9,4,25,1645,1,2,1,1.0,7,01254,M,4.0,0,01
200900008501,9,4,23,30,3,1,1,1.0,6,01195,M,,,01
200900008502,9,4,24,1915,1,2,1,1.0,6,01290,M,4.0,0,01
200900008503,9,4,3,1715,1,2,1,1.0,3,01379,M,4.0,0,01
200900008504,9,4,14,915,1,2,3,7.0,6,01434,M,4.0,0,01
200900008505,9,4,23,1845,1,2,6,1.0,3,01160,M,4.0,0,01
200900008506,9,4,30,1715,1,2,3,1.0,3,01092,M,4.0,0,01
200900008507,9,4,1,2000,5,2,1,1.0,3,01053,M,4.0,0,01
200900008508,9,4,9,853,1,2,6,1.0,3,01451,M,4.0,0,01
200900008509,9,4,15,1530,1,2,2,1.0,6,01053,M,4.0,0,01
200900008510,9,4,17,1625,1,2,2,1.0,3,01344,M,,,01
200900008511,9,4,15,1550,1,2,1,1.0,3,01451,M,4.0,0,01
200900008512,9,4,26,2105,5,2,1,1.0,2,01053,M,4.0,0,01
200900008513,9,4,24,753,1,2,2,1.0,3,01053,M,4.0,0,01
200900008514,9,3,2,1325,1,2,1,1.0,6,74268,M,0.0,0,74
200900008515,9,3,2,1015,1,1,2,8.0,3,74220,M,0.0,0,74
200900008516,9,3,3,240,5,2,1,1.0,6,74093,M,,,74
200900008517,9,3,3,1945,3,1,1,1.0,5,74241,M,4.0,0,74
200900008518,9,3,2,1720,1,2,1,1.0,2,74281,M,,,74
200900008519,9,3,6,1100,1,1,1,1.0,6,74103,M,0.0,0,74
200900008520,9,3,7,1530,1,1,1,1.0,3,74314,M,0.0,0,74
200900008521,9,3,8,1200,1,1,2,1.0,3,74029,M,0.0,0,74
200900008522,9,3,9,330,3,1,1,2.0,7,74250,M,0.0,0,74
200900008523,9,3,9,1900,3,1,1,2.0,7,74165,M,0.0,0,74
200900008524,9,3,10,1445,1,2,1,1.0,6,74256,M,0.0,0,74
200900008525,9,3,11,1530,1,2,2,1.0,3,74042,M,4.0,0,74
200900008526,9,3,12,800,1,1,1,1.0,7,74161,M,4.0,0,74
200900008527,9,3,12,1245,1,2,1,1.0,6,74080,M,0.0,0,74
200900008528,9,3,13,515,2,1,1,1.0,6,74003,M,0.0,0,74
200900008529,9,3,13,1415,1,2,1,1.0,3,74264,M,0.0,0,74
200900008530,9,3,4,1930,5,2,2,2.0,3,74002,M,4.0,0,74
200900008531,9,3,14,1035,1,2,2,1.0,7,74281,M,,,74
200900008532,9,3,14,1200,1,2,1,1.0,5,74042,M,4.0,0,74
200900008533,9,3,14,1515,1,2,1,1.0,5,74275,M,0.0,0,74
200900008534,9,3,14,1700,2,1,1,1.0,7,74003,M,0.0,0,74
200900008535,9,3,15,1602,1,2,3,1.0,6,74281,M,,,74
200900008536,9,3,20,1000,1,1,1,1.0,1,74024,M,4.0,0,74
200900008537,9,3,16,1325,1,2,2,1.0,3,74010,M,,,74
200900008538,9,3,16,1600,1,1,1,1.0,7,74234,M,0.0,0,74
200900008539,9,3,16,1645,1,1,1,1.0,3,74120,M,0.0,0,74
200900008540,9,3,20,820,1,2,1,1.0,7,74281,M,,,74
200900008541,9,3,18,1115,1,1,3,1.0,1,74019,M,0.0,0,74
200900008542,9,3,18,2030,3,1,1,1.0,6,74144,M,0.0,0,74
200900008543,9,3,19,1915,2,2,1,1.0,2,74010,M,,,74
200900008544,9,3,21,1130,1,2,3,1.0,1,74242,M,0.0,0,74
200900008545,9,3,21,1645,1,1,1,1.0,7,74131,M,0.0,0,74
200900008546,9,3,23,630,2,1,1,1.0,3,74094,M,0.0,0,74
200900008547,9,3,25,1030,1,2,3,1.0,3,74182,M,0.0,0,74
200900008548,9,3,26,720,1,2,3,2.0,3,74281,M,,,74
200900008549,9,3,27,2200,3,1,1,1.0,1,74925,M,0.0,0,74
200900008550,9,3,30,1615,1,2,1,1.0,3,74220,M,0.0,0,74
200900008551,9,3,16,1715,1,2,1,1.0,3,74281,M,,,74
200900008552,9,2,1,1500,1,1,1,1.0,6,18102,M,4.0,0,18
200900008553,9,2,2,1230,1,1,1,2.0,6,18255,M,,,18
200900008554,9,2,6,1000,1,2,1,1.0,2,18033,M,,,18
200900008555,9,2,9,945,1,2,3,1.0,3,18141,M,0.0,0,18
200900008556,9,2,14,1930,3,1,1,1.0,5,18150,M,0.0,0,18
200900008557,9,2,15,1650,1,2,1,1.0,2,18279,M,,,18
200900008558,9,2,18,815,1,1,1,1.0,3,18290,M,0.0,0,18
200900008559,9,2,6,1510,1,2,4,1.0,2,18033,M,,,18
200900008560,9,2,18,1700,1,2,1,1.0,2,18033,M,,,18
200900008561,9,2,19,1210,1,2,3,1.0,3,18033,M,,,18
200900008562,9,2,20,1650,1,2,1,1.0,6,18033,M,,,18
200900008563,9,2,20,2045,3,1,1,1.0,5,18290,M,0.0,0,18
200900008564,9,2,22,1230,1,1,1,1.0,1,18180,M,4.0,0,18
200900008565,9,2,24,915,1,1,1,1.0,7,18033,M,,,18
200900008566,9,2,26,800,1,2,1,1.0,3,18213,M,,,18
200900008567,9,2,27,1045,1,2,9,1.0,3,18033,M,,,18
200900008568,9,2,27,1800,1,2,2,1.0,3,18033,M,,,18
200900008569,9,2,28,1750,1,2,1,1.0,6,18033,M,,,18
200900008570,9,2,28,2045,5,2,1,1.0,6,18257,M,0.0,0,18
200900008571,9,2,28,2315,5,2,1,1.0,3,18197,M,4.0,0,18
200900008572,9,3,27,1410,1,1,1,1.0,3,38185,M,,,38
200900008573,9,3,24,915,1,2,1,2.0,6,38151,M,,,38
200900008574,9,3,30,2340,5,2,1,1.0,6,38185,M,,,38
200900008575,9,3,25,2005,5,2,1,2.0,3,38185,M,,,38
200900008576,9,3,28,1940,5,2,1,2.0,6,38151,M,,,38
200900008577,9,3,30,1206,1,2,1,1.0,3,38421,M,,,38
200900008578,9,3,29,1420,1,2,1,1.0,3,38151,M,,,38
200900008579,9,3,13,2209,5,2,1,1.0,6,38544,M,,,38
200900008580,9,3,16,915,1,1,1,1.0,4,38185,M,,,38
200900008581,9,3,13,110,5,1,9,1.0,1,38544,M,,,38
200900008582,9,3,16,1150,1,1,1,1.0,2,38336,M,,,38
200900008583,9,3,13,1835,1,2,1,1.0,1,38185,M,,,38
200900008584,9,3,3,1215,1,2,1,1.0,6,38185,M,,,38
200900008585,9,3,2,900,1,2,1,2.0,6,38185,M,,,38
200900008586,9,3,10,1630,1,2,1,2.0,2,38185,M,,,38
200900008587,9,3,1,430,5,2,1,1.0,2,38185,M,,,38
200900008588,9,3,11,1115,1,2,1,1.0,6,38185,M,,,38
200900008589,9,3,6,1340,1,2,1,2.0,3,38169,M,,,38
200900008590,9,3,8,1700,1,1,1,1.0,3,38269,M,4.0,0,38
200900008591,9,3,14,1700,1,2,2,1.0,1,38198,M,0.0,0,38
200900008592,9,3,11,645,2,2,1,2.0,4,38019,M,0.0,0,38
200900008593,9,3,28,930,1,2,1,1.0,6,38509,M,0.0,0,38
200900008594,9,3,8,315,3,1,9,1.0,6,38398,M,0.0,0,38
200900008595,9,3,27,745,1,2,1,1.0,3,38317,M,0.0,0,38
200900008596,9,3,12,700,1,2,1,9.0,3,38378,M,0.0,0,38
200900008597,9,3,6,1415,1,2,1,2.0,6,38517,M,4.0,0,38
200900008598,9,3,7,1500,1,1,1,1.0,1,38194,M,4.0,0,38
200900008599,9,3,20,1745,1,1,8,1.0,1,38454,M,0.0,0,38
200900008600,9,3,12,1830,1,2,1,1.0,3,38537,M,0.0,0,38
200900008601,9,3,2,1630,1,1,1,1.0,6,38019,M,4.0,0,38
200900008602,9,3,3,715,1,2,9,1.0,6,38170,M,0.0,0,38
200900008603,9,3,6,1900,3,1,1,6.0,1,38413,M,4.0,0,38
200900008604,9,3,17,1845,2,1,1,1.0,1,38295,M,4.0,0,38
200900008605,9,3,14,45,3,1,1,1.0,6,38373,M,0.0,0,38
200900008606,9,3,19,1230,1,1,1,1.0,7,38377,M,0.0,0,38
200900008607,9,3,17,1615,1,1,1,7.0,3,38401,M,0.0,0,38
200900008608,9,3,31,230,3,1,1,1.0,6,38156,M,4.0,0,38
200900008609,9,3,26,1715,1,2,1,1.0,1,38378,M,0.0,0,38
200900008610,9,3,30,1715,1,2,1,1.0,7,38524,M,0.0,0,38
200900008611,9,3,15,1030,1,2,1,1.0,1,38176,M,0.0,0,38
200900008612,9,3,20,815,1,2,9,1.0,6,38165,M,0.0,0,38
200900008613,9,3,1,115,3,2,1,1.0,6,38465,M,4.0,0,38
200900008614,9,3,15,400,3,2,1,1.0,6,38335,M,0.0,0,38
200900008615,9,3,4,1900,5,2,1,3.0,3,38474,M,0.0,0,38
200900008616,9,3,1,400,3,1,1,1.0,3,38136,M,0.0,0,38
200900008617,9,3,3,1615,1,1,1,1.0,5,38468,M,0.0,0,38
200900008618,9,3,25,1715,2,1,1,4.0,7,38021,M,0.0,0,38
200900008619,9,3,2,1030,1,1,1,1.0,5,38507,M,4.0,0,38
200900008620,9,3,6,1945,5,1,1,1.0,1,38458,M,4.0,0,38
200900008621,9,3,14,945,1,2,1,1.0,6,38276,M,4.0,0,38
200900008622,9,3,11,945,3,1,1,8.0,7,38190,M,0.0,0,38
200900008623,9,3,24,745,1,1,1,2.0,3,38238,M,4.0,0,38
200900008624,9,3,30,1800,1,2,1,1.0,3,38475,M,0.0,0,38
200900008625,9,3,11,1915,5,2,1,1.0,3,38247,M,0.0,0,38
200900008626,9,3,12,1630,1,1,1,1.0,1,38459,M,4.0,0,38
200900008627,9,3,24,1600,1,1,1,1.0,3,38242,M,4.0,0,38
200900008628,9,3,14,845,1,1,1,1.0,6,38087,M,0.0,0,38
200900008629,9,3,17,942,1,2,1,1.0,6,38563,M,,,38
200900008630,9,3,11,1830,1,2,2,1.0,5,38151,M,,,38
200900008631,9,3,13,1920,1,2,1,1.0,2,38421,M,,,38
200900008632,9,3,17,1415,1,2,1,1.0,1,38511,M,4.0,0,38
200900008633,9,3,31,745,1,2,1,8.0,6,38499,M,4.0,0,38
200900008634,9,3,1,550,5,1,1,1.0,6,38151,M,,,38
200900008635,9,3,3,2100,5,1,1,1.0,6,38473,M,0.0,0,38
200900008636,9,3,26,1420,1,1,1,1.0,4,38151,M,,,38
200900008637,9,3,1,2035,1,2,1,1.0,3,38563,M,,,38
200900008638,9,3,9,1300,1,1,1,1.0,7,38399,M,0.0,0,38
200900008639,9,3,24,927,1,2,1,1.0,6,25056,M,,,25
200900008640,9,3,14,1459,1,2,1,1.0,4,25056,M,,,25
200900008641,9,3,14,1120,1,2,1,1.0,6,25056,M,,,25
200900008642,9,3,2,829,1,2,3,2.0,3,25056,M,,,25
200900008643,9,3,16,1406,1,2,1,1.0,3,25056,M,,,25
200900008644,9,3,6,1448,1,2,1,4.0,2,25056,M,,,25
200900008645,9,3,5,908,1,2,1,2.0,6,25056,M,,,25
200900008646,9,3,18,733,1,2,1,1.0,2,25056,M,,,25
200900008647,9,3,14,1612,1,2,2,1.0,1,25056,M,,,25
200900008648,9,3,29,1148,1,2,3,1.0,3,25056,M,,,25
200900008649,9,3,18,1823,1,2,1,1.0,7,25056,M,,,25
200900008650,9,3,21,1218,1,2,1,1.0,2,25056,M,,,25
200900008651,9,3,9,1738,1,2,1,1.0,5,25056,M,,,25
200900008652,9,3,9,1330,1,1,1,4.0,1,25154,M,,,25
200900008653,9,3,14,2000,3,1,3,1.0,3,25074,M,4.0,0,25
200900008654,9,3,8,1900,3,1,1,2.0,7,25040,M,0.0,0,25
200900008655,9,3,21,1100,1,1,2,1.0,3,25558,M,0.0,0,25
200900008656,9,3,24,2015,3,1,1,4.0,1,25139,M,0.0,0,25
200900008657,9,3,5,1745,1,1,1,4.0,6,25308,M,4.0,0,25
200900008658,9,3,25,1800,2,1,1,4.0,3,25334,M,4.0,0,25
200900008659,9,3,12,1900,3,1,1,1.0,2,25381,M,4.0,0,25
200900008660,9,3,23,715,1,1,1,1.0,6,25055,M,0.0,0,25
200900008661,9,3,12,1740,2,1,1,1.0,3,25388,M,,,25
200900008662,9,3,23,1353,1,2,1,1.0,3,25056,M,,,25
200900008663,9,3,6,900,1,1,1,4.0,6,25318,M,4.0,0,25
200900008664,9,3,17,1330,1,2,1,1.0,4,25056,M,,,25
200900008665,9,3,15,1915,3,1,1,1.0,1,25475,M,0.0,0,25
200900008666,9,3,28,45,5,2,1,2.0,6,25564,M,4.0,0,25
200900008667,9,4,23,1838,1,2,1,1.0,6,25056,M,,,25
200900008668,9,4,20,919,1,2,3,1.0,6,25056,M,,,25
200900008669,9,4,23,1715,1,2,1,1.0,6,25056,M,,,25
200900008670,9,4,24,1501,1,2,1,1.0,6,25056,M,,,25
200900008671,9,4,7,1440,1,2,1,1.0,3,25388,M,,,25
200900008672,9,4,4,225,5,2,1,1.0,6,25056,M,,,25
200900008673,9,4,8,1020,1,2,1,1.0,6,25580,M,,,25
200900008674,9,4,8,1219,1,2,1,1.0,2,25056,M,,,25
200900008675,9,4,5,1855,1,2,1,1.0,6,25031,M,,,25
200900008676,9,4,9,1250,1,2,1,1.0,1,25056,M,,,25
200900008677,9,4,11,1530,1,2,1,1.0,3,25031,M,,,25
200900008678,9,4,2,2013,2,2,1,1.0,6,25056,M,,,25
200900008679,9,4,23,1314,1,1,3,1.0,3,25056,M,,,25
200900008680,9,4,24,930,1,2,1,1.0,2,25056,M,,,25
200900008681,9,4,10,1920,1,2,3,2.0,3,25056,M,,,25
200900008682,9,4,8,1628,1,2,1,2.0,6,25056,M,,,25
200900008683,9,4,23,615,2,1,1,1.0,7,25320,M,4.0,0,25
200900008684,9,4,19,1500,1,1,1,1.0,6,25542,M,4.0,0,25
200900008685,9,4,5,1530,1,1,1,1.0,3,25415,M,4.0,0,25
200900008686,9,4,20,1645,1,1,1,1.0,1,25356,M,4.0,0,25
200900008687,9,4,9,1830,1,1,1,1.0,7,25244,M,4.0,0,25
200900008688,9,4,5,200,4,2,1,1.0,1,25309,M,4.0,0,25
200900008689,9,4,10,1530,1,1,1,1.0,7,25519,M,0.0,0,25
200900008690,9,4,30,1830,1,2,1,1.0,2,25184,M,4.0,0,25
200900008691,9,4,25,1300,1,2,1,1.0,1,25393,M,4.0,0,25
200900008692,9,4,10,1200,1,2,1,1.0,6,25578,M,0.0,0,25
200900008693,9,4,3,2045,3,1,1,1.0,6,25203,M,0.0,0,25
200900008694,9,4,4,1645,1,1,1,1.0,3,25605,M,0.0,0,25
200900008695,9,4,29,1215,1,1,1,1.0,1,25592,M,4.0,0,25
200900008696,9,4,21,1347,1,2,1,1.0,2,25056,M,,,25
200900008697,9,4,5,1939,1,1,1,1.0,4,25056,M,,,25
200900008698,9,4,29,2050,2,2,1,8.0,3,25020,M,,,25
200900008699,9,4,30,1610,1,2,1,1.0,6,25056,M,,,25
200900008700,9,4,23,1424,1,1,1,1.0,4,25056,M,,,25
200900008701,9,4,24,1115,1,2,1,1.0,6,25527,M,0.0,0,25
200900008702,9,2,27,1300,1,2,3,1.0,1,95280,M,4.0,0,95
200900008703,9,1,14,1330,1,2,7,1.0,6,22050,M,,,22
200900008704,9,6,1,30,5,2,2,1.0,3,75116,M,,,75
200900008705,9,6,1,425,5,2,1,1.0,6,75111,M,,,75
200900008706,9,6,1,745,1,2,4,1.0,6,75112,M,,,75
200900008707,9,6,1,850,1,2,2,1.0,3,75108,M,,,75
200900008708,9,6,1,1053,1,2,2,1.0,6,75120,M,,,75
200900008709,9,6,1,1135,1,2,2,7.0,6,75120,M,,,75
200900008710,9,6,1,1355,1,2,1,1.0,6,75110,M,,,75
200900008711,9,6,1,1410,1,2,2,1.0,6,75108,M,,,75
200900008712,9,6,1,1515,1,2,2,1.0,3,75107,M,,,75
200900008713,9,6,1,1515,1,2,1,1.0,6,75111,M,,,75
200900008714,9,6,1,1525,1,2,2,1.0,3,75118,M,,,75
200900008715,9,6,1,1530,1,2,2,1.0,3,75118,M,,,75
200900008716,9,6,1,1535,1,2,1,1.0,3,75114,M,,,75
200900008717,9,6,1,1550,1,2,1,1.0,6,75116,M,,,75
200900008718,9,6,1,1630,1,2,3,1.0,6,75111,M,,,75
200900008719,9,6,1,1935,2,2,1,8.0,6,75102,M,,,75
200900008720,9,6,1,2035,2,2,5,1.0,3,75109,M,,,75
200900008721,9,6,1,2115,2,2,2,1.0,6,75108,M,,,75
200900008722,9,6,1,2210,5,2,1,1.0,6,75120,M,,,75
200900008723,9,6,2,750,1,2,1,1.0,6,75112,M,,,75
200900008724,9,6,2,850,1,2,2,1.0,5,75112,M,,,75
200900008725,9,6,2,915,1,2,1,1.0,4,75117,M,,,75
200900008726,9,6,2,1010,1,2,1,1.0,7,75120,M,,,75
200900008727,9,6,2,1040,1,2,1,1.0,3,75113,M,,,75
200900008728,9,6,2,1045,1,2,1,1.0,3,75117,M,,,75
200900008729,9,6,2,1120,1,2,2,1.0,2,75108,M,,,75
200900008730,9,6,2,1130,1,2,1,1.0,6,75112,M,,,75
200900008731,9,6,2,1145,1,2,1,1.0,3,75118,M,,,75
200900008732,9,6,2,1150,1,2,1,1.0,6,75109,M,,,75
200900008733,9,6,2,1226,1,2,5,1.0,2,75117,M,,,75
200900008734,9,6,2,1230,1,2,1,1.0,6,75115,M,,,75
200900008735,9,6,2,1340,1,2,2,1.0,6,75112,M,,,75
200900008736,9,6,2,1445,1,2,1,1.0,7,75111,M,,,75
200900008737,9,6,2,1500,1,2,1,1.0,3,75112,M,,,75
200900008738,9,6,2,1515,1,2,1,1.0,7,75111,M,,,75
200900008739,9,6,2,1614,1,2,2,1.0,6,75119,M,,,75
200900008740,9,6,2,1650,1,2,1,1.0,6,75118,M,,,75
200900008741,9,6,2,1700,1,2,5,1.0,6,75105,M,,,75
200900008742,9,6,2,1730,1,2,4,1.0,3,75106,M,,,75
200900008743,9,6,2,1755,1,2,1,1.0,2,75118,M,,,75
200900008744,9,6,2,1800,1,2,1,1.0,3,75112,M,,,75
200900008745,9,6,2,1820,1,2,2,1.0,3,75115,M,,,75
200900008746,9,6,2,1830,1,2,2,1.0,6,75108,M,,,75
200900008747,9,6,2,1845,1,2,1,1.0,6,75119,M,,,75
200900008748,9,6,2,1945,1,2,1,1.0,6,75117,M,,,75
200900008749,9,6,2,2010,1,2,1,1.0,6,75110,M,,,75
200900008750,9,6,2,2035,1,2,5,1.0,2,75113,M,,,75
200900008751,9,6,2,2320,5,2,5,1.0,6,75114,M,,,75
200900008752,9,6,2,2325,3,2,1,1.0,3,75107,M,,,75
200900008753,9,6,3,720,1,2,2,1.0,6,75103,M,,,75
200900008754,9,6,3,730,1,2,1,1.0,4,75116,M,,,75
200900008755,9,6,3,735,1,2,1,1.0,6,75113,M,,,75
200900008756,9,6,3,845,1,2,1,1.0,4,75114,M,,,75
200900008757,9,6,3,920,1,2,2,1.0,3,75119,M,,,75
200900008758,9,6,3,935,1,2,1,1.0,7,75117,M,,,75
200900008759,9,6,3,1055,1,2,1,1.0,7,75102,M,,,75
200900008760,9,6,3,1100,1,2,1,1.0,3,75119,M,,,75
200900008761,9,6,3,1130,1,2,1,1.0,2,75110,M,,,75
200900008762,9,6,3,1130,1,2,5,1.0,2,75104,M,,,75
200900008763,9,6,3,1200,1,2,5,1.0,3,75117,M,,,75
200900008764,9,6,3,1215,1,2,1,1.0,3,75119,M,,,75
200900008765,9,6,3,1238,1,2,1,1.0,7,75115,M,,,75
200900008766,9,6,3,1348,1,2,2,1.0,7,75114,M,,,75
200900008767,9,6,3,1400,1,2,1,1.0,2,75104,M,,,75
200900008768,9,6,3,1401,1,2,2,1.0,2,75102,M,,,75
200900008769,9,6,3,1410,1,2,1,1.0,4,75116,M,,,75
200900008770,9,6,3,1410,1,2,1,1.0,6,75112,M,,,75
200900008771,9,6,3,1440,1,2,1,1.0,6,75119,M,,,75
200900008772,9,6,3,1500,1,2,1,1.0,2,75106,M,,,75
200900008773,9,6,3,1520,1,2,1,1.0,6,75120,M,,,75
200900008774,9,6,3,1715,1,2,1,1.0,3,75116,M,,,75
200900008775,9,6,3,1720,1,2,1,1.0,3,75114,M,,,75
200900008776,9,6,3,1725,1,2,2,1.0,2,75113,M,,,75
200900008777,9,6,3,1745,1,2,5,1.0,2,75111,M,,,75
200900008778,9,6,3,1745,1,2,1,1.0,2,75118,M,,,75
200900008779,9,6,3,1830,1,2,3,1.0,6,75112,M,,,75
200900008780,9,6,3,1840,1,2,2,1.0,2,75103,M,,,75
200900008781,9,6,3,2020,1,2,1,1.0,6,75107,M,,,75
200900008782,9,6,3,2023,1,2,1,1.0,6,75114,M,,,75
200900008783,9,6,3,2030,1,2,1,1.0,6,75110,M,,,75
200900008784,9,6,3,2220,5,2,4,1.0,3,75108,M,,,75
200900008785,9,6,4,1,5,2,1,1.0,3,75116,M,,,75
200900008786,9,6,4,1,5,2,5,1.0,3,75116,M,,,75
200900008787,9,6,4,45,5,2,2,1.0,3,75110,M,,,75
200900008788,9,6,4,225,5,2,5,1.0,2,75101,M,,,75
200900008789,9,6,4,850,1,2,2,1.0,6,75109,M,,,75
200900008790,9,6,4,855,1,2,1,1.0,3,75109,M,,,75
200900008791,9,6,4,925,1,2,2,1.0,3,75113,M,,,75
200900008792,9,6,4,935,2,2,1,1.0,3,75110,M,,,75
200900008793,9,6,4,1005,1,2,2,1.0,3,75108,M,,,75
200900008794,9,6,4,1100,1,2,4,1.0,3,75119,M,,,75
200900008795,9,6,4,1140,1,2,1,1.0,3,75112,M,,,75
200900008796,9,6,4,1200,1,2,1,1.0,7,75116,M,,,75
200900008797,9,6,4,1210,1,2,2,1.0,6,75105,M,,,75
200900008798,9,6,4,1215,1,2,2,1.0,3,75111,M,,,75
200900008799,9,6,4,1340,1,2,2,1.0,3,75111,M,,,75
200900008800,9,6,4,1355,1,2,1,1.0,6,75108,M,,,75
200900008801,9,6,4,1421,1,2,2,1.0,3,75116,M,,,75
200900008802,9,6,4,1445,1,2,2,7.0,6,75108,M,,,75
200900008803,9,6,4,1545,1,2,4,1.0,7,75116,M,,,75
200900008804,9,6,4,1605,1,2,1,1.0,6,75106,M,,,75
200900008805,9,6,4,1620,1,2,2,1.0,6,75118,M,,,75
200900008806,9,6,4,1700,1,2,1,1.0,3,75116,M,,,75
200900008807,9,6,4,1745,1,2,1,1.0,2,75116,M,,,75
200900008808,9,6,4,1745,1,2,2,1.0,7,75101,M,,,75
200900008809,9,6,4,1800,1,2,1,1.0,5,75116,M,,,75
200900008810,9,6,4,1830,1,2,1,1.0,6,75109,M,,,75
200900008811,9,6,4,1835,1,2,1,1.0,7,75119,M,,,75
200900008812,9,6,4,1845,1,2,3,1.0,3,75112,M,,,75
200900008813,9,6,4,1855,1,2,1,1.0,4,75119,M,,,75
200900008814,9,6,4,1857,1,2,2,1.0,3,75113,M,,,75
200900008815,9,6,4,1914,1,2,1,1.0,6,75118,M,,,75
200900008816,9,6,4,1930,1,2,1,1.0,6,75120,M,,,75
200900008817,9,6,4,1945,1,2,1,1.0,3,75114,M,,,75
200900008818,9,6,4,2015,1,2,3,1.0,3,75117,M,,,75
200900008819,9,6,4,2100,2,2,2,1.0,3,75116,M,,,75
200900008820,9,6,4,2245,5,2,2,1.0,3,75113,M,,,75
200900008821,9,6,6,1,5,2,1,1.0,6,75119,M,,,75
200900008822,9,6,6,230,5,2,1,1.0,6,75118,M,,,75
200900008823,9,6,6,250,5,2,1,1.0,6,75112,M,,,75
200900008824,9,6,6,610,2,2,1,2.0,6,75116,M,,,75
200900008825,9,6,6,855,1,2,5,2.0,7,75110,M,,,75
200900008826,9,6,6,900,1,2,3,2.0,7,75113,M,,,75
200900008827,9,6,6,950,1,2,2,1.0,7,75114,M,,,75
200900008828,9,6,6,1000,1,2,4,2.0,3,75113,M,,,75
200900008829,9,6,6,1150,1,2,1,2.0,3,75105,M,,,75
200900008830,9,6,6,1250,1,2,5,8.0,6,75116,M,,,75
200900008831,9,6,6,1300,1,2,5,2.0,2,75116,M,,,75
200900008832,9,6,6,1335,1,2,4,2.0,6,75119,M,,,75
200900008833,9,6,6,1710,1,2,4,1.0,3,75118,M,,,75
200900008834,9,6,6,1800,1,2,1,1.0,2,75113,M,,,75
200900008835,9,6,6,1910,1,2,2,1.0,3,75112,M,,,75
200900008836,9,6,6,1930,1,2,4,1.0,3,75119,M,,,75
200900008837,9,6,6,2000,1,2,5,1.0,3,75115,M,,,75
200900008838,9,6,6,2230,5,2,3,1.0,6,75115,M,,,75
200900008839,9,6,7,35,5,2,1,1.0,6,75109,M,,,75
200900008840,9,6,7,217,5,2,3,2.0,6,75118,M,,,75
200900008841,9,6,7,235,5,2,4,2.0,7,75117,M,,,75
200900008842,9,6,7,405,5,2,5,2.0,7,75117,M,,,75
200900008843,9,6,7,550,5,2,1,2.0,6,75114,M,,,75
200900008844,9,6,7,615,2,2,1,2.0,6,75119,M,,,75
200900008845,9,6,7,800,1,2,1,2.0,6,75118,M,,,75
200900008846,9,6,7,1145,1,2,1,1.0,3,75103,M,,,75
200900008847,9,6,7,1250,1,2,2,1.0,3,75102,M,,,75
200900008848,9,6,7,1330,1,2,1,2.0,6,75119,M,,,75
200900008849,9,6,7,1335,1,2,1,1.0,6,75101,M,,,75
200900008850,9,6,7,1345,1,2,1,1.0,6,75110,M,,,75
200900008851,9,6,7,1605,1,2,5,2.0,3,75112,M,,,75
200900008852,9,6,7,1747,1,2,2,2.0,3,75106,M,,,75
200900008853,9,6,7,1800,1,2,1,8.0,6,75119,M,,,75
200900008854,9,6,7,1900,1,2,2,1.0,3,75106,M,,,75
200900008855,9,6,7,1940,1,2,1,1.0,3,75117,M,,,75
200900008856,9,6,7,2215,5,2,2,2.0,6,75113,M,,,75
200900008857,9,6,7,2320,5,2,1,2.0,6,75108,M,,,75
200900008858,9,6,5,10,5,2,1,1.0,6,75116,M,,,75
200900008859,9,6,5,220,5,2,1,1.0,6,75119,M,,,75
200900008860,9,6,5,245,5,2,2,1.0,6,75119,M,,,75
200900008861,9,6,5,305,5,2,1,1.0,6,75113,M,,,75
200900008862,9,6,5,630,1,2,1,1.0,1,75108,M,,,75
200900008863,9,6,5,710,1,2,4,1.0,3,75120,M,,,75
200900008864,9,6,5,850,1,2,1,1.0,2,75108,M,,,75
200900008865,9,6,5,918,1,2,1,1.0,3,75112,M,,,75
200900008866,9,6,5,955,1,2,3,1.0,3,75110,M,,,75
200900008867,9,6,5,1000,1,2,1,1.0,3,75117,M,,,75