Num_Acc,an,mois,jour,hrmn,lum,agg,int,atm,col,com,gps,lat,long,dep
200900010415,9,5,18,915,1,1,1,1.0,1,21406,M,4.0,0,21
200900010416,9,5,15,1830,1,1,1,7.0,6,21515,M,0.0,0,21
200900010417,9,5,16,330,3,1,1,1.0,7,21012,M,0.0,0,21
200900010418,9,5,7,800,1,2,9,1.0,3,21292,M,4.0,0,21
200900010419,9,5,18,830,1,2,1,1.0,3,21138,M,4.0,0,21
200900010420,9,5,8,930,1,1,1,1.0,1,21590,M,0.0,0,21
200900010421,9,5,16,1630,1,1,1,1.0,1,21641,M,0.0,0,21
200900010422,9,5,13,730,1,1,2,1.0,5,21003,M,4.0,0,21
200900010423,9,5,13,1730,1,1,1,1.0,6,21464,M,4.0,0,21
200900010424,9,5,27,2315,3,1,1,1.0,1,21256,M,4.0,0,21
200900010425,9,5,23,115,3,1,1,1.0,6,21230,M,4.0,0,21
200900010426,9,3,13,1830,2,2,1,1.0,1,08096,M,0.0,0,08
200900010427,9,1,24,530,3,2,1,2.0,6,30189,M,4.0,0,30
200900010428,9,5,5,855,1,2,3,1.0,3,85191,M,4.0,-,85
200900010429,9,5,17,1645,1,2,1,1.0,3,85191,M,4.0,-,85
200900010430,9,5,24,2150,2,2,2,1.0,3,85191,M,4.0,-,85
200900010431,9,5,28,130,3,1,1,3.0,6,85191,M,,,85
200900010432,9,4,14,1515,1,1,1,1.0,2,45208,M,4.0,0,45
200900010433,9,4,1,1555,1,1,1,1.0,1,45302,M,4.0,0,45
200900010434,9,4,6,1325,1,2,1,7.0,6,45285,M,4.0,0,45
200900010435,9,4,3,1300,1,2,1,1.0,1,45208,M,4.0,0,45
200900010436,9,4,2,1230,1,2,1,1.0,2,45208,M,4.0,0,45
200900010437,9,4,2,745,1,2,1,1.0,3,45234,M,4.0,0,45
200900010438,9,4,2,1220,1,2,2,1.0,3,45169,M,4.0,0,45
200900010439,9,4,4,1845,1,2,1,1.0,6,45234,M,4.0,0,45
200900010440,9,4,5,2145,5,2,2,1.0,3,45234,M,4.0,0,45
200900010441,9,4,7,1800,1,2,1,1.0,6,45234,M,4.0,0,45
200900010442,9,4,9,810,1,2,3,1.0,1,45169,M,4.0,0,45
200900010443,9,4,9,1105,1,2,2,1.0,5,45302,M,4.0,0,45
200900010444,9,4,11,2050,5,2,3,1.0,2,45302,M,4.0,0,45
200900010445,9,4,13,1900,1,1,1,1.0,6,45019,M,4.0,0,45
200900010446,9,4,25,1930,1,1,1,1.0,2,45286,M,4.0,0,45
200900010447,9,4,20,1335,1,2,3,1.0,3,45284,M,4.0,0,45
200900010448,9,4,22,2130,5,2,3,1.0,2,45234,M,4.0,0,45
200900010449,9,4,23,2145,5,2,2,1.0,3,45234,M,4.0,0,45
200900010450,9,4,24,2025,5,2,1,1.0,2,45147,M,4.0,0,45
200900010451,9,4,24,930,1,2,1,1.0,6,45232,M,4.0,0,45
200900010452,9,4,16,1600,1,2,1,1.0,3,45234,M,4.0,0,45
200900010453,9,4,22,1140,1,2,1,1.0,6,45234,M,4.0,0,45
200900010454,9,4,23,1910,1,2,1,1.0,3,45234,M,4.0,0,45
200900010455,9,4,23,2325,5,2,1,1.0,6,45285,M,4.0,0,45
200900010456,9,4,25,1230,1,1,1,3.0,2,45004,M,4.0,0,45
200900010457,9,4,30,1014,1,1,1,2.0,6,45004,M,4.0,0,45
200900010458,9,4,24,1740,1,2,1,1.0,2,45208,M,4.0,0,45
200900010459,9,4,5,1500,1,1,3,1.0,3,45200,M,4.0,0,45
200900010460,9,4,5,1730,1,1,3,1.0,3,45254,M,4.0,0,45
200900010461,9,4,10,700,1,1,1,1.0,6,45006,M,0.0,0,45
200900010462,9,4,10,1100,1,1,1,1.0,3,45008,M,4.0,0,45
200900010463,9,4,12,2230,3,1,1,1.0,6,45327,M,0.0,0,45
200900010464,9,4,13,1745,1,1,1,1.0,6,45203,M,0.0,0,45
200900010465,9,4,13,1845,1,1,1,1.0,2,45344,M,0.0,0,45
200900010466,9,4,16,1200,1,1,3,1.0,3,45066,M,4.0,0,45
200900010467,9,4,20,1245,1,1,1,1.0,6,45111,M,0.0,0,45
200900010468,9,4,22,1430,1,1,1,1.0,7,45083,M,0.0,0,45
200900010469,9,4,24,1930,2,1,3,1.0,3,45108,M,0.0,0,45
200900010470,9,4,21,2000,1,2,1,1.0,3,45238,M,4.0,0,45
200900010471,9,4,22,1915,1,2,2,1.0,3,45155,M,4.0,0,45
200900010472,9,4,11,8,3,2,1,1.0,6,45075,M,4.0,0,45
200900010473,9,4,16,945,1,1,2,1.0,3,45102,M,4.0,0,45
200900010474,9,4,3,1655,1,2,1,1.0,2,52448,M,4.0,0,52
200900010475,9,4,2,1030,1,2,1,1.0,6,52448,M,4.0,0,52
200900010476,9,4,26,1845,1,1,1,2.0,2,52448,M,4.0,0,52
200900010477,9,4,4,905,1,2,1,1.0,3,52121,M,4.0,0,52
200900010478,9,4,18,1415,1,2,1,2.0,3,52448,M,4.0,0,52
200900010479,9,4,22,1240,1,1,1,1.0,3,52104,M,4.0,0,52
200900010480,9,4,15,923,1,2,1,1.0,1,52121,M,4.0,0,52
200900010481,9,4,9,1320,1,2,1,1.0,2,52121,M,4.0,0,52
200900010482,9,4,20,1420,1,2,1,1.0,7,52448,M,4.0,0,52
200900010483,9,4,21,1655,1,2,1,1.0,2,52448,M,4.0,0,52
200900010484,9,4,14,1215,1,2,1,1.0,6,52448,M,4.0,0,52
200900010485,9,4,6,1105,1,2,1,1.0,6,52448,M,4.0,0,52
200900010486,9,4,25,2055,5,1,1,1.0,1,52121,M,4.0,0,52
200900010487,9,4,3,1730,1,1,1,1.0,3,52332,M,4.0,0,52
200900010488,9,4,6,1500,1,1,1,1.0,6,52353,M,4.0,0,52
200900010489,9,4,9,815,1,2,2,1.0,5,52353,M,4.0,0,52
200900010490,9,4,9,1630,1,2,1,1.0,6,52550,M,4.0,0,52
200900010491,9,4,10,1630,1,1,1,1.0,6,52217,M,4.0,0,52
200900010492,9,4,24,1200,1,1,1,1.0,5,52457,M,4.0,0,52
200900010493,9,4,24,1530,1,2,1,1.0,7,52060,M,4.0,0,52
200900010494,9,4,25,1045,1,1,1,1.0,6,52401,M,4.0,0,52
200900010495,9,4,26,1800,1,1,1,2.0,3,52305,M,4.0,0,52
200900010496,9,4,28,1115,1,2,3,1.0,3,52331,M,4.0,0,52
200900010497,9,4,8,1628,1,1,1,2.0,1,85191,M,,,85
200900010498,9,2,28,1735,1,2,3,1.0,3,59501,M,,,59
200900010499,9,2,5,1330,1,2,1,1.0,6,57620,M,0.0,0,57
200900010500,9,2,3,1830,5,2,1,8.0,1,57065,M,4.0,0,57
200900010501,9,2,17,715,2,1,1,2.0,1,57033,M,0.0,0,57
200900010502,9,2,12,1830,3,1,1,1.0,1,57102,M,0.0,0,57
200900010503,9,2,27,1130,1,1,1,1.0,3,57518,M,0.0,0,57
200900010504,9,2,2,315,3,1,1,9.0,6,57344,M,0.0,0,57
200900010505,9,2,14,1300,1,1,1,1.0,7,57232,M,4.0,0,57
200900010506,9,2,28,1830,2,1,1,1.0,7,57509,M,0.0,0,57
200900010507,9,2,18,45,3,1,1,2.0,6,57096,M,0.0,0,57
200900010508,9,2,19,2100,3,1,1,1.0,6,57160,M,4.0,0,57
200900010509,9,2,5,2000,5,2,1,1.0,6,57171,M,0.0,0,57
200900010510,9,2,18,1145,1,1,1,1.0,5,57432,M,4.0,0,57
200900010511,9,2,20,1900,5,2,1,1.0,5,57323,M,0.0,0,57
200900010512,9,2,6,930,1,1,1,1.0,1,57158,M,0.0,0,57
200900010513,9,2,3,1800,5,2,1,1.0,1,57089,M,0.0,0,57
200900010514,9,2,10,2015,3,1,1,4.0,3,57041,M,0.0,0,57
200900010515,9,2,2,1255,1,2,3,4.0,2,57463,M,,,57
200900010516,9,2,3,720,2,2,1,8.0,2,57487,M,,,57
200900010517,9,2,15,50,4,2,3,1.0,6,57463,M,,,57
200900010518,9,2,11,2125,3,1,1,1.0,3,57283,M,,,57
200900010519,9,2,13,1925,5,2,1,2.0,1,57757,M,,,57
200900010520,9,2,5,1950,5,2,1,1.0,6,57463,M,,,57
200900010521,9,2,13,950,1,2,1,1.0,6,57463,M,,,57
200900010522,9,2,24,1605,1,2,2,1.0,3,57227,M,,,57
200900010523,9,2,23,1755,2,2,1,1.0,6,57463,M,,,57
200900010524,9,2,20,1500,1,2,3,1.0,6,57751,M,,,57
200900010525,9,2,14,1250,1,2,1,8.0,6,57227,M,,,57
200900010526,9,2,21,1725,1,2,1,1.0,2,57672,M,,,57
200900010527,9,2,15,1230,1,2,3,1.0,1,57306,M,,,57
200900010528,9,2,27,1332,1,2,3,1.0,3,57019,M,,,57
200900010529,9,2,11,1110,1,1,1,1.0,2,57226,M,,,57
200900010530,9,2,5,1620,1,1,1,1.0,3,57480,M,,,57
200900010531,9,2,26,1955,3,1,1,1.0,7,57463,M,,,57
200900010532,9,2,18,1800,2,2,4,1.0,3,57463,M,,,57
200900010533,9,2,17,1930,5,2,4,2.0,3,57253,M,,,57
200900010534,9,2,21,1140,1,2,1,1.0,7,57660,M,,,57
200900010535,9,2,22,1900,5,2,1,8.0,6,57480,M,,,57
200900010536,9,2,24,1045,1,2,1,1.0,6,57306,M,,,57
200900010537,9,2,25,1535,1,2,1,1.0,3,57672,M,,,57
200900010538,9,2,17,1350,1,2,1,1.0,3,57672,M,,,57
200900010539,9,2,25,1635,1,2,1,1.0,3,57487,M,,,57
200900010540,9,6,25,1900,1,1,1,1.0,3,85129,M,0.0,0,85
200900010541,9,6,25,2300,3,1,1,1.0,2,85088,M,0.0,0,85
200900010542,9,6,26,1730,1,1,1,1.0,2,85246,M,0.0,0,85
200900010543,9,6,27,130,3,1,1,1.0,2,85046,M,0.0,0,85
200900010544,9,6,29,1800,1,1,1,1.0,3,85024,M,0.0,0,85
200900010545,9,6,28,1615,1,1,1,7.0,6,85202,M,0.0,0,85
200900010546,9,6,15,145,3,1,1,1.0,6,85174,M,0.0,0,85
200900010547,9,6,1,2015,1,2,1,1.0,3,85262,M,0.0,0,85
200900010548,9,6,3,1500,1,2,1,1.0,3,85047,M,0.0,0,85
200900010549,9,6,6,500,5,1,1,1.0,6,85226,M,0.0,0,85
200900010550,9,6,6,2030,1,1,1,8.0,6,85003,M,0.0,0,85
200900010551,9,6,1,2115,2,1,1,1.0,6,85217,M,0.0,0,85
200900010552,9,6,9,1630,1,1,1,1.0,1,85029,M,0.0,0,85
200900010553,9,6,14,2330,3,1,1,1.0,7,85280,M,0.0,0,85
200900010554,9,6,16,1230,1,1,1,1.0,6,85208,M,0.0,0,85
200900010555,9,6,16,1700,1,2,1,7.0,1,85051,M,0.0,0,85
200900010556,9,6,19,1730,1,1,1,1.0,3,85071,M,0.0,0,85
200900010557,9,6,19,2330,3,1,1,1.0,6,85017,M,0.0,0,85
200900010558,9,6,23,1200,1,1,1,1.0,6,85189,M,0.0,0,85
200900010559,9,6,24,1645,1,1,1,1.0,6,85181,M,0.0,0,85
200900010560,9,6,24,1830,1,2,1,1.0,6,85047,M,4.0,-,85
200900010561,9,1,8,1530,1,2,3,1.0,3,20004,M,0.0,0,201
200900010562,9,1,3,1836,5,2,1,1.0,3,20004,M,,,201
200900010563,9,1,16,1835,5,2,1,1.0,5,20004,M,,,201
200900010564,9,1,16,2000,5,2,3,1.0,3,20004,M,,,201
200900010565,9,1,13,1945,5,2,3,1.0,3,20004,M,0.0,0,201
200900010566,9,1,20,1849,5,2,1,2.0,6,20004,M,0.0,0,201
200900010567,9,1,30,1645,1,1,3,1.0,3,20271,M,0.0,0,201
200900010568,9,3,2,15,5,2,8,1.0,6,87001,M,,,87
200900010569,9,3,3,1750,1,2,3,1.0,3,87085,M,,,87
200900010570,9,3,4,715,2,1,1,1.0,6,87025,M,,,87
200900010571,9,3,4,1030,1,2,1,2.0,6,87085,M,,,87
200900010572,9,3,4,1334,1,2,2,2.0,3,87085,M,,,87
200900010573,9,3,5,1831,1,2,2,1.0,3,87085,M,,,87
200900010574,9,3,6,1645,1,1,1,4.0,7,87120,M,,,87
200900010575,9,3,4,1315,1,1,1,1.0,1,87172,M,,,87
200900010576,9,3,7,1815,1,1,1,1.0,7,87089,M,0.0,0,87
200900010577,9,3,6,1824,1,2,1,1.0,3,87085,M,,,87
200900010578,9,3,7,1450,1,2,1,1.0,6,87085,M,,,87
200900010579,9,3,13,1700,1,1,2,1.0,3,87003,M,,,87
200900010580,9,3,14,1635,1,1,1,1.0,1,87065,M,,,87
200900010581,9,3,7,1930,3,1,1,1.0,6,87041,M,0.0,0,87
200900010582,9,3,8,738,1,2,2,1.0,3,87085,M,,,87
200900010583,9,3,9,1045,1,1,1,2.0,6,87107,M,,,87
200900010584,9,3,10,1541,1,2,2,1.0,3,87114,M,,,87
200900010585,9,3,10,1847,3,1,3,2.0,2,87075,M,,,87
200900010586,9,3,10,2307,3,1,1,2.0,6,87114,M,,,87
200900010587,9,3,11,1427,1,2,3,1.0,3,87085,M,,,87
200900010588,9,3,12,1815,1,2,1,1.0,3,87065,M,,,87
200900010589,9,3,15,1,5,1,1,1.0,7,87187,M,4.0,0,87
200900010590,9,3,19,537,3,1,1,1.0,1,87075,M,,,87
200900010591,9,3,16,2005,5,2,3,1.0,3,87085,M,,,87
200900010592,9,3,17,1738,1,2,1,1.0,3,87085,M,,,87
200900010593,9,3,17,2013,5,2,3,1.0,3,87114,M,,,87
200900010594,9,3,18,1945,3,1,1,1.0,3,87202,M,,,87
200900010595,9,3,24,1811,1,2,2,1.0,1,87085,M,,,87
200900010596,9,3,19,1430,1,1,1,1.0,6,87140,M,0.0,0,87
200900010597,9,3,21,1200,1,2,6,1.0,3,87040,M,0.0,0,87
200900010598,9,3,21,2354,5,2,2,1.0,3,87085,M,,,87
200900010599,9,3,24,1035,1,2,3,1.0,2,87050,M,,,87
200900010600,9,3,26,1038,1,2,2,1.0,3,87075,M,,,87
200900010601,9,3,27,954,1,1,1,1.0,6,87050,M,,,87
200900010602,9,3,29,1730,1,1,1,1.0,1,87118,M,,,87
200900010603,9,3,30,2200,3,1,1,1.0,7,87177,M,0.0,0,87
200900010604,9,5,12,1220,1,2,1,2.0,2,52448,M,4.0,0,52
200900010605,9,5,3,430,5,2,1,1.0,6,52211,M,4.0,0,52
200900010606,9,5,5,1700,1,2,1,1.0,3,52448,M,4.0,0,52
200900010607,9,5,7,1640,1,2,2,1.0,3,52448,M,4.0,0,52
200900010608,9,5,14,1700,1,2,1,1.0,6,52121,M,4.0,0,52
200900010609,9,5,16,1615,1,2,3,1.0,3,52448,M,4.0,0,52
200900010610,9,5,19,1300,1,2,6,1.0,3,52121,M,4.0,0,52
200900010611,9,5,24,2045,2,1,1,1.0,6,52114,M,4.0,0,52
200900010612,9,5,25,1000,1,2,1,7.0,6,52448,M,4.0,0,52
200900010613,9,5,27,645,1,2,1,7.0,2,52353,M,4.0,0,52
200900010614,9,5,25,1350,1,2,3,1.0,3,52121,M,4.0,0,52
200900010615,9,5,28,1030,1,1,2,1.0,3,52121,M,4.0,0,52
200900010616,9,5,12,840,1,2,1,1.0,2,52448,M,4.0,0,52
200900010617,9,5,8,1100,1,2,2,1.0,3,52448,M,4.0,0,52
200900010618,9,5,29,1255,1,2,1,1.0,6,52448,M,4.0,0,52
200900010619,9,5,30,1515,1,2,3,1.0,3,52060,M,4.0,0,52
200900010620,9,5,31,1830,1,2,1,1.0,4,52448,M,4.0,0,52
200900010621,9,5,5,1330,1,1,1,1.0,2,52194,M,4.0,0,52
200900010622,9,5,31,1530,1,1,1,1.0,6,52060,M,4.0,0,52
200900010623,9,5,29,1830,1,1,1,1.0,3,52331,M,4.0,0,52
200900010624,9,5,16,1800,1,1,1,1.0,7,52467,M,4.0,0,52
200900010625,9,3,6,1309,1,2,1,1.0,3,59431,M,,,59
200900010626,9,3,26,1350,1,2,1,2.0,7,59365,M,,,59
200900010627,9,3,29,1200,1,2,1,1.0,6,59410,M,,,59
200900010628,9,3,24,1400,1,2,1,1.0,6,59155,M,,,59
200900010629,9,3,12,2105,5,2,1,1.0,6,59017,M,,,59
200900010630,9,3,18,1310,1,2,2,1.0,3,59343,M,,,59
200900010631,9,3,22,1145,1,2,1,1.0,2,59183,M,,,59
200900010632,9,3,16,1700,1,2,9,1.0,6,59155,M,,,59
200900010633,9,3,11,1155,1,2,1,1.0,6,59566,M,,,59
200900010634,9,3,25,1540,1,2,1,2.0,6,59350,M,,,59
200900010635,9,3,31,830,1,2,2,1.0,6,59328,M,,,59
200900010636,9,3,21,1100,1,2,1,1.0,2,59350,M,,,59
200900010637,9,3,28,1330,1,2,1,1.0,6,59196,M,,,59
200900010638,9,3,15,1000,1,2,1,1.0,6,59183,M,,,59
200900010639,9,3,5,1935,4,2,2,1.0,3,59431,M,,,59
200900010640,9,3,24,1800,1,2,1,8.0,2,59378,M,,,59
200900010641,9,3,29,1900,1,2,1,1.0,6,59350,M,,,59
200900010642,9,3,1,1300,1,2,3,1.0,7,59104,M,,,59
200900010643,9,3,2,700,2,2,2,1.0,7,59378,M,,,59
200900010644,9,3,5,130,5,1,1,1.0,7,59350,M,,,59
200900010645,9,3,5,1530,1,2,1,1.0,6,59350,M,,,59
200900010646,9,3,5,1740,1,2,1,1.0,6,59143,M,,,59
200900010647,9,3,7,1205,1,2,6,1.0,6,59183,M,,,59
200900010648,9,3,10,1500,1,1,1,2.0,6,59646,M,,,59
200900010649,9,3,14,1235,1,1,1,2.0,3,59512,M,,,59
200900010650,9,3,18,1215,1,2,6,1.0,3,59350,M,,,59
200900010651,9,3,10,2210,5,2,3,1.0,1,59017,M,,,59
200900010652,9,3,11,2345,5,2,1,1.0,2,59139,M,0.0,0,59
200900010653,9,3,13,1335,1,1,3,1.0,3,59043,M,,,59
200900010654,9,3,14,2255,4,1,1,1.0,7,59359,M,,,59
200900010655,9,3,16,745,1,2,2,1.0,5,59183,M,,,59
200900010656,9,3,19,1045,1,2,1,1.0,7,59253,M,,,59
200900010657,9,3,20,1720,1,1,1,1.0,6,59544,M,,,59
200900010658,9,3,21,15,3,1,1,1.0,7,59633,M,0.0,0,59
200900010659,9,3,21,2005,5,2,1,1.0,1,59152,M,,,59
200900010660,9,3,23,818,1,2,2,1.0,6,59350,M,,,59
200900010661,9,3,24,1720,1,2,1,2.0,1,59220,M,,,59
200900010662,9,3,26,1415,1,2,2,1.0,5,59350,M,,,59
200900010663,9,3,26,1620,1,1,1,2.0,7,59002,M,,,59
200900010664,9,3,22,1230,1,2,9,1.0,2,59271,M,,,59
200900010665,9,3,23,1240,1,2,2,1.0,3,59183,M,,,59
200900010666,9,3,28,1030,1,2,2,2.0,6,59009,M,,,59
200900010667,9,3,30,1620,1,2,1,1.0,6,59560,M,,,59
200900010668,9,3,26,1630,1,1,1,1.0,6,59155,M,,,59
200900010669,9,3,27,530,5,2,1,1.0,2,59599,M,,,59
200900010670,9,3,29,120,5,2,6,1.0,7,59295,M,,,59
200900010671,9,3,30,1,5,2,1,1.0,7,59365,M,,,59
200900010672,9,3,12,1110,1,1,1,1.0,7,59343,M,,,59
200900010673,9,3,12,900,1,1,1,2.0,4,59646,M,,,59
200900010674,9,3,14,2040,5,1,1,1.0,6,59343,M,,,59
200900010675,9,3,17,1000,1,1,1,1.0,6,59507,M,,,59
200900010676,9,3,8,425,5,1,1,1.0,7,59378,M,,,59
200900010677,9,3,14,1930,3,1,1,1.0,7,59032,M,,,59
200900010678,9,3,29,715,3,1,1,2.0,6,59507,M,,,59
200900010679,9,3,11,1320,1,1,1,1.0,6,59606,M,,,59
200900010680,9,3,10,1115,1,1,1,2.0,7,59350,M,,,59
200900010681,9,3,6,1335,1,1,1,1.0,7,59507,M,,,59
200900010682,9,3,17,840,1,1,1,1.0,7,59195,M,,,59
200900010683,9,3,29,940,1,1,1,1.0,7,59350,M,,,59
200900010684,9,3,18,1230,1,1,1,1.0,7,59009,M,,,59
200900010685,9,3,18,1510,1,1,1,1.0,6,59155,M,,,59
200900010686,9,3,7,50,5,1,1,1.0,7,59350,M,,,59
200900010687,9,3,28,1615,1,1,1,1.0,2,59183,M,,,59
200900010688,9,3,26,1950,3,1,1,2.0,7,59350,M,,,59
200900010689,9,3,6,1805,2,1,1,1.0,2,59043,M,,,59
200900010690,9,3,4,1730,1,1,1,3.0,7,59449,M,,,59
200900010691,9,3,13,1830,2,1,1,1.0,6,59009,M,,,59
200900010692,9,3,23,1930,3,1,1,3.0,6,59350,M,,,59
200900010693,9,3,1,1330,1,1,1,1.0,7,59462,M,,,59
200900010694,9,3,18,1325,1,1,1,1.0,7,59350,M,,,59
200900010695,9,3,9,1225,1,1,1,1.0,6,59143,M,,,59
200900010696,9,3,3,2030,3,1,1,1.0,6,59160,M,,,59
200900010697,9,3,28,2240,5,1,1,2.0,7,59350,M,,,59
200900010698,9,3,27,1215,1,1,1,1.0,7,59403,M,,,59
200900010699,9,3,16,1355,1,1,1,1.0,2,59009,M,,,59
200900010700,9,3,23,650,2,1,1,1.0,6,59556,M,,,59
200900010701,9,3,21,515,3,1,1,5.0,4,59183,M,,,59
200900010702,9,3,8,1445,1,1,1,1.0,7,59305,M,,,59
200900010703,9,3,4,1830,3,1,1,3.0,6,59350,M,,,59
200900010704,9,3,15,920,1,1,1,1.0,7,59350,M,,,59
200900010705,9,3,16,750,1,1,1,5.0,6,59431,M,,,59
200900010706,9,3,28,1200,1,1,1,2.0,7,59350,M,,,59
200900010707,9,3,16,1750,1,1,1,1.0,6,59350,M,,,59
200900010708,9,3,22,1205,1,1,1,1.0,4,59189,M,,,59
200900010709,9,3,3,225,3,1,1,1.0,7,59271,M,,,59
200900010710,9,3,8,1815,2,1,1,1.0,7,59532,M,,,59
200900010711,9,3,23,1215,1,1,1,1.0,7,59599,M,,,59
200900010712,9,3,28,2225,5,1,1,2.0,7,59378,M,,,59
200900010713,9,3,30,1350,1,1,1,1.0,6,59560,M,,,59
200900010714,9,3,12,600,3,1,1,1.0,7,59350,M,,,59
200900010715,9,3,27,1130,1,1,1,1.0,6,59355,M,,,59
200900010716,9,3,21,515,3,1,1,5.0,2,59183,M,,,59
200900010717,9,3,21,510,3,1,1,5.0,4,59183,M,,,59
200900010718,9,3,17,2150,3,1,1,1.0,7,59467,M,,,59
200900010719,9,3,18,1600,1,2,2,1.0,3,59378,M,,,59
200900010720,9,3,14,805,1,2,2,1.0,3,59606,M,,,59
200900010721,9,3,11,1845,1,2,1,1.0,3,59079,M,,,59
200900010722,9,3,14,1955,5,1,1,1.0,6,59646,M,,,59
200900010723,9,3,31,2050,5,2,1,1.0,3,59426,M,,,59
200900010724,9,3,22,1515,1,2,1,1.0,2,59009,M,,,59
200900010725,9,3,21,1710,1,2,3,1.0,6,59009,M,,,59
200900010726,9,3,6,1425,1,2,1,1.0,6,59009,M,,,59
200900010727,9,3,20,2020,5,2,1,1.0,6,59328,M,,,59
200900010728,9,3,8,1445,1,2,1,1.0,7,59183,M,,,59
200900010729,9,3,17,825,1,2,1,1.0,6,59286,M,,,59
200900010730,9,3,15,1755,1,2,9,1.0,2,59183,M,,,59
200900010731,9,3,8,1130,1,2,2,1.0,6,59540,M,,,59
200900010732,9,3,24,930,1,2,3,1.0,3,59350,M,,,59
200900010733,9,3,25,1810,1,2,1,1.0,6,59328,M,,,59
200900010734,9,3,8,1600,1,2,1,7.0,6,59636,M,,,59
200900010735,9,3,20,1040,1,2,2,1.0,6,59447,M,,,59
200900010736,9,3,20,800,1,2,1,1.0,6,59350,M,,,59
200900010737,9,3,20,1235,1,2,1,1.0,6,59350,M,,,59
200900010738,9,3,26,1145,1,2,1,2.0,6,59599,M,,,59
200900010739,9,3,1,2345,5,1,1,1.0,7,59339,M,,,59
200900010740,9,3,25,1105,1,2,3,1.0,2,59328,M,,,59
200900010741,9,3,9,1800,2,2,1,1.0,2,59368,M,,,59
200900010742,9,3,3,810,1,2,1,1.0,6,59378,M,,,59
200900010743,9,3,10,910,1,2,1,2.0,6,59286,M,,,59
200900010744,9,3,2,1250,1,2,1,1.0,6,59350,M,,,59
200900010745,9,3,23,2000,5,2,1,1.0,6,59286,M,,,59
200900010746,9,3,22,1700,1,2,6,1.0,3,59606,M,,,59
200900010747,9,3,24,1515,1,2,2,2.0,6,59350,M,,,59
200900010748,9,3,5,2100,5,2,1,1.0,1,59234,M,,,59
200900010749,9,3,12,1620,1,1,3,1.0,3,59512,M,,,59
200900010750,9,3,6,1015,1,2,2,1.0,3,59599,M,,,59
200900010751,9,3,21,2030,5,2,3,1.0,6,59350,M,,,59
200900010752,9,3,6,1900,2,2,1,1.0,6,59009,M,,,59
200900010753,9,3,18,1635,1,2,1,1.0,6,59599,M,,,59
200900010754,9,3,13,1345,1,1,2,1.0,3,59163,M,,,59
200900010755,9,3,13,1245,1,2,1,1.0,3,59350,M,,,59
200900010756,9,3,10,745,2,1,2,2.0,3,59512,M,,,59
200900010757,9,3,17,1957,5,2,1,1.0,3,59488,M,,,59
200900010758,9,3,31,800,1,2,1,1.0,6,59043,M,,,59
200900010759,9,3,18,1245,1,2,1,1.0,6,59009,M,,,59
200900010760,9,3,2,1715,1,2,3,1.0,6,59599,M,,,59
200900010761,9,3,2,1740,1,2,2,1.0,3,59009,M,,,59
200900010762,9,3,4,1630,1,2,3,1.0,3,59340,M,,,59
200900010763,9,3,6,700,5,1,1,1.0,6,59650,M,,,59
200900010764,9,3,5,2220,5,2,1,2.0,3,59606,M,,,59
200900010765,9,3,15,2245,5,2,5,1.0,3,59599,M,,,59
200900010766,9,3,11,940,1,2,1,1.0,7,59350,M,,,59
200900010767,9,3,16,1920,5,2,1,1.0,3,59014,M,,,59
200900010768,9,3,11,1730,1,2,1,1.0,5,59360,M,,,59
200900010769,9,3,9,1625,1,2,3,1.0,6,59606,M,,,59
200900010770,9,3,18,1350,1,2,1,1.0,6,59160,M,,,59
200900010771,9,3,26,815,1,2,1,1.0,6,59636,M,,,59
200900010772,9,3,27,1340,1,2,2,1.0,6,59350,M,,,59
200900010773,9,3,5,950,1,2,1,1.0,6,59316,M,,,59
200900010774,9,3,16,1500,1,2,2,1.0,3,59606,M,,,59
200900010775,9,3,20,825,1,2,1,1.0,6,59606,M,,,59
200900010776,9,3,27,835,1,2,1,1.0,6,59350,M,,,59
200900010777,9,3,30,1700,1,2,1,1.0,6,59286,M,,,59
200900010778,9,3,4,850,1,2,1,1.0,6,59544,M,,,59
200900010779,9,3,10,1350,1,2,1,2.0,4,59527,M,,,59
200900010780,9,3,5,1720,1,1,1,8.0,2,59299,M,,,59
200900010781,9,3,11,1800,1,2,1,1.0,6,59421,M,,,59
200900010782,9,3,25,2045,5,2,1,2.0,6,59350,M,,,59
200900010783,9,3,1,750,1,2,1,1.0,6,59220,M,,,59
200900010784,9,3,1,850,1,1,1,1.0,3,59512,M,,,59
200900010785,9,3,16,1830,5,2,3,1.0,3,59378,M,,,59
200900010786,9,3,17,2155,5,2,6,1.0,6,59527,M,,,59
200900010787,9,3,9,2215,5,2,3,1.0,3,59350,M,,,59
200900010788,9,3,2,1830,2,2,1,1.0,6,59271,M,,,59
200900010789,9,3,3,1420,1,2,3,8.0,3,59350,M,,,59
200900010790,9,3,15,1240,1,2,1,1.0,6,59360,M,,,59
200900010791,9,3,22,1855,1,2,1,1.0,1,59585,M,,,59
200900010792,9,3,12,1330,1,2,2,1.0,3,59350,M,,,59
200900010793,9,3,19,1720,1,2,1,1.0,3,59350,M,,,59
200900010794,9,3,18,900,1,2,2,7.0,6,59193,M,,,59
200900010795,9,3,30,1750,1,2,1,1.0,3,59170,M,,,59
200900010796,9,3,19,1550,1,2,1,1.0,3,59599,M,,,59
200900010797,9,3,8,1910,5,1,2,1.0,1,59512,M,,,59
200900010798,9,3,9,1920,5,1,1,1.0,3,59350,M,,,59
200900010799,9,3,5,1240,1,2,2,1.0,3,59183,M,,,59