Num_Acc,an,mois,jour,hrmn,lum,agg,int,atm,col,com,gps,lat,long,dep
200900011553,9,3,13,510,5,2,1,1.0,7,31555,M,,,31
200900011554,9,3,29,30,5,1,1,2.0,4,31555,M,4.0,0,31
200900011555,9,3,31,1340,1,2,1,1.0,6,31555,M,,,31
200900011556,9,3,3,1710,1,2,1,1.0,6,31555,M,,,31
200900011557,9,3,23,1800,1,2,1,1.0,3,31555,M,,,31
200900011558,9,3,13,145,5,2,1,1.0,6,31555,M,,,31
200900011559,9,3,25,1630,1,2,1,1.0,6,31555,M,,,31
200900011560,9,3,12,2035,5,2,1,1.0,3,31555,M,,,31
200900011561,9,3,4,1957,5,2,2,2.0,3,31555,M,,,31
200900011562,9,3,13,310,5,2,1,1.0,6,31555,M,,,31
200900011563,9,3,9,905,1,1,1,8.0,2,31555,M,4.0,0,31
200900011564,9,3,6,215,5,2,1,1.0,7,31555,M,,,31
200900011565,9,3,17,1815,1,2,1,1.0,3,31555,M,,,31
200900011566,9,3,1,2140,5,2,1,1.0,2,31555,M,,,31
200900011567,9,3,25,1700,1,2,1,1.0,3,31555,M,,,31
200900011568,9,3,31,2110,5,2,1,1.0,6,31555,M,,,31
200900011569,9,3,22,510,2,2,1,1.0,3,31555,M,,,31
200900011570,9,3,16,1120,1,2,3,1.0,3,31555,M,,,31
200900011571,9,3,27,1550,1,2,1,1.0,3,31555,M,,,31
200900011572,9,3,21,940,1,2,1,1.0,6,31555,M,,,31
200900011573,9,3,3,1400,1,2,1,1.0,3,31555,M,,,31
200900011574,9,3,12,1730,1,2,1,1.0,2,31555,M,,,31
200900011575,9,3,26,815,1,1,1,1.0,5,31555,M,4.0,0,31
200900011576,9,3,31,2240,4,2,2,1.0,3,31555,M,,,31
200900011577,9,3,4,749,1,1,1,1.0,3,31555,M,4.0,0,31
200900011578,9,3,26,1920,1,2,1,1.0,3,31555,M,,,31
200900011579,9,3,12,1950,5,2,1,1.0,1,31555,M,,,31
200900011580,9,3,18,1100,1,2,1,1.0,3,31555,M,,,31
200900011581,9,3,19,1005,1,2,2,1.0,3,31555,M,,,31
200900011582,9,3,20,1310,1,2,1,1.0,2,31555,M,,,31
200900011583,9,3,10,1000,1,1,1,1.0,3,31555,M,4.0,0,31
200900011584,9,3,11,1015,1,2,1,1.0,3,31555,M,,,31
200900011585,9,3,19,1715,1,2,1,1.0,3,31555,M,,,31
200900011586,9,3,26,1710,1,2,1,1.0,3,31555,M,,,31
200900011587,9,3,1,1335,1,2,1,2.0,6,31555,M,,,31
200900011588,9,3,21,2340,5,1,1,1.0,6,31555,M,4.0,0,31
200900011589,9,3,15,1245,1,2,1,1.0,1,31555,M,,,31
200900011590,9,3,24,2110,5,2,1,1.0,6,31555,M,,,31
200900011591,9,3,17,715,1,2,2,1.0,3,31557,M,4.0,0,31
200900011592,9,3,20,1600,1,2,1,1.0,3,31555,M,,,31
200900011593,9,3,1,1515,1,2,1,8.0,3,31069,M,,,31
200900011594,9,3,16,1820,1,2,6,7.0,6,31069,M,4.0,0,31
200900011595,9,3,9,1250,1,1,1,1.0,4,31069,M,4.0,0,31
200900011596,9,3,13,1735,1,2,6,1.0,6,31069,M,,,31
200900011597,9,3,6,1610,1,2,2,1.0,6,31483,M,,,31
200900011598,9,3,10,835,1,2,1,1.0,3,31069,M,,,31
200900011599,9,3,5,1315,1,1,1,4.0,3,31483,M,4.0,0,31
200900011600,9,3,24,1715,1,2,1,1.0,5,31395,M,4.0,0,31
200900011601,9,3,11,1800,1,2,1,1.0,5,31424,M,4.0,0,31
200900011602,9,3,27,200,5,2,6,1.0,6,31044,M,4.0,0,31
200900011603,9,3,13,1630,1,1,1,1.0,4,31547,M,4.0,0,31
200900011604,9,3,20,2200,3,1,1,1.0,6,31291,M,4.0,0,31
200900011605,9,3,12,1730,1,1,1,1.0,6,31341,M,4.0,0,31
200900011606,9,3,23,715,1,2,1,1.0,2,31113,M,4.0,0,31
200900011607,9,3,15,1715,1,1,1,1.0,6,31482,M,4.0,0,31
200900011608,9,3,21,1615,1,1,3,1.0,3,31478,M,4.0,0,31
200900011609,9,3,19,2030,3,1,1,1.0,1,31282,M,4.0,0,31
200900011610,9,3,14,2015,5,1,1,1.0,1,31454,M,4.0,0,31
200900011611,9,3,30,1230,1,2,1,1.0,6,31044,M,4.0,0,31
200900011612,9,3,17,1630,1,1,3,1.0,3,31592,M,4.0,0,31
200900011613,9,3,28,1800,1,1,1,1.0,7,31216,M,4.0,0,31
200900011614,9,3,19,845,1,2,6,1.0,3,31451,M,4.0,0,31
200900011615,9,3,18,1400,1,1,1,1.0,7,31086,M,4.0,0,31
200900011616,9,3,2,830,1,1,1,1.0,6,31160,M,4.0,0,31
200900011617,9,3,19,1045,1,2,1,1.0,7,31410,M,4.0,0,31
200900011618,9,3,23,600,3,1,1,1.0,2,31516,M,4.0,0,31
200900011619,9,3,11,1240,1,2,1,1.0,6,31557,M,4.0,0,31
200900011620,9,3,12,1850,1,2,1,1.0,3,31557,M,4.0,0,31
200900011621,9,3,6,1430,1,2,3,1.0,2,31557,M,4.0,0,31
200900011622,9,3,7,855,1,2,1,2.0,7,31555,M,4.0,0,31
200900011623,9,3,13,920,1,2,1,1.0,3,31555,M,,,31
200900011624,9,3,14,1610,1,2,1,1.0,3,31555,M,,,31
200900011625,9,3,22,1645,1,2,2,1.0,3,31555,M,,,31
200900011626,9,3,31,1510,1,2,1,2.0,6,31555,M,,,31
200900011627,9,3,20,1650,1,2,1,1.0,3,31555,M,,,31
200900011628,9,3,9,1836,2,2,1,1.0,6,31555,M,,,31
200900011629,9,5,1,530,5,2,1,1.0,6,45087,M,0.0,0,45
200900011630,9,5,9,1900,1,1,1,1.0,6,45229,M,4.0,0,45
200900011631,9,5,6,1620,1,1,2,1.0,3,45338,M,4.0,0,45
200900011632,9,5,3,400,3,1,1,1.0,6,45278,M,4.0,0,45
200900011633,9,5,3,600,2,2,1,1.0,6,45228,M,0.0,0,45
200900011634,9,5,9,1545,1,2,2,3.0,6,45338,M,4.0,0,45
200900011635,9,5,13,115,3,1,1,1.0,6,45004,M,4.0,0,45
200900011636,9,5,4,2125,5,2,1,1.0,7,45004,M,4.0,0,45
200900011637,9,5,5,1535,1,2,3,1.0,2,45169,M,4.0,0,45
200900011638,9,5,17,2215,5,1,1,1.0,6,45302,M,4.0,0,45
200900011639,9,5,7,900,1,1,1,1.0,5,45346,M,0.0,0,45
200900011640,9,5,2,1730,1,2,2,1.0,3,45098,M,4.0,0,45
200900011641,9,5,15,800,1,2,1,1.0,3,45272,M,4.0,0,45
200900011642,9,5,7,1300,1,1,3,1.0,3,45146,M,4.0,0,45
200900011643,9,5,16,1430,1,1,1,8.0,6,45323,M,4.0,0,45
200900011644,9,5,21,2045,1,2,2,1.0,3,45173,M,4.0,0,45
200900011645,9,5,16,1800,1,2,1,1.0,1,45270,M,4.0,0,45
200900011646,9,5,9,440,5,2,1,1.0,6,45308,M,4.0,0,45
200900011647,9,5,4,1715,1,2,1,1.0,1,45028,M,0.0,0,45
200900011648,9,5,11,2100,3,1,1,1.0,6,45212,M,4.0,0,45
200900011649,9,5,14,945,1,1,1,1.0,1,45259,M,4.0,0,45
200900011650,9,5,19,1215,1,1,1,1.0,1,45073,M,0.0,0,45
200900011651,9,5,21,100,5,2,8,1.0,3,45148,M,4.0,0,45
200900011652,9,5,23,1100,1,1,1,1.0,2,45076,M,4.0,0,45
200900011653,9,5,25,130,3,1,1,1.0,6,45103,M,4.0,0,45
200900011654,9,5,24,1900,1,2,1,1.0,1,45031,M,4.0,0,45
200900011655,9,5,29,1500,1,1,1,1.0,7,45021,M,0.0,0,45
200900011656,9,5,31,230,3,1,4,1.0,6,45154,M,0.0,0,45
200900011657,9,5,6,320,5,2,1,1.0,7,45232,M,4.0,0,45
200900011658,9,5,7,1130,1,2,1,1.0,3,45302,M,4.0,0,45
200900011659,9,5,12,926,1,2,1,1.0,6,45234,M,4.0,0,45
200900011660,9,5,13,1400,1,2,1,1.0,2,45285,M,4.0,0,45
200900011661,9,5,10,1625,1,2,2,1.0,3,45285,M,4.0,0,45
200900011662,9,5,15,1140,1,2,1,1.0,3,45285,M,4.0,0,45
200900011663,9,5,19,1735,1,2,2,1.0,1,45234,M,4.0,0,45
200900011664,9,5,21,1650,1,2,1,1.0,3,45234,M,4.0,0,45
200900011665,9,5,25,745,1,2,3,1.0,3,45302,M,4.0,0,45
200900011666,9,5,26,1749,1,2,1,1.0,3,45234,M,4.0,0,45
200900011667,9,5,27,1645,1,2,2,1.0,3,45234,M,4.0,0,45
200900011668,9,5,28,805,1,2,2,1.0,3,45234,M,4.0,0,45
200900011669,9,5,19,815,1,2,1,1.0,1,45298,M,4.0,0,45
200900011670,9,5,28,2217,5,2,1,1.0,6,45338,M,4.0,0,45
200900011671,9,5,29,1628,1,2,1,1.0,3,45208,M,4.0,0,45
200900011672,9,5,1,2045,2,1,1,1.0,1,45348,M,0.0,0,45
200900011673,9,5,27,1530,1,1,1,1.0,2,45281,M,4.0,0,45
200900011674,9,1,10,340,5,2,1,9.0,1,07010,M,,,07
200900011675,9,2,25,1545,1,1,1,1.0,1,07319,M,0.0,0,07
200900011676,9,2,13,1545,1,1,1,1.0,1,07264,M,0.0,0,07
200900011677,9,2,28,1645,1,2,1,1.0,7,07207,M,0.0,0,07
200900011678,9,2,16,1730,2,1,1,8.0,7,07253,M,0.0,0,07
200900011679,9,2,19,1730,1,1,1,1.0,3,07022,M,4.0,0,07
200900011680,9,2,5,1745,3,1,1,1.0,5,07319,M,4.0,0,07
200900011681,9,2,14,1915,3,1,1,1.0,7,07188,M,0.0,0,07
200900011682,9,2,3,1210,1,2,9,3.0,6,07010,M,,,07
200900011683,9,2,15,1530,1,1,1,1.0,1,07267,M,4.0,0,07
200900011684,9,2,10,1845,5,2,1,1.0,6,07334,M,0.0,0,07
200900011685,9,2,26,1145,1,2,1,1.0,3,07174,M,0.0,0,07
200900011686,9,2,6,1410,1,2,1,3.0,6,07186,M,,,07
200900011687,9,3,19,1745,1,2,1,1.0,6,07102,M,,,07
200900011688,9,3,8,1615,1,1,1,1.0,6,07073,M,4.0,0,07
200900011689,9,3,7,1430,1,1,1,1.0,5,07287,M,4.0,0,07
200900011690,9,3,1,245,5,2,6,1.0,6,07182,M,4.0,0,07
200900011691,9,3,20,2245,3,1,1,1.0,7,07207,M,0.0,0,07
200900011692,9,3,8,1700,1,2,1,1.0,6,07274,M,0.0,0,07
200900011693,9,3,23,1415,1,1,1,1.0,1,07090,M,4.0,0,07
200900011694,9,3,14,900,1,1,1,1.0,6,07012,M,4.0,0,07
200900011695,9,3,15,1830,2,2,1,1.0,6,07292,M,0.0,0,07
200900011696,9,3,22,1200,1,1,1,1.0,3,07264,M,4.0,0,07
200900011697,9,3,7,945,1,2,1,1.0,1,07201,M,0.0,0,07
200900011698,9,3,7,1055,1,2,1,1.0,6,07231,M,,,07
200900011699,9,3,6,2325,3,1,1,1.0,6,07019,M,,,07
200900011700,9,5,26,2000,1,2,3,1.0,3,28134,M,4.0,0,28
200900011701,9,5,10,1915,1,2,1,1.0,7,28134,M,,,28
200900011702,9,5,29,1830,1,2,3,1.0,3,28134,M,4.0,0,28
200900011703,9,5,4,1210,1,2,2,1.0,6,28134,M,4.0,0,28
200900011704,9,5,17,1810,1,2,6,1.0,3,28134,M,4.0,0,28
200900011705,9,5,18,810,1,2,2,1.0,3,28085,M,4.0,0,28
200900011706,9,5,18,1135,1,2,2,1.0,5,28134,M,4.0,0,28
200900011707,9,5,6,1205,1,1,1,1.0,3,28134,M,4.0,0,28
200900011708,9,5,18,2100,1,2,2,1.0,3,28404,M,4.0,0,28
200900011709,9,5,5,1600,1,2,3,1.0,3,28085,M,4.0,0,28
200900011710,9,5,19,850,1,2,1,1.0,7,28404,M,4.0,0,28
200900011711,9,5,27,1210,1,2,2,1.0,6,28134,M,4.0,0,28
200900011712,9,5,14,830,1,2,1,1.0,7,28134,M,4.0,0,28
200900011713,9,5,1,1620,1,2,6,1.0,3,28134,M,4.0,0,28
200900011714,9,5,7,1850,1,2,1,1.0,7,28134,M,4.0,0,28
200900011715,9,5,8,2000,1,2,1,1.0,7,28219,M,4.0,0,28
200900011716,9,5,19,1150,1,2,1,1.0,6,28110,M,4.0,0,28
200900011717,9,5,22,1139,1,2,1,1.0,7,28404,M,4.0,0,28
200900011718,9,5,7,1400,1,2,2,1.0,3,28085,M,4.0,0,28
200900011719,9,5,2,150,5,2,1,1.0,6,28229,M,4.0,0,28
200900011720,9,5,11,750,1,2,2,1.0,2,28085,M,4.0,0,28
200900011721,9,5,13,1525,1,2,1,1.0,4,28220,M,4.0,0,28
200900011722,9,5,13,1510,1,2,2,1.0,3,28085,M,4.0,0,28
200900011723,9,5,14,1725,1,1,6,1.0,3,28209,M,4.0,0,28
200900011724,9,5,2,930,1,2,1,1.0,6,28085,M,4.0,0,28
200900011725,9,5,12,820,1,2,1,1.0,3,28085,M,4.0,0,28
200900011726,9,5,11,1830,1,2,1,1.0,2,28218,M,4.0,0,28
200900011727,9,5,31,30,3,1,1,1.0,3,28335,M,4.0,0,28
200900011728,9,5,4,1815,1,1,1,1.0,6,28031,M,4.0,0,28
200900011729,9,5,2,1200,1,1,1,1.0,6,28164,M,4.0,0,28
200900011730,9,5,20,1630,1,2,2,1.0,3,28039,M,4.0,0,28
200900011731,9,5,30,1900,1,2,1,1.0,6,28424,M,4.0,0,28
200900011732,9,5,18,1730,1,2,1,1.0,1,28280,M,4.0,0,28
200900011733,9,5,29,1700,1,2,1,1.0,1,28293,M,4.0,0,28
200900011734,9,5,22,1330,1,2,4,1.0,3,28088,M,4.0,0,28
200900011735,9,5,25,1315,1,1,1,1.0,6,28392,M,4.0,0,28
200900011736,9,5,24,1645,1,1,1,1.0,1,28081,M,4.0,0,28
200900011737,9,5,16,1800,1,1,1,1.0,7,28104,M,4.0,0,28
200900011738,9,5,13,715,2,1,1,1.0,1,28017,M,4.0,0,28
200900011739,9,5,8,1000,1,1,1,1.0,2,28363,M,4.0,0,28
200900011740,9,5,25,1800,1,1,1,1.0,6,28124,M,4.0,0,28
200900011741,9,5,25,1415,1,1,1,1.0,1,28164,M,4.0,0,28
200900011742,9,5,25,1430,1,1,1,1.0,1,28141,M,4.0,0,28
200900011743,9,5,10,2100,3,1,1,2.0,6,28424,M,4.0,0,28
200900011744,9,1,14,1945,5,2,1,1.0,3,33529,M,,,33
200900011745,9,1,17,1400,1,2,2,1.0,3,33243,M,,,33
200900011746,9,1,6,2325,5,2,1,1.0,6,33009,M,,,33
200900011747,9,1,7,1420,1,2,3,1.0,2,33318,M,,,33
200900011748,9,1,7,2010,5,2,7,1.0,6,33063,M,,,33
200900011749,9,1,1,807,1,1,1,1.0,1,33529,M,,,33
200900011750,9,1,29,1645,1,1,1,1.0,6,33144,M,4.0,-,33
200900011751,9,1,17,1145,1,1,1,8.0,1,33005,M,4.0,-,33
200900011752,9,1,19,800,5,2,1,3.0,5,33478,M,4.0,0,33
200900011753,9,1,17,1715,1,1,2,1.0,3,33072,M,0.0,0,33
200900011754,9,1,22,2030,5,2,1,3.0,6,33199,M,4.0,-,33
200900011755,9,1,14,930,1,1,1,9.0,6,33151,M,4.0,-,33
200900011756,9,1,4,1030,1,1,1,5.0,4,33183,M,0.0,0,33
200900011757,9,1,28,1245,1,2,1,8.0,4,33162,M,0.0,0,33
200900011758,9,1,16,1900,5,2,3,1.0,3,33165,M,0.0,0,33
200900011759,9,1,11,1100,1,1,1,1.0,6,33314,M,4.0,-,33
200900011760,9,1,9,1830,3,1,1,1.0,3,33519,M,0.0,0,33
200900011761,9,1,22,1815,2,2,1,3.0,6,33234,M,4.0,-,33
200900011762,9,1,10,1245,1,2,1,7.0,1,33140,M,4.0,-,33
200900011763,9,1,25,1930,3,1,1,2.0,6,33473,M,4.0,-,33
200900011764,9,1,15,400,3,1,1,5.0,6,33118,M,4.0,-,33
200900011765,9,1,14,715,5,2,1,1.0,5,33225,M,4.0,-,33
200900011766,9,1,20,800,2,2,1,2.0,6,33337,M,4.0,-,33
200900011767,9,1,21,2100,5,2,1,1.0,3,33162,M,0.0,0,33
200900011768,9,1,4,445,5,1,1,1.0,6,33425,M,4.0,-,33
200900011769,9,1,20,1830,3,1,1,2.0,4,33332,M,4.0,0,33
200900011770,9,1,11,1200,1,1,1,8.0,3,33471,M,0.0,0,33
200900011771,9,1,15,630,2,1,1,1.0,6,33376,M,0.0,0,33
200900011772,9,1,18,515,3,1,1,1.0,6,33029,M,0.0,0,33
200900011773,9,1,14,2345,5,2,1,1.0,6,33449,M,0.0,0,33
200900011774,9,1,12,1915,3,1,1,1.0,1,33437,M,0.0,0,33
200900011775,9,1,2,1035,1,2,2,1.0,3,33063,M,,,33
200900011776,9,1,2,1210,1,2,2,1.0,1,33063,M,,,33
200900011777,9,1,2,1915,5,2,3,1.0,3,33063,M,,,33
200900011778,9,1,3,2350,5,2,2,1.0,3,33063,M,,,33
200900011779,9,1,4,440,5,2,1,1.0,2,33318,M,,,33
200900011780,9,1,4,1740,2,2,1,8.0,6,33119,M,,,33
200900011781,9,1,5,715,5,2,1,1.0,3,33281,M,,,33
200900011782,9,1,5,1400,1,2,1,1.0,3,33063,M,,,33
200900011783,9,1,5,1550,1,2,3,1.0,3,33318,M,,,33
200900011784,9,1,5,1800,5,2,1,1.0,6,33063,M,,,33
200900011785,9,1,7,1430,1,2,3,1.0,3,33063,M,,,33
200900011786,9,1,7,1550,1,2,1,1.0,5,33063,M,,,33
200900011787,9,1,7,1750,5,2,1,1.0,6,33063,M,,,33
200900011788,9,1,8,315,5,2,1,1.0,3,33249,M,,,33
200900011789,9,1,8,905,1,2,1,1.0,3,33281,M,,,33
200900011790,9,1,8,945,1,2,1,1.0,6,33063,M,,,33
200900011791,9,1,8,1520,1,2,2,1.0,3,33063,M,,,33
200900011792,9,1,8,1805,5,2,6,1.0,4,33281,M,,,33
200900011793,9,1,8,1950,5,2,3,1.0,3,33039,M,,,33
200900011794,9,1,9,835,1,2,3,1.0,6,33063,M,,,33
200900011795,9,1,9,1000,1,2,2,1.0,6,33063,M,,,33
200900011796,9,1,9,1700,5,2,1,1.0,2,33281,M,,,33
200900011797,9,1,9,2010,5,2,2,1.0,1,33281,M,,,33
200900011798,9,1,10,1305,1,2,1,1.0,7,33119,M,,,33
200900011799,9,1,10,1635,1,2,3,1.0,2,33318,M,,,33
200900011800,9,1,10,2120,5,2,2,1.0,6,33119,M,,,33
200900011801,9,1,11,140,5,2,1,1.0,6,33063,M,,,33
200900011802,9,1,11,1500,1,2,1,1.0,6,33063,M,,,33
200900011803,9,1,11,2110,4,2,3,1.0,3,33249,M,,,33
200900011804,9,1,12,758,5,2,1,5.0,1,33192,M,,,33
200900011805,9,1,12,800,1,2,3,1.0,3,33063,M,,,33
200900011806,9,1,12,1115,1,2,1,1.0,2,33069,M,,,33
200900011807,9,1,12,1329,1,2,7,1.0,3,33063,M,,,33
200900011808,9,1,12,1910,5,2,2,1.0,3,33039,M,,,33
200900011809,9,1,12,1912,5,2,1,1.0,4,33075,M,,,33
200900011810,9,1,13,1510,1,2,1,2.0,6,33063,M,,,33
200900011811,9,1,13,1720,1,2,1,2.0,1,33069,M,,,33
200900011812,9,1,14,35,5,2,1,2.0,2,33063,M,,,33
200900011813,9,1,14,825,1,2,2,5.0,6,33550,M,,,33
200900011814,9,1,14,1810,5,2,3,1.0,3,33063,M,,,33
200900011815,9,1,14,1830,5,2,1,1.0,2,33318,M,,,33
200900011816,9,1,14,1940,5,2,2,1.0,2,33281,M,,,33
200900011817,9,1,15,120,5,2,1,1.0,6,33063,M,,,33
200900011818,9,1,15,758,2,2,1,1.0,2,33063,M,,,33
200900011819,9,1,15,840,2,2,2,1.0,3,33063,M,,,33
200900011820,9,1,15,1835,5,2,1,1.0,3,33063,M,,,33
200900011821,9,1,15,1850,5,2,2,1.0,3,33318,M,,,33
200900011822,9,1,15,1920,5,2,6,1.0,3,33063,M,,,33
200900011823,9,1,15,2000,5,2,3,1.0,1,33318,M,,,33
200900011824,9,1,16,1000,1,2,2,1.0,6,33318,M,,,33
200900011825,9,1,16,2330,5,2,2,1.0,3,33281,M,,,33
200900011826,9,1,17,125,5,2,3,1.0,3,33063,M,,,33
200900011827,9,1,17,1030,1,2,2,1.0,3,33063,M,,,33
200900011828,9,1,17,1150,1,2,1,1.0,6,33550,M,,,33
200900011829,9,1,17,1310,1,2,2,1.0,3,33318,M,,,33
200900011830,9,1,17,1330,1,2,1,1.0,6,33063,M,,,33
200900011831,9,1,14,1800,5,2,1,1.0,6,33063,M,,,33
200900011832,9,1,17,2035,5,2,1,1.0,4,33281,M,,,33
200900011833,9,1,18,105,5,2,1,1.0,6,33063,M,,,33
200900011834,9,1,18,1315,1,2,1,1.0,1,33063,M,,,33
200900011835,9,1,19,755,2,2,3,6.0,1,33075,M,,,33
200900011836,9,1,19,800,2,2,1,3.0,6,33063,M,,,33
200900011837,9,1,19,845,1,2,2,2.0,1,33249,M,,,33
200900011838,9,1,19,1000,1,2,1,2.0,2,33119,M,,,33
200900011839,9,1,19,1315,1,2,3,1.0,6,33063,M,,,33
200900011840,9,1,20,800,2,2,4,2.0,3,33318,M,,,33
200900011841,9,1,20,804,1,2,3,2.0,3,33063,M,,,33
200900011842,9,1,20,1800,5,2,2,3.0,3,33063,M,,,33
200900011843,9,1,20,1825,5,2,1,2.0,6,33192,M,,,33
200900011844,9,1,20,1955,5,2,3,2.0,6,33063,M,,,33
200900011845,9,1,21,850,1,2,2,1.0,3,33281,M,,,33
200900011846,9,1,21,1205,1,2,1,1.0,6,33063,M,,,33
200900011847,9,1,21,1850,5,2,1,1.0,3,33281,M,,,33
200900011848,9,1,22,1100,1,2,1,2.0,3,33063,M,,,33
200900011849,9,1,22,1755,4,2,1,2.0,6,33522,M,,,33
200900011850,9,1,22,1824,5,2,2,2.0,1,33069,M,,,33
200900011851,9,1,23,630,5,2,2,6.0,3,33063,M,,,33
200900011852,9,1,23,1510,1,2,1,1.0,6,33063,M,,,33
200900011853,9,1,24,1805,5,2,3,1.0,1,33318,M,,,33
200900011854,9,1,24,2010,4,2,1,1.0,1,33063,M,,,33
200900011855,9,1,26,800,2,2,6,2.0,6,33522,M,,,33
200900011856,9,1,26,920,1,2,2,2.0,4,33063,M,,,33
200900011857,9,1,26,1715,1,2,3,8.0,3,33318,M,,,33
200900011858,9,1,27,825,1,2,3,1.0,3,33063,M,,,33
200900011859,9,1,27,1000,1,2,3,1.0,3,33318,M,,,33
200900011860,9,1,27,1949,5,2,1,1.0,6,33281,M,,,33
200900011861,9,1,28,1330,1,2,2,3.0,2,33063,M,,,33
200900011862,9,1,28,1415,1,2,3,2.0,6,33063,M,,,33
200900011863,9,1,29,756,2,2,2,2.0,3,33075,M,,,33
200900011864,9,1,29,1010,1,2,3,1.0,7,33119,M,,,33
200900011865,9,1,29,1350,1,2,1,1.0,6,33063,M,,,33
200900011866,9,1,30,930,1,2,2,1.0,3,33063,M,,,33
200900011867,9,1,30,1230,1,2,1,1.0,3,33063,M,,,33
200900011868,9,1,30,1500,1,2,3,1.0,1,33063,M,,,33
200900011869,9,1,30,2308,5,2,1,1.0,6,33063,M,,,33
200900011870,9,1,31,20,5,2,1,1.0,7,33063,M,,,33
200900011871,9,1,31,1000,1,2,6,1.0,2,33063,M,,,33
200900011872,9,1,22,742,1,2,1,3.0,3,33529,M,,,33
200900011873,9,1,20,1530,1,1,1,1.0,7,33529,M,,,33
200900011874,9,1,26,1145,1,2,1,1.0,6,33009,M,,,33
200900011875,9,1,29,750,1,1,1,1.0,6,33096,M,,,33
200900011876,9,1,28,915,1,1,1,2.0,6,33318,M,,,33
200900011877,9,1,8,1305,1,1,1,1.0,6,33162,M,,,33
200900011878,9,1,25,1600,1,1,1,2.0,4,33249,M,,,33
200900011879,9,1,22,510,5,1,1,2.0,6,33167,M,,,33
200900011880,9,1,11,2020,5,1,1,1.0,6,33281,M,,,33
200900011881,9,1,13,1425,1,1,1,2.0,6,33039,M,,,33
200900011882,9,1,24,1210,1,1,1,6.0,6,33249,M,,,33
200900011883,9,1,29,1320,1,1,1,1.0,3,33065,M,,,33
200900011884,9,1,15,1010,1,1,1,1.0,7,33249,M,,,33
200900011885,9,1,15,2055,5,1,1,1.0,6,33039,M,,,33
200900011886,9,1,16,100,5,1,1,1.0,6,33039,M,,,33
200900011887,9,1,18,1215,1,1,1,1.0,6,33249,M,,,33
200900011888,9,1,26,850,1,1,1,2.0,3,33550,M,,,33
200900011889,9,1,16,906,1,1,1,1.0,2,33039,M,,,33
200900011890,9,1,10,1610,1,1,1,1.0,6,33167,M,,,33
200900011891,9,1,25,140,3,1,1,2.0,3,33080,M,,,33
200900011892,9,1,16,1805,5,1,1,1.0,6,33249,M,,,33
200900011893,9,1,13,750,2,1,1,1.0,2,33162,M,,,33
200900011894,9,1,19,1305,1,1,1,1.0,2,33192,M,,,33
200900011895,9,1,19,855,1,1,1,2.0,3,33192,M,,,33
200900011896,9,1,23,2135,5,1,1,2.0,6,33122,M,,,33
200900011897,9,1,30,1930,5,1,1,1.0,6,33192,M,,,33
200900011898,9,1,21,1105,1,1,1,2.0,6,33143,M,,,33
200900011899,9,1,10,205,5,1,1,1.0,6,33039,M,,,33
200900011900,9,1,28,925,1,1,1,1.0,2,33281,M,,,33
200900011901,9,1,17,1940,5,1,1,1.0,2,33366,M,,,33
200900011902,9,1,20,1235,1,1,1,2.0,6,33075,M,,,33
200900011903,9,1,9,1325,1,1,1,1.0,6,33192,M,,,33
200900011904,9,1,9,1725,1,1,1,2.0,2,33039,M,,,33
200900011905,9,1,13,1830,5,1,1,2.0,3,33281,M,,,33
200900011906,9,1,1,910,1,1,1,1.0,6,33318,M,,,33
200900011907,9,1,27,1621,1,2,2,1.0,3,33522,M,,,33
200900011908,9,1,27,1915,5,1,3,8.0,3,33529,M,,,33
200900011909,9,1,3,1500,1,2,1,1.0,3,33312,M,0.0,0,33
200900011910,9,1,20,715,5,2,1,3.0,3,33318,M,,,33
200900011911,9,1,28,1000,1,2,3,1.0,3,33281,M,,,33
200900011912,9,1,13,1606,1,2,1,2.0,1,33318,M,,,33
200900011913,9,1,23,1400,1,2,1,1.0,3,33063,M,,,33
200900011914,9,1,8,2230,3,2,1,1.0,1,33487,M,4.0,-,33
200900011915,9,1,24,2135,5,2,2,1.0,4,33119,M,,,33
200900011916,9,2,17,1745,2,1,1,1.0,7,33245,M,4.0,-,33
200900011917,9,2,18,1200,1,2,1,1.0,6,33056,M,0.0,0,33
200900011918,9,2,26,1845,1,1,1,1.0,3,33435,M,0.0,0,33
200900011919,9,2,11,2200,5,2,1,1.0,6,33159,M,4.0,-,33
200900011920,9,2,26,1945,3,1,1,1.0,2,33312,M,0.0,0,33
200900011921,9,2,21,1130,1,1,3,1.0,3,33312,M,0.0,0,33
200900011922,9,2,6,745,2,1,1,3.0,6,33273,M,0.0,0,33
200900011923,9,2,10,2000,5,2,1,2.0,1,33013,M,0.0,0,33
200900011924,9,2,5,1815,1,1,1,1.0,1,33006,M,4.0,-,33
200900011925,9,2,1,1630,1,1,1,1.0,6,33277,M,4.0,0,33
200900011926,9,2,11,1715,1,1,6,1.0,6,33003,M,0.0,0,33
200900011927,9,2,14,1430,1,2,1,1.0,1,33011,M,0.0,0,33
200900011928,9,2,22,530,3,1,1,1.0,1,33042,M,0.0,0,33
200900011929,9,2,7,945,1,1,1,1.0,3,33482,M,4.0,-,33
200900011930,9,2,18,2145,5,2,1,1.0,6,33307,M,0.0,0,33
200900011931,9,2,14,1930,3,1,1,1.0,1,33502,M,4.0,-,33
200900011932,9,2,7,1145,1,1,2,1.0,3,33225,M,4.0,-,33
200900011933,9,2,22,1530,1,1,1,1.0,5,33179,M,4.0,-,33
200900011934,9,2,28,1800,1,2,3,1.0,1,33095,M,0.0,0,33