Num_Acc,an,mois,jour,hrmn,lum,agg,int,atm,col,com,gps,lat,long,dep
200900011935,9,2,6,1600,1,1,1,1.0,1,33201,M,0.0,0,33
200900011936,9,2,21,1915,2,2,1,1.0,1,33227,M,4.0,-,33
200900011937,9,2,1,900,1,1,1,1.0,6,33196,M,4.0,-,33
200900011938,9,2,6,745,2,2,1,2.0,6,33498,M,0.0,0,33
200900011939,9,2,3,745,3,2,1,1.0,1,33284,M,4.0,-,33
200900011940,9,2,5,1000,1,1,1,1.0,2,33052,M,0.0,0,33
200900011941,9,2,1,1815,2,2,1,1.0,3,33199,M,0.0,0,33
200900011942,9,2,20,1400,1,2,1,1.0,1,33122,M,4.0,-,33
200900011943,9,2,21,215,3,2,1,1.0,6,33498,M,0.0,0,33
200900011944,9,2,21,1630,1,1,1,1.0,2,33519,M,4.0,-,33
200900011945,9,2,10,825,1,2,3,1.0,3,33063,M,,,33
200900011946,9,2,13,1345,1,2,5,1.0,2,33063,M,,,33
200900011947,9,2,6,1720,1,2,1,7.0,6,33192,M,,,33
200900011948,9,2,11,1735,1,2,3,1.0,2,33063,M,,,33
200900011949,9,2,8,1615,1,2,1,1.0,3,33063,M,,,33
200900011950,9,2,13,740,2,2,2,1.0,6,33192,M,,,33
200900011951,9,2,7,1500,1,2,2,1.0,3,33318,M,,,33
200900011952,9,2,13,1600,1,2,1,1.0,3,33318,M,,,33
200900011953,9,2,10,1330,1,2,1,8.0,3,33281,M,,,33
200900011954,9,2,5,2150,5,2,3,1.0,3,33063,M,,,33
200900011955,9,2,11,1030,1,2,1,2.0,3,33281,M,,,33
200900011956,9,2,13,2235,5,2,2,1.0,3,33063,M,,,33
200900011957,9,2,3,1750,1,2,2,1.0,3,33281,M,,,33
200900011958,9,2,12,1945,5,2,1,1.0,1,33063,M,,,33
200900011959,9,2,9,1745,1,2,1,1.0,6,33249,M,,,33
200900011960,9,2,3,820,1,2,1,1.0,3,33522,M,,,33
200900011961,9,2,11,1355,1,2,6,1.0,3,33249,M,,,33
200900011962,9,2,8,1558,1,2,2,1.0,3,33063,M,,,33
200900011963,9,2,10,1200,1,2,1,2.0,2,33119,M,,,33
200900011964,9,2,7,55,5,2,3,2.0,3,33063,M,,,33
200900011965,9,2,8,100,4,2,6,1.0,6,33318,M,,,33
200900011966,9,2,5,1355,1,2,1,1.0,2,33119,M,,,33
200900011967,9,2,11,1645,1,2,1,1.0,6,33318,M,,,33
200900011968,9,2,15,430,5,2,1,1.0,2,33063,M,,,33
200900011969,9,2,2,1545,1,2,2,8.0,3,33063,M,,,33
200900011970,9,2,13,1205,1,2,1,1.0,3,33063,M,,,33
200900011971,9,2,13,1000,1,2,3,1.0,2,33550,M,,,33
200900011972,9,2,5,1730,1,2,2,1.0,3,33063,M,,,33
200900011973,9,2,10,1740,1,2,2,1.0,3,33281,M,,,33
200900011974,9,2,14,1030,1,2,2,1.0,3,33318,M,,,33
200900011975,9,2,9,1415,1,2,2,1.0,3,33550,M,,,33
200900011976,9,2,9,1320,1,2,4,1.0,6,33063,M,,,33
200900011977,9,2,6,1300,1,2,1,2.0,2,33119,M,,,33
200900011978,9,2,8,1345,1,2,2,1.0,6,33063,M,,,33
200900011979,9,2,4,930,1,2,4,7.0,3,33063,M,,,33
200900011980,9,2,22,530,4,2,1,5.0,3,33281,M,,,33
200900011981,9,2,28,1900,5,2,3,1.0,3,33063,M,,,33
200900011982,9,2,26,1700,1,2,1,1.0,3,33063,M,,,33
200900011983,9,2,21,2120,5,2,5,1.0,1,33063,M,,,33
200900011984,9,2,20,1114,1,2,1,1.0,6,33063,M,,,33
200900011985,9,2,22,115,5,2,2,1.0,1,33318,M,,,33
200900011986,9,2,24,1345,1,2,1,1.0,6,33063,M,,,33
200900011987,9,2,24,1600,1,2,2,1.0,3,33063,M,,,33
200900011988,9,2,25,1010,1,2,3,1.0,3,33281,M,,,33
200900011989,9,2,27,1812,1,2,1,1.0,3,33318,M,,,33
200900011990,9,2,24,2110,5,2,2,1.0,3,33069,M,,,33
200900011991,9,2,23,830,1,2,2,1.0,3,33063,M,,,33
200900011992,9,2,28,2040,5,2,2,1.0,3,33063,M,,,33
200900011993,9,2,16,1425,1,2,1,1.0,2,33281,M,,,33
200900011994,9,2,27,1920,5,2,3,1.0,3,33063,M,,,33
200900011995,9,2,21,1726,1,2,2,1.0,3,33281,M,,,33
200900011996,9,2,22,316,5,2,2,1.0,3,33318,M,,,33
200900011997,9,2,19,1715,1,2,1,1.0,3,33281,M,,,33
200900011998,9,2,22,1654,1,2,3,1.0,3,33069,M,,,33
200900011999,9,2,17,1915,5,2,3,1.0,3,33522,M,,,33
200900012000,9,2,25,1330,1,2,1,1.0,4,33063,M,,,33
200900012001,9,2,25,1930,5,2,1,1.0,3,33318,M,,,33
200900012002,9,2,27,1325,1,2,2,1.0,3,33318,M,,,33
200900012003,9,2,24,1500,1,2,6,1.0,3,33192,M,,,33
200900012004,9,2,21,450,5,2,1,1.0,6,33281,M,,,33
200900012005,9,2,17,1956,5,2,6,1.0,6,33249,M,,,33
200900012006,9,2,19,410,5,2,1,1.0,6,33032,M,,,33
200900012007,9,2,18,105,5,2,3,1.0,3,33069,M,,,33
200900012008,9,2,16,1650,1,2,1,1.0,4,33063,M,,,33
200900012009,9,2,17,830,1,2,3,1.0,1,33281,M,,,33
200900012010,9,2,23,1930,5,2,1,1.0,1,33063,M,,,33
200900012011,9,2,20,1950,5,2,1,1.0,2,33063,M,,,33
200900012012,9,2,28,250,5,2,1,1.0,2,33063,M,,,33
200900012013,9,2,24,1400,1,2,1,1.0,2,33063,M,,,33
200900012014,9,2,25,1640,1,2,6,1.0,3,33550,M,,,33
200900012015,9,2,20,2030,5,2,1,1.0,6,33069,M,,,33
200900012016,9,2,24,815,1,2,1,1.0,6,33063,M,,,33
200900012017,9,2,24,1815,1,2,9,1.0,1,33550,M,,,33
200900012018,9,2,26,750,1,2,2,1.0,1,33063,M,,,33
200900012019,9,2,21,1025,1,2,3,1.0,3,33243,M,,,33
200900012020,9,2,25,1720,1,2,1,1.0,3,33243,M,,,33
200900012021,9,2,8,1225,1,1,1,1.0,6,33013,M,,,33
200900012022,9,2,15,2150,5,1,1,1.0,2,33096,M,,,33
200900012023,9,2,27,1630,1,1,1,1.0,4,33039,M,,,33
200900012024,9,2,15,1950,1,1,1,1.0,4,33063,M,,,33
200900012025,9,2,11,755,2,1,1,2.0,2,33065,M,,,33
200900012026,9,2,2,820,1,1,1,2.0,4,33080,M,,,33
200900012027,9,2,26,255,5,1,1,1.0,2,33013,M,,,33
200900012028,9,2,5,1625,1,1,1,1.0,3,33065,M,,,33
200900012029,9,2,7,2020,3,1,1,8.0,6,33550,M,,,33
200900012030,9,2,23,756,1,1,1,1.0,2,33318,M,,,33
200900012031,9,2,10,1335,1,1,1,2.0,6,33318,M,,,33
200900012032,9,2,19,515,3,1,1,1.0,6,33122,M,,,33
200900012033,9,2,1,230,5,1,1,1.0,6,33192,M,,,33
200900012034,9,2,11,735,2,1,1,2.0,5,33366,M,,,33
200900012035,9,2,5,600,5,1,1,1.0,6,33397,M,,,33
200900012036,9,2,22,2245,3,1,1,1.0,5,33122,M,,,33
200900012037,9,2,24,1725,1,1,1,1.0,2,33249,M,,,33
200900012038,9,2,17,800,1,2,1,1.0,3,33009,M,,,33
200900012039,9,2,21,2310,5,2,1,1.0,1,33529,M,,,33
200900012040,9,2,27,645,2,1,1,1.0,6,33230,M,0.0,0,33
200900012041,9,2,8,435,3,1,1,1.0,1,33229,M,4.0,-,33
200900012042,9,2,10,1,5,2,2,6.0,3,33063,M,,,33
200900012043,9,2,22,1900,2,2,9,1.0,3,33529,M,,,33
200900012044,9,2,17,1940,2,1,1,1.0,5,33529,M,,,33
200900012045,9,2,22,1355,1,2,3,1.0,6,33281,M,,,33
200900012046,9,2,5,1230,1,2,4,1.0,3,33063,M,,,33
200900012047,9,2,13,1825,1,2,3,1.0,3,33167,M,,,33
200900012048,9,3,6,1245,1,2,1,1.0,2,33529,M,,,33
200900012049,9,3,3,1245,1,2,1,1.0,3,33529,M,,,33
200900012050,9,3,7,1435,1,2,3,1.0,3,33529,M,,,33
200900012051,9,3,22,1745,1,2,1,1.0,5,33056,M,0.0,0,33
200900012052,9,3,4,1515,1,2,1,2.0,4,33063,M,,,33
200900012053,9,3,9,740,1,2,2,1.0,3,33522,M,,,33
200900012054,9,3,5,845,1,2,1,2.0,2,33318,M,,,33
200900012055,9,3,31,1800,1,2,3,1.0,3,33522,M,,,33
200900012056,9,3,3,1540,1,2,1,1.0,6,33039,M,,,33
200900012057,9,3,28,35,5,2,3,1.0,6,33063,M,,,33
200900012058,9,3,10,915,1,2,6,1.0,7,33039,M,,,33
200900012059,9,3,13,1210,1,2,1,1.0,3,33281,M,,,33
200900012060,9,3,3,1920,5,2,2,1.0,3,33063,M,,,33
200900012061,9,3,11,1600,1,2,6,1.0,4,33119,M,,,33
200900012062,9,3,10,2125,5,2,3,2.0,2,33063,M,,,33
200900012063,9,3,13,1845,1,2,2,1.0,6,33192,M,,,33
200900012064,9,3,4,1330,1,2,2,2.0,1,33063,M,,,33
200900012065,9,3,8,1930,5,2,4,3.0,5,33063,M,,,33
200900012066,9,3,2,1434,1,2,3,1.0,6,33063,M,,,33
200900012067,9,3,24,1610,1,2,2,1.0,3,33063,M,,,33
200900012068,9,3,25,1220,1,2,1,1.0,6,33063,M,,,33
200900012069,9,3,31,828,1,2,6,1.0,6,33522,M,,,33
200900012070,9,3,19,1305,1,2,7,1.0,3,33063,M,,,33
200900012071,9,3,20,2030,5,2,3,1.0,3,33039,M,,,33
200900012072,9,3,24,2028,5,2,2,1.0,6,33063,M,,,33
200900012073,9,3,4,1530,1,2,2,2.0,3,33063,M,,,33
200900012074,9,3,12,715,2,2,1,1.0,6,33281,M,,,33
200900012075,9,3,19,1430,1,2,1,1.0,2,33063,M,,,33
200900012076,9,3,30,1813,1,2,1,1.0,4,33075,M,,,33
200900012077,9,3,9,710,1,2,3,1.0,3,33522,M,,,33
200900012078,9,3,9,920,1,2,3,1.0,3,33063,M,,,33
200900012079,9,3,4,2110,5,2,3,2.0,3,33063,M,,,33
200900012080,9,3,27,750,1,2,1,1.0,4,33522,M,,,33
200900012081,9,3,6,2000,5,2,3,1.0,3,33063,M,,,33
200900012082,9,3,14,1830,1,2,2,1.0,3,33063,M,,,33
200900012083,9,3,6,2140,5,2,6,1.0,6,33249,M,,,33
200900012084,9,3,24,750,1,2,1,8.0,6,33063,M,,,33
200900012085,9,3,8,1729,1,2,2,2.0,2,33063,M,,,33
200900012086,9,3,22,1430,1,2,2,1.0,3,33063,M,,,33
200900012087,9,3,7,600,5,2,7,2.0,3,33063,M,,,33
200900012088,9,3,21,1635,1,2,2,1.0,3,33281,M,,,33
200900012089,9,3,9,1705,1,2,2,1.0,3,33318,M,,,33
200900012090,9,3,8,1240,1,2,1,1.0,3,33063,M,,,33
200900012091,9,3,17,2015,5,2,2,1.0,6,33063,M,,,33
200900012092,9,3,8,245,5,2,2,2.0,6,33063,M,,,33
200900012093,9,3,11,1205,1,2,1,1.0,3,33063,M,,,33
200900012094,9,3,13,845,1,2,3,1.0,3,33281,M,,,33
200900012095,9,3,22,1735,1,2,2,1.0,6,33063,M,,,33
200900012096,9,3,2,30,5,2,1,1.0,6,33063,M,,,33
200900012097,9,3,13,1510,1,2,2,1.0,3,33063,M,,,33
200900012098,9,3,26,1745,1,2,3,1.0,3,33063,M,,,33
200900012099,9,3,9,750,1,2,1,1.0,3,33063,M,,,33
200900012100,9,3,24,1355,1,2,2,1.0,3,33063,M,,,33
200900012101,9,3,31,1134,1,2,2,1.0,4,33281,M,,,33
200900012102,9,3,31,928,1,2,1,1.0,1,33318,M,,,33
200900012103,9,3,11,1520,1,2,3,1.0,3,33063,M,,,33
200900012104,9,3,11,2105,5,2,3,1.0,3,33039,M,,,33
200900012105,9,3,7,1300,1,2,2,1.0,3,33063,M,,,33
200900012106,9,3,15,1530,1,2,2,1.0,3,33063,M,,,33
200900012107,9,3,29,5,5,2,1,1.0,3,33281,M,,,33
200900012108,9,3,8,50,5,2,2,1.0,2,33063,M,,,33
200900012109,9,3,9,1642,1,2,1,1.0,3,33063,M,,,33
200900012110,9,3,28,1450,1,2,3,2.0,3,33281,M,,,33
200900012111,9,3,18,1730,1,2,1,1.0,6,33063,M,,,33
200900012112,9,3,30,2115,5,1,1,1.0,7,33318,M,,,33
200900012113,9,3,11,755,1,2,3,1.0,3,33281,M,,,33
200900012114,9,3,2,850,2,2,6,5.0,4,33063,M,,,33
200900012115,9,3,14,900,1,2,1,1.0,3,33039,M,,,33
200900012116,9,3,27,1725,1,2,3,2.0,2,33119,M,,,33
200900012117,9,3,25,630,1,2,6,1.0,2,33119,M,,,33
200900012118,9,3,12,1,5,2,2,1.0,6,33063,M,,,33
200900012119,9,3,28,1715,1,2,1,1.0,3,33069,M,,,33
200900012120,9,3,24,2122,5,2,5,1.0,3,33063,M,,,33
200900012121,9,3,14,30,5,2,6,1.0,6,33063,M,,,33
200900012122,9,3,19,800,1,2,2,1.0,3,33063,M,,,33
200900012123,9,3,1,1545,1,2,1,1.0,6,33192,M,,,33
200900012124,9,3,20,1818,1,2,1,1.0,3,33063,M,,,33
200900012125,9,3,12,2005,5,2,1,1.0,6,33281,M,,,33
200900012126,9,3,17,2135,5,2,2,1.0,2,33522,M,,,33
200900012127,9,3,11,1500,1,2,3,1.0,3,33318,M,,,33
200900012128,9,3,11,1817,1,2,1,1.0,3,33192,M,,,33
200900012129,9,3,14,1100,1,2,3,1.0,6,33069,M,,,33
200900012130,9,3,13,140,5,2,2,8.0,3,33063,M,,,33
200900012131,9,3,20,2100,5,2,2,1.0,6,33063,M,,,33
200900012132,9,3,3,1230,1,2,1,1.0,6,33522,M,,,33
200900012133,9,3,31,1340,1,2,2,1.0,1,33522,M,,,33
200900012134,9,3,7,1934,5,2,1,1.0,6,33063,M,,,33
200900012135,9,3,21,1350,1,2,6,1.0,3,33063,M,,,33
200900012136,9,3,16,820,1,2,6,1.0,2,33318,M,,,33
200900012137,9,3,18,1856,1,2,1,1.0,2,33075,M,,,33
200900012138,9,3,19,1014,1,2,6,1.0,3,33281,M,,,33
200900012139,9,3,3,730,1,2,3,1.0,1,33075,M,,,33
200900012140,9,3,27,1623,1,2,4,2.0,6,33281,M,,,33
200900012141,9,3,9,2208,5,2,3,1.0,3,33318,M,,,33
200900012142,9,3,5,1745,1,2,4,3.0,3,33167,M,,,33
200900012143,9,3,23,915,1,1,1,1.0,6,33345,M,0.0,0,33
200900012144,9,3,9,2200,3,1,1,1.0,6,33323,M,0.0,0,33
200900012145,9,3,13,30,3,2,1,1.0,6,33025,M,4.0,-,33
200900012146,9,3,18,1430,1,1,1,1.0,6,33348,M,4.0,-,33
200900012147,9,3,17,230,5,2,1,1.0,6,33218,M,0.0,0,33
200900012148,9,3,4,1200,1,1,1,2.0,1,33145,M,0.0,0,33
200900012149,9,3,24,2015,5,2,1,1.0,3,33312,M,0.0,0,33
200900012150,9,3,27,815,1,2,1,3.0,7,33333,M,0.0,0,33
200900012151,9,3,18,1745,3,2,1,1.0,2,33312,M,4.0,-,33
200900012152,9,3,6,1930,2,1,1,1.0,6,33449,M,4.0,-,33
200900012153,9,3,14,2130,3,1,1,1.0,6,33188,M,4.0,-,33
200900012154,9,3,23,1,3,1,1,5.0,7,33097,M,0.0,0,33
200900012155,9,3,19,1700,1,1,1,1.0,6,33242,M,4.0,0,33
200900012156,9,3,19,1430,1,1,1,1.0,1,33067,M,4.0,-,33
200900012157,9,3,21,2345,5,2,1,1.0,6,33547,M,0.0,0,33
200900012158,9,3,22,1915,5,1,4,1.0,3,33416,M,0.0,0,33
200900012159,9,3,19,1130,1,1,1,1.0,3,33233,M,0.0,0,33
200900012160,9,3,5,915,1,1,1,2.0,6,33273,M,0.0,0,33
200900012161,9,3,29,345,5,1,2,1.0,3,33280,M,,,33
200900012162,9,3,8,130,3,1,1,1.0,6,33033,M,4.0,-,33
200900012163,9,3,30,2145,5,2,1,1.0,6,33138,M,0.0,0,33
200900012164,9,3,9,830,1,1,1,1.0,4,33080,M,,,33
200900012165,9,3,28,740,1,1,1,8.0,6,33192,M,,,33
200900012166,9,3,5,1020,1,1,1,2.0,7,33075,M,,,33
200900012167,9,3,14,250,5,1,1,5.0,6,33550,M,,,33
200900012168,9,3,28,250,5,1,1,3.0,6,33318,M,,,33
200900012169,9,3,1,215,5,1,1,1.0,6,33249,M,,,33
200900012170,9,3,19,810,1,1,1,1.0,3,33281,M,,,33
200900012171,9,3,4,1725,1,1,1,2.0,2,33550,M,,,33
200900012172,9,3,27,2035,3,1,1,1.0,7,33448,M,,,33
200900012173,9,3,13,2330,3,1,1,1.0,3,33366,M,,,33
200900012174,9,3,5,1650,1,1,1,1.0,6,33318,M,,,33
200900012175,9,3,20,755,1,1,1,1.0,6,33249,M,,,33
200900012176,9,3,4,1815,5,1,1,1.0,6,33090,M,,,33
200900012177,9,3,9,845,1,1,1,1.0,7,33039,M,,,33
200900012178,9,3,18,1825,1,1,1,1.0,3,33162,M,,,33
200900012179,9,3,5,900,1,1,1,2.0,6,33318,M,,,33
200900012180,9,3,4,1645,1,1,1,2.0,4,33119,M,,,33
200900012181,9,3,7,1515,1,1,1,1.0,7,33080,M,,,33
200900012182,9,3,22,1900,2,1,1,1.0,3,33529,M,,,33
200900012183,9,3,14,1955,5,1,3,1.0,3,33529,M,,,33
200900012184,9,3,24,715,2,1,1,1.0,6,33262,M,0.0,0,33
200900012185,9,3,27,930,1,1,1,3.0,2,33529,M,,,33
200900012186,9,3,24,2005,5,2,3,1.0,3,33039,M,,,33
200900012187,9,3,8,55,5,2,2,2.0,3,33063,M,,,33
200900012188,9,3,3,930,1,1,1,1.0,1,33081,M,4.0,-,33
200900012189,9,3,24,1510,1,2,3,1.0,7,33063,M,,,33
200900012190,9,3,2,1915,2,2,2,1.0,3,33069,M,,,33
200900012191,9,3,5,2340,5,2,1,1.0,6,33063,M,,,33
200900012192,9,3,25,1100,1,2,1,1.0,2,33249,M,,,33
200900012193,9,3,26,1350,1,2,1,1.0,3,33063,M,,,33
200900012194,9,3,21,325,5,2,1,1.0,6,33063,M,,,33
200900012195,9,5,23,1810,1,2,6,1.0,3,51230,M,,,51
200900012196,9,5,10,1143,1,2,1,1.0,6,51454,M,,,51
200900012197,9,5,7,2130,2,2,1,1.0,7,51108,M,,,51
200900012198,9,5,11,1630,1,2,2,1.0,3,51108,M,,,51
200900012199,9,5,1,5,3,1,1,1.0,7,51453,M,,,51
200900012200,9,5,7,1955,1,2,1,1.0,1,51454,M,,,51
200900012201,9,5,24,1400,1,2,1,1.0,7,51237,M,0.0,0,51
200900012202,9,5,30,2246,5,2,1,1.0,7,51506,M,,,51
200900012203,9,5,15,1110,1,2,2,2.0,5,51230,M,,,51
200900012204,9,5,15,2315,5,2,1,1.0,7,51217,M,0.0,0,51
200900012205,9,5,22,1845,1,2,3,1.0,3,51484,M,0.0,0,51
200900012206,9,5,1,1630,1,2,1,1.0,2,51052,M,0.0,0,51
200900012207,9,5,6,1515,1,1,1,1.0,2,51075,M,0.0,0,51
200900012208,9,5,14,1845,1,1,1,3.0,2,51088,M,0.0,0,51
200900012209,9,5,1,1345,1,1,1,1.0,2,51402,M,0.0,0,51
200900012210,9,5,2,715,1,1,1,1.0,7,51613,M,0.0,0,51
200900012211,9,5,29,1930,1,2,1,7.0,1,51044,M,0.0,0,51
200900012212,9,5,29,2015,1,2,1,1.0,7,51345,M,0.0,0,51
200900012213,9,5,11,30,3,1,1,2.0,7,51507,M,0.0,0,51
200900012214,9,5,10,1500,1,1,1,1.0,7,51461,M,0.0,0,51
200900012215,9,5,8,2015,1,1,1,1.0,7,51252,M,0.0,0,51
200900012216,9,5,9,430,3,1,1,1.0,7,51568,M,0.0,0,51
200900012217,9,5,13,1800,1,2,1,1.0,6,51074,M,0.0,0,51
200900012218,9,5,31,1630,1,1,1,1.0,7,51093,M,0.0,0,51
200900012219,9,5,3,1930,2,2,1,1.0,7,51312,M,0.0,0,51
200900012220,9,5,19,1815,1,2,1,1.0,3,51649,M,0.0,0,51
200900012221,9,5,1,1515,1,1,1,1.0,7,51099,M,0.0,0,51
200900012222,9,6,7,1045,1,1,1,2.0,3,51081,M,0.0,0,51
200900012223,9,6,3,1345,1,1,1,1.0,7,51588,M,0.0,0,51
200900012224,9,6,28,1845,1,1,1,1.0,1,51486,M,0.0,0,51
200900012225,9,6,25,1900,1,1,1,1.0,1,51411,M,0.0,0,51
200900012226,9,6,15,1500,1,1,1,1.0,7,51286,M,0.0,0,51
200900012227,9,6,28,1630,1,2,1,1.0,3,51054,M,0.0,0,51
200900012228,9,6,10,1515,1,1,4,2.0,3,51369,M,0.0,0,51
200900012229,9,6,13,1745,1,1,1,1.0,2,51329,M,0.0,0,51
200900012230,9,6,9,715,1,1,2,1.0,3,51468,M,0.0,0,51
200900012231,9,6,19,1330,1,1,1,1.0,7,51181,M,0.0,0,51
200900012232,9,6,22,1745,1,1,1,1.0,4,51569,M,0.0,0,51
200900012233,9,6,9,115,3,1,1,8.0,7,51531,M,0.0,0,51
200900012234,9,6,9,2030,2,1,1,1.0,7,51535,M,0.0,0,51
200900012235,9,6,27,630,2,1,1,1.0,7,51562,M,0.0,0,51
200900012236,9,6,13,1600,1,2,1,1.0,1,51079,M,0.0,0,51
200900012237,9,6,4,1830,1,2,7,1.0,3,51250,M,0.0,0,51
200900012238,9,6,22,715,1,1,4,1.0,7,51004,M,0.0,0,51
200900012239,9,4,5,805,1,2,6,1.0,3,05061,M,,,05
200900012240,9,4,15,1815,1,1,1,8.0,4,05123,M,0.0,0,05
200900012241,9,4,17,630,2,1,1,1.0,1,05085,M,0.0,0,05
200900012242,9,4,25,1545,1,2,1,1.0,6,05023,M,,,05
200900012243,9,4,3,1355,1,1,3,1.0,3,05061,M,,,05
200900012244,9,4,25,1400,1,1,1,1.0,6,05179,M,0.0,0,05
200900012245,9,6,14,250,5,2,1,1.0,2,37261,M,,,37
200900012246,9,6,5,1925,1,2,1,1.0,6,37261,M,,,37
200900012247,9,6,4,1630,1,2,3,1.0,3,37233,M,,,37
200900012248,9,6,6,1030,1,1,1,2.0,3,37259,M,4.0,0,37
200900012249,9,6,7,515,2,1,1,1.0,6,37109,M,4.0,0,37
200900012250,9,6,3,1945,1,1,1,1.0,7,37002,M,0.0,0,37
200900012251,9,6,7,1815,1,1,1,1.0,1,37009,M,4.0,0,37
200900012252,9,6,8,1820,1,2,1,8.0,6,37261,M,,,37
200900012253,9,6,11,630,2,2,1,1.0,6,37077,M,4.0,0,37
200900012254,9,6,12,1215,1,1,1,1.0,7,37045,M,0.0,0,37
200900012255,9,6,13,600,2,2,1,1.0,7,37008,M,4.0,0,37
200900012256,9,6,15,2034,1,2,1,1.0,3,37214,M,,,37
200900012257,9,6,20,215,3,1,1,1.0,1,37229,M,4.0,0,37
200900012258,9,6,18,1415,1,1,1,1.0,6,37099,M,4.0,0,37
200900012259,9,6,18,1715,1,2,1,1.0,1,37074,M,0.0,0,37
200900012260,9,6,21,1730,1,1,1,1.0,7,37107,M,4.0,0,37
200900012261,9,6,22,2100,1,2,1,1.0,3,37271,M,4.0,0,37
200900012262,9,6,9,545,2,1,1,1.0,6,37021,M,4.0,0,37
200900012263,9,6,28,1000,1,1,1,7.0,1,37052,M,0.0,0,37
200900012264,9,6,28,1800,1,1,1,7.0,7,37226,M,4.0,0,37
200900012265,9,6,30,2000,1,1,1,1.0,6,37005,M,4.0,0,37
200900012266,9,6,28,1100,1,1,2,1.0,5,37240,M,4.0,0,37
200900012267,9,2,7,1200,1,1,1,4.0,7,15061,M,0.0,0,15
200900012268,9,2,4,1615,1,2,1,7.0,6,15122,M,0.0,0,15
200900012269,9,2,7,520,5,2,2,2.0,1,15014,M,0.0,0,15
200900012270,9,2,20,1030,1,2,1,1.0,6,15014,M,0.0,0,15
200900012271,9,2,27,1645,1,2,1,1.0,6,15014,M,0.0,0,15
200900012272,9,2,4,1330,1,1,4,1.0,3,15012,M,0.0,0,15
200900012273,9,7,10,1235,1,2,5,1.0,3,75116,M,,,75
200900012274,9,7,10,1240,1,2,1,1.0,7,75115,M,,,75
200900012275,9,7,10,1300,1,2,1,8.0,3,75116,M,,,75
200900012276,9,7,10,1330,1,2,1,1.0,6,75110,M,,,75
200900012277,9,7,10,1340,1,2,1,1.0,3,75117,M,,,75
200900012278,9,7,10,1400,1,2,1,1.0,4,75120,M,,,75
200900012279,9,7,10,1405,1,2,2,1.0,3,75110,M,,,75
200900012280,9,7,10,1440,1,2,1,1.0,4,75114,M,,,75
200900012281,9,7,10,1448,1,2,5,1.0,3,75108,M,,,75
200900012282,9,7,10,1505,1,2,2,1.0,6,75103,M,,,75
200900012283,9,7,10,1520,1,2,1,1.0,6,75118,M,,,75
200900012284,9,7,10,1546,1,2,2,1.0,3,75115,M,,,75
200900012285,9,7,10,1555,1,2,1,1.0,6,75112,M,,,75
200900012286,9,7,10,1620,1,2,3,1.0,3,75102,M,,,75
200900012287,9,7,1,1430,1,2,1,1.0,4,75116,M,,,75
200900012288,9,7,1,245,3,2,2,1.0,7,75107,M,,,75
200900012289,9,7,1,730,1,2,1,1.0,6,75107,M,,,75
200900012290,9,7,1,750,1,2,1,1.0,7,75116,M,,,75
200900012291,9,7,1,815,1,2,2,1.0,2,75116,M,,,75
200900012292,9,7,1,815,1,2,1,1.0,3,75120,M,,,75
200900012293,9,7,1,910,1,2,1,1.0,2,75118,M,,,75
200900012294,9,7,1,930,1,2,5,1.0,3,75117,M,,,75
200900012295,9,7,1,935,1,2,1,1.0,6,75107,M,,,75
200900012296,9,7,1,945,1,2,1,1.0,6,75109,M,,,75
200900012297,9,7,1,1045,1,2,2,1.0,6,75111,M,,,75
200900012298,9,7,1,1050,1,2,5,1.0,4,75108,M,,,75
200900012299,9,7,1,1110,1,2,1,1.0,3,75111,M,,,75
200900012300,9,7,1,1150,1,2,1,1.0,3,75119,M,,,75
200900012301,9,7,1,1200,1,2,2,1.0,3,75116,M,,,75
200900012302,9,7,1,1200,1,2,2,1.0,3,75114,M,,,75
200900012303,9,7,1,1233,1,2,3,7.0,6,75106,M,,,75
200900012304,9,7,1,1240,1,2,1,1.0,3,75119,M,,,75
200900012305,9,7,1,1245,1,2,2,1.0,3,75101,M,,,75
200900012306,9,7,1,1425,1,2,1,1.0,6,75102,M,,,75
200900012307,9,7,1,1515,1,2,1,1.0,3,75116,M,,,75
200900012308,9,7,1,1545,1,2,1,1.0,7,75112,M,,,75
200900012309,9,7,1,1600,1,2,1,1.0,3,75117,M,,,75
200900012310,9,7,1,1610,1,2,3,1.0,3,75119,M,,,75
200900012311,9,7,1,1615,1,2,1,1.0,6,75112,M,,,75
200900012312,9,7,1,1650,1,2,1,1.0,6,75118,M,,,75
200900012313,9,7,1,1705,1,2,1,1.0,6,75110,M,,,75
200900012314,9,7,1,1750,1,2,1,1.0,6,75107,M,,,75
200900012315,9,7,1,1830,1,2,1,1.0,2,75117,M,,,75
200900012316,9,7,1,1840,1,2,1,1.0,6,75120,M,,,75
200900012317,9,7,1,1901,1,2,1,1.0,2,75108,M,,,75
200900012318,9,7,1,1910,1,2,3,1.0,6,75114,M,,,75
200900012319,9,7,1,1935,1,2,1,1.0,7,75108,M,,,75
200900012320,9,7,1,2000,1,2,3,1.0,3,75112,M,,,75
200900012321,9,7,1,2040,1,2,1,1.0,3,75110,M,,,75
200900012322,9,7,1,2210,5,2,1,1.0,7,75118,M,,,75
200900012323,9,7,1,2210,5,2,3,1.0,6,75113,M,,,75
200900012324,9,7,1,2215,5,2,4,1.0,5,75113,M,,,75
200900012325,9,7,1,2235,5,2,3,1.0,2,75112,M,,,75