Num_Acc,an,mois,jour,hrmn,lum,agg,int,atm,col,com,gps,lat,long,dep
200900012326,9,7,1,2350,5,2,1,1.0,3,75119,M,,,75
200900012327,9,7,2,430,5,2,4,1.0,3,75115,M,,,75
200900012328,9,7,2,815,1,2,1,1.0,3,75118,M,,,75
200900012329,9,7,2,912,1,2,1,1.0,2,75115,M,,,75
200900012330,9,7,2,920,1,2,3,1.0,3,75114,M,,,75
200900012331,9,7,2,925,1,2,2,1.0,3,75116,M,,,75
200900012332,9,7,2,950,1,2,4,1.0,7,75118,M,,,75
200900012333,9,7,2,1008,1,2,1,1.0,6,75119,M,,,75
200900012334,9,7,2,1030,1,2,1,1.0,2,75106,M,,,75
200900012335,9,7,2,1136,1,2,1,1.0,3,75111,M,,,75
200900012336,9,7,2,1325,1,2,1,1.0,4,75119,M,,,75
200900012337,9,7,2,1330,1,2,1,1.0,3,75114,M,,,75
200900012338,9,7,2,1335,1,2,3,1.0,6,75115,M,,,75
200900012339,9,7,2,1400,1,2,1,1.0,3,75116,M,,,75
200900012340,9,7,2,1520,1,2,1,1.0,3,75108,M,,,75
200900012341,9,7,2,1555,1,2,2,1.0,7,75104,M,,,75
200900012342,9,7,2,1650,1,2,2,1.0,6,75114,M,,,75
200900012343,9,7,2,1850,1,2,1,1.0,6,75104,M,,,75
200900012344,9,7,2,1850,1,2,2,1.0,3,75112,M,,,75
200900012345,9,7,2,1900,1,2,1,1.0,7,75108,M,,,75
200900012346,9,7,2,1900,1,2,1,1.0,3,75114,M,,,75
200900012347,9,7,2,1950,1,2,4,1.0,7,75106,M,,,75
200900012348,9,7,2,1955,1,2,1,1.0,7,75113,M,,,75
200900012349,9,7,2,2025,1,2,1,1.0,6,75107,M,,,75
200900012350,9,7,2,2045,1,2,1,1.0,7,75101,M,,,75
200900012351,9,7,2,2115,4,2,2,1.0,3,75113,M,,,75
200900012352,9,7,2,2315,5,2,2,1.0,3,75112,M,,,75
200900012353,9,7,3,10,5,2,1,1.0,6,75113,M,,,75
200900012354,9,7,3,158,4,2,1,1.0,6,75113,M,,,75
200900012355,9,7,3,222,5,2,1,1.0,6,75106,M,,,75
200900012356,9,7,3,335,5,2,1,1.0,6,75116,M,,,75
200900012357,9,7,3,820,1,2,1,1.0,3,75115,M,,,75
200900012358,9,7,3,1025,1,2,1,1.0,3,75113,M,,,75
200900012359,9,7,3,1150,1,2,1,1.0,6,75119,M,,,75
200900012360,9,7,3,1205,1,2,1,1.0,2,75107,M,,,75
200900012361,9,7,3,1330,1,2,5,1.0,3,75107,M,,,75
200900012362,9,7,3,1445,1,2,1,1.0,2,75118,M,,,75
200900012363,9,7,3,1530,1,2,1,1.0,6,75101,M,,,75
200900012364,9,7,3,1600,1,2,1,1.0,2,75112,M,,,75
200900012365,9,7,3,1830,1,2,1,1.0,2,75111,M,,,75
200900012366,9,7,3,2040,1,2,5,1.0,6,75113,M,,,75
200900012367,9,7,3,2115,1,2,1,1.0,6,75112,M,,,75
200900012368,9,7,3,2125,2,2,1,1.0,6,75108,M,,,75
200900012369,9,7,4,125,3,2,2,1.0,3,75115,M,,,75
200900012370,9,7,4,130,5,2,1,1.0,2,75117,M,,,75
200900012371,9,7,4,240,5,2,2,1.0,3,75118,M,,,75
200900012372,9,7,4,245,5,2,5,1.0,6,75111,M,,,75
200900012373,9,7,4,325,5,2,1,1.0,2,75117,M,,,75
200900012374,9,7,4,950,1,2,1,1.0,6,75107,M,,,75
200900012375,9,7,4,1105,1,2,1,1.0,6,75115,M,,,75
200900012376,9,7,4,1200,1,2,1,1.0,3,75115,M,,,75
200900012377,9,7,4,1225,1,2,2,1.0,2,75101,M,,,75
200900012378,9,7,4,1300,1,2,1,1.0,6,75106,M,,,75
200900012379,9,7,4,1345,1,2,1,1.0,3,75112,M,,,75
200900012380,9,7,4,1620,1,2,4,1.0,2,75107,M,,,75
200900012381,9,7,4,1620,1,2,3,1.0,6,75117,M,,,75
200900012382,9,7,4,1630,1,2,1,1.0,3,75119,M,,,75
200900012383,9,7,4,1720,1,2,1,1.0,6,75111,M,,,75
200900012384,9,7,4,1750,1,2,1,1.0,2,75102,M,,,75
200900012385,9,7,4,1848,1,2,3,1.0,6,75116,M,,,75
200900012386,9,7,4,2010,1,2,1,1.0,2,75107,M,,,75
200900012387,9,7,4,2140,2,2,1,1.0,6,75112,M,,,75
200900012388,9,7,4,2225,5,2,3,1.0,6,75111,M,,,75
200900012389,9,7,4,2245,5,2,3,1.0,6,75107,M,,,75
200900012390,9,7,5,109,5,2,2,1.0,3,75114,M,,,75
200900012391,9,7,5,235,5,2,4,1.0,6,75117,M,,,75
200900012392,9,7,5,350,5,2,1,1.0,2,75115,M,,,75
200900012393,9,7,5,655,1,2,1,1.0,6,75110,M,,,75
200900012394,9,7,5,715,2,2,1,1.0,6,75107,M,,,75
200900012395,9,7,5,1240,1,2,3,1.0,6,75114,M,,,75
200900012396,9,7,5,1450,1,2,3,1.0,6,75110,M,,,75
200900012397,9,7,5,1600,1,2,5,1.0,3,75117,M,,,75
200900012398,9,7,5,1645,1,2,5,1.0,2,75112,M,,,75
200900012399,9,7,5,1655,1,2,2,1.0,3,75107,M,,,75
200900012400,9,7,5,1700,1,2,1,1.0,6,75114,M,,,75
200900012401,9,7,5,1745,1,2,3,1.0,6,75106,M,,,75
200900012402,9,7,5,1835,1,2,1,1.0,6,75116,M,,,75
200900012403,9,7,5,1840,1,2,1,1.0,6,75118,M,,,75
200900012404,9,7,5,1850,1,2,1,1.0,6,75112,M,,,75
200900012405,9,7,5,2000,1,2,1,1.0,6,75120,M,,,75
200900012406,9,7,5,2110,2,2,2,1.0,3,75119,M,,,75
200900012407,9,7,5,2200,2,2,1,1.0,6,75115,M,,,75
200900012408,9,7,5,2330,5,2,1,1.0,3,75119,M,,,75
200900012409,9,7,6,2200,2,2,5,1.0,6,75110,M,,,75
200900012410,9,7,6,28,5,2,5,1.0,3,75114,M,,,75
200900012411,9,7,6,250,5,2,1,1.0,6,75109,M,,,75
200900012412,9,7,6,845,1,2,1,1.0,6,75113,M,,,75
200900012413,9,7,6,845,1,2,1,1.0,6,75118,M,,,75
200900012414,9,7,6,1020,1,2,2,1.0,3,75105,M,,,75
200900012415,9,7,6,1020,1,2,3,1.0,6,75114,M,,,75
200900012416,9,7,6,1120,1,2,1,1.0,6,75112,M,,,75
200900012417,9,7,6,1120,1,2,5,1.0,3,75116,M,,,75
200900012418,9,7,6,1205,1,2,1,1.0,6,75120,M,,,75
200900012419,9,7,6,1400,1,2,2,1.0,6,75109,M,,,75
200900012420,9,7,6,1525,1,2,2,1.0,2,75105,M,,,75
200900012421,9,7,6,1530,1,2,2,1.0,6,75115,M,,,75
200900012422,9,7,6,1555,1,2,2,1.0,2,75103,M,,,75
200900012423,9,7,6,1625,1,2,1,1.0,6,75119,M,,,75
200900012424,9,7,6,1630,1,2,1,1.0,3,75111,M,,,75
200900012425,9,7,6,1631,1,2,1,1.0,3,75114,M,,,75
200900012426,9,7,6,1645,1,2,1,1.0,2,75116,M,,,75
200900012427,9,7,6,1730,1,2,1,1.0,6,75115,M,,,75
200900012428,9,7,6,1830,1,2,1,1.0,6,75118,M,,,75
200900012429,9,7,6,1900,1,2,5,1.0,3,75117,M,,,75
200900012430,9,7,6,1945,1,2,5,1.0,3,75120,M,,,75
200900012431,9,7,6,1945,5,2,1,1.0,3,75104,M,,,75
200900012432,9,7,6,2100,2,2,1,8.0,2,75111,M,,,75
200900012433,9,7,6,2330,5,2,4,1.0,6,75119,M,,,75
200900012434,9,7,7,25,5,2,3,8.0,6,75107,M,,,75
200900012435,9,7,7,220,5,2,3,2.0,7,75106,M,,,75
200900012436,9,7,7,745,1,2,2,1.0,3,75108,M,,,75
200900012437,9,7,7,820,1,2,2,1.0,3,75107,M,,,75
200900012438,9,7,7,900,1,2,3,1.0,3,75107,M,,,75
200900012439,9,7,7,910,1,2,1,1.0,6,75116,M,,,75
200900012440,9,7,7,930,1,2,1,1.0,2,75108,M,,,75
200900012441,9,7,7,1020,1,2,3,1.0,6,75104,M,,,75
200900012442,9,7,7,1025,1,2,2,1.0,5,75107,M,,,75
200900012443,9,7,7,1100,1,2,2,1.0,3,75117,M,,,75
200900012444,9,7,7,1135,1,2,1,1.0,3,75119,M,,,75
200900012445,9,7,7,1145,1,2,1,1.0,6,75112,M,,,75
200900012446,9,7,7,1155,1,2,1,1.0,3,75108,M,,,75
200900012447,9,7,7,1200,1,2,2,1.0,6,75109,M,,,75
200900012448,9,7,7,1235,1,2,1,8.0,6,75110,M,,,75
200900012449,9,7,7,1245,1,2,2,1.0,3,75103,M,,,75
200900012450,9,7,7,1303,1,2,5,1.0,6,75119,M,,,75
200900012451,9,7,7,1330,1,2,1,1.0,2,75120,M,,,75
200900012452,9,7,7,1610,1,2,2,2.0,7,75120,M,,,75
200900012453,9,7,7,1727,1,2,1,1.0,3,75117,M,,,75
200900012454,9,7,7,1730,1,2,4,1.0,2,75115,M,,,75
200900012455,9,7,7,1755,1,2,5,2.0,3,75108,M,,,75
200900012456,9,7,7,1800,1,2,1,1.0,2,75114,M,,,75
200900012457,9,7,7,1815,1,2,5,1.0,6,75102,M,,,75
200900012458,9,7,7,1910,1,2,1,1.0,3,75120,M,,,75
200900012459,9,7,7,1940,1,2,3,2.0,3,75107,M,,,75
200900012460,9,7,7,2040,1,2,1,9.0,3,75120,M,,,75
200900012461,9,7,7,2055,2,2,3,2.0,7,75120,M,,,75
200900012462,9,7,7,2055,2,2,3,2.0,3,75109,M,,,75
200900012463,9,7,7,2203,5,2,1,1.0,6,75118,M,,,75
200900012464,9,7,7,2240,5,2,1,1.0,6,75114,M,,,75
200900012465,9,7,7,2305,5,2,5,1.0,6,75110,M,,,75
200900012466,9,7,8,1835,1,2,2,1.0,3,75114,M,,,75
200900012467,9,7,8,820,1,2,3,2.0,3,75119,M,,,75
200900012468,9,7,8,840,1,2,1,2.0,7,75108,M,,,75
200900012469,9,7,8,850,1,2,2,2.0,6,75111,M,,,75
200900012470,9,7,8,900,1,2,1,1.0,4,75116,M,,,75
200900012471,9,7,8,900,1,2,5,7.0,7,75102,M,,,75
200900012472,9,7,8,905,1,2,5,2.0,3,75110,M,,,75
200900012473,9,7,8,905,1,2,1,8.0,7,75112,M,,,75
200900012474,9,7,8,940,1,2,1,8.0,3,75119,M,,,75
200900012475,9,7,8,945,1,2,1,1.0,6,75113,M,,,75
200900012476,9,7,8,1050,1,2,2,8.0,3,75119,M,,,75
200900012477,9,7,8,1115,1,2,1,8.0,6,75113,M,,,75
200900012478,9,7,8,1120,1,2,3,1.0,3,75104,M,,,75
200900012479,9,7,8,1135,1,2,1,1.0,4,75113,M,,,75
200900012480,9,7,8,1220,1,2,4,8.0,3,75118,M,,,75
200900012481,9,7,8,1230,1,2,1,8.0,4,75118,M,,,75
200900012482,9,7,8,1230,1,2,1,1.0,6,75112,M,,,75
200900012483,9,7,8,1635,1,2,2,2.0,6,75102,M,,,75
200900012484,9,7,8,1639,1,2,1,2.0,6,75116,M,,,75
200900012485,9,7,8,1655,1,2,1,2.0,7,75105,M,,,75
200900012486,9,7,8,1700,1,2,3,2.0,6,75108,M,,,75
200900012487,9,7,8,1710,1,2,5,2.0,7,75116,M,,,75
200900012488,9,7,8,1725,1,2,5,2.0,6,75105,M,,,75
200900012489,9,7,8,1840,1,2,1,8.0,3,75111,M,,,75
200900012490,9,7,8,1850,1,2,5,1.0,3,75110,M,,,75
200900012491,9,7,8,2000,1,2,1,1.0,6,75120,M,,,75
200900012492,9,7,8,2119,1,2,1,1.0,6,75120,M,,,75
200900012493,9,7,8,2310,5,2,1,1.0,6,75120,M,,,75
200900012494,9,7,8,2345,5,2,1,1.0,7,75117,M,,,75
200900012495,9,7,9,25,5,2,1,1.0,3,75117,M,,,75
200900012496,9,7,9,125,5,2,3,1.0,3,75113,M,,,75
200900012497,9,7,9,355,5,2,3,1.0,6,75101,M,,,75
200900012498,9,7,9,720,1,2,1,8.0,6,75120,M,,,75
200900012499,9,7,9,730,1,2,2,1.0,3,75107,M,,,75
200900012500,9,7,9,840,1,2,1,1.0,6,75116,M,,,75
200900012501,9,7,9,850,1,2,1,1.0,3,75114,M,,,75
200900012502,9,7,9,925,1,2,1,1.0,3,75116,M,,,75
200900012503,9,7,9,945,1,2,1,1.0,3,75119,M,,,75
200900012504,9,7,9,955,1,2,4,1.0,3,75112,M,,,75
200900012505,9,7,9,1015,1,2,1,1.0,7,75112,M,,,75
200900012506,9,7,9,1015,1,2,2,1.0,3,75112,M,,,75
200900012507,9,7,9,1023,1,2,1,1.0,6,75120,M,,,75
200900012508,9,7,9,1045,1,2,1,1.0,2,75120,M,,,75
200900012509,9,7,9,1130,1,2,1,1.0,3,75108,M,,,75
200900012510,9,7,9,1135,1,2,1,1.0,6,75114,M,,,75
200900012511,9,7,9,1330,1,2,1,1.0,2,75117,M,,,75
200900012512,9,7,9,1430,1,2,5,1.0,3,75108,M,,,75
200900012513,9,7,9,1530,1,2,1,1.0,6,75115,M,,,75
200900012514,9,7,9,1600,1,2,3,1.0,3,75111,M,,,75
200900012515,9,7,9,1620,1,2,1,1.0,3,75111,M,,,75
200900012516,9,7,9,1705,1,2,2,1.0,3,75115,M,,,75
200900012517,9,7,9,1740,1,2,4,1.0,2,75116,M,,,75
200900012518,9,7,9,1815,1,2,1,1.0,6,75112,M,,,75
200900012519,9,7,9,1845,1,2,2,1.0,3,75112,M,,,75
200900012520,9,7,9,2100,2,2,2,1.0,6,75112,M,,,75
200900012521,9,7,9,2130,2,2,1,1.0,6,75118,M,,,75
200900012522,9,7,9,2155,5,2,3,1.0,3,75112,M,,,75
200900012523,9,7,10,10,5,2,2,1.0,3,75112,M,,,75
200900012524,9,7,10,30,5,2,5,1.0,3,75108,M,,,75
200900012525,9,7,10,430,4,2,1,1.0,6,75112,M,,,75
200900012526,9,7,10,830,1,2,2,1.0,6,75112,M,,,75
200900012527,9,7,10,830,1,2,5,1.0,6,75117,M,,,75
200900012528,9,7,10,845,1,2,1,1.0,4,75114,M,,,75
200900012529,9,7,10,940,1,2,4,1.0,6,75102,M,,,75
200900012530,9,7,10,945,1,2,1,1.0,3,75112,M,,,75
200900012531,9,7,10,1010,1,2,2,1.0,2,75101,M,,,75
200900012532,9,7,10,1010,1,2,5,1.0,7,75112,M,,,75
200900012533,9,7,10,1035,1,2,5,1.0,6,75116,M,,,75
200900012534,9,7,10,1055,1,2,3,1.0,6,75107,M,,,75
200900012535,9,7,10,1100,1,2,1,1.0,3,75116,M,,,75
200900012536,9,7,10,1155,1,2,1,1.0,3,75118,M,,,75
200900012537,9,7,10,1200,1,2,1,1.0,3,75116,M,,,75
200900012538,9,7,10,1200,1,2,3,1.0,6,75119,M,,,75
200900012539,9,7,10,1625,1,2,3,1.0,1,75106,M,,,75
200900012540,9,7,10,1710,1,2,2,1.0,3,75111,M,,,75
200900012541,9,7,10,1800,1,2,1,1.0,6,75112,M,,,75
200900012542,9,7,10,1805,1,2,1,1.0,3,75115,M,,,75
200900012543,9,7,10,1850,1,2,5,1.0,6,75105,M,,,75
200900012544,9,7,10,2050,1,2,1,1.0,3,75105,M,,,75
200900012545,9,7,10,2125,1,2,2,1.0,3,75119,M,,,75
200900012546,9,7,10,2245,5,2,1,1.0,3,75112,M,,,75
200900012547,9,7,11,10,5,2,2,1.0,3,75116,M,,,75
200900012548,9,7,11,550,1,2,1,1.0,6,75114,M,,,75
200900012549,9,7,11,550,1,2,2,1.0,3,75105,M,,,75
200900012550,9,7,11,755,2,2,2,1.0,3,75110,M,,,75
200900012551,9,7,11,1355,1,2,2,1.0,6,75118,M,,,75
200900012552,9,7,11,1545,1,2,2,1.0,6,75111,M,,,75
200900012553,9,7,11,1640,1,2,2,1.0,6,75120,M,,,75
200900012554,9,7,11,1800,1,2,3,1.0,3,75108,M,,,75
200900012555,9,7,11,1825,1,2,1,1.0,3,75104,M,,,75
200900012556,9,7,11,1915,1,2,1,1.0,2,75113,M,,,75
200900012557,9,7,11,2000,1,2,1,1.0,2,75116,M,,,75
200900012558,9,7,11,2115,5,2,3,1.0,3,75120,M,,,75
200900012559,9,7,12,5,5,2,1,2.0,7,75101,M,,,75
200900012560,9,7,12,115,5,2,1,2.0,6,75118,M,,,75
200900012561,9,7,12,120,5,2,1,2.0,6,75114,M,,,75
200900012562,9,7,12,230,5,2,2,2.0,3,75118,M,,,75
200900012563,9,7,12,245,5,2,2,1.0,6,75110,M,,,75
200900012564,9,7,12,315,5,2,2,2.0,1,75117,M,,,75
200900012565,9,7,12,455,5,2,2,2.0,6,75104,M,,,75
200900012566,9,7,12,520,2,2,1,2.0,6,75117,M,,,75
200900012567,9,7,12,520,2,2,2,2.0,6,75117,M,,,75
200900012568,9,7,12,600,1,2,1,2.0,6,75112,M,,,75
200900012569,9,7,12,650,1,2,1,2.0,2,75112,M,,,75
200900012570,9,7,12,655,1,2,1,2.0,1,75120,M,,,75
200900012571,9,7,12,1220,1,2,1,1.0,6,75111,M,,,75
200900012572,9,7,12,1430,1,2,3,1.0,3,75116,M,,,75
200900012573,9,7,12,1500,1,2,1,1.0,6,75116,M,,,75
200900012574,9,7,12,1525,1,2,1,1.0,4,75118,M,,,75
200900012575,9,7,12,1530,1,2,1,1.0,6,75120,M,,,75
200900012576,9,7,12,1640,1,2,5,1.0,3,75116,M,,,75
200900012577,9,7,12,1645,1,2,3,1.0,3,75110,M,,,75
200900012578,9,7,13,220,5,2,1,1.0,6,75113,M,,,75
200900012579,9,7,13,350,5,2,2,1.0,2,75101,M,,,75
200900012580,9,7,13,445,5,2,1,1.0,6,75111,M,,,75
200900012581,9,7,13,950,1,2,1,1.0,7,75111,M,,,75
200900012582,9,7,13,1100,1,2,1,1.0,2,75104,M,,,75
200900012583,9,7,13,1115,1,2,1,1.0,3,75120,M,,,75
200900012584,9,7,13,1140,1,2,1,1.0,2,75114,M,,,75
200900012585,9,7,13,1215,1,2,2,1.0,6,75113,M,,,75
200900012586,9,7,13,1255,1,2,1,1.0,2,75114,M,,,75
200900012587,9,7,13,1415,1,2,1,1.0,2,75111,M,,,75
200900012588,9,7,13,1525,1,2,1,1.0,2,75112,M,,,75
200900012589,9,7,13,1545,1,2,1,1.0,7,75120,M,,,75
200900012590,9,7,13,1600,1,2,3,1.0,3,75119,M,,,75
200900012591,9,7,13,1630,1,2,1,1.0,6,75118,M,,,75
200900012592,9,7,13,1645,1,2,1,1.0,6,75120,M,,,75
200900012593,9,7,13,1655,1,2,1,8.0,6,75103,M,,,75
200900012594,9,7,13,1915,1,2,5,1.0,6,75113,M,,,75
200900012595,9,7,13,1945,1,2,2,1.0,7,75120,M,,,75
200900012596,9,7,13,2030,3,2,1,1.0,6,75118,M,,,75
200900012597,9,7,13,2120,2,2,1,1.0,6,75119,M,,,75
200900012598,9,7,13,2130,2,2,1,1.0,6,75120,M,,,75
200900012599,9,7,13,2315,5,2,5,1.0,3,75109,M,,,75
200900012600,9,7,13,2350,5,2,2,1.0,3,75110,M,,,75
200900012601,9,7,14,1830,1,2,2,1.0,3,75114,M,,,75
200900012602,9,7,14,20,5,2,1,1.0,1,75120,M,,,75
200900012603,9,7,14,605,1,2,5,1.0,3,75105,M,,,75
200900012604,9,7,14,750,1,2,1,1.0,6,75118,M,,,75
200900012605,9,7,14,915,1,2,1,1.0,6,75108,M,,,75
200900012606,9,7,14,1050,1,2,3,1.0,2,75117,M,,,75
200900012607,9,7,14,1050,1,2,2,1.0,6,75118,M,,,75
200900012608,9,7,14,1305,1,2,1,1.0,3,75115,M,,,75
200900012609,9,7,14,1310,1,2,2,1.0,6,75108,M,,,75
200900012610,9,7,14,1430,1,2,4,1.0,3,75108,M,,,75
200900012611,9,7,14,1435,1,2,1,1.0,2,75107,M,,,75
200900012612,9,7,14,1500,1,2,1,1.0,3,75110,M,,,75
200900012613,9,7,14,1545,1,2,3,1.0,3,75102,M,,,75
200900012614,9,7,14,1600,1,2,2,1.0,6,75113,M,,,75
200900012615,9,7,14,1840,1,2,1,1.0,7,75118,M,,,75
200900012616,9,7,14,1900,1,2,3,1.0,6,75118,M,,,75
200900012617,9,7,14,2030,1,2,1,1.0,6,75120,M,,,75
200900012618,9,7,14,2347,5,2,1,1.0,6,75110,M,,,75
200900012619,9,7,15,5,5,2,3,1.0,3,75105,M,,,75
200900012620,9,7,15,25,5,2,2,1.0,3,75108,M,,,75
200900012621,9,7,15,32,5,2,1,1.0,6,75112,M,,,75
200900012622,9,7,15,325,5,2,2,1.0,3,75110,M,,,75
200900012623,9,7,15,505,2,2,2,1.0,3,75111,M,,,75
200900012624,9,7,15,850,1,2,1,1.0,3,75116,M,,,75
200900012625,9,7,15,900,1,2,1,1.0,4,75118,M,,,75
200900012626,9,7,15,930,1,2,1,1.0,7,75117,M,,,75
200900012627,9,7,15,950,1,2,1,1.0,2,75118,M,,,75
200900012628,9,7,15,1100,1,2,4,1.0,3,75115,M,,,75
200900012629,9,7,15,1140,1,2,1,1.0,2,75110,M,,,75
200900012630,9,7,15,1215,1,2,5,1.0,6,75109,M,,,75
200900012631,9,7,15,1225,1,2,1,1.0,6,75110,M,,,75
200900012632,9,7,15,1350,1,2,1,1.0,2,75101,M,,,75
200900012633,9,7,15,1410,1,2,1,1.0,6,75116,M,,,75
200900012634,9,7,15,1700,1,2,1,1.0,6,75116,M,,,75
200900012635,9,7,15,1800,1,2,1,1.0,6,75114,M,,,75
200900012636,9,7,15,1830,1,2,3,1.0,3,75106,M,,,75
200900012637,9,7,15,1910,1,2,1,1.0,2,75108,M,,,75
200900012638,9,7,15,1915,1,2,2,1.0,7,75118,M,,,75
200900012639,9,7,15,2130,5,2,2,1.0,6,75107,M,,,75
200900012640,9,7,15,2310,5,2,1,1.0,2,75120,M,,,75
200900012641,9,7,16,30,5,2,2,1.0,3,75110,M,,,75
200900012642,9,7,16,105,5,2,1,1.0,6,75118,M,,,75
200900012643,9,7,16,325,5,2,1,1.0,6,75101,M,,,75
200900012644,9,7,16,840,1,2,3,1.0,3,75120,M,,,75
200900012645,9,7,16,845,1,2,1,1.0,6,75117,M,,,75
200900012646,9,7,16,925,1,2,1,1.0,3,75115,M,,,75
200900012647,9,7,16,930,1,2,5,1.0,5,75109,M,,,75
200900012648,9,7,16,934,1,2,1,1.0,2,75117,M,,,75
200900012649,9,7,16,1000,1,2,1,1.0,4,75114,M,,,75
200900012650,9,7,16,1015,1,2,2,1.0,3,75111,M,,,75
200900012651,9,7,16,1015,1,2,5,1.0,7,75116,M,,,75
200900012652,9,7,16,1120,1,2,3,1.0,6,75114,M,,,75
200900012653,9,7,16,1140,1,2,1,1.0,6,75115,M,,,75
200900012654,9,7,16,1240,1,2,1,1.0,6,75107,M,,,75
200900012655,9,7,16,1400,1,2,1,1.0,7,75120,M,,,75
200900012656,9,7,16,1410,1,2,1,1.0,2,75112,M,,,75
200900012657,9,7,21,1730,1,2,1,1.0,3,75116,M,,,75
200900012658,9,7,21,1850,1,2,3,1.0,3,75116,M,,,75
200900012659,9,7,21,2025,1,2,2,1.0,3,75111,M,,,75
200900012660,9,7,16,1640,1,2,1,1.0,6,75120,M,,,75
200900012661,9,7,16,1655,1,2,1,1.0,6,75108,M,,,75
200900012662,9,7,16,1745,1,2,1,1.0,6,75112,M,,,75
200900012663,9,7,16,1750,1,2,1,7.0,2,75117,M,,,75
200900012664,9,7,16,1815,1,2,1,1.0,3,75115,M,,,75
200900012665,9,7,16,1830,1,2,5,1.0,2,75108,M,,,75
200900012666,9,7,16,1847,1,2,3,1.0,6,75119,M,,,75
200900012667,9,7,16,1902,1,2,2,1.0,6,75105,M,,,75
200900012668,9,7,16,2024,1,2,4,1.0,3,75101,M,,,75
200900012669,9,7,16,2300,5,2,3,2.0,2,75106,M,,,75
200900012670,9,7,17,1,5,2,1,3.0,2,75113,M,,,75
200900012671,9,7,17,5,5,2,1,3.0,6,75120,M,,,75
200900012672,9,7,17,30,5,2,1,3.0,6,75117,M,,,75
200900012673,9,7,17,100,5,2,1,2.0,6,75116,M,,,75
200900012674,9,7,17,110,5,2,1,3.0,6,75108,M,,,75
200900012675,9,7,17,150,5,2,1,8.0,6,75111,M,,,75
200900012676,9,7,17,214,5,2,2,2.0,6,75107,M,,,75
200900012677,9,7,17,400,5,2,1,1.0,7,75113,M,,,75
200900012678,9,7,17,835,1,2,1,1.0,4,75110,M,,,75
200900012679,9,7,17,1000,1,2,2,1.0,7,75115,M,,,75
200900012680,9,7,17,1100,1,2,1,1.0,2,75118,M,,,75
200900012681,9,7,17,1130,1,2,5,1.0,3,75116,M,,,75
200900012682,9,7,17,1130,1,2,1,1.0,6,75108,M,,,75
200900012683,9,7,17,1435,1,2,1,1.0,6,75120,M,,,75
200900012684,9,7,17,1440,1,2,1,1.0,3,75114,M,,,75
200900012685,9,7,17,1450,1,2,3,1.0,3,75101,M,,,75
200900012686,9,7,17,1605,1,2,3,1.0,6,75119,M,,,75
200900012687,9,7,17,1640,1,2,4,1.0,3,75114,M,,,75
200900012688,9,7,17,1645,1,2,2,2.0,3,75113,M,,,75
200900012689,9,7,17,1645,1,2,2,1.0,6,75114,M,,,75
200900012690,9,7,17,1720,2,2,2,8.0,3,75113,M,,,75
200900012691,9,7,17,1725,1,2,2,1.0,3,75111,M,,,75
200900012692,9,7,17,1730,1,2,2,1.0,6,75117,M,,,75
200900012693,9,7,17,1740,1,2,5,1.0,6,75116,M,,,75
200900012694,9,7,17,1820,1,2,3,8.0,2,75105,M,,,75
200900012695,9,7,17,1835,1,2,1,1.0,3,75108,M,,,75
200900012696,9,7,17,1909,1,2,2,2.0,3,75115,M,,,75
200900012697,9,7,17,1925,1,2,1,1.0,3,75113,M,,,75
200900012698,9,7,17,2035,2,2,1,2.0,6,75111,M,,,75
200900012699,9,7,17,2040,2,2,1,1.0,6,75111,M,,,75
200900012700,9,7,17,2100,2,2,5,2.0,2,75116,M,,,75
200900012701,9,7,18,110,5,2,5,2.0,6,75117,M,,,75
200900012702,9,7,18,132,5,2,1,3.0,6,75112,M,,,75
200900012703,9,7,18,230,5,2,2,2.0,7,75102,M,,,75
200900012704,9,7,18,255,5,2,1,1.0,6,75116,M,,,75
200900012705,9,7,18,301,5,2,1,2.0,6,75118,M,,,75
200900012706,9,7,18,610,2,2,1,1.0,6,75104,M,,,75
200900012707,9,7,18,1200,1,2,1,1.0,6,75114,M,,,75
200900012708,9,7,18,1200,1,2,1,1.0,3,75115,M,,,75
200900012709,9,7,18,1245,1,2,1,1.0,6,75116,M,,,75
200900012710,9,7,18,1705,1,2,1,1.0,3,75110,M,,,75
200900012711,9,7,18,1930,1,2,1,2.0,7,75112,M,,,75
200900012712,9,7,18,2045,1,2,1,2.0,3,75104,M,,,75
200900012713,9,7,18,2050,1,2,1,2.0,2,75118,M,,,75
200900012714,9,7,19,245,5,2,1,1.0,6,75118,M,,,75
200900012715,9,7,19,540,2,2,1,1.0,6,75112,M,,,75
200900012716,9,7,19,900,1,2,1,1.0,6,75117,M,,,75
200900012717,9,7,19,1400,1,2,2,1.0,3,75112,M,,,75
200900012718,9,7,19,1945,1,2,1,2.0,6,75118,M,,,75
200900012719,9,7,19,2025,1,2,1,1.0,6,75103,M,,,75
200900012720,9,7,19,2315,5,2,3,1.0,3,75117,M,,,75
200900012721,9,7,20,2315,5,2,1,1.0,6,75112,M,,,75
200900012722,9,7,20,125,5,2,5,1.0,2,75117,M,,,75
200900012723,9,7,20,910,1,2,1,1.0,4,75113,M,,,75
200900012724,9,7,20,959,1,2,5,1.0,6,75108,M,,,75
200900012725,9,7,20,1045,1,2,1,1.0,3,75119,M,,,75