Num_Acc,an,mois,jour,hrmn,lum,agg,int,atm,col,com,gps,lat,long,dep
200900012726,9,7,20,1125,1,2,1,1.0,6,75116,M,,,75
200900012727,9,7,20,1200,1,2,1,1.0,3,75115,M,,,75
200900012728,9,7,20,1330,1,2,4,1.0,3,75120,M,,,75
200900012729,9,7,20,1400,1,2,4,1.0,3,75116,M,,,75
200900012730,9,7,20,1400,1,2,2,1.0,3,75119,M,,,75
200900012731,9,7,20,1450,1,2,1,1.0,2,75115,M,,,75
200900012732,9,7,20,1455,1,2,1,1.0,6,75108,M,,,75
200900012733,9,7,20,1630,1,2,3,1.0,6,75117,M,,,75
200900012734,9,7,20,1650,1,2,2,1.0,3,75117,M,,,75
200900012735,9,7,20,1758,1,2,1,1.0,2,75119,M,,,75
200900012736,9,7,20,1810,1,2,2,1.0,6,75103,M,,,75
200900012737,9,7,20,1810,1,2,1,1.0,3,75118,M,,,75
200900012738,9,7,20,1820,1,2,1,1.0,4,75112,M,,,75
200900012739,9,7,20,1850,1,2,1,1.0,6,75104,M,,,75
200900012740,9,7,20,1906,1,2,1,1.0,6,75113,M,,,75
200900012741,9,7,20,1910,1,2,2,1.0,6,75117,M,,,75
200900012742,9,7,20,2045,5,2,2,1.0,3,75115,M,,,75
200900012743,9,7,20,2250,5,2,1,1.0,3,75116,M,,,75
200900012744,9,7,20,2310,3,2,4,1.0,2,75113,M,,,75
200900012745,9,7,21,2100,2,2,4,1.0,7,75117,M,,,75
200900012746,9,7,21,40,5,2,2,1.0,3,75117,M,,,75
200900012747,9,7,21,655,2,2,3,1.0,3,75109,M,,,75
200900012748,9,7,21,810,1,2,4,1.0,6,75114,M,,,75
200900012749,9,7,21,830,1,2,1,1.0,3,75115,M,,,75
200900012750,9,7,21,834,1,2,4,1.0,3,75114,M,,,75
200900012751,9,7,21,848,1,2,1,1.0,6,75108,M,,,75
200900012752,9,7,21,850,1,2,1,1.0,6,75116,M,,,75
200900012753,9,7,21,925,1,2,1,1.0,1,75112,M,,,75
200900012754,9,7,21,935,1,2,5,1.0,2,75111,M,,,75
200900012755,9,7,21,950,1,2,1,1.0,3,75117,M,,,75
200900012756,9,7,21,1105,1,2,1,1.0,7,75119,M,,,75
200900012757,9,7,21,1140,1,2,2,1.0,6,75110,M,,,75
200900012758,9,7,21,1144,1,2,4,1.0,6,75102,M,,,75
200900012759,9,7,21,1230,1,2,4,1.0,3,75110,M,,,75
200900012760,9,7,21,1350,1,2,2,1.0,2,75115,M,,,75
200900012761,9,7,21,1655,1,2,1,1.0,2,75112,M,,,75
200900012762,9,7,24,305,5,2,1,1.0,6,75115,M,,,75
200900012763,9,7,24,730,1,2,1,1.0,6,75117,M,,,75
200900012764,9,7,24,1020,1,2,1,1.0,3,75119,M,,,75
200900012765,9,7,24,1140,1,2,2,1.0,3,75105,M,,,75
200900012766,9,7,24,1315,1,2,1,1.0,6,75101,M,,,75
200900012767,9,7,24,1400,1,2,5,1.0,3,75108,M,,,75
200900012768,9,7,24,1515,1,2,1,1.0,7,75120,M,,,75
200900012769,9,7,24,1650,1,2,1,2.0,6,75119,M,,,75
200900012770,9,7,24,1700,1,2,2,1.0,3,75114,M,,,75
200900012771,9,7,24,1810,1,2,2,2.0,2,75108,M,,,75
200900012772,9,7,24,1900,1,2,1,2.0,7,75112,M,,,75
200900012773,9,7,24,2120,5,2,1,1.0,6,75110,M,,,75
200900012774,9,7,24,2135,1,2,2,1.0,3,75118,M,,,75
200900012775,9,7,25,1100,1,2,2,1.0,3,75108,M,,,75
200900012776,9,7,22,5,5,2,4,1.0,3,75110,M,,,75
200900012777,9,7,22,130,5,2,4,1.0,3,75118,M,,,75
200900012778,9,7,22,805,1,2,4,1.0,2,75116,M,,,75
200900012779,9,7,22,805,1,2,2,1.0,3,75110,M,,,75
200900012780,9,7,22,910,1,2,1,1.0,6,75120,M,,,75
200900012781,9,7,22,915,1,2,2,7.0,7,75115,M,,,75
200900012782,9,7,22,945,1,2,1,1.0,6,75120,M,,,75
200900012783,9,7,22,1230,1,2,1,1.0,3,75115,M,,,75
200900012784,9,7,22,1315,1,2,1,1.0,6,75120,M,,,75
200900012785,9,7,22,1540,1,2,1,1.0,6,75119,M,,,75
200900012786,9,7,22,1715,1,2,3,1.0,7,75104,M,,,75
200900012787,9,7,22,1800,1,2,1,1.0,4,75120,M,,,75
200900012788,9,7,22,1945,1,2,2,3.0,7,75112,M,,,75
200900012789,9,7,22,1957,1,2,4,2.0,2,75104,M,,,75
200900012790,9,7,22,2050,1,2,4,1.0,2,75114,M,,,75
200900012791,9,7,22,2240,5,2,3,1.0,2,75107,M,,,75
200900012792,9,7,22,2300,5,2,1,8.0,6,75117,M,,,75
200900012793,9,7,22,2355,5,2,4,1.0,7,75116,M,,,75
200900012794,9,7,23,135,5,2,3,1.0,6,75116,M,,,75
200900012795,9,7,23,755,1,2,2,2.0,3,75118,M,,,75
200900012796,9,7,23,820,1,2,1,1.0,7,75120,M,,,75
200900012797,9,7,23,835,1,2,1,2.0,7,75113,M,,,75
200900012798,9,7,23,900,1,2,1,8.0,6,75115,M,,,75
200900012799,9,7,23,945,1,2,1,2.0,7,75113,M,,,75
200900012800,9,7,23,1040,1,2,2,1.0,6,75101,M,,,75
200900012801,9,7,23,1135,1,2,1,1.0,6,75103,M,,,75
200900012802,9,7,23,1310,1,2,1,8.0,6,75109,M,,,75
200900012803,9,7,23,1410,1,2,1,1.0,2,75111,M,,,75
200900012804,9,7,23,1620,1,2,1,8.0,4,75105,M,,,75
200900012805,9,7,23,1640,1,2,4,1.0,6,75117,M,,,75
200900012806,9,7,23,1740,1,2,1,1.0,2,75119,M,,,75
200900012807,9,7,23,1800,1,2,1,1.0,3,75101,M,,,75
200900012808,9,7,23,1810,1,2,1,2.0,6,75108,M,,,75
200900012809,9,7,23,1839,1,2,3,1.0,3,75104,M,,,75
200900012810,9,7,23,1850,1,2,3,8.0,3,75104,M,,,75
200900012811,9,7,23,2100,2,2,3,2.0,3,75120,M,,,75
200900012812,9,7,23,2225,5,2,2,2.0,6,75109,M,,,75
200900012813,9,7,23,2333,5,2,1,2.0,6,75112,M,,,75
200900012814,9,7,24,1225,1,2,1,1.0,2,75114,M,,,75
200900012815,9,7,24,1235,1,2,1,1.0,6,75114,M,,,75
200900012816,9,7,24,1300,1,2,3,1.0,3,75117,M,,,75
200900012817,9,7,24,1450,1,2,2,1.0,3,75111,M,,,75
200900012818,9,7,24,1600,1,2,1,9.0,4,75120,M,,,75
200900012819,9,7,24,1850,1,2,1,2.0,7,75112,M,,,75
200900012820,9,7,25,430,5,2,2,1.0,3,75110,M,,,75
200900012821,9,7,25,1450,1,2,2,1.0,3,75118,M,,,75
200900012822,9,7,25,2145,5,2,3,1.0,3,75118,M,,,75
200900012823,9,7,25,2300,5,2,5,1.0,7,75113,M,,,75
200900012824,9,7,26,110,5,2,3,1.0,2,75101,M,,,75
200900012825,9,7,26,345,5,2,3,1.0,7,75120,M,,,75
200900012826,9,7,26,1830,1,2,2,1.0,3,75112,M,,,75
200900012827,9,7,26,1930,1,2,1,1.0,6,75119,M,,,75
200900012828,9,7,26,2300,5,2,3,1.0,3,75112,M,,,75
200900012829,9,7,25,100,5,2,1,1.0,2,75112,M,,,75
200900012830,9,7,25,540,2,2,1,1.0,3,75105,M,,,75
200900012831,9,7,25,820,1,2,1,1.0,3,75112,M,,,75
200900012832,9,7,25,1250,1,2,2,1.0,6,75118,M,,,75
200900012833,9,7,25,1330,1,2,3,1.0,6,75102,M,,,75
200900012834,9,7,25,1605,1,2,1,1.0,2,75114,M,,,75
200900012835,9,7,25,1645,1,2,1,1.0,3,75120,M,,,75
200900012836,9,7,25,1750,1,2,1,1.0,2,75118,M,,,75
200900012837,9,7,25,1830,1,2,2,1.0,6,75113,M,,,75
200900012838,9,7,25,1910,1,2,2,1.0,3,75112,M,,,75
200900012839,9,7,26,130,5,2,1,1.0,6,75112,M,,,75
200900012840,9,7,26,305,5,2,2,1.0,3,75102,M,,,75
200900012841,9,7,26,335,5,2,1,1.0,6,75114,M,,,75
200900012842,9,7,26,450,3,2,5,1.0,6,75120,M,,,75
200900012843,9,7,26,1145,1,2,3,1.0,3,75104,M,,,75
200900012844,9,7,26,1410,1,2,1,1.0,7,75112,M,,,75
200900012845,9,7,26,1620,1,2,1,1.0,6,75120,M,,,75
200900012846,9,7,26,1830,1,2,1,1.0,3,75110,M,,,75
200900012847,9,7,27,350,5,2,1,1.0,1,75116,M,,,75
200900012848,9,7,27,1335,1,2,1,1.0,2,75110,M,,,75
200900012849,9,7,27,1525,1,2,1,1.0,6,75120,M,,,75
200900012850,9,7,27,1530,1,2,5,1.0,3,75118,M,,,75
200900012851,9,7,27,1600,1,2,1,1.0,6,75118,M,,,75
200900012852,9,7,27,20,5,2,2,1.0,3,75120,M,,,75
200900012853,9,7,27,108,5,2,1,1.0,6,75104,M,,,75
200900012854,9,7,27,1120,1,2,1,8.0,6,75101,M,,,75
200900012855,9,7,27,1205,1,2,1,1.0,6,75110,M,,,75
200900012856,9,7,27,1235,1,2,1,2.0,6,75105,M,,,75
200900012857,9,7,27,1300,1,2,1,3.0,6,75111,M,,,75
200900012858,9,7,27,1410,1,2,3,1.0,3,75112,M,,,75
200900012859,9,7,27,1430,1,2,5,1.0,3,75118,M,,,75
200900012860,9,7,27,1450,1,2,2,9.0,7,75116,M,,,75
200900012861,9,7,27,1630,1,2,1,1.0,7,75113,M,,,75
200900012862,9,7,27,1725,1,2,1,1.0,5,75119,M,,,75
200900012863,9,7,27,1745,1,2,3,1.0,3,75115,M,,,75
200900012864,9,7,27,1830,1,2,5,1.0,3,75116,M,,,75
200900012865,9,7,27,1910,1,2,4,1.0,2,75112,M,,,75
200900012866,9,7,27,2025,1,2,1,1.0,6,75119,M,,,75
200900012867,9,7,27,2330,5,2,1,1.0,6,75106,M,,,75
200900012868,9,7,28,1150,1,2,1,1.0,2,75106,M,,,75
200900012869,9,7,28,1335,1,2,1,1.0,6,75110,M,,,75
200900012870,9,7,28,1435,2,2,2,1.0,3,75112,M,,,75
200900012871,9,7,28,1450,1,2,1,1.0,3,75108,M,,,75
200900012872,9,7,28,1530,1,2,1,1.0,6,75112,M,,,75
200900012873,9,7,28,1635,1,2,3,1.0,6,75119,M,,,75
200900012874,9,7,28,1740,1,2,3,1.0,3,75120,M,,,75
200900012875,9,7,28,1815,1,2,1,1.0,4,75120,M,,,75
200900012876,9,7,28,1930,1,2,2,1.0,2,75116,M,,,75
200900012877,9,7,28,2205,5,2,1,1.0,2,75110,M,,,75
200900012878,9,7,28,2230,5,2,2,1.0,3,75111,M,,,75
200900012879,9,7,28,2350,5,2,5,1.0,3,75111,M,,,75
200900012880,9,7,28,15,5,2,1,1.0,1,75108,M,,,75
200900012881,9,7,28,50,5,2,2,1.0,6,75116,M,,,75
200900012882,9,7,28,235,5,2,1,1.0,6,75115,M,,,75
200900012883,9,7,28,938,1,2,1,1.0,3,75117,M,,,75
200900012884,9,7,28,940,1,2,5,1.0,2,75101,M,,,75
200900012885,9,7,28,1005,1,2,3,1.0,2,75101,M,,,75
200900012886,9,7,29,935,1,2,5,1.0,3,75111,M,,,75
200900012887,9,7,29,220,4,2,1,1.0,2,75117,M,,,75
200900012888,9,7,29,250,5,2,5,1.0,7,75115,M,,,75
200900012889,9,7,29,745,1,2,3,1.0,7,75117,M,,,75
200900012890,9,7,29,900,1,2,2,1.0,6,75118,M,,,75
200900012891,9,7,29,1000,1,2,1,1.0,2,75112,M,,,75
200900012892,9,7,29,1020,1,2,1,1.0,6,75102,M,,,75
200900012893,9,7,29,1025,1,2,2,1.0,2,75114,M,,,75
200900012894,9,7,29,1200,1,2,2,1.0,3,75120,M,,,75
200900012895,9,7,29,1210,1,2,2,1.0,6,75111,M,,,75
200900012896,9,7,29,1500,1,2,1,1.0,6,75109,M,,,75
200900012897,9,7,29,1505,1,2,1,1.0,2,75111,M,,,75
200900012898,9,7,29,1615,1,2,5,1.0,3,75116,M,,,75
200900012899,9,7,29,1745,1,2,1,1.0,3,75112,M,,,75
200900012900,9,7,29,1824,1,2,4,1.0,4,75115,M,,,75
200900012901,9,7,29,2040,1,2,4,1.0,6,75116,M,,,75
200900012902,9,7,29,2120,5,2,3,1.0,3,75115,M,,,75
200900012903,9,7,30,245,5,2,1,1.0,1,75108,M,,,75
200900012904,9,7,30,450,5,2,2,1.0,6,75111,M,,,75
200900012905,9,7,30,640,1,2,1,2.0,3,75120,M,,,75
200900012906,9,7,30,910,1,2,5,1.0,3,75107,M,,,75
200900012907,9,7,30,1405,1,2,5,1.0,3,75102,M,,,75
200900012908,9,7,30,1625,1,2,3,1.0,2,75111,M,,,75
200900012909,9,7,30,1730,1,2,2,1.0,3,75107,M,,,75
200900012910,9,7,30,1735,1,2,1,1.0,2,75120,M,,,75
200900012911,9,7,30,1842,1,2,1,1.0,7,75111,M,,,75
200900012912,9,7,30,1845,1,2,4,1.0,6,75114,M,,,75
200900012913,9,7,30,1915,1,2,1,1.0,7,75112,M,,,75
200900012914,9,7,30,1935,1,2,5,1.0,6,75114,M,,,75
200900012915,9,7,30,2003,1,2,2,1.0,6,75120,M,,,75
200900012916,9,7,30,2025,1,2,1,1.0,3,75113,M,,,75
200900012917,9,7,30,2025,1,2,1,1.0,3,75108,M,,,75
200900012918,9,7,30,2220,5,2,1,1.0,7,75117,M,,,75
200900012919,9,7,30,2250,5,2,1,1.0,4,75109,M,,,75
200900012920,9,7,31,10,5,2,1,1.0,3,75119,M,,,75
200900012921,9,7,31,130,5,2,3,1.0,6,75104,M,,,75
200900012922,9,7,31,630,1,2,1,1.0,3,75112,M,,,75
200900012923,9,7,31,810,1,2,1,1.0,2,75102,M,,,75
200900012924,9,7,31,1130,1,2,2,1.0,6,75120,M,,,75
200900012925,9,7,31,1246,1,2,2,1.0,3,75108,M,,,75
200900012926,9,7,31,1450,1,2,1,1.0,2,75109,M,,,75
200900012927,9,7,31,1500,1,2,3,1.0,6,75109,M,,,75
200900012928,9,7,31,1520,1,2,1,1.0,3,75115,M,,,75
200900012929,9,7,31,1645,1,2,1,1.0,3,75118,M,,,75
200900012930,9,7,31,1720,1,2,1,1.0,3,75120,M,,,75
200900012931,9,7,31,1840,1,2,5,1.0,6,75106,M,,,75
200900012932,9,7,31,1850,1,2,3,1.0,3,75113,M,,,75
200900012933,9,7,31,1855,1,2,3,1.0,6,75112,M,,,75
200900012934,9,7,31,1915,1,2,2,7.0,3,75113,M,,,75
200900012935,9,7,31,2000,1,2,1,1.0,2,75116,M,,,75
200900012936,9,7,31,2140,5,2,2,1.0,7,75112,M,,,75
200900012937,9,7,19,2205,5,2,1,1.0,6,75120,M,,,75
200900012938,9,5,14,2310,5,2,6,1.0,7,79191,M,,,79
200900012939,9,5,9,2245,5,2,2,1.0,3,79329,M,,,79
200900012940,9,5,19,1020,1,1,1,1.0,6,79329,M,,,79
200900012941,9,5,19,1206,1,2,1,1.0,3,79329,M,,,79
200900012942,9,5,20,1002,1,2,1,1.0,6,79329,M,,,79
200900012943,9,5,23,1705,1,2,9,1.0,3,79300,M,,,79
200900012944,9,5,26,1755,1,2,1,1.0,7,79258,M,,,79
200900012945,9,5,27,1745,1,2,1,1.0,7,79191,M,,,79
200900012946,9,5,30,2310,5,2,7,1.0,7,79191,M,,,79
200900012947,9,5,4,2225,2,2,2,1.0,3,79300,M,,,79
200900012948,9,5,25,752,1,2,2,1.0,3,79329,M,,,79
200900012949,9,5,1,340,5,2,2,2.0,7,79191,M,,,79
200900012950,9,5,1,145,3,1,1,8.0,7,79031,M,0.0,0,79
200900012951,9,5,4,2020,2,1,6,1.0,7,79191,M,,,79
200900012952,9,5,7,1330,1,2,1,1.0,5,79061,M,0.0,0,79
200900012953,9,5,5,2210,5,2,1,1.0,7,79191,M,,,79
200900012954,9,5,10,1745,1,2,4,2.0,2,79063,M,0.0,0,79
200900012955,9,5,12,30,3,1,1,2.0,7,79049,M,0.0,0,79
200900012956,9,5,21,2300,3,1,1,1.0,1,79175,M,0.0,0,79
200900012957,9,5,30,1200,1,1,9,1.0,1,79003,M,0.0,0,79
200900012958,9,5,21,300,3,1,1,1.0,7,79061,M,0.0,0,79
200900012959,9,5,21,2145,3,1,1,1.0,6,79135,M,0.0,0,79
200900012960,9,5,30,1800,1,1,1,1.0,3,79100,M,0.0,0,79
200900012961,9,3,6,1705,1,2,2,1.0,6,30189,M,4.0,0,30
200900012962,9,1,19,1855,3,2,1,1.0,7,30189,M,,,30
200900012963,9,5,22,1855,1,2,1,1.0,1,53130,M,,,53
200900012964,9,5,29,915,1,1,1,1.0,2,53119,M,4.0,-,53
200900012965,9,5,31,1000,1,2,1,1.0,6,53147,M,4.0,-,53
200900012966,9,5,27,1500,1,1,3,1.0,1,53123,M,0.0,0,53
200900012967,9,5,10,1845,1,1,1,2.0,7,53273,M,4.0,-,53
200900012968,9,5,4,1445,1,1,1,1.0,5,53190,M,4.0,-,53
200900012969,9,5,24,1100,1,1,1,7.0,7,53100,M,0.0,0,53
200900012970,9,5,11,700,1,1,1,1.0,1,53147,M,4.0,-,53
200900012971,9,5,10,615,2,1,1,1.0,3,53162,M,0.0,0,53
200900012972,9,5,10,2000,1,1,1,1.0,2,53034,M,0.0,0,53
200900012973,9,5,3,2015,1,1,1,1.0,7,53037,M,0.0,0,53
200900012974,9,5,2,1515,1,1,1,1.0,3,53203,M,4.0,-,53
200900012975,9,5,11,1730,1,1,1,1.0,7,53201,M,4.0,-,53
200900012976,9,5,4,800,1,1,1,1.0,7,53153,M,4.0,-,53
200900012977,9,4,2,720,1,1,1,1.0,1,53034,M,,,53
200900012978,9,4,2,2050,5,2,1,1.0,7,53201,M,,,53
200900012979,9,4,1,1245,1,1,1,1.0,1,53140,M,0.0,0,53
200900012980,9,4,5,1630,1,1,1,1.0,7,53042,M,4.0,-,53
200900012981,9,4,5,2345,3,1,1,1.0,7,53122,M,4.0,-,53
200900012982,9,4,10,1115,1,1,1,3.0,6,53201,M,0.0,0,53
200900012983,9,4,14,445,2,1,1,5.0,6,53245,M,0.0,0,53
200900012984,9,4,19,2040,1,2,1,1.0,1,53130,M,,,53
200900012985,9,4,29,1815,1,1,1,1.0,1,53249,M,4.0,-,53
200900012986,9,4,30,2005,1,1,1,8.0,7,53130,M,,,53
200900012987,9,4,11,1415,1,1,1,1.0,1,31069,M,4.0,0,31
200900012988,9,4,28,1315,1,1,1,2.0,3,31555,M,4.0,0,31
200900012989,9,4,19,2200,5,2,1,2.0,6,31555,M,,,31
200900012990,9,4,7,1820,1,2,1,2.0,3,31555,M,,,31
200900012991,9,4,9,2320,5,2,1,1.0,2,31555,M,,,31
200900012992,9,4,24,800,1,2,3,1.0,3,31555,M,,,31
200900012993,9,4,4,330,5,2,1,1.0,4,31555,M,,,31
200900012994,9,4,27,1850,1,1,1,1.0,2,31555,M,,,31
200900012995,9,4,10,230,5,2,1,1.0,7,31555,M,,,31
200900012996,9,4,18,215,5,2,1,2.0,3,31555,M,,,31
200900012997,9,4,7,1645,1,2,1,2.0,6,31555,M,,,31
200900012998,9,4,14,1420,1,2,1,1.0,2,31555,M,,,31
200900012999,9,4,3,1830,1,2,1,1.0,6,31555,M,,,31
200900013000,9,4,4,1450,1,2,1,1.0,4,31555,M,,,31
200900013001,9,4,23,859,1,2,3,1.0,6,31149,M,,,31
200900013002,9,4,2,800,1,2,2,1.0,6,31555,M,,,31
200900013003,9,4,22,1933,1,1,1,1.0,5,31555,M,4.0,0,31
200900013004,9,4,18,910,1,2,1,1.0,3,31555,M,,,31
200900013005,9,4,29,1245,1,1,1,1.0,1,31010,M,4.0,0,31
200900013006,9,4,1,800,1,2,1,2.0,3,31555,M,,,31
200900013007,9,4,1,1050,1,2,1,8.0,2,31555,M,,,31
200900013008,9,4,17,2210,5,2,3,1.0,6,31555,M,,,31
200900013009,9,4,20,1820,1,2,3,3.0,3,31149,M,,,31
200900013010,9,4,12,115,5,2,1,2.0,1,31555,M,,,31
200900013011,9,4,3,940,1,2,1,1.0,3,31555,M,,,31
200900013012,9,4,6,1400,1,2,3,1.0,2,31555,M,,,31
200900013013,9,4,6,1500,1,2,1,1.0,3,31555,M,,,31
200900013014,9,4,12,35,5,2,1,2.0,3,31555,M,,,31
200900013015,9,4,27,1728,1,2,2,1.0,3,31555,M,,,31
200900013016,9,4,1,1900,1,2,1,1.0,6,31555,M,,,31
200900013017,9,4,28,1240,1,1,1,2.0,6,31555,M,4.0,0,31
200900013018,9,4,5,600,3,1,1,1.0,6,31589,M,4.0,0,31
200900013019,9,4,5,1930,1,1,3,1.0,2,31032,M,4.0,0,31
200900013020,9,4,8,800,1,1,1,8.0,5,31163,M,4.0,0,31
200900013021,9,4,8,845,1,1,2,1.0,3,31135,M,4.0,0,31
200900013022,9,4,11,215,3,1,1,2.0,6,31418,M,4.0,0,31
200900013023,9,4,11,1445,1,1,1,2.0,1,31475,M,4.0,0,31
200900013024,9,4,12,1600,1,1,1,2.0,3,31207,M,4.0,0,31
200900013025,9,4,18,30,3,1,1,8.0,6,31553,M,4.0,0,31
200900013026,9,4,18,730,1,1,1,1.0,6,31341,M,4.0,0,31
200900013027,9,4,19,2045,2,1,1,1.0,6,31106,M,4.0,0,31
200900013028,9,4,20,1345,1,1,1,1.0,2,31107,M,4.0,0,31
200900013029,9,4,23,1700,1,1,1,1.0,2,31210,M,4.0,0,31
200900013030,9,4,13,1800,1,1,1,1.0,7,31490,M,4.0,0,31
200900013031,9,4,2,815,1,1,1,2.0,3,31291,M,4.0,0,31
200900013032,9,4,4,500,3,1,1,5.0,7,31254,M,4.0,0,31
200900013033,9,4,29,2130,5,2,1,1.0,1,31446,M,4.0,0,31
200900013034,9,4,26,1030,1,2,1,2.0,6,31032,M,4.0,0,31
200900013035,9,4,19,345,5,2,1,1.0,6,31555,M,,,31
200900013036,9,4,19,1730,1,1,1,1.0,2,31555,M,4.0,0,31
200900013037,9,4,23,1450,1,2,1,1.0,5,31555,M,,,31
200900013038,9,4,30,1230,1,2,1,1.0,1,31555,M,,,31
200900013039,9,4,30,1820,1,2,1,1.0,6,31555,M,,,31
200900013040,9,4,30,2105,5,2,3,1.0,3,31555,M,,,31
200900013041,9,4,28,1200,1,2,2,1.0,3,31555,M,,,31
200900013042,9,4,3,223,5,2,1,1.0,2,31555,M,4.0,0,31
200900013043,9,4,13,630,5,2,1,2.0,1,31555,M,4.0,0,31
200900013044,9,4,27,2315,5,2,1,1.0,3,31555,M,,,31
200900013045,9,4,2,1730,1,2,1,1.0,2,31555,M,,,31
200900013046,9,4,23,1240,1,2,6,1.0,3,31555,M,4.0,0,31
200900013047,9,4,5,315,5,1,1,1.0,6,31555,M,4.0,0,31
200900013048,9,4,14,2220,5,2,1,1.0,3,31555,M,,,31
200900013049,9,4,16,800,1,2,1,1.0,4,31555,M,,,31
200900013050,9,4,14,1715,1,2,1,7.0,4,31555,M,,,31
200900013051,9,4,14,2110,5,1,1,1.0,1,31555,M,,,31
200900013052,9,4,17,2000,5,2,2,2.0,1,31555,M,,,31
200900013053,9,4,24,1951,1,1,1,1.0,4,31555,M,4.0,0,31
200900013054,9,4,25,733,2,2,1,2.0,1,31555,M,,,31
200900013055,9,4,28,630,2,2,3,3.0,1,31555,M,,,31
200900013056,9,4,28,2000,2,2,1,1.0,2,31555,M,,,31
200900013057,9,4,30,1640,1,1,1,1.0,4,31555,M,4.0,0,31
200900013058,9,4,25,1945,2,2,6,3.0,7,31069,M,,,31
200900013059,9,3,18,1500,1,1,1,1.0,1,15237,M,0.0,0,15
200900013060,9,3,19,1615,1,2,1,1.0,1,15266,M,0.0,0,15
200900013061,9,3,21,1745,1,1,1,1.0,5,15221,M,0.0,0,15
200900013062,9,3,20,2230,3,1,1,1.0,6,15064,M,0.0,0,15
200900013063,9,3,1,1800,1,1,1,2.0,6,15231,M,0.0,0,15
200900013064,9,3,25,1620,1,2,6,1.0,6,15014,M,0.0,0,15
200900013065,9,5,10,425,5,2,1,1.0,2,31555,M,,,31
200900013066,9,5,30,1424,1,1,1,1.0,2,31555,M,4.0,0,31
200900013067,9,5,6,644,2,2,1,1.0,6,31555,M,,,31
200900013068,9,5,8,2230,5,2,1,1.0,2,31555,M,,,31
200900013069,9,5,4,1140,1,1,1,8.0,3,31555,M,4.0,0,31
200900013070,9,5,29,940,1,2,1,1.0,1,31555,M,,,31
200900013071,9,5,28,1400,1,2,1,1.0,3,31555,M,,,31
200900013072,9,5,26,1200,1,2,1,2.0,6,31555,M,,,31
200900013073,9,5,16,1535,1,2,2,1.0,1,31555,M,,,31
200900013074,9,5,6,940,1,2,1,1.0,3,31555,M,,,31
200900013075,9,5,31,2015,2,2,2,1.0,3,31555,M,,,31
200900013076,9,5,22,1210,1,2,1,1.0,3,31555,M,,,31
200900013077,9,5,16,1000,1,2,6,1.0,3,31555,M,,,31
200900013078,9,5,19,1355,1,2,1,1.0,3,31555,M,,,31
200900013079,9,5,5,1920,1,2,1,1.0,3,31555,M,,,31
200900013080,9,5,3,1710,1,2,1,1.0,6,31555,M,,,31
200900013081,9,5,9,1800,1,2,1,1.0,7,31555,M,,,31
200900013082,9,5,14,1750,1,2,1,3.0,5,31555,M,,,31
200900013083,9,5,7,230,5,2,1,1.0,6,31555,M,,,31
200900013084,9,5,16,110,5,2,1,1.0,7,31555,M,,,31
200900013085,9,5,31,430,3,2,1,1.0,3,31555,M,,,31
200900013086,9,5,10,1950,1,1,1,2.0,6,31555,M,4.0,0,31
200900013087,9,5,28,820,1,2,1,1.0,6,31555,M,,,31
200900013088,9,5,8,1336,1,2,1,1.0,3,31555,M,,,31
200900013089,9,5,31,45,3,2,1,1.0,3,31555,M,,,31
200900013090,9,5,28,1310,1,1,1,1.0,2,31069,M,4.0,0,31
200900013091,9,5,12,1810,1,1,1,1.0,3,31555,M,4.0,0,31
200900013092,9,5,5,1825,1,1,1,1.0,4,31555,M,4.0,0,31
200900013093,9,5,4,1633,1,2,1,1.0,3,31555,M,,,31
200900013094,9,5,21,155,5,2,1,1.0,3,31555,M,,,31
200900013095,9,5,5,853,1,2,6,1.0,3,31555,M,,,31
200900013096,9,5,14,1640,1,1,1,2.0,1,31555,M,,,31
200900013097,9,5,9,820,1,2,1,1.0,2,31149,M,,,31
200900013098,9,5,5,1100,1,2,1,1.0,6,31555,M,,,31
200900013099,9,5,29,1140,1,2,3,1.0,2,31069,M,,,31
200900013100,9,5,30,1030,1,1,1,1.0,4,31555,M,4.0,0,31
200900013101,9,5,18,1630,1,2,6,1.0,3,31555,M,,,31
200900013102,9,5,1,320,5,2,1,2.0,3,31555,M,,,31
200900013103,9,5,26,1850,1,2,1,1.0,3,31555,M,,,31
200900013104,9,5,30,335,5,2,1,1.0,1,31555,M,,,31
200900013105,9,5,8,1625,1,2,1,1.0,3,31555,M,,,31
200900013106,9,5,25,745,1,2,1,8.0,6,31555,M,,,31
200900013107,9,5,13,1310,1,2,1,2.0,6,31555,M,,,31
200900013108,9,5,31,110,5,2,1,1.0,7,31555,M,,,31
200900013109,9,5,15,530,3,2,1,1.0,2,31555,M,,,31
200900013110,9,5,24,1445,1,2,1,1.0,4,31555,M,,,31
200900013111,9,5,29,2000,1,2,1,1.0,3,31555,M,,,31
200900013112,9,5,9,1620,1,2,1,1.0,7,31555,M,,,31
200900013113,9,5,13,1920,1,2,1,1.0,3,31069,M,,,31
200900013114,9,5,19,2105,2,2,1,1.0,6,31555,M,,,31
200900013115,9,5,15,1500,1,2,1,1.0,2,31555,M,,,31
200900013116,9,5,14,1440,1,1,1,2.0,2,31555,M,4.0,0,31