Num_Acc,an,mois,jour,hrmn,lum,agg,int,atm,col,com,gps,lat,long,dep
200900013117,9,5,29,900,1,1,1,1.0,7,31555,M,4.0,0,31
200900013118,9,5,23,407,5,2,1,1.0,7,31555,M,,,31
200900013119,9,5,14,410,5,2,1,3.0,6,31555,M,,,31
200900013120,9,5,15,1715,1,2,1,1.0,6,31555,M,,,31
200900013121,9,5,12,1910,1,1,1,1.0,4,31555,M,4.0,0,31
200900013122,9,5,20,1815,1,2,1,1.0,3,31555,M,,,31
200900013123,9,5,10,5,5,2,1,1.0,3,31555,M,,,31
200900013124,9,5,24,1915,1,2,1,1.0,3,31555,M,,,31
200900013125,9,5,1,700,2,2,1,1.0,6,31555,M,,,31
200900013126,9,5,5,930,1,2,1,1.0,2,31555,M,,,31
200900013127,9,5,9,1915,1,2,1,1.0,2,31555,M,,,31
200900013128,9,5,15,130,5,2,2,1.0,3,31555,M,,,31
200900013129,9,5,20,1000,1,2,1,1.0,3,31259,M,4.0,0,31
200900013130,9,5,16,1900,1,2,3,1.0,7,31555,M,,,31
200900013131,9,5,18,2010,1,2,1,1.0,3,31555,M,,,31
200900013132,9,5,20,1500,1,2,1,1.0,6,31555,M,,,31
200900013133,9,5,23,1200,1,2,2,1.0,3,31188,M,4.0,0,31
200900013134,9,5,28,1830,1,2,1,1.0,3,31555,M,,,31
200900013135,9,5,29,2115,5,1,1,1.0,3,31555,M,4.0,0,31
200900013136,9,5,27,1915,1,2,1,1.0,5,31555,M,,,31
200900013137,9,5,30,1445,1,2,1,1.0,6,31462,M,4.0,0,31
200900013138,9,5,24,730,1,1,1,1.0,6,31129,M,4.0,0,31
200900013139,9,5,14,2100,1,2,1,8.0,1,31445,M,4.0,0,31
200900013140,9,5,10,1700,1,1,6,1.0,7,31303,M,4.0,0,31
200900013141,9,5,15,1645,1,1,1,1.0,5,31547,M,4.0,0,31
200900013142,9,5,27,1915,1,1,1,1.0,6,31263,M,4.0,0,31
200900013143,9,5,12,1300,1,1,1,1.0,1,31478,M,4.0,0,31
200900013144,9,5,3,1930,1,1,1,1.0,7,31202,M,4.0,0,31
200900013145,9,5,15,1730,1,2,1,1.0,1,31116,M,4.0,0,31
200900013146,9,5,31,545,2,1,1,1.0,6,31066,M,4.0,0,31
200900013147,9,5,6,1815,1,1,1,1.0,7,31490,M,4.0,0,31
200900013148,9,5,24,615,1,2,1,1.0,6,31193,M,4.0,0,31
200900013149,9,5,9,1315,1,2,1,1.0,1,31145,M,4.0,0,31
200900013150,9,5,29,600,2,1,1,1.0,5,31182,M,4.0,0,31
200900013151,9,5,11,1415,1,1,1,1.0,4,31458,M,4.0,0,31
200900013152,9,5,10,30,3,2,1,1.0,7,31263,M,4.0,0,31
200900013153,9,5,8,1600,1,1,1,1.0,6,31270,M,4.0,0,31
200900013154,9,5,7,1030,1,1,1,1.0,1,31517,M,4.0,0,31
200900013155,9,5,3,2000,1,1,1,1.0,2,31286,M,4.0,0,31
200900013156,9,5,30,745,1,1,1,1.0,6,31148,M,4.0,0,31
200900013157,9,5,13,1645,1,2,1,1.0,6,31203,M,4.0,0,31
200900013158,9,5,29,1130,1,1,9,1.0,6,31503,M,4.0,0,31
200900013159,9,5,19,1300,1,2,6,1.0,3,31044,M,4.0,0,31
200900013160,9,5,7,1615,1,1,1,8.0,1,31207,M,4.0,0,31
200900013161,9,5,16,1430,1,1,1,1.0,6,31478,M,4.0,0,31
200900013162,9,5,16,1645,1,1,1,1.0,3,31182,M,4.0,0,31
200900013163,9,5,13,1815,1,2,1,1.0,1,31324,M,4.0,0,31
200900013164,9,5,7,1830,1,1,1,1.0,5,31145,M,4.0,0,31
200900013165,9,5,20,1815,1,1,1,1.0,4,31254,M,4.0,0,31
200900013166,9,4,6,1330,1,1,1,1.0,1,15259,M,0.0,0,15
200900013167,9,4,12,1745,1,1,1,9.0,3,15221,M,0.0,0,15
200900013168,9,5,7,2300,3,1,1,1.0,7,15156,M,0.0,0,15
200900013169,9,5,17,2000,2,1,1,3.0,7,15263,M,0.0,0,15
200900013170,9,5,14,1845,1,1,1,3.0,1,15074,M,0.0,0,15
200900013171,9,5,22,1400,1,1,1,1.0,7,15068,M,0.0,0,15
200900013172,9,5,19,1545,1,1,1,1.0,2,15191,M,0.0,0,15
200900013173,9,5,22,1645,1,1,1,8.0,6,15221,M,0.0,0,15
200900013174,9,5,29,1215,1,1,1,1.0,6,15165,M,0.0,0,15
200900013175,9,5,29,1757,1,1,1,1.0,3,15014,M,0.0,0,15
200900013176,9,5,30,1730,1,1,9,1.0,3,15144,M,0.0,0,15
200900013177,9,5,31,300,3,1,1,1.0,7,15107,M,0.0,0,15
200900013178,9,6,2,1300,1,1,1,1.0,3,04039,M,0.0,0,04
200900013179,9,6,5,1300,1,1,9,3.0,3,04108,M,4.0,0,04
200900013180,9,6,4,1700,1,1,1,1.0,1,04104,M,4.0,0,04
200900013181,9,6,23,1845,1,1,1,1.0,3,04049,M,0.0,0,04
200900013182,9,6,3,915,1,2,1,1.0,1,04049,M,4.0,0,04
200900013183,9,6,26,845,1,1,1,1.0,7,04124,M,4.0,0,04
200900013184,9,6,24,1100,1,1,1,1.0,7,04205,M,4.0,0,04
200900013185,9,6,15,100,3,1,1,1.0,7,04242,M,0.0,0,04
200900013186,9,6,27,1345,1,1,1,1.0,6,04230,M,4.0,0,04
200900013187,9,6,9,1800,1,1,1,1.0,6,04178,M,4.0,0,04
200900013188,9,6,4,2000,2,1,1,1.0,6,04171,M,4.0,0,04
200900013189,9,6,22,815,1,1,1,1.0,5,04192,M,4.0,0,04
200900013190,9,6,14,1500,1,1,1,1.0,6,04025,M,4.0,0,04
200900013191,9,6,10,1715,1,1,1,1.0,3,04242,M,4.0,0,04
200900013192,9,6,6,1045,1,1,1,1.0,6,04025,M,4.0,0,04
200900013193,9,6,5,1500,1,1,1,2.0,1,04094,M,4.0,0,04
200900013194,9,6,7,145,3,1,1,1.0,6,04106,M,0.0,0,04
200900013195,9,6,26,2030,1,1,1,2.0,1,04022,M,4.0,0,04
200900013196,9,6,8,2115,3,1,1,1.0,1,04112,M,4.0,0,04
200900013197,9,6,6,1100,1,1,1,1.0,6,04069,M,4.0,0,04
200900013198,9,6,13,1845,1,1,1,1.0,1,04102,M,4.0,0,04
200900013199,9,4,26,1720,1,2,2,2.0,5,40088,M,,,40
200900013200,9,4,25,105,3,1,1,2.0,7,40192,M,,,40
200900013201,9,4,22,2005,1,1,1,1.0,6,40127,M,4.0,-,40
200900013202,9,4,19,2000,2,1,2,1.0,3,40164,M,4.0,-,40
200900013203,9,4,24,2245,3,1,6,1.0,7,40122,M,0.0,0,40
200900013204,9,4,27,1200,1,1,1,2.0,7,40164,M,0.0,0,40
200900013205,9,4,19,600,3,2,1,1.0,6,40184,M,0.0,0,40
200900013206,9,4,18,1845,1,1,1,1.0,3,40310,M,4.0,-,40
200900013207,9,4,30,415,3,1,1,8.0,6,40296,M,0.0,0,40
200900013208,9,4,5,230,3,1,1,1.0,6,40102,M,4.0,0,40
200900013209,9,4,19,2245,4,2,1,1.0,6,40150,M,0.0,0,40
200900013210,9,4,25,1015,1,2,9,2.0,6,40065,M,4.0,-,40
200900013211,9,4,27,845,1,2,1,3.0,3,40046,M,4.0,-,40
200900013212,9,4,27,1945,2,1,1,8.0,7,40036,M,0.0,0,40
200900013213,9,4,30,600,4,2,1,1.0,6,40088,M,,,40
200900013214,9,4,1,1730,1,2,3,1.0,3,40217,M,0.0,0,40
200900013215,9,4,3,1800,1,1,1,1.0,1,40167,M,4.0,-,40
200900013216,9,4,7,1330,1,2,2,2.0,3,40279,M,,,40
200900013217,9,4,9,955,1,1,1,1.0,1,40296,M,,,40
200900013218,9,2,5,1850,1,1,2,2.0,1,22045,M,0.0,0,22
200900013219,9,2,15,1930,3,1,1,1.0,7,22091,M,0.0,0,22
200900013220,9,2,28,1415,1,1,1,1.0,6,22187,M,0.0,0,22
200900013221,9,2,21,1945,3,1,1,1.0,6,22191,M,0.0,0,22
200900013222,9,2,5,1145,1,1,1,1.0,6,22198,M,4.0,-,22
200900013223,9,2,28,1945,3,1,1,1.0,1,22243,M,0.0,0,22
200900013224,9,2,14,1745,1,1,2,1.0,1,22208,M,0.0,0,22
200900013225,9,2,25,1000,1,1,1,1.0,2,22121,M,0.0,0,22
200900013226,9,2,2,1730,2,1,1,1.0,1,22229,M,4.0,-,22
200900013227,9,2,9,2140,5,2,2,2.0,7,22278,M,,,22
200900013228,9,2,6,2000,3,2,1,2.0,6,22106,M,,,22
200900013229,9,2,14,1825,2,2,2,1.0,1,22278,M,,,22
200900013230,9,2,16,1450,1,2,1,1.0,6,22215,M,,,22
200900013231,9,2,21,1500,1,2,6,1.0,7,22360,M,,,22
200900013232,9,2,7,1855,5,2,1,2.0,1,22050,M,,,22
200900013233,9,2,21,1645,1,2,6,1.0,7,22278,M,,,22
200900013234,9,2,22,550,5,2,1,1.0,7,22278,M,,,22
200900013235,9,2,24,2000,5,2,3,1.0,3,22113,M,,,22
200900013236,9,2,16,1700,1,2,1,1.0,6,22278,M,,,22
200900013237,9,2,18,1125,1,2,3,1.0,4,22106,M,,,22
200900013238,9,2,7,1345,1,2,2,1.0,3,22278,M,,,22
200900013239,9,4,12,500,3,1,1,1.0,6,60130,M,0.0,0,60
200900013240,9,3,26,1235,1,2,1,1.0,1,71306,M,,,71
200900013241,9,3,22,2310,3,1,3,1.0,3,71309,M,,,71
200900013242,9,3,3,725,2,2,1,1.0,3,71270,M,,,71
200900013243,9,3,16,1145,1,2,6,1.0,3,71499,M,,,71
200900013244,9,3,5,1825,2,2,2,1.0,3,71306,M,,,71
200900013245,9,3,7,1330,1,1,2,1.0,3,71120,M,4.0,0,71
200900013246,9,3,11,1230,1,2,6,8.0,3,71270,M,,,71
200900013247,9,3,10,945,1,2,1,1.0,6,71076,M,,,71
200900013248,9,3,10,1655,1,2,2,1.0,3,71270,M,,,71
200900013249,9,3,12,1510,1,2,1,1.0,1,71076,M,,,71
200900013250,9,3,12,1630,1,2,1,1.0,6,71076,M,,,71
200900013251,9,3,12,2055,5,2,2,1.0,3,71040,M,,,71
200900013252,9,3,13,915,1,2,1,1.0,7,71047,M,4.0,0,71
200900013253,9,3,14,915,1,2,1,1.0,5,71176,M,4.0,0,71
200900013254,9,3,14,2015,3,1,1,1.0,1,71583,M,4.0,0,71
200900013255,9,3,14,2035,3,1,3,1.0,6,71540,M,,,71
200900013256,9,3,15,1415,1,2,1,1.0,6,71396,M,4.0,0,71
200900013257,9,3,15,1600,1,1,1,1.0,7,71513,M,0.0,0,71
200900013258,9,3,22,1745,1,1,1,1.0,5,71050,M,4.0,0,71
200900013259,9,3,16,1720,1,2,3,1.0,3,71076,M,,,71
200900013260,9,3,16,1830,2,2,1,1.0,1,71187,M,0.0,0,71
200900013261,9,3,17,1215,1,1,1,1.0,4,71540,M,,,71
200900013262,9,3,17,1450,1,2,1,1.0,6,71270,M,,,71
200900013263,9,3,18,740,1,2,1,1.0,6,71270,M,,,71
200900013264,9,3,18,1630,1,1,1,1.0,1,71149,M,4.0,0,71
200900013265,9,3,19,1915,5,2,1,1.0,3,71253,M,4.0,0,71
200900013266,9,3,21,1530,1,2,1,1.0,2,71076,M,,,71
200900013267,9,3,24,1630,1,2,1,1.0,6,71076,M,,,71
200900013268,9,3,29,1800,1,1,1,1.0,5,71340,M,4.0,0,71
200900013269,9,3,25,1335,1,2,3,1.0,3,71270,M,,,71
200900013270,9,3,21,2000,3,1,1,1.0,1,71357,M,4.0,0,71
200900013271,9,3,21,1620,1,1,6,1.0,7,71540,M,,,71
200900013272,9,3,23,845,1,1,2,1.0,3,71023,M,0.0,0,71
200900013273,9,4,3,1533,1,2,1,1.0,6,17300,M,,,17
200900013274,9,4,12,1610,1,1,6,1.0,4,17299,M,,,17
200900013275,9,4,15,1341,1,2,1,2.0,2,17300,M,,,17
200900013276,9,4,9,905,1,2,2,1.0,3,17300,M,,,17
200900013277,9,4,14,935,1,2,6,1.0,3,17299,M,,,17
200900013278,9,4,13,2200,5,2,1,1.0,7,17300,M,,,17
200900013279,9,4,13,2140,5,2,3,1.0,3,17449,M,,,17
200900013280,9,4,4,1235,1,1,6,2.0,7,17299,M,,,17
200900013281,9,4,4,1545,1,2,2,1.0,3,17300,M,,,17
200900013282,9,4,9,1655,1,2,1,1.0,6,17300,M,,,17
200900013283,9,4,6,1340,1,2,1,1.0,7,17299,M,,,17
200900013284,9,4,13,1935,1,2,1,1.0,7,17300,M,,,17
200900013285,9,4,7,800,1,2,1,1.0,2,17300,M,,,17
200900013286,9,4,15,1220,1,2,1,2.0,7,17299,M,,,17
200900013287,9,4,10,1900,1,2,1,2.0,7,17299,M,,,17
200900013288,9,4,9,1320,1,2,4,1.0,3,17300,M,,,17
200900013289,9,4,14,930,1,2,1,1.0,3,17300,M,,,17
200900013290,9,4,9,1720,1,1,1,1.0,7,17449,M,,,17
200900013291,9,4,23,1130,1,2,1,1.0,6,17415,M,,,17
200900013292,9,4,19,445,3,2,3,1.0,3,17353,M,0.0,0,17
200900013293,9,4,23,2115,3,1,1,1.0,1,17308,M,0.0,0,17
200900013294,9,4,27,1600,1,1,2,3.0,3,17265,M,0.0,0,17
200900013295,9,4,19,1030,1,1,1,1.0,2,17056,M,0.0,0,17
200900013296,9,4,1,1930,1,1,1,1.0,6,17340,M,0.0,0,17
200900013297,9,4,19,1,3,1,1,1.0,7,17203,M,0.0,0,17
200900013298,9,4,26,215,3,1,1,1.0,6,17236,M,4.0,-,17
200900013299,9,4,18,2015,2,1,1,1.0,6,17239,M,4.0,-,17
200900013300,9,4,26,1615,1,1,1,1.0,3,17322,M,4.0,-,17
200900013301,9,4,4,1630,1,1,2,1.0,3,17389,M,0.0,0,17
200900013302,9,4,12,2145,5,2,1,1.0,1,17407,M,0.0,0,17
200900013303,9,4,22,1345,1,2,6,1.0,3,17194,M,0.0,0,17
200900013304,9,4,9,1715,1,2,1,1.0,3,17421,M,4.0,-,17
200900013305,9,4,24,1115,1,1,1,7.0,1,17086,M,0.0,0,17
200900013306,9,4,24,1715,1,1,1,1.0,2,17339,M,4.0,-,17
200900013307,9,4,2,2300,3,2,1,1.0,7,17310,M,0.0,0,17
200900013308,9,4,30,1200,1,1,1,2.0,3,17434,M,4.0,-,17
200900013309,9,4,17,1930,1,1,1,1.0,1,17138,M,4.0,-,17
200900013310,9,4,17,600,3,1,1,5.0,6,17091,M,0.0,0,17
200900013311,9,4,30,1830,1,1,1,1.0,1,17121,M,4.0,-,17
200900013312,9,4,10,1445,1,2,2,3.0,3,17484,M,0.0,0,17
200900013313,9,4,15,1615,1,1,1,1.0,3,17355,M,0.0,0,17
200900013314,9,4,28,1545,1,1,1,8.0,3,17360,M,4.0,-,17
200900013315,9,4,24,1800,1,1,1,1.0,1,17140,M,0.0,0,17
200900013316,9,4,4,530,3,1,1,1.0,6,17470,M,4.0,-,17
200900013317,9,4,15,1745,1,1,1,2.0,2,17413,M,0.0,0,17
200900013318,9,4,14,1100,1,2,1,1.0,7,17057,M,4.0,-,17
200900013319,9,4,22,1815,1,2,1,1.0,3,17142,M,0.0,0,17
200900013320,9,4,4,1830,1,1,1,1.0,1,17041,M,4.0,-,17
200900013321,9,4,30,1555,1,2,2,2.0,3,17415,M,,,17
200900013322,9,4,24,2018,1,2,1,1.0,2,17415,M,,,17
200900013323,9,4,16,815,1,2,6,1.0,3,17415,M,,,17
200900013324,9,4,26,945,1,2,1,1.0,7,17300,M,,,17
200900013325,9,4,17,1720,1,2,1,1.0,2,17300,M,,,17
200900013326,9,4,28,1720,1,2,3,1.0,2,17306,M,,,17
200900013327,9,4,29,1117,1,1,1,1.0,7,17380,M,,,17
200900013328,9,4,10,1515,1,2,1,3.0,7,17415,M,,,17
200900013329,9,4,26,600,2,2,1,1.0,7,17299,M,,,17
200900013330,9,4,21,1830,1,2,1,1.0,7,17306,M,,,17
200900013331,9,4,27,1615,1,2,1,1.0,7,17306,M,,,17
200900013332,9,4,23,1059,1,2,1,1.0,3,17300,M,,,17
200900013333,9,4,1,1830,1,2,2,1.0,3,17333,M,,,17
200900013334,9,4,19,1900,1,2,1,1.0,7,17306,M,,,17
200900013335,9,4,19,1605,1,2,1,1.0,3,17306,M,,,17
200900013336,9,4,23,1745,1,2,1,1.0,3,17300,M,,,17
200900013337,9,4,17,2200,5,2,2,1.0,3,17200,M,,,17
200900013338,9,4,29,1000,1,2,6,2.0,7,17449,M,,,17
200900013339,9,4,18,600,5,2,1,1.0,6,17300,M,,,17
200900013340,9,4,18,1510,1,2,1,1.0,2,17300,M,,,17
200900013341,9,4,4,630,3,2,2,1.0,2,17415,M,,,17
200900013342,9,4,27,1803,1,2,1,3.0,4,17300,M,,,17
200900013343,9,4,1,1520,1,2,1,1.0,2,17306,M,,,17
200900013344,9,4,3,1625,1,2,1,1.0,7,17380,M,,,17
200900013345,9,4,5,45,5,2,1,1.0,1,17274,M,,,17
200900013346,9,4,2,1415,1,2,1,1.0,3,17306,M,,,17
200900013347,9,4,8,1020,1,1,1,1.0,7,17300,M,,,17
200900013348,9,4,6,530,3,1,1,5.0,6,17336,M,0.0,0,17
200900013349,9,4,10,1015,1,2,1,2.0,6,17218,M,4.0,-,17
200900013350,9,4,10,1230,1,2,1,1.0,7,17306,M,,,17
200900013351,9,4,10,1710,1,2,3,2.0,6,17299,M,,,17
200900013352,9,4,13,2115,3,2,1,1.0,6,17306,M,,,17
200900013353,9,4,15,1300,1,1,2,3.0,3,17415,M,,,17
200900013354,9,4,17,1650,1,2,6,1.0,3,17028,M,,,17
200900013355,9,4,17,1655,1,1,1,1.0,4,17300,M,,,17
200900013356,9,4,19,1445,1,1,1,2.0,7,17300,M,,,17
200900013357,9,4,22,1820,1,2,3,1.0,3,17306,M,,,17
200900013358,9,4,15,1415,1,1,1,1.0,6,17300,M,,,17
200900013359,9,4,23,1114,1,1,1,1.0,6,17300,M,,,17
200900013360,9,4,24,155,3,2,1,1.0,7,17306,M,,,17
200900013361,9,4,27,1716,1,1,1,2.0,1,17300,M,,,17
200900013362,9,4,28,1425,1,2,1,1.0,2,17300,M,,,17
200900013363,9,4,4,1220,1,2,1,2.0,7,17299,M,,,17
200900013364,9,4,16,1715,1,2,1,1.0,2,17415,M,,,17
200900013365,9,4,22,835,1,1,1,1.0,6,17415,M,,,17
200900013366,9,4,21,1210,1,2,1,1.0,4,17415,M,,,17
200900013367,9,6,6,1845,1,1,1,1.0,6,15127,M,0.0,0,15
200900013368,9,6,28,130,3,1,1,1.0,6,15183,M,0.0,0,15
200900013369,9,6,1,1600,1,1,3,1.0,3,15196,M,0.0,0,15
200900013370,9,6,2,1500,1,2,1,1.0,6,15038,M,0.0,0,15
200900013371,9,6,16,1115,1,1,1,1.0,1,15124,M,0.0,0,15
200900013372,9,6,24,1300,1,1,1,1.0,6,15022,M,0.0,0,15
200900013373,9,6,28,1815,1,1,1,1.0,3,15037,M,0.0,0,15
200900013374,9,6,29,1730,1,1,1,1.0,1,15120,M,0.0,0,15
200900013375,9,6,29,1800,1,1,1,1.0,6,15187,M,0.0,0,15
200900013376,9,5,26,715,2,1,3,1.0,1,32208,M,4.0,0,32
200900013377,9,5,26,810,1,2,1,1.0,6,32013,M,4.0,0,32
200900013378,9,5,4,1010,1,2,1,1.0,2,32013,M,4.0,0,32
200900013379,9,5,6,1755,1,2,1,1.0,7,32013,M,4.0,0,32
200900013380,9,5,8,1815,1,1,3,1.0,5,32307,M,4.0,0,32
200900013381,9,5,9,1115,1,1,1,1.0,1,32273,M,4.0,0,32
200900013382,9,5,12,1400,1,1,1,1.0,1,32064,M,4.0,0,32
200900013383,9,5,16,1015,1,2,1,1.0,6,32462,M,4.0,0,32
200900013384,9,5,16,2255,5,2,3,1.0,3,32013,M,4.0,0,32
200900013385,9,5,17,800,1,1,1,1.0,7,32165,M,4.0,0,32
200900013386,9,5,19,1600,1,1,1,1.0,6,32029,M,4.0,0,32
200900013387,9,5,23,1815,1,1,3,1.0,3,32208,M,4.0,0,32
200900013388,9,5,24,1130,1,2,1,1.0,6,32208,M,4.0,0,32
200900013389,9,5,30,400,3,1,1,1.0,6,32132,M,4.0,0,32
200900013390,9,5,10,1335,1,1,1,1.0,3,32013,M,4.0,0,32
200900013391,9,5,22,1100,1,1,1,8.0,1,32052,M,4.0,0,32
200900013392,9,3,1,1500,1,1,1,1.0,3,70525,M,4.0,0,70
200900013393,9,3,5,500,3,1,1,1.0,7,70044,M,4.0,0,70
200900013394,9,3,7,1845,5,2,1,1.0,1,70347,M,4.0,0,70
200900013395,9,3,7,1900,3,1,2,1.0,1,70334,M,4.0,0,70
200900013396,9,3,14,1330,1,2,1,1.0,1,70525,M,4.0,0,70
200900013397,9,3,28,1300,1,1,1,8.0,6,70421,M,4.0,0,70
200900013398,9,3,31,1830,1,2,2,1.0,3,70408,M,4.0,0,70
200900013399,9,4,21,955,1,2,3,1.0,7,70550,M,,,70
200900013400,9,4,10,1145,1,2,1,1.0,3,70562,M,4.0,0,70
200900013401,9,4,12,730,1,1,1,1.0,7,70257,M,4.0,0,70
200900013402,9,4,17,1415,1,1,1,1.0,3,70515,M,4.0,0,70
200900013403,9,4,18,1045,1,1,2,1.0,3,70329,M,0.0,0,70
200900013404,9,4,18,1615,1,2,1,8.0,1,70364,M,4.0,0,70
200900013405,9,4,19,2015,1,1,1,1.0,7,70493,M,4.0,0,70
200900013406,9,4,28,1030,1,2,1,2.0,6,70310,M,4.0,0,70
200900013407,9,4,29,545,3,1,1,2.0,3,70166,M,4.0,0,70
200900013408,9,4,30,1730,1,1,1,1.0,7,70214,M,4.0,0,70
200900013409,9,5,1,1145,1,1,1,1.0,1,47301,M,0.0,0,47
200900013410,9,5,2,1415,1,2,1,1.0,7,47015,M,0.0,0,47
200900013411,9,5,6,730,1,1,4,1.0,2,47051,M,0.0,0,47
200900013412,9,5,8,545,5,2,1,2.0,6,47093,M,0.0,0,47
200900013413,9,5,11,915,1,1,1,1.0,6,47145,M,0.0,0,47
200900013414,9,5,16,1630,1,1,1,1.0,2,47069,M,0.0,0,47
200900013415,9,5,17,1145,1,1,1,1.0,1,47110,M,0.0,0,47
200900013416,9,5,17,1730,1,1,2,1.0,3,47302,M,0.0,0,47
200900013417,9,5,19,1200,1,2,1,1.0,3,47157,M,0.0,0,47
200900013418,9,5,22,815,1,1,1,1.0,3,47054,M,0.0,0,47
200900013419,9,5,4,1515,1,1,1,1.0,1,47283,M,0.0,0,47
200900013420,9,5,29,1000,1,1,3,1.0,3,47040,M,0.0,0,47
200900013421,9,5,4,730,1,2,6,1.0,3,47127,M,0.0,0,47
200900013422,9,5,23,130,3,1,1,1.0,7,47280,M,0.0,0,47
200900013423,9,5,26,1100,1,1,1,1.0,1,47025,M,0.0,0,47
200900013424,9,5,28,1215,1,1,1,1.0,3,47134,M,0.0,0,47
200900013425,9,5,28,1845,1,1,1,1.0,1,47025,M,0.0,0,47
200900013426,9,5,29,1530,1,1,1,1.0,2,47097,M,0.0,0,47
200900013427,9,5,29,2200,2,1,1,1.0,6,47309,M,0.0,0,47
200900013428,9,5,30,1000,1,1,4,1.0,3,47217,M,0.0,0,47
200900013429,9,5,30,2345,3,1,1,1.0,6,47185,M,0.0,0,47
200900013430,9,5,2,1030,1,2,1,1.0,6,47323,M,,,47
200900013431,9,5,20,1730,1,1,1,1.0,3,47315,M,0.0,0,47
200900013432,9,5,6,1215,1,1,1,1.0,1,47168,M,0.0,0,47
200900013433,9,5,25,1620,1,2,1,1.0,3,47323,M,,,47
200900013434,9,5,30,1930,1,2,1,1.0,3,73282,M,4.0,0,73
200900013435,9,5,30,15,3,1,1,1.0,6,73288,M,4.0,0,73
200900013436,9,5,30,2320,5,2,1,1.0,6,73008,M,,,73
200900013437,9,5,27,1315,1,1,2,1.0,2,73084,M,4.0,0,73
200900013438,9,5,31,1705,1,2,3,1.0,2,73065,M,,,73
200900013439,9,5,10,430,5,2,2,1.0,3,73065,M,,,73
200900013440,9,5,26,915,1,2,2,1.0,3,73065,M,,,73
200900013441,9,5,7,1145,1,2,2,1.0,1,73065,M,,,73
200900013442,9,5,13,2130,5,2,1,1.0,1,73065,M,,,73
200900013443,9,5,4,1630,1,2,1,1.0,6,73029,M,,,73
200900013444,9,5,2,1530,1,1,1,1.0,7,73052,M,4.0,0,73
200900013445,9,5,2,2000,1,1,1,1.0,7,73322,M,4.0,0,73
200900013446,9,5,21,830,1,1,1,1.0,1,73128,M,0.0,0,73
200900013447,9,5,2,1745,1,2,2,1.0,5,73226,M,0.0,0,73
200900013448,9,5,5,1200,1,1,1,1.0,2,73039,M,4.0,0,73
200900013449,9,5,22,2030,1,1,1,1.0,6,73206,M,0.0,0,73
200900013450,9,5,18,930,1,1,1,1.0,1,73068,M,4.0,0,73
200900013451,9,5,21,330,3,1,1,1.0,6,73006,M,0.0,0,73
200900013452,9,5,30,1445,1,1,1,1.0,7,73330,M,4.0,0,73
200900013453,9,5,17,715,1,2,2,1.0,6,73179,M,0.0,0,73
200900013454,9,5,10,1345,1,1,1,1.0,3,73051,M,4.0,0,73
200900013455,9,5,10,715,4,1,1,1.0,7,73115,M,0.0,0,73
200900013456,9,5,30,130,5,1,1,1.0,7,73240,M,0.0,0,73
200900013457,9,6,30,1345,1,1,1,1.0,7,47253,M,0.0,0,47
200900013458,9,6,15,1600,1,1,1,2.0,6,47127,M,0.0,0,47
200900013459,9,6,12,830,1,1,3,1.0,3,47165,M,0.0,0,47
200900013460,9,6,15,1015,1,1,1,2.0,6,47086,M,0.0,0,47
200900013461,9,6,15,1245,1,1,1,1.0,3,47145,M,0.0,0,47
200900013462,9,6,15,1715,1,2,1,1.0,3,47252,M,0.0,0,47
200900013463,9,6,16,1100,1,2,1,1.0,6,47100,M,0.0,0,47
200900013464,9,6,19,2130,2,1,3,1.0,1,47108,M,0.0,0,47
200900013465,9,6,1,1130,1,1,2,1.0,3,47056,M,0.0,0,47
200900013466,9,6,2,900,1,2,1,1.0,1,47324,M,0.0,0,47
200900013467,9,6,3,1215,1,1,1,1.0,3,47165,M,0.0,0,47
200900013468,9,6,5,900,1,2,1,1.0,6,47195,M,0.0,0,47
200900013469,9,6,6,545,2,1,1,1.0,6,47040,M,0.0,0,47
200900013470,9,6,7,445,3,1,1,1.0,2,47097,M,0.0,0,47
200900013471,9,6,7,1515,1,2,3,1.0,2,47106,M,0.0,0,47
200900013472,9,6,8,1745,1,1,2,8.0,1,47314,M,0.0,0,47
200900013473,9,6,9,1815,1,2,1,1.0,3,47280,M,0.0,0,47
200900013474,9,6,10,900,1,1,1,1.0,1,47209,M,0.0,0,47
200900013475,9,6,10,1730,1,1,1,1.0,6,47179,M,0.0,0,47
200900013476,9,6,21,245,5,2,6,1.0,6,47280,M,0.0,0,47
200900013477,9,6,21,1530,1,1,1,1.0,6,47142,M,0.0,0,47
200900013478,9,6,22,45,3,1,1,1.0,6,47165,M,0.0,0,47
200900013479,9,6,22,745,1,1,3,1.0,1,47065,M,0.0,0,47
200900013480,9,6,24,2015,1,2,3,1.0,2,47209,M,0.0,0,47
200900013481,9,6,27,1930,1,2,1,1.0,6,47175,M,0.0,0,47
200900013482,9,6,29,845,1,1,1,1.0,6,47258,M,0.0,0,47
200900013483,9,6,29,1415,1,1,1,1.0,1,47175,M,0.0,0,47
200900013484,9,6,30,745,1,1,1,1.0,1,47267,M,0.0,0,47
200900013485,9,4,22,1020,1,2,2,1.0,3,71076,M,,,71
200900013486,9,4,30,1927,2,2,1,1.0,6,71445,M,,,71
200900013487,9,4,12,1515,1,1,1,1.0,7,71195,M,0.0,0,71
200900013488,9,4,12,1600,1,1,1,1.0,6,71270,M,0.0,0,71
200900013489,9,4,12,1930,1,1,1,1.0,6,71283,M,4.0,0,71
200900013490,9,4,30,1430,1,2,3,1.0,3,71176,M,4.0,0,71
200900013491,9,4,30,1745,1,1,1,1.0,1,71200,M,4.0,0,71
200900013492,9,4,1,1430,1,2,1,1.0,6,71118,M,,,71
200900013493,9,4,3,815,1,1,1,1.0,1,71439,M,4.0,0,71
200900013494,9,4,3,2130,5,1,1,1.0,3,71591,M,4.0,0,71