Num_Acc,an,mois,jour,hrmn,lum,agg,int,atm,col,com,gps,lat,long,dep
200900014638,9,6,8,1310,1,2,2,8.0,3,86066,M,,,86
200900014639,9,6,9,425,4,2,1,1.0,6,86194,M,,,86
200900014640,9,6,13,715,1,2,2,1.0,3,86194,M,,,86
200900014641,9,6,30,745,1,2,1,1.0,3,86294,M,0.0,0,86
200900014642,9,6,26,1710,1,2,2,1.0,3,86194,M,,,86
200900014643,9,6,27,1203,1,2,2,1.0,4,86194,M,,,86
200900014644,9,6,23,2205,5,2,1,1.0,6,86133,M,,,86
200900014645,9,6,19,1755,1,2,2,1.0,3,86194,M,,,86
200900014646,9,6,18,1835,1,2,2,1.0,3,86194,M,,,86
200900014647,9,6,26,1620,1,1,1,1.0,1,86066,M,,,86
200900014648,9,6,24,815,1,2,2,1.0,3,86194,M,,,86
200900014649,9,6,23,1715,1,2,2,1.0,3,86194,M,,,86
200900014650,9,5,9,1915,1,1,2,1.0,3,16065,M,5.0,0,16
200900014651,9,5,10,100,3,1,1,1.0,6,16137,M,5.0,0,16
200900014652,9,5,10,1415,1,1,3,2.0,3,16026,M,5.0,0,16
200900014653,9,5,14,1710,1,2,3,1.0,6,16089,M,5.0,0,16
200900014654,9,5,20,1315,1,1,1,1.0,6,16132,M,5.0,0,16
200900014655,9,5,22,1745,1,1,1,1.0,7,16183,M,5.0,0,16
200900014656,9,5,30,30,3,1,1,1.0,1,16245,M,5.0,0,16
200900014657,9,5,8,1200,1,2,3,1.0,3,49099,M,,,49
200900014658,9,5,17,130,5,2,6,1.0,6,49007,M,,,49
200900014659,9,5,26,725,1,1,6,2.0,2,49328,M,,,49
200900014660,9,5,26,1048,1,2,1,1.0,2,49007,M,,,49
200900014661,9,5,19,1643,1,2,2,1.0,1,49007,M,,,49
200900014662,9,5,29,816,1,2,1,1.0,2,49007,M,,,49
200900014663,9,5,31,1715,1,2,2,1.0,3,49099,M,,,49
200900014664,9,5,20,1650,1,2,3,1.0,3,49099,M,,,49
200900014665,9,5,26,1400,1,2,1,1.0,7,49007,M,,,49
200900014666,9,5,30,1445,1,2,1,1.0,1,49007,M,,,49
200900014667,9,5,28,1355,1,2,1,1.0,7,49007,M,,,49
200900014668,9,5,25,902,1,2,3,1.0,3,49007,M,,,49
200900014669,9,5,27,1833,1,2,1,1.0,7,49007,M,,,49
200900014670,9,5,25,2000,1,2,1,3.0,7,49246,M,,,49
200900014671,9,5,17,1347,1,2,1,1.0,7,49007,M,,,49
200900014672,9,5,20,1739,1,2,1,1.0,1,49007,M,,,49
200900014673,9,5,23,1555,1,2,3,1.0,6,49007,M,,,49
200900014674,9,5,25,1556,1,2,2,1.0,7,49007,M,,,49
200900014675,9,5,16,1641,1,2,3,1.0,3,49007,M,,,49
200900014676,9,5,19,1728,1,2,3,1.0,3,49246,M,,,49
200900014677,9,5,24,2006,1,2,1,1.0,7,49015,M,,,49
200900014678,9,5,30,1905,1,2,1,1.0,7,49007,M,,,49
200900014679,9,5,5,1245,1,2,1,1.0,3,49328,M,,,49
200900014680,9,5,4,1053,1,2,1,1.0,6,49007,M,,,49
200900014681,9,5,3,110,3,2,1,1.0,7,49015,M,,,49
200900014682,9,5,6,744,1,2,1,1.0,7,49246,M,,,49
200900014683,9,5,5,844,1,2,1,1.0,3,49099,M,,,49
200900014684,9,5,15,825,1,2,2,1.0,2,49007,M,,,49
200900014685,9,5,14,2041,2,2,2,1.0,3,49007,M,,,49
200900014686,9,5,6,1144,1,2,1,1.0,7,49007,M,,,49
200900014687,9,5,13,1725,1,2,2,1.0,3,49099,M,,,49
200900014688,9,5,6,1340,1,2,1,1.0,6,49328,M,,,49
200900014689,9,5,14,1750,1,1,1,9.0,3,49328,M,,,49
200900014690,9,5,1,1358,1,2,1,1.0,3,49007,M,,,49
200900014691,9,5,6,1424,1,2,1,1.0,2,49007,M,,,49
200900014692,9,5,6,920,1,2,1,1.0,3,49007,M,,,49
200900014693,9,5,4,930,1,2,1,1.0,3,49328,M,,,49
200900014694,9,5,17,1400,1,1,1,1.0,6,49077,M,0.0,0,49
200900014695,9,5,16,1445,1,1,1,1.0,3,49289,M,0.0,0,49
200900014696,9,5,4,2215,1,1,1,1.0,7,49082,M,0.0,0,49
200900014697,9,5,8,1915,1,2,2,1.0,3,49080,M,4.0,-,49
200900014698,9,5,16,915,1,2,3,2.0,1,49018,M,4.0,-,49
200900014699,9,5,13,1045,1,1,1,1.0,1,49373,M,0.0,0,49
200900014700,9,5,14,1330,1,2,1,1.0,1,49276,M,0.0,0,49
200900014701,9,5,20,1700,1,2,1,1.0,3,49002,M,4.0,0,49
200900014702,9,5,30,1230,1,2,1,1.0,3,49092,M,4.0,-,49
200900014703,9,5,4,1215,1,1,1,1.0,7,49297,M,0.0,0,49
200900014704,9,5,14,2315,5,2,3,3.0,3,49050,M,0.0,0,49
200900014705,9,5,30,1445,1,1,1,1.0,6,49148,M,0.0,0,49
200900014706,9,5,21,915,1,1,1,1.0,1,49355,M,0.0,0,49
200900014707,9,5,11,1700,1,1,1,1.0,3,49161,M,0.0,0,49
200900014708,9,5,26,1530,1,2,3,1.0,3,49149,M,4.0,-,49
200900014709,9,5,17,1730,1,1,2,1.0,3,49180,M,0.0,0,49
200900014710,9,5,22,2015,1,1,1,1.0,7,49264,M,0.0,0,49
200900014711,9,5,12,1630,1,1,3,1.0,3,49154,M,0.0,0,49
200900014712,9,5,10,1745,1,1,2,2.0,3,49202,M,0.0,0,49
200900014713,9,5,4,30,3,1,1,1.0,6,49331,M,0.0,0,49
200900014714,9,5,9,600,2,1,1,8.0,7,49375,M,0.0,0,49
200900014715,9,5,15,1815,1,1,3,1.0,2,49026,M,0.0,0,49
200900014716,9,5,22,930,1,1,3,1.0,3,49244,M,0.0,0,49
200900014717,9,5,12,745,1,2,2,1.0,3,49021,M,4.0,-,49
200900014718,9,5,5,730,1,1,1,1.0,3,49180,M,4.0,-,49
200900014719,9,5,1,1430,1,1,2,1.0,3,49244,M,0.0,0,49
200900014720,9,5,14,2145,3,1,1,2.0,7,49265,M,0.0,0,49
200900014721,9,5,21,2015,1,1,1,1.0,1,49141,M,0.0,0,49
200900014722,9,5,17,2100,1,1,1,1.0,7,49097,M,0.0,0,49
200900014723,9,5,2,15,4,2,1,1.0,6,49176,M,4.0,-,49
200900014724,9,5,4,905,1,1,1,1.0,7,49328,M,,,49
200900014725,9,5,18,1555,1,2,1,1.0,5,49099,M,,,49
200900014726,9,5,19,720,1,1,1,1.0,7,49015,M,,,49
200900014727,9,5,21,1957,2,2,2,1.0,1,49007,M,,,49
200900014728,9,5,23,1621,1,2,1,1.0,2,49099,M,,,49
200900014729,9,5,26,1309,1,2,1,1.0,7,49007,M,,,49
200900014730,9,5,29,1702,1,2,1,1.0,2,49007,M,,,49
200900014731,9,6,2,1845,1,2,1,1.0,7,79220,M,0.0,0,79
200900014732,9,6,3,745,1,2,1,1.0,2,79191,M,,,79
200900014733,9,6,3,1045,1,2,1,1.0,7,79191,M,,,79
200900014734,9,6,3,1545,1,1,1,1.0,2,79208,M,0.0,0,79
200900014735,9,6,9,1445,1,2,3,1.0,7,79191,M,,,79
200900014736,9,6,9,1845,1,1,1,1.0,1,79049,M,0.0,0,79
200900014737,9,6,9,2025,1,2,3,1.0,4,79191,M,,,79
200900014738,9,6,13,215,3,1,1,1.0,6,79034,M,0.0,0,79
200900014739,9,6,13,1145,1,1,1,1.0,1,79013,M,0.0,0,79
200900014740,9,6,13,1715,1,2,1,1.0,7,79292,M,0.0,0,79
200900014741,9,6,15,1245,1,2,1,1.0,7,79191,M,,,79
200900014742,9,6,17,1715,1,1,1,1.0,7,79351,M,0.0,0,79
200900014743,9,6,18,1900,1,2,1,1.0,1,79265,M,0.0,0,79
200900014744,9,6,20,1430,1,1,1,1.0,7,79106,M,0.0,0,79
200900014745,9,6,21,45,3,1,1,1.0,6,79246,M,0.0,0,79
200900014746,9,6,22,1330,1,2,1,1.0,1,79340,M,0.0,0,79
200900014747,9,6,23,1330,1,1,1,1.0,6,79088,M,0.0,0,79
200900014748,9,6,25,1115,1,1,1,1.0,7,79076,M,0.0,0,79
200900014749,9,6,25,1630,1,1,1,1.0,2,79166,M,0.0,0,79
200900014750,9,6,16,1920,1,2,1,1.0,7,79191,M,,,79
200900014751,9,6,13,954,1,2,2,1.0,3,79329,M,,,79
200900014752,9,6,22,1217,1,2,1,1.0,3,79300,M,,,79
200900014753,9,6,27,1735,1,2,9,1.0,7,79329,M,,,79
200900014754,9,6,30,815,1,2,2,1.0,3,79191,M,,,79
200900014755,9,6,20,1915,1,2,1,1.0,6,79031,M,0.0,0,79
200900014756,9,6,17,1210,1,2,2,1.0,3,79191,M,,,79
200900014757,9,6,17,1805,1,1,1,1.0,6,79300,M,,,79
200900014758,9,6,24,1411,1,2,1,1.0,6,79191,M,,,79
200900014759,9,6,26,1100,1,2,1,1.0,7,79191,M,,,79
200900014760,9,6,29,1745,1,2,3,1.0,3,79329,M,,,79
200900014761,9,6,30,1,5,2,1,1.0,7,79191,M,,,79
200900014762,9,4,3,1715,1,1,1,2.0,7,30117,M,4.0,0,30
200900014763,9,4,5,830,1,2,1,1.0,6,30135,M,4.0,0,30
200900014764,9,4,5,830,1,1,1,1.0,6,30034,M,4.0,0,30
200900014765,9,4,5,1145,1,1,1,1.0,3,30235,M,0.0,0,30
200900014766,9,4,5,1515,1,1,1,1.0,3,30257,M,0.0,0,30
200900014767,9,4,5,1700,1,1,1,1.0,3,30258,M,0.0,0,30
200900014768,9,4,6,1600,1,1,1,1.0,1,30085,M,4.0,0,30
200900014769,9,4,10,1630,1,2,1,1.0,3,30059,M,4.0,0,30
200900014770,9,4,11,1245,1,1,1,2.0,1,30117,M,4.0,0,30
200900014771,9,4,12,2045,5,2,1,1.0,6,30258,M,0.0,0,30
200900014772,9,4,18,400,3,1,1,1.0,6,30070,M,4.0,0,30
200900014773,9,4,19,1730,1,1,1,1.0,1,30330,M,4.0,0,30
200900014774,9,4,22,145,3,1,1,1.0,4,30221,M,4.0,0,30
200900014775,9,4,15,1530,1,1,1,1.0,6,30349,M,4.0,0,30
200900014776,9,4,19,1615,1,2,1,3.0,4,30111,M,4.0,0,30
200900014777,9,4,22,1500,1,1,1,1.0,1,30325,M,4.0,0,30
200900014778,9,4,22,1800,1,2,1,1.0,1,30202,M,0.0,0,30
200900014779,9,4,23,1030,1,1,1,1.0,5,30235,M,4.0,0,30
200900014780,9,4,23,1130,1,1,1,1.0,7,30241,M,4.0,0,30
200900014781,9,4,24,1600,1,2,1,1.0,1,30334,M,4.0,0,30
200900014782,9,4,28,1155,1,2,2,1.0,3,30011,M,4.0,0,30
200900014783,9,4,25,845,1,1,1,1.0,7,30100,M,4.0,0,30
200900014784,9,4,25,1130,1,1,1,8.0,7,30269,M,4.0,0,30
200900014785,9,4,30,1015,1,2,1,1.0,6,30202,M,0.0,0,30
200900014786,9,4,28,1815,1,1,1,1.0,1,30185,M,4.0,0,30
200900014787,9,4,9,1715,1,2,1,1.0,2,30032,M,,,30
200900014788,9,4,27,2240,5,2,3,1.0,3,30007,M,,,30
200900014789,9,4,16,2025,5,2,1,1.0,6,30007,M,4.0,0,30
200900014790,9,4,30,745,1,2,1,1.0,6,30007,M,,,30
200900014791,9,4,4,1650,1,2,1,1.0,3,30032,M,4.0,0,30
200900014792,9,4,13,1900,1,1,1,1.0,1,30032,M,4.0,0,30
200900014793,9,4,30,1350,1,2,1,1.0,2,30007,M,,,30
200900014794,9,4,13,520,3,1,1,1.0,6,30032,M,,,30
200900014795,9,4,5,1615,1,2,1,1.0,6,30032,M,,,30
200900014796,9,4,12,1705,1,1,1,2.0,6,30032,M,4.0,0,30
200900014797,9,4,28,1347,1,2,1,1.0,6,30007,M,,,30
200900014798,9,4,11,1730,1,1,1,3.0,1,30003,M,0.0,0,30
200900014799,9,4,7,1925,1,2,1,1.0,7,30189,M,4.0,0,30
200900014800,9,4,1,1000,1,2,2,2.0,3,30189,M,4.0,0,30
200900014801,9,4,2,1100,1,2,1,3.0,4,30189,M,4.0,0,30
200900014802,9,4,6,615,3,2,1,1.0,3,30189,M,4.0,0,30
200900014803,9,4,4,1317,1,1,1,1.0,7,30189,M,4.0,0,30
200900014804,9,4,11,1800,1,2,1,3.0,1,30189,M,4.0,0,30
200900014805,9,4,6,1105,1,2,1,1.0,2,30189,M,4.0,0,30
200900014806,9,4,6,1555,1,2,6,1.0,6,30189,M,,,30
200900014807,9,4,10,1930,1,2,1,1.0,6,30189,M,4.0,0,30
200900014808,9,4,12,620,3,2,1,2.0,6,30189,M,4.0,0,30
200900014809,9,4,16,1946,2,2,2,2.0,3,30189,M,4.0,0,30
200900014810,9,4,13,1543,1,2,2,1.0,3,30189,M,4.0,0,30
200900014811,9,4,13,2320,3,1,1,1.0,6,30189,M,4.0,0,30
200900014812,9,4,20,745,1,2,1,1.0,3,30189,M,4.0,0,30
200900014813,9,4,18,725,1,2,1,1.0,3,30189,M,4.0,0,30
200900014814,9,4,22,1725,1,2,2,1.0,3,30189,M,4.0,0,30
200900014815,9,4,24,1645,1,2,1,1.0,2,30189,M,4.0,0,30
200900014816,9,4,25,1150,1,2,6,1.0,3,30189,M,4.0,0,30
200900014817,9,4,25,1155,1,1,1,1.0,3,30189,M,4.0,0,30
200900014818,9,4,26,30,5,2,3,1.0,3,30189,M,4.0,0,30
200900014819,9,4,27,1335,1,2,1,1.0,3,30189,M,4.0,0,30
200900014820,9,4,30,1840,1,2,3,1.0,3,30189,M,4.0,0,30
200900014821,9,4,1,1250,1,2,1,1.0,2,30189,M,4.0,0,30
200900014822,9,4,7,1900,1,2,2,2.0,3,30189,M,4.0,0,30
200900014823,9,4,27,1821,1,1,1,1.0,3,30189,M,4.0,0,30
200900014824,9,4,29,1520,1,2,1,1.0,3,30189,M,4.0,0,30
200900014825,9,4,29,1400,1,2,1,1.0,3,30189,M,4.0,0,30
200900014826,9,4,30,1337,1,2,1,1.0,2,30189,M,,,30
200900014827,9,4,30,1625,1,2,1,1.0,4,30189,M,4.0,0,30
200900014828,9,5,8,2013,1,2,1,1.0,6,30189,M,4.0,0,30
200900014829,9,5,3,1245,1,1,1,1.0,6,30174,M,4.0,0,30
200900014830,9,5,3,1700,1,2,1,1.0,2,30274,M,4.0,0,30
200900014831,9,5,3,1700,1,1,6,1.0,6,30276,M,0.0,0,30
200900014832,9,5,4,1222,1,2,2,1.0,3,30189,M,4.0,0,30
200900014833,9,5,4,1815,1,1,1,1.0,3,30036,M,4.0,0,30
200900014834,9,5,1,1805,1,2,2,1.0,3,30011,M,4.0,0,30
200900014835,9,5,1,1613,1,1,1,1.0,1,30189,M,4.0,0,30
200900014836,9,5,2,1955,1,2,1,1.0,3,30189,M,4.0,0,30
200900014837,9,5,6,800,1,2,9,1.0,6,30189,M,4.0,0,30
200900014838,9,5,5,1634,1,2,3,1.0,3,30189,M,4.0,0,30
200900014839,9,5,5,1830,1,1,6,1.0,3,30047,M,4.0,0,30
200900014840,9,5,6,1220,1,2,1,1.0,3,30189,M,4.0,0,30
200900014841,9,5,6,815,1,1,1,1.0,1,30130,M,4.0,0,30
200900014842,9,5,6,1100,1,2,1,1.0,3,30330,M,4.0,0,30
200900014843,9,5,6,1555,1,2,1,1.0,2,30007,M,,,30
200900014844,9,5,6,1719,1,2,2,1.0,3,30189,M,4.0,0,30
200900014845,9,5,6,1305,1,2,1,1.0,3,30007,M,,,30
200900014846,9,5,7,1553,1,2,1,1.0,6,30189,M,4.0,0,30
200900014847,9,5,7,1715,1,2,3,1.0,5,30189,M,4.0,0,30
200900014848,9,5,7,2210,5,2,2,1.0,3,30189,M,4.0,0,30
200900014849,9,5,8,1045,1,1,1,1.0,2,30344,M,4.0,0,30
200900014850,9,5,9,1637,1,2,2,1.0,3,30189,M,4.0,0,30
200900014851,9,5,8,2259,5,2,2,1.0,3,30189,M,4.0,0,30
200900014852,9,5,9,315,3,1,1,1.0,7,30088,M,0.0,0,30
200900014853,9,5,9,1800,1,1,1,1.0,5,30147,M,4.0,0,30
200900014854,9,5,9,1900,1,1,1,1.0,3,30269,M,4.0,0,30
200900014855,9,5,10,330,5,1,1,1.0,6,30189,M,4.0,0,30
200900014856,9,5,12,400,3,2,1,8.0,6,30307,M,4.0,0,30
200900014857,9,5,11,1230,1,2,2,1.0,3,30189,M,4.0,0,30
200900014858,9,5,11,1355,1,2,1,1.0,4,30007,M,,,30
200900014859,9,5,11,1635,1,2,1,1.0,3,30007,M,,,30
200900014860,9,5,14,1600,1,2,9,1.0,3,30189,M,4.0,0,30
200900014861,9,5,12,900,1,2,3,1.0,3,30007,M,,,30
200900014862,9,5,12,1400,1,2,1,1.0,3,30189,M,4.0,0,30
200900014863,9,5,12,1415,1,1,1,1.0,6,30092,M,4.0,0,30
200900014864,9,5,14,1315,1,2,6,1.0,3,30007,M,,,30
200900014865,9,5,14,1430,1,2,1,1.0,7,30007,M,,,30
200900014866,9,5,15,1700,1,1,1,1.0,7,30229,M,4.0,0,30
200900014867,9,5,17,1000,1,1,1,1.0,1,30315,M,4.0,0,30
200900014868,9,5,18,1002,1,2,1,1.0,7,30007,M,4.0,0,30
200900014869,9,5,19,815,1,1,1,1.0,3,30333,M,4.0,0,30
200900014870,9,5,19,845,1,2,1,1.0,4,30007,M,,,30
200900014871,9,5,19,1200,1,1,1,1.0,1,30008,M,4.0,0,30
200900014872,9,5,22,1615,1,1,1,1.0,6,30061,M,0.0,0,30
200900014873,9,5,21,1620,1,2,1,1.0,1,30351,M,4.0,0,30
200900014874,9,5,21,1655,1,1,3,1.0,3,30011,M,,,30
200900014875,9,5,23,300,3,1,1,1.0,6,30014,M,4.0,0,30
200900014876,9,5,22,1630,1,1,1,1.0,1,30214,M,4.0,0,30
200900014877,9,5,23,1100,1,1,1,1.0,7,30058,M,4.0,0,30
200900014878,9,5,23,1120,1,2,1,1.0,4,30007,M,,,30
200900014879,9,5,24,1800,1,1,1,1.0,7,30198,M,4.0,0,30
200900014880,9,5,25,1850,1,2,1,1.0,3,30007,M,4.0,0,30
200900014881,9,5,27,2045,3,2,1,1.0,3,30177,M,4.0,0,30
200900014882,9,5,28,1405,1,2,2,1.0,3,30007,M,,,30
200900014883,9,5,26,2000,1,1,1,1.0,6,30062,M,4.0,0,30
200900014884,9,5,27,1145,1,1,1,1.0,5,30093,M,4.0,0,30
200900014885,9,5,28,1315,1,2,1,1.0,6,30334,M,0.0,0,30
200900014886,9,5,28,1630,1,2,2,1.0,5,30243,M,,,30
200900014887,9,5,28,2315,3,1,6,1.0,2,30047,M,0.0,0,30
200900014888,9,5,29,1045,1,2,3,1.0,3,30007,M,,,30
200900014889,9,5,30,1230,1,1,1,1.0,7,30169,M,4.0,0,30
200900014890,9,5,29,2330,3,1,1,1.0,7,30290,M,0.0,0,30
200900014891,9,5,30,415,3,1,1,1.0,7,30348,M,0.0,0,30
200900014892,9,5,30,2230,3,2,1,1.0,6,30139,M,4.0,0,30
200900014893,9,5,30,25,3,1,1,1.0,2,30170,M,4.0,0,30
200900014894,9,5,2,1245,1,2,1,1.0,5,30258,M,0.0,0,30
200900014895,9,5,20,1130,1,1,1,1.0,1,30341,M,0.0,0,30
200900014896,9,5,16,1800,1,1,1,1.0,1,30006,M,4.0,0,30
200900014897,9,5,14,1715,1,2,1,1.0,1,30258,M,0.0,0,30
200900014898,9,5,3,1230,1,1,1,1.0,3,30331,M,0.0,0,30
200900014899,9,5,3,1645,1,1,1,1.0,7,30009,M,4.0,0,30
200900014900,9,5,2,1800,1,1,1,1.0,4,30145,M,4.0,0,30
200900014901,9,5,29,1230,1,1,1,1.0,2,30344,M,0.0,0,30
200900014902,9,5,26,1731,1,2,2,1.0,3,30189,M,4.0,0,30
200900014903,9,5,16,1730,1,2,1,1.0,2,30189,M,4.0,0,30
200900014904,9,5,13,1718,1,2,1,1.0,2,30189,M,4.0,0,30
200900014905,9,5,14,1504,1,2,1,1.0,3,30189,M,4.0,0,30
200900014906,9,5,16,811,1,2,1,1.0,6,30189,M,4.0,0,30
200900014907,9,5,18,1020,1,2,1,1.0,3,30189,M,4.0,0,30
200900014908,9,5,16,1655,1,2,1,1.0,6,30189,M,4.0,0,30
200900014909,9,5,23,419,5,2,1,1.0,6,30189,M,4.0,0,30
200900014910,9,5,24,2310,5,2,2,1.0,3,30189,M,4.0,0,30
200900014911,9,5,26,336,3,1,1,1.0,7,30189,M,,,30
200900014912,9,5,26,1750,1,2,1,1.0,2,30189,M,4.0,0,30
200900014913,9,5,26,2045,5,2,2,1.0,3,30189,M,4.0,0,30
200900014914,9,5,27,1020,1,2,1,1.0,2,30189,M,4.0,0,30
200900014915,9,5,28,2000,1,2,2,1.0,3,30189,M,4.0,0,30
200900014916,9,5,30,525,3,1,1,1.0,7,30189,M,4.0,0,30
200900014917,9,5,30,1510,1,2,9,1.0,3,30189,M,,,30
200900014918,9,1,1,440,5,2,1,1.0,6,82121,M,,,82
200900014919,9,1,1,1350,1,2,1,1.0,3,82121,M,,,82
200900014920,9,1,4,1430,1,1,1,1.0,6,82180,M,4.0,0,82
200900014921,9,1,8,1800,1,1,1,1.0,6,82151,M,0.0,0,82
200900014922,9,1,9,750,2,2,1,1.0,3,82121,M,,,82
200900014923,9,1,10,1245,1,1,1,1.0,7,82031,M,4.0,0,82
200900014924,9,1,14,1450,1,1,4,1.0,5,82079,M,4.0,0,82
200900014925,9,1,15,1340,1,2,1,1.0,6,82121,M,,,82
200900014926,9,1,16,2230,3,1,1,1.0,3,82088,M,4.0,0,82
200900014927,9,1,17,515,3,2,1,5.0,7,82017,M,4.0,0,82
200900014928,9,1,17,1130,1,1,1,1.0,6,82155,M,4.0,0,82
200900014929,9,1,18,330,3,1,1,1.0,6,82121,M,,,82
200900014930,9,1,19,30,3,1,1,1.0,7,82112,M,4.0,0,82
200900014931,9,1,22,1930,5,2,2,1.0,3,82033,M,,,82
200900014932,9,1,31,610,3,1,1,1.0,6,82121,M,,,82
200900014933,9,1,2,752,2,1,1,1.0,6,82121,M,,,82
200900014934,9,2,1,430,3,1,1,9.0,6,82033,M,,,82
200900014935,9,2,23,2000,5,2,1,1.0,3,82121,M,,,82
200900014936,9,2,24,1500,1,2,3,1.0,5,82121,M,,,82
200900014937,9,2,1,2300,3,1,1,1.0,6,82176,M,4.0,0,82
200900014938,9,2,2,845,3,1,9,1.0,2,82165,M,4.0,0,82
200900014939,9,2,4,745,2,1,1,1.0,1,82186,M,4.0,0,82
200900014940,9,2,7,415,3,1,1,1.0,6,82121,M,,,82
200900014941,9,2,7,1030,1,2,1,1.0,6,82112,M,0.0,0,82
200900014942,9,2,7,2200,3,1,1,1.0,1,82165,M,4.0,0,82
200900014943,9,2,14,1145,1,1,1,1.0,7,82031,M,4.0,0,82
200900014944,9,2,18,1950,5,1,1,1.0,2,82121,M,,,82
200900014945,9,2,20,2350,3,1,1,1.0,6,82121,M,,,82
200900014946,9,2,21,30,3,1,1,1.0,6,82094,M,0.0,0,82
200900014947,9,2,21,1755,1,2,1,1.0,2,82033,M,,,82
200900014948,9,2,28,315,3,1,3,1.0,1,82112,M,4.0,0,82
200900014949,9,2,28,1115,1,1,3,1.0,3,82121,M,,,82
200900014950,9,4,21,1830,1,2,2,1.0,3,59350,M,,,59
200900014951,9,4,6,2300,5,2,2,1.0,3,59350,M,,,59
200900014952,9,4,14,1250,1,2,1,1.0,6,59447,M,,,59
200900014953,9,4,11,1845,1,2,1,1.0,6,59350,M,,,59
200900014954,9,4,28,1200,1,2,2,1.0,3,59606,M,,,59
200900014955,9,4,3,1010,1,2,1,1.0,6,59234,M,,,59
200900014956,9,4,6,1645,1,2,1,1.0,6,59360,M,,,59
200900014957,9,4,22,2015,2,2,1,1.0,1,59178,M,,,59
200900014958,9,4,11,2000,1,2,3,1.0,1,59365,M,,,59
200900014959,9,4,10,1510,1,2,1,1.0,6,59350,M,,,59
200900014960,9,4,11,930,1,2,1,1.0,6,59350,M,,,59
200900014961,9,4,8,910,1,2,1,2.0,6,59527,M,,,59
200900014962,9,4,9,1700,1,2,1,1.0,6,59457,M,,,59
200900014963,9,4,12,2100,5,2,2,1.0,6,59599,M,,,59
200900014964,9,4,10,1805,1,2,2,1.0,3,59360,M,,,59
200900014965,9,4,6,630,2,2,1,1.0,6,59350,M,,,59
200900014966,9,4,2,1330,1,2,1,1.0,3,59599,M,,,59
200900014967,9,4,16,1020,1,2,1,1.0,1,59648,M,,,59
200900014968,9,4,10,2210,3,1,1,1.0,2,59234,M,,,59
200900014969,9,4,10,755,1,2,7,1.0,6,59606,M,,,59
200900014970,9,4,17,1800,1,2,1,1.0,6,59350,M,,,59
200900014971,9,4,18,2110,5,2,1,1.0,6,59009,M,,,59
200900014972,9,4,14,220,4,2,1,1.0,7,59392,M,,,59
200900014973,9,4,11,1734,1,2,1,1.0,6,59017,M,,,59
200900014974,9,4,4,1830,1,2,1,1.0,6,59291,M,,,59
200900014975,9,4,9,1445,1,2,1,1.0,3,59352,M,,,59
200900014976,9,4,12,255,5,2,3,2.0,7,59421,M,,,59
200900014977,9,4,8,1840,1,2,1,1.0,6,59527,M,,,59
200900014978,9,4,6,1625,1,2,1,1.0,6,59009,M,,,59
200900014979,9,4,15,1730,1,2,1,1.0,2,59360,M,,,59
200900014980,9,4,9,1830,1,2,1,1.0,6,59350,M,,,59
200900014981,9,4,27,1425,1,2,1,1.0,6,59606,M,,,59
200900014982,9,4,12,1305,1,2,1,1.0,6,59378,M,,,59
200900014983,9,4,14,1530,1,2,1,1.0,6,59476,M,,,59
200900014984,9,4,25,1715,1,2,3,1.0,3,59014,M,,,59
200900014985,9,4,10,1735,1,2,3,1.0,3,59410,M,,,59
200900014986,9,4,17,655,1,2,1,2.0,6,59606,M,,,59
200900014987,9,4,6,1350,1,2,1,1.0,6,59350,M,,,59
200900014988,9,4,7,1015,1,2,3,1.0,3,59410,M,,,59
200900014989,9,4,18,605,1,2,1,1.0,6,59507,M,,,59
200900014990,9,4,8,1730,1,2,1,1.0,6,59009,M,,,59
200900014991,9,4,4,630,2,2,2,1.0,3,59350,M,,,59
200900014992,9,4,8,1845,2,2,3,2.0,3,59350,M,,,59
200900014993,9,4,18,25,5,2,1,1.0,6,59207,M,,,59
200900014994,9,4,5,1830,1,2,1,1.0,6,59410,M,,,59
200900014995,9,4,19,1000,1,2,1,1.0,6,59009,M,,,59
200900014996,9,4,10,1715,1,2,4,1.0,3,59378,M,,,59
200900014997,9,4,7,945,1,2,1,2.0,3,59606,M,,,59
200900014998,9,4,9,1715,1,1,1,1.0,5,59316,M,,,59
200900014999,9,4,6,1150,1,2,2,1.0,3,59350,M,,,59
200900015000,9,4,15,1630,1,2,1,1.0,6,59122,M,,,59
200900015001,9,4,11,300,3,2,1,1.0,6,59329,M,,,59
200900015002,9,4,3,1300,1,2,2,1.0,6,59540,M,,,59
200900015003,9,4,14,1210,1,2,1,1.0,6,59599,M,,,59
200900015004,9,4,11,1115,1,2,1,1.0,6,59599,M,,,59
200900015005,9,4,22,1415,1,2,1,7.0,6,59122,M,,,59
200900015006,9,4,12,240,5,2,1,3.0,6,59359,M,,,59
200900015007,9,4,2,1215,1,1,1,1.0,1,59589,M,,,59
200900015008,9,4,3,755,1,1,4,5.0,2,59431,M,,,59
200900015009,9,4,5,1937,1,1,1,1.0,1,59329,M,,,59
200900015010,9,4,7,720,1,2,1,2.0,1,59491,M,,,59
200900015011,9,4,8,2030,2,2,1,1.0,2,59279,M,,,59
200900015012,9,4,25,315,3,1,1,1.0,7,59293,M,5.0,0,59
200900015013,9,4,29,1145,1,1,1,1.0,1,59663,M,5.0,0,59
200900015014,9,4,10,30,3,1,1,1.0,5,59401,M,0.0,0,59
200900015015,9,4,5,1715,1,1,1,1.0,3,59666,M,5.0,0,59
200900015016,9,4,20,930,1,2,1,1.0,1,59051,M,0.0,0,59
200900015017,9,4,14,1845,1,2,9,1.0,2,59212,M,0.0,0,59
200900015018,9,4,7,745,1,1,1,2.0,6,59539,M,0.0,0,59