Num_Acc,an,mois,jour,hrmn,lum,agg,int,atm,col,com,gps,lat,long,dep
200900015400,9,2,8,1350,1,2,1,1.0,7,35115,M,,,35
200900015401,9,2,21,2110,5,2,2,1.0,1,35238,M,,,35
200900015402,9,2,24,1750,1,2,6,1.0,7,35278,M,,,35
200900015403,9,2,13,1950,1,2,1,1.0,7,35093,M,,,35
200900015404,9,2,10,1703,1,2,1,1.0,7,35093,M,,,35
200900015405,9,2,2,745,5,2,1,1.0,6,35066,M,0.0,0,35
200900015406,9,2,6,830,1,2,2,2.0,3,35288,M,,,35
200900015407,9,2,23,2250,5,2,6,1.0,6,35238,M,,,35
200900015408,9,2,1,1450,1,2,1,1.0,6,35238,M,,,35
200900015409,9,2,2,830,1,2,2,1.0,6,35238,M,,,35
200900015410,9,2,4,1950,5,2,1,2.0,1,35238,M,,,35
200900015411,9,2,4,2005,5,2,2,2.0,6,35238,M,,,35
200900015412,9,2,7,230,5,2,2,2.0,3,35238,M,,,35
200900015413,9,2,8,540,5,2,3,1.0,6,35238,M,,,35
200900015414,9,2,10,221,5,2,2,2.0,6,35238,M,,,35
200900015415,9,2,10,1100,1,2,3,1.0,6,35238,M,,,35
200900015416,9,2,13,1840,5,2,1,8.0,4,35238,M,,,35
200900015417,9,2,15,1815,1,2,2,1.0,6,35238,M,,,35
200900015418,9,2,18,1110,1,2,1,1.0,6,35238,M,,,35
200900015419,9,2,19,1315,1,2,5,1.0,7,35206,M,,,35
200900015420,9,2,21,1415,1,2,2,1.0,6,35238,M,,,35
200900015421,9,2,25,1350,1,2,1,1.0,4,35238,M,,,35
200900015422,9,2,26,1510,1,2,1,1.0,7,35238,M,,,35
200900015423,9,2,27,855,1,2,6,1.0,3,35238,M,,,35
200900015424,9,2,28,103,5,2,2,1.0,3,35238,M,,,35
200900015425,9,2,22,1402,1,2,2,8.0,3,35238,M,,,35
200900015426,9,2,25,2105,5,2,3,1.0,3,35238,M,,,35
200900015427,9,2,28,1710,1,2,2,1.0,3,35238,M,,,35
200900015428,9,2,28,1730,1,1,1,1.0,6,35051,M,4.0,-,35
200900015429,9,2,6,1750,3,2,1,8.0,4,35238,M,,,35
200900015430,9,2,5,1100,1,1,1,1.0,1,35299,M,0.0,0,35
200900015431,9,2,5,1345,1,1,1,2.0,1,35108,M,4.0,-,35
200900015432,9,2,5,1915,3,1,1,1.0,1,35013,M,0.0,0,35
200900015433,9,2,6,1735,1,1,1,2.0,7,35238,M,,,35
200900015434,9,2,7,2200,3,1,1,4.0,1,35133,M,0.0,0,35
200900015435,9,2,12,1915,3,1,1,1.0,1,35189,M,0.0,0,35
200900015436,9,2,13,1300,1,2,1,1.0,1,35206,M,0.0,0,35
200900015437,9,2,16,1205,1,2,3,1.0,3,35288,M,,,35
200900015438,9,2,17,1430,1,2,1,1.0,6,35238,M,,,35
200900015439,9,2,17,1815,1,1,6,1.0,1,35051,M,0.0,0,35
200900015440,9,2,20,715,3,1,1,1.0,6,35196,M,0.0,0,35
200900015441,9,2,28,930,1,1,1,1.0,1,35337,M,0.0,0,35
200900015442,9,2,28,1300,1,1,2,1.0,3,35273,M,0.0,0,35
200900015443,9,1,18,1315,1,2,1,1.0,3,35093,M,,,35
200900015444,9,1,19,1640,1,2,3,2.0,2,35288,M,,,35
200900015445,9,1,28,940,1,2,1,2.0,6,35115,M,,,35
200900015446,9,1,5,1029,1,1,2,1.0,3,35241,M,,,35
200900015447,9,1,12,735,2,2,1,1.0,6,35115,M,,,35
200900015448,9,4,1,1741,1,2,1,1.0,3,47031,M,,,47
200900015449,9,4,9,850,1,2,1,1.0,7,38185,M,,,38
200900015450,9,4,7,2135,5,2,1,2.0,3,38185,M,,,38
200900015451,9,4,3,1550,1,2,1,1.0,2,38185,M,,,38
200900015452,9,4,3,900,1,2,1,1.0,2,38185,M,,,38
200900015453,9,4,2,1620,1,2,1,1.0,6,38185,M,,,38
200900015454,9,4,13,1125,1,2,1,1.0,6,38185,M,,,38
200900015455,9,4,14,2045,1,2,1,1.0,3,38516,M,,,38
200900015456,9,4,14,1500,1,2,1,1.0,6,38185,M,,,38
200900015457,9,4,8,1515,1,2,1,1.0,6,38169,M,,,38
200900015458,9,4,11,2055,1,2,1,1.0,3,38185,M,,,38
200900015459,9,4,2,1530,1,2,2,1.0,3,38185,M,,,38
200900015460,9,4,5,1900,1,2,1,1.0,6,38185,M,,,38
200900015461,9,4,10,1645,1,2,1,1.0,6,38185,M,,,38
200900015462,9,4,2,1140,1,2,1,1.0,6,38185,M,,,38
200900015463,9,4,2,745,1,2,6,1.0,7,38111,M,0.0,0,38
200900015464,9,4,19,1845,1,2,1,1.0,1,38451,M,0.0,0,38
200900015465,9,4,12,1630,1,1,1,1.0,1,38253,M,4.0,0,38
200900015466,9,4,29,1630,1,2,1,2.0,1,38314,M,4.0,0,38
200900015467,9,4,22,1845,1,1,2,7.0,3,38198,M,4.0,0,38
200900015468,9,4,2,1345,1,1,1,8.0,5,38030,M,0.0,0,38
200900015469,9,4,4,1400,1,1,1,1.0,7,38343,M,0.0,0,38
200900015470,9,4,17,1700,1,1,1,1.0,1,38451,M,0.0,0,38
200900015471,9,4,28,1800,1,1,1,1.0,1,38368,M,4.0,0,38
200900015472,9,4,12,1945,2,2,1,1.0,1,38314,M,0.0,0,38
200900015473,9,4,4,1430,1,1,1,1.0,6,38426,M,0.0,0,38
200900015474,9,4,16,930,1,1,1,3.0,1,38269,M,4.0,0,38
200900015475,9,4,18,1430,2,1,1,1.0,3,38478,M,4.0,0,38
200900015476,9,4,9,1630,1,1,1,1.0,7,38210,M,0.0,0,38
200900015477,9,4,23,1830,1,1,1,1.0,2,38474,M,0.0,0,38
200900015478,9,4,17,2000,2,1,1,1.0,1,38365,M,4.0,0,38
200900015479,9,4,10,1630,1,1,2,1.0,3,38130,M,4.0,0,38
200900015480,9,4,9,1745,1,2,1,1.0,6,38087,M,4.0,0,38
200900015481,9,4,25,1730,1,2,1,1.0,1,38214,M,0.0,0,38
200900015482,9,4,2,700,2,1,1,1.0,6,38134,M,4.0,0,38
200900015483,9,4,24,1900,1,1,1,1.0,6,38517,M,4.0,0,38
200900015484,9,4,14,1645,1,1,1,1.0,3,38344,M,4.0,0,38
200900015485,9,4,24,1230,1,1,1,1.0,2,38174,M,4.0,0,38
200900015486,9,4,13,2000,1,1,1,1.0,7,38314,M,0.0,0,38
200900015487,9,4,5,1215,1,2,1,1.0,2,38316,M,4.0,0,38
200900015488,9,4,15,1115,1,1,1,1.0,6,38246,M,0.0,0,38
200900015489,9,4,25,1230,1,1,1,1.0,2,38378,M,0.0,0,38
200900015490,9,4,21,1545,1,2,3,1.0,3,38499,M,4.0,0,38
200900015491,9,4,6,2030,5,2,1,1.0,6,38226,M,0.0,0,38
200900015492,9,4,6,1600,1,2,1,1.0,3,38507,M,4.0,0,38
200900015493,9,4,17,645,1,1,1,1.0,1,38467,M,4.0,0,38
200900015494,9,4,8,1530,1,1,1,1.0,5,38450,M,4.0,0,38
200900015495,9,4,19,1530,1,1,1,1.0,6,38342,M,0.0,0,38
200900015496,9,4,3,930,1,2,1,1.0,2,38474,M,0.0,0,38
200900015497,9,4,12,200,5,2,1,1.0,6,38253,M,4.0,0,38
200900015498,9,4,25,1645,1,1,1,1.0,6,38030,M,4.0,0,38
200900015499,9,4,23,200,5,2,1,1.0,6,38449,M,0.0,0,38
200900015500,9,4,2,930,1,1,1,1.0,5,38157,M,4.0,0,38
200900015501,9,4,7,830,1,1,1,1.0,5,38344,M,4.0,0,38
200900015502,9,4,24,1655,1,2,1,1.0,6,38185,M,,,38
200900015503,9,4,24,1330,1,2,1,1.0,3,38544,M,,,38
200900015504,9,4,30,840,1,2,1,1.0,3,38421,M,,,38
200900015505,9,4,28,1255,1,2,1,2.0,6,38185,M,,,38
200900015506,9,4,21,1540,1,2,1,1.0,6,38185,M,,,38
200900015507,9,4,24,1410,1,2,4,1.0,6,38185,M,,,38
200900015508,9,4,20,1300,1,2,1,2.0,3,38185,M,,,38
200900015509,9,4,22,1615,1,2,1,1.0,3,38185,M,,,38
200900015510,9,4,24,1340,1,2,4,1.0,6,38169,M,,,38
200900015511,9,4,16,1630,1,2,1,1.0,2,38185,M,,,38
200900015512,9,4,23,1715,1,2,1,1.0,3,38151,M,,,38
200900015513,9,4,24,1200,1,2,1,1.0,3,38423,M,,,38
200900015514,9,4,25,1520,1,2,2,1.0,3,38185,M,,,38
200900015515,9,4,29,2045,2,2,1,1.0,6,38185,M,,,38
200900015516,9,4,17,610,2,2,1,1.0,7,38185,M,,,38
200900015517,9,4,5,835,1,2,3,1.0,3,38053,M,,,38
200900015518,9,4,12,1300,1,2,1,1.0,3,38247,M,4.0,0,38
200900015519,9,4,14,30,5,1,6,1.0,7,38157,M,4.0,0,38
200900015520,9,4,20,1,3,2,7,1.0,3,38538,M,4.0,0,38
200900015521,9,4,23,845,1,1,1,1.0,2,38185,M,,,38
200900015522,9,4,30,2300,5,1,1,1.0,2,38544,M,,,38
200900015523,9,4,10,1930,1,1,1,1.0,6,38544,M,,,38
200900015524,9,4,5,715,1,1,7,1.0,3,38544,M,,,38
200900015525,9,6,20,1615,1,1,1,1.0,6,73054,M,,,73
200900015526,9,3,31,816,1,2,1,1.0,6,38544,M,,,38
200900015527,9,5,29,2000,1,2,4,1.0,3,47031,M,,,47
200900015528,9,4,9,1635,1,2,2,1.0,4,47031,M,,,47
200900015529,9,4,28,1915,1,2,1,1.0,6,47001,M,,,47
200900015530,9,5,15,705,2,2,1,2.0,6,71486,M,,,71
200900015531,9,5,29,2145,2,1,1,1.0,6,71212,M,0.0,0,71
200900015532,9,5,2,1645,1,1,1,1.0,2,71268,M,4.0,0,71
200900015533,9,5,4,1650,1,2,3,1.0,7,71306,M,,,71
200900015534,9,5,18,1005,1,1,9,1.0,3,71445,M,,,71
200900015535,9,5,28,815,1,1,1,1.0,3,71360,M,4.0,0,71
200900015536,9,5,25,1030,1,1,9,1.0,1,71220,M,4.0,0,71
200900015537,9,5,30,1115,1,1,1,1.0,3,71581,M,0.0,0,71
200900015538,9,5,16,1115,1,2,1,1.0,6,71342,M,0.0,0,71
200900015539,9,5,25,2230,5,2,1,1.0,6,71270,M,,,71
200900015540,9,5,3,1545,1,1,1,1.0,3,71384,M,0.0,0,71
200900015541,9,5,9,130,3,1,1,1.0,2,71360,M,4.0,0,71
200900015542,9,5,8,1145,1,2,1,1.0,6,71238,M,4.0,0,71
200900015543,9,5,3,1745,1,1,1,1.0,1,71355,M,4.0,0,71
200900015544,9,5,7,2240,5,2,1,1.0,7,71076,M,,,71
200900015545,9,5,8,1700,1,1,1,1.0,1,71196,M,4.0,0,71
200900015546,9,5,12,850,1,2,1,1.0,6,71270,M,,,71
200900015547,9,5,21,945,1,1,2,1.0,3,71422,M,0.0,0,71
200900015548,9,5,14,1300,1,2,1,1.0,1,71070,M,0.0,0,71
200900015549,9,5,17,730,1,1,2,1.0,3,71090,M,0.0,0,71
200900015550,9,5,17,1930,1,2,1,1.0,6,71270,M,,,71
200900015551,9,5,17,2010,1,2,1,1.0,6,71153,M,,,71
200900015552,9,5,18,2015,1,2,6,1.0,3,71270,M,,,71
200900015553,9,5,20,1420,1,2,1,1.0,6,71540,M,,,71
200900015554,9,5,22,1945,1,1,1,1.0,3,71475,M,0.0,0,71
200900015555,9,5,23,645,1,1,1,1.0,3,71010,M,4.0,0,71
200900015556,9,5,24,2035,1,2,2,1.0,6,71153,M,,,71
200900015557,9,5,24,2110,2,2,1,1.0,6,71270,M,,,71
200900015558,9,5,25,1510,1,2,1,1.0,1,71153,M,,,71
200900015559,9,5,25,1830,1,2,1,1.0,7,71528,M,4.0,0,71
200900015560,9,5,28,1530,1,2,1,1.0,6,71059,M,,,71
200900015561,9,5,30,730,1,1,1,1.0,3,71402,M,0.0,0,71
200900015562,9,5,30,1445,1,2,1,1.0,6,71137,M,0.0,0,71
200900015563,9,5,21,2030,1,2,1,1.0,6,71270,M,,,71
200900015564,9,5,31,1300,1,2,1,1.0,7,71270,M,,,71
200900015565,9,5,27,1545,1,2,3,1.0,3,71153,M,,,71
200900015566,9,5,26,1745,1,2,1,3.0,3,71153,M,,,71
200900015567,9,5,12,1255,1,2,1,1.0,3,71176,M,4.0,0,71
200900015568,9,5,17,915,1,2,1,1.0,6,71405,M,0.0,0,71
200900015569,9,5,2,1315,1,1,1,1.0,3,71261,M,4.0,0,71
200900015570,9,5,26,1215,1,1,1,1.0,2,71445,M,,,71
200900015571,9,5,26,1810,1,2,1,3.0,2,71153,M,,,71
200900015572,9,5,28,1645,1,2,1,8.0,7,71306,M,,,71
200900015573,9,5,29,1245,1,2,3,1.0,6,71153,M,,,71
200900015574,9,5,30,1130,1,2,1,1.0,3,71555,M,4.0,0,71
200900015575,9,6,3,1715,1,2,1,1.0,6,16070,M,5.0,0,16
200900015576,9,6,6,2300,3,1,1,3.0,6,16387,M,5.0,0,16
200900015577,9,6,17,1445,1,2,1,1.0,3,16389,M,5.0,0,16
200900015578,9,6,21,400,3,1,1,1.0,6,16385,M,5.0,0,16
200900015579,9,6,27,445,3,1,1,1.0,6,16028,M,5.0,0,16
200900015580,9,6,28,745,2,2,1,1.0,6,16192,M,5.0,0,16
200900015581,9,6,28,1815,1,1,1,1.0,6,16132,M,5.0,0,16
200900015582,9,6,28,645,1,2,1,1.0,6,16421,M,5.0,0,16
200900015583,9,4,27,1034,1,2,1,1.0,6,47001,M,,,47
200900015584,9,4,26,1450,1,2,1,2.0,1,47001,M,,,47
200900015585,9,4,25,1830,1,2,4,2.0,3,47031,M,,,47
200900015586,9,4,18,1900,1,2,4,1.0,4,47201,M,,,47
200900015587,9,4,23,1755,1,2,1,1.0,2,47031,M,,,47
200900015588,9,4,6,609,5,2,1,1.0,6,03185,M,,,03
200900015589,9,4,4,1430,1,1,1,1.0,6,03051,M,0.0,0,03
200900015590,9,4,5,630,5,2,1,2.0,6,03310,M,,,03
200900015591,9,4,6,1315,1,1,1,1.0,6,03156,M,0.0,0,03
200900015592,9,4,8,750,1,2,2,1.0,3,03185,M,,,03
200900015593,9,4,8,1900,1,2,2,1.0,3,03013,M,0.0,0,03
200900015594,9,4,9,1310,1,2,2,1.0,3,03310,M,0.0,0,03
200900015595,9,4,9,1930,1,2,1,1.0,5,03001,M,0.0,0,03
200900015596,9,4,17,1715,1,1,1,3.0,5,03320,M,0.0,0,03
200900015597,9,4,19,1725,1,2,1,1.0,7,03310,M,,,03
200900015598,9,4,14,2345,3,1,6,1.0,6,03242,M,0.0,0,03
200900015599,9,4,12,1125,1,2,1,1.0,3,03095,M,0.0,0,03
200900015600,9,4,18,1530,1,2,1,1.0,4,03310,M,0.0,0,03
200900015601,9,4,18,2030,1,1,2,1.0,3,03297,M,0.0,0,03
200900015602,9,4,20,1550,1,2,1,1.0,2,03185,M,,,03
200900015603,9,4,21,1815,1,1,1,1.0,5,03212,M,0.0,0,03
200900015604,9,4,22,1210,1,2,1,1.0,6,03310,M,,,03
200900015605,9,4,23,300,5,2,1,1.0,6,03185,M,,,03
200900015606,9,4,23,1445,1,1,1,1.0,1,03051,M,0.0,0,03
200900015607,9,4,23,1550,1,2,1,1.0,2,03310,M,0.0,0,03
200900015608,9,4,24,900,1,2,8,1.0,3,03190,M,0.0,0,03
200900015609,9,4,25,145,5,2,1,1.0,6,03118,M,0.0,0,03
200900015610,9,4,28,655,1,2,2,1.0,3,03185,M,0.0,0,03
200900015611,9,4,30,1745,1,1,1,1.0,6,03089,M,0.0,0,03
200900015612,9,4,30,1800,1,1,1,1.0,1,03174,M,0.0,0,03
200900015613,9,4,6,720,1,1,1,1.0,1,03101,M,0.0,0,03
200900015614,9,5,25,1405,1,2,2,1.0,3,47001,M,,,47
200900015615,9,5,19,1804,1,2,4,1.0,5,47001,M,,,47
200900015616,9,5,14,1655,1,2,3,2.0,3,47031,M,,,47
200900015617,9,6,19,1738,1,2,1,1.0,3,47001,M,,,47
200900015618,9,6,6,1515,1,1,2,3.0,3,36159,M,4.0,0,36
200900015619,9,6,6,1708,1,2,1,3.0,1,36202,M,4.0,0,36
200900015620,9,6,4,1055,1,2,1,1.0,3,36044,M,,,36
200900015621,9,6,28,1830,1,1,1,7.0,7,36135,M,4.0,0,36
200900015622,9,6,5,1830,1,1,1,1.0,5,36018,M,4.0,0,36
200900015623,9,6,11,1500,1,2,1,1.0,1,36006,M,4.0,0,36
200900015624,9,6,17,1300,1,1,1,1.0,3,36056,M,4.0,0,36
200900015625,9,6,12,1645,1,1,1,1.0,6,36200,M,4.0,0,36
200900015626,9,6,4,1415,1,1,1,1.0,7,36127,M,4.0,0,36
200900015627,9,6,22,1245,1,2,1,1.0,3,36046,M,4.0,0,36
200900015628,9,6,21,730,1,1,1,1.0,1,36005,M,4.0,0,36
200900015629,9,6,13,1915,1,1,3,1.0,1,36047,M,4.0,0,36
200900015630,9,6,3,1515,1,1,1,1.0,7,36094,M,4.0,0,36
200900015631,9,6,2,853,1,2,1,1.0,6,36044,M,4.0,0,36
200900015632,9,6,2,1907,1,2,1,1.0,2,36044,M,4.0,0,36
200900015633,9,6,20,1045,1,2,1,1.0,6,36088,M,4.0,0,36
200900015634,9,6,16,1008,1,2,1,1.0,6,36044,M,4.0,0,36
200900015635,9,6,30,1237,1,1,2,1.0,3,36044,M,4.0,0,36
200900015636,9,6,18,1709,1,2,1,1.0,3,36044,M,4.0,0,36
200900015637,9,6,22,1430,1,2,1,1.0,6,36044,M,,,36
200900015638,9,6,25,1840,1,2,2,1.0,3,36044,M,4.0,0,36
200900015639,9,6,17,1515,1,1,1,1.0,3,36018,M,4.0,0,36
200900015640,9,6,29,1934,1,2,2,1.0,3,36044,M,4.0,0,36
200900015641,9,6,22,758,1,2,1,1.0,6,47001,M,,,47
200900015642,9,5,6,1217,1,2,1,1.0,5,47001,M,,,47
200900015643,9,5,5,925,1,2,1,1.0,6,47001,M,,,47
200900015644,9,6,19,921,1,2,1,1.0,5,47001,M,,,47
200900015645,9,4,1,1615,1,2,1,1.0,6,82121,M,,,82
200900015646,9,4,4,2000,2,2,1,1.0,7,82186,M,4.0,0,82
200900015647,9,4,7,1815,1,1,2,2.0,3,82121,M,,,82
200900015648,9,4,9,130,3,1,1,1.0,7,82013,M,4.0,0,82
200900015649,9,4,10,2200,3,1,1,1.0,6,82026,M,4.0,0,82
200900015650,9,4,11,530,3,1,1,2.0,6,82167,M,4.0,0,82
200900015651,9,4,16,1730,1,1,2,1.0,3,82121,M,,,82
200900015652,9,4,18,730,1,1,1,5.0,1,82028,M,4.0,0,82
200900015653,9,4,19,720,1,1,1,1.0,6,82121,M,,,82
200900015654,9,4,20,745,1,1,2,1.0,3,82121,M,,,82
200900015655,9,4,24,1625,1,2,2,1.0,3,82121,M,,,82
200900015656,9,4,24,1845,1,2,6,1.0,3,82186,M,4.0,0,82
200900015657,9,5,5,955,1,2,3,1.0,3,81004,M,,,81
200900015658,9,5,30,155,5,2,1,1.0,6,81163,M,,,81
200900015659,9,5,11,2120,5,2,3,1.0,6,81105,M,,,81
200900015660,9,5,30,1940,1,2,1,1.0,3,81004,M,,,81
200900015661,9,5,3,1535,1,2,3,1.0,2,81163,M,,,81
200900015662,9,5,3,2330,3,1,1,1.0,6,81286,M,4.0,0,81
200900015663,9,5,31,1715,1,2,1,1.0,3,81315,M,4.0,0,81
200900015664,9,5,8,2130,3,1,1,1.0,1,81192,M,4.0,0,81
200900015665,9,5,31,1730,1,1,1,1.0,1,81062,M,4.0,0,81
200900015666,9,5,16,2100,3,1,1,1.0,6,81005,M,4.0,0,81
200900015667,9,5,16,430,3,1,1,1.0,7,81273,M,4.0,0,81
200900015668,9,5,15,2000,1,1,1,1.0,6,81264,M,4.0,0,81
200900015669,9,5,18,1500,1,1,1,1.0,1,81031,M,4.0,0,81
200900015670,9,5,18,1745,1,1,1,1.0,6,81078,M,4.0,0,81
200900015671,9,5,2,1800,1,1,1,1.0,6,81182,M,0.0,0,81
200900015672,9,5,9,2200,3,1,1,1.0,7,81090,M,4.0,0,81
200900015673,9,5,14,1200,1,2,1,3.0,6,81188,M,4.0,0,81
200900015674,9,5,9,1525,1,2,3,1.0,7,81065,M,,,81
200900015675,9,5,3,1730,1,2,1,1.0,3,81219,M,4.0,0,81
200900015676,9,5,10,1820,1,1,1,1.0,6,81105,M,,,81
200900015677,9,6,30,2015,1,1,1,1.0,3,81318,M,4.0,0,81
200900015678,9,6,10,1700,1,2,1,1.0,6,81281,M,4.0,0,81
200900015679,9,6,28,1315,1,1,1,1.0,6,81220,M,4.0,0,81
200900015680,9,6,7,1400,1,1,2,1.0,3,81220,M,4.0,0,81
200900015681,9,6,19,845,1,1,1,1.0,7,81120,M,0.0,0,81
200900015682,9,6,4,1115,1,1,1,1.0,3,81204,M,4.0,0,81
200900015683,9,6,24,1815,1,1,1,1.0,1,81161,M,4.0,0,81
200900015684,9,6,19,1715,1,1,1,1.0,3,81266,M,0.0,0,81
200900015685,9,6,20,1315,1,1,1,1.0,6,81208,M,4.0,0,81
200900015686,9,6,4,1015,1,1,1,1.0,6,81160,M,4.0,0,81
200900015687,9,6,15,1130,1,1,1,1.0,1,81059,M,0.0,0,81
200900015688,9,6,23,1345,1,1,1,1.0,3,81247,M,4.0,0,81
200900015689,9,6,20,845,1,1,1,1.0,1,81146,M,4.0,0,81
200900015690,9,6,10,1445,1,1,1,1.0,6,81196,M,4.0,0,81
200900015691,9,6,23,2215,5,2,6,1.0,3,81130,M,0.0,0,81
200900015692,9,6,9,1400,1,2,9,1.0,6,81163,M,,,81
200900015693,9,6,30,1355,1,2,1,1.0,7,81163,M,,,81
200900015694,9,6,17,2250,5,2,4,1.0,3,81105,M,,,81
200900015695,9,6,2,2020,2,1,1,1.0,6,81163,M,,,81
200900015696,9,6,3,1855,1,2,1,1.0,2,81163,M,,,81
200900015697,9,2,3,1600,1,1,1,2.0,6,84072,M,4.0,0,84
200900015698,9,2,10,1715,2,1,1,7.0,1,84063,M,4.0,0,84
200900015699,9,2,27,1930,3,1,1,1.0,6,84141,M,0.0,0,84
200900015700,9,2,7,815,5,1,1,2.0,6,84081,M,0.0,0,84
200900015701,9,2,20,2100,3,2,1,1.0,6,84141,M,4.0,0,84
200900015702,9,2,28,1700,1,2,1,1.0,6,84019,M,4.0,0,84
200900015703,9,2,2,915,1,1,1,1.0,2,84129,M,0.0,0,84
200900015704,9,2,12,900,1,2,2,1.0,3,84054,M,0.0,0,84
200900015705,9,2,5,1715,1,1,1,1.0,6,84150,M,0.0,0,84
200900015706,9,2,11,1100,1,2,1,1.0,6,84043,M,0.0,0,84
200900015707,9,2,13,215,5,2,1,1.0,7,84119,M,0.0,0,84
200900015708,9,2,9,1845,2,2,1,1.0,3,84035,M,,,84
200900015709,9,2,9,1130,1,2,1,1.0,3,84007,M,,,84
200900015710,9,2,11,1420,1,1,1,6.0,3,84007,M,,,84
200900015711,9,2,6,1930,5,2,1,1.0,3,84007,M,,,84
200900015712,9,2,13,815,1,1,2,1.0,1,84007,M,,,84
200900015713,9,2,8,820,1,2,2,1.0,5,84007,M,,,84
200900015714,9,2,10,1905,5,2,1,1.0,2,84007,M,,,84
200900015715,9,2,19,1700,1,2,1,1.0,6,84138,M,0.0,0,84
200900015716,9,2,26,1610,1,2,1,1.0,3,84089,M,,,84
200900015717,9,2,11,1845,3,2,1,1.0,6,84129,M,0.0,0,84
200900015718,9,2,21,1715,1,2,2,1.0,5,84035,M,,,84
200900015719,9,2,18,1345,1,1,3,1.0,3,84007,M,,,84
200900015720,9,2,23,1725,1,2,1,1.0,3,84007,M,,,84
200900015721,9,2,17,2255,5,2,1,1.0,5,84007,M,,,84
200900015722,9,2,25,1530,1,2,1,1.0,3,84007,M,,,84
200900015723,9,2,24,1825,2,2,1,1.0,6,84007,M,,,84
200900015724,9,2,17,1320,1,2,3,6.0,3,84007,M,,,84
200900015725,9,2,9,1130,1,1,1,1.0,3,84007,M,,,84
200900015726,9,2,11,2020,5,2,1,1.0,5,84035,M,,,84
200900015727,9,2,20,1700,1,2,1,1.0,2,84007,M,,,84
200900015728,9,2,21,1655,1,2,1,1.0,3,84007,M,,,84
200900015729,9,2,6,1825,4,2,1,1.0,4,84007,M,,,84
200900015730,9,2,16,1645,1,1,7,1.0,1,84138,M,0.0,0,84
200900015731,9,2,17,5,5,2,1,1.0,6,84007,M,,,84
200900015732,9,2,17,900,1,1,1,1.0,2,84129,M,4.0,0,84
200900015733,9,2,1,1900,3,1,1,1.0,6,84112,M,4.0,0,84
200900015734,9,2,2,855,1,2,1,1.0,2,84007,M,,,84
200900015735,9,2,6,715,2,1,1,8.0,3,84039,M,4.0,0,84
200900015736,9,2,16,1810,1,2,1,1.0,2,84007,M,,,84
200900015737,9,2,25,1700,1,2,1,1.0,2,84007,M,,,84
200900015738,9,3,31,2335,5,2,3,1.0,3,84007,M,,,84
200900015739,9,3,26,730,1,1,1,1.0,6,84007,M,,,84
200900015740,9,3,28,2000,1,2,1,1.0,5,84007,M,,,84
200900015741,9,3,26,1535,1,2,1,1.0,3,84007,M,,,84
200900015742,9,3,20,520,5,2,1,1.0,3,84007,M,,,84
200900015743,9,3,27,1835,1,2,1,1.0,2,84007,M,,,84
200900015744,9,3,24,2020,5,2,1,6.0,5,84007,M,,,84
200900015745,9,3,18,1710,1,2,1,1.0,6,84087,M,,,84
200900015746,9,3,1,1210,1,1,9,1.0,5,84035,M,,,84
200900015747,9,3,13,1710,1,2,1,1.0,1,84007,M,,,84
200900015748,9,3,5,1630,1,2,1,1.0,2,84007,M,,,84
200900015749,9,3,9,1520,1,2,1,1.0,3,84007,M,,,84
200900015750,9,3,1,2150,5,2,1,2.0,1,84007,M,,,84
200900015751,9,3,11,2005,5,2,6,1.0,3,84007,M,,,84
200900015752,9,3,5,1500,1,2,1,1.0,2,84089,M,,,84
200900015753,9,3,14,1310,1,2,1,1.0,2,84007,M,,,84
200900015754,9,3,7,455,5,2,3,1.0,1,84089,M,,,84
200900015755,9,3,8,1550,1,2,1,1.0,6,84007,M,,,84
200900015756,9,3,18,815,1,1,1,1.0,1,84034,M,0.0,0,84
200900015757,9,3,10,1715,1,1,1,1.0,7,84122,M,0.0,0,84
200900015758,9,3,28,1130,1,1,1,1.0,7,84022,M,0.0,0,84
200900015759,9,3,2,600,3,1,1,2.0,6,84087,M,0.0,0,84
200900015760,9,3,14,1115,1,1,1,1.0,1,84003,M,0.0,0,84
200900015761,9,3,30,1945,2,1,2,1.0,3,84029,M,0.0,0,84
200900015762,9,3,14,2130,1,2,1,1.0,3,84086,M,0.0,0,84
200900015763,9,3,23,1245,1,1,1,1.0,1,84137,M,0.0,0,84
200900015764,9,3,15,1730,1,2,2,1.0,1,84099,M,0.0,0,84
200900015765,9,3,15,530,5,2,1,1.0,6,84092,M,4.0,0,84
200900015766,9,3,21,1,5,2,1,1.0,7,84050,M,4.0,0,84
200900015767,9,3,4,1630,1,1,1,3.0,6,84078,M,0.0,0,84
200900015768,9,3,22,1845,1,1,3,1.0,3,84088,M,0.0,0,84
200900015769,9,3,28,1000,1,2,1,1.0,4,84132,M,0.0,0,84
200900015770,9,3,13,1830,1,1,1,1.0,3,84141,M,0.0,0,84
200900015771,9,3,28,1930,5,1,1,2.0,3,84039,M,0.0,0,84
200900015772,9,3,18,1900,5,2,1,1.0,3,84089,M,,,84
200900015773,9,3,27,740,1,2,1,1.0,6,84089,M,,,84
200900015774,9,3,24,1830,1,2,1,1.0,5,84007,M,,,84
200900015775,9,3,25,1930,5,2,1,1.0,3,84007,M,,,84
200900015776,9,3,28,1945,5,2,1,2.0,6,84137,M,0.0,0,84
200900015777,9,4,24,220,5,2,2,1.0,3,84007,M,,,84
200900015778,9,4,7,1725,1,2,1,1.0,3,84087,M,,,84
200900015779,9,4,1,1235,1,2,1,1.0,6,84007,M,,,84
200900015780,9,4,25,1710,1,2,1,1.0,6,84007,M,,,84
200900015781,9,4,17,1150,1,2,1,1.0,3,84007,M,,,84