Num_Acc,an,mois,jour,hrmn,lum,agg,int,atm,col,com,gps,lat,long,dep
200900016945,9,5,10,1315,1,1,1,2.0,1,19150,M,4.0,0,19
200900016946,9,5,12,1415,1,1,1,1.0,2,19255,M,4.0,0,19
200900016947,9,5,13,1500,1,2,2,1.0,5,19031,M,4.0,0,19
200900016948,9,5,14,1130,1,2,1,2.0,6,19031,M,4.0,0,19
200900016949,9,5,15,830,1,1,1,2.0,1,19130,M,4.0,0,19
200900016950,9,5,15,840,1,2,1,2.0,5,19031,M,4.0,0,19
200900016951,9,5,19,1645,1,1,3,1.0,1,19272,M,4.0,0,19
200900016952,9,5,16,1355,1,2,1,1.0,2,19031,M,4.0,0,19
200900016953,9,5,17,730,1,1,1,1.0,6,19117,M,4.0,0,19
200900016954,9,5,18,815,1,1,1,1.0,1,19229,M,4.0,0,19
200900016955,9,5,22,1400,1,2,1,1.0,7,19031,M,4.0,0,19
200900016956,9,5,24,1130,1,1,1,1.0,1,19063,M,4.0,0,19
200900016957,9,5,24,1630,1,1,1,1.0,7,19192,M,4.0,0,19
200900016958,9,5,25,1440,1,2,3,1.0,3,19031,M,4.0,0,19
200900016959,9,5,25,2305,5,2,1,3.0,2,19031,M,4.0,0,19
200900016960,9,5,26,1115,1,1,1,1.0,6,19002,M,4.0,0,19
200900016961,9,5,27,1120,1,2,2,1.0,3,19031,M,4.0,0,19
200900016962,9,5,29,1720,1,2,3,1.0,3,19031,M,4.0,0,19
200900016963,9,7,15,745,1,2,1,1.0,3,16351,M,5.0,0,16
200900016964,9,7,3,15,3,1,1,1.0,6,16063,M,5.0,0,16
200900016965,9,7,3,1845,1,2,1,1.0,3,16375,M,5.0,0,16
200900016966,9,7,21,745,1,1,1,1.0,1,16242,M,5.0,0,16
200900016967,9,7,23,2215,3,1,2,1.0,6,16393,M,5.0,0,16
200900016968,9,7,5,1245,1,1,1,1.0,7,16158,M,5.0,0,16
200900016969,9,7,3,1430,1,1,1,1.0,7,16232,M,5.0,0,16
200900016970,9,7,23,1145,1,1,1,1.0,6,16061,M,5.0,0,16
200900016971,9,7,20,1330,1,1,1,1.0,3,16415,M,5.0,0,16
200900016972,9,7,13,1515,1,1,1,1.0,3,16134,M,5.0,0,16
200900016973,9,7,19,125,5,2,1,1.0,1,16102,M,5.0,0,16
200900016974,9,7,25,115,4,2,1,1.0,6,16194,M,5.0,0,16
200900016975,9,7,4,1555,1,2,2,1.0,5,16089,M,5.0,0,16
200900016976,9,6,29,2200,1,1,1,1.0,2,44098,M,0.0,0,44
200900016977,9,3,13,904,1,1,1,1.0,4,44109,M,,,44
200900016978,9,4,8,740,5,2,3,2.0,3,37261,M,,,37
200900016979,9,1,5,1500,1,2,2,1.0,3,13108,M,,,13
200900016980,9,1,12,1830,5,2,1,1.0,6,13108,M,,,13
200900016981,9,1,19,1700,2,2,1,2.0,3,13001,M,,,13
200900016982,9,1,30,1715,1,1,1,1.0,3,13044,M,0.0,0,13
200900016983,9,1,19,1030,1,1,1,1.0,5,13041,M,4.0,0,13
200900016984,9,1,19,830,1,2,3,9.0,1,13045,M,4.0,0,13
200900016985,9,1,13,800,1,1,1,1.0,6,13100,M,4.0,0,13
200900016986,9,1,18,845,2,1,6,5.0,7,13032,M,4.0,0,13
200900016987,9,1,19,1945,5,1,1,2.0,2,13004,M,4.0,0,13
200900016988,9,1,18,515,3,1,1,9.0,6,13051,M,4.0,0,13
200900016989,9,1,6,715,2,2,1,1.0,1,13027,M,,,13
200900016990,9,1,30,715,2,1,3,1.0,3,13051,M,0.0,0,13
200900016991,9,1,15,505,5,1,1,1.0,6,13001,M,,,13
200900016992,9,1,15,1500,1,1,1,9.0,1,13082,M,4.0,0,13
200900016993,9,1,10,1410,1,1,3,1.0,3,13001,M,,,13
200900016994,9,1,1,845,1,1,1,1.0,2,13041,M,,,13
200900016995,9,1,12,1030,1,1,1,1.0,5,13033,M,4.0,0,13
200900016996,9,1,1,420,3,1,1,1.0,5,13001,M,,,13
200900016997,9,1,19,1615,1,2,1,2.0,2,13106,M,4.0,0,13
200900016998,9,1,10,1500,1,2,1,1.0,7,13084,M,0.0,0,13
200900016999,9,1,21,1730,2,2,4,1.0,3,13089,M,4.0,0,13
200900017000,9,1,6,2215,5,2,1,1.0,7,13106,M,0.0,0,13
200900017001,9,1,18,1315,1,1,1,1.0,3,13040,M,4.0,0,13
200900017002,9,1,1,2230,5,1,1,1.0,7,13041,M,,,13
200900017003,9,1,6,1615,1,1,9,1.0,3,13019,M,0.0,0,13
200900017004,9,1,21,1545,1,1,1,1.0,2,13112,M,4.0,0,13
200900017005,9,1,18,630,2,1,1,1.0,1,13014,M,4.0,0,13
200900017006,9,1,30,815,1,1,1,1.0,2,13033,M,4.0,0,13
200900017007,9,1,23,930,1,1,1,2.0,3,13059,M,4.0,0,13
200900017008,9,1,23,1145,1,1,1,2.0,3,13113,M,4.0,0,13
200900017009,9,1,5,1045,1,1,3,1.0,3,13080,M,4.0,0,13
200900017010,9,1,13,1340,1,2,1,1.0,3,13001,M,,,13
200900017011,9,1,10,2355,5,2,3,4.0,3,13054,M,,,13
200900017012,9,1,2,1940,5,2,6,1.0,1,13054,M,,,13
200900017013,9,1,7,815,1,2,1,4.0,6,13054,M,,,13
200900017014,9,1,19,1230,1,2,1,1.0,2,13004,M,,,13
200900017015,9,1,15,1645,1,2,6,1.0,6,13102,M,,,13
200900017016,9,1,21,930,1,2,1,1.0,6,13004,M,,,13
200900017017,9,1,19,900,1,2,3,1.0,3,13004,M,,,13
200900017018,9,1,17,2330,5,2,3,1.0,2,13004,M,,,13
200900017019,9,1,23,1230,1,2,3,2.0,3,13004,M,,,13
200900017020,9,1,18,1845,5,2,2,8.0,3,13004,M,,,13
200900017021,9,1,26,1420,1,2,1,2.0,5,13004,M,,,13
200900017022,9,1,19,1655,1,2,1,1.0,3,13004,M,,,13
200900017023,9,1,30,1700,1,2,1,1.0,2,13077,M,,,13
200900017024,9,1,31,1000,1,2,2,1.0,3,13103,M,,,13
200900017025,9,1,24,1940,5,2,1,2.0,6,13071,M,,,13
200900017026,9,1,26,740,2,2,1,3.0,5,13056,M,,,13
200900017027,9,1,20,315,3,1,1,1.0,6,13055,M,4.0,0,13
200900017028,9,1,14,1811,3,1,1,1.0,4,13071,M,4.0,0,13
200900017029,9,1,23,432,3,1,1,2.0,2,13001,M,4.0,0,13
200900017030,9,1,9,1830,5,1,1,1.0,2,13055,M,4.0,0,13
200900017031,9,1,9,2010,5,1,1,1.0,3,13055,M,,,13
200900017032,9,1,15,1915,3,1,1,1.0,6,13071,M,4.0,0,13
200900017033,9,1,19,835,1,1,1,1.0,2,13117,M,4.0,0,13
200900017034,9,1,29,800,1,1,1,1.0,4,13055,M,4.0,0,13
200900017035,9,1,18,1015,1,1,1,1.0,6,13055,M,,,13
200900017036,9,1,14,945,1,1,1,1.0,3,13085,M,4.0,0,13
200900017037,9,1,14,1710,5,1,1,1.0,7,13055,M,4.0,0,13
200900017038,9,1,30,1815,2,1,1,1.0,3,13028,M,4.0,0,13
200900017039,9,1,29,1445,1,1,1,1.0,7,13055,M,4.0,0,13
200900017040,9,1,15,1118,1,1,1,1.0,2,13055,M,,,13
200900017041,9,1,14,320,3,1,1,1.0,6,13055,M,4.0,0,13
200900017042,9,1,26,1629,1,1,1,2.0,6,13071,M,4.0,0,13
200900017043,9,1,9,617,3,1,4,8.0,7,13015,M,4.0,0,13
200900017044,9,1,12,920,1,1,1,1.0,3,13055,M,4.0,0,13
200900017045,9,1,20,1300,1,1,1,1.0,6,13055,M,4.0,0,13
200900017046,9,1,30,1915,3,1,1,2.0,3,13001,M,4.0,0,13
200900017047,9,1,16,1910,3,1,1,1.0,4,13055,M,4.0,0,13
200900017048,9,1,4,5,5,1,1,1.0,6,13055,M,,,13
200900017049,9,1,22,730,2,1,1,1.0,3,13005,M,4.0,0,13
200900017050,9,1,10,1415,1,1,1,1.0,2,13071,M,4.0,0,13
200900017051,9,1,31,1130,1,1,1,1.0,7,13005,M,4.0,0,13
200900017052,9,1,4,1848,3,1,1,1.0,6,13071,M,4.0,0,13
200900017053,9,1,7,643,3,1,1,4.0,5,13071,M,4.0,0,13
200900017054,9,1,1,242,3,1,1,1.0,6,13015,M,4.0,0,13
200900017055,9,1,11,1345,1,1,1,1.0,4,13055,M,4.0,0,13
200900017056,9,1,18,1205,1,2,1,1.0,6,13028,M,,,13
200900017057,9,1,29,715,2,1,3,1.0,3,13117,M,4.0,0,13
200900017058,9,1,20,1037,1,2,6,1.0,3,13103,M,4.0,0,13
200900017059,9,1,16,1645,1,1,1,1.0,7,13039,M,4.0,0,13
200900017060,9,1,27,730,2,2,1,1.0,2,13071,M,,,13
200900017061,9,1,12,1220,1,1,1,1.0,3,13071,M,,,13
200900017062,9,1,31,930,1,1,1,1.0,3,13117,M,,,13
200900017063,9,1,29,655,3,1,1,1.0,2,13117,M,4.0,0,13
200900017064,9,1,21,1855,5,2,1,1.0,6,13108,M,,,13
200900017065,9,1,29,1045,1,1,2,1.0,3,13056,M,,,13
200900017066,9,1,26,1835,3,1,1,2.0,4,13001,M,4.0,0,13
200900017067,9,1,27,1414,1,1,1,1.0,2,13001,M,,,13
200900017068,9,1,16,1315,1,1,9,1.0,5,13056,M,,,13
200900017069,9,1,17,2145,3,1,1,1.0,3,13056,M,4.0,0,13
200900017070,9,1,25,540,5,2,1,1.0,7,13103,M,,,13
200900017071,9,1,31,2020,2,2,9,1.0,3,13056,M,4.0,0,13
200900017072,9,1,20,1250,1,2,3,1.0,3,13004,M,,,13
200900017073,9,1,21,600,5,2,1,1.0,6,13005,M,,,13
200900017074,9,1,23,1900,5,2,3,1.0,3,13206,M,,,13
200900017075,9,1,25,730,1,2,1,1.0,6,13213,M,,,13
200900017076,9,1,22,750,1,2,1,1.0,3,13208,M,,,13
200900017077,9,1,9,1630,1,2,3,2.0,3,13203,M,,,13
200900017078,9,1,20,910,1,2,1,1.0,3,13215,M,,,13
200900017079,9,1,13,1820,5,2,1,1.0,5,13205,M,,,13
200900017080,9,1,10,2130,5,2,6,1.0,3,13213,M,,,13
200900017081,9,1,20,800,1,2,1,1.0,6,13210,M,,,13
200900017082,9,1,18,1215,1,2,1,1.0,6,13209,M,,,13
200900017083,9,1,23,1610,1,2,1,1.0,1,13211,M,,,13
200900017084,9,1,13,1045,1,2,1,1.0,6,13202,M,,,13
200900017085,9,1,6,1350,1,2,3,1.0,3,13209,M,,,13
200900017086,9,1,22,1145,1,2,3,1.0,3,13212,M,,,13
200900017087,9,1,5,2010,1,2,1,1.0,2,13205,M,,,13
200900017088,9,1,16,830,1,2,1,1.0,3,13211,M,,,13
200900017089,9,1,21,1815,5,2,1,1.0,3,13210,M,,,13
200900017090,9,1,6,1850,5,2,1,1.0,3,13209,M,,,13
200900017091,9,1,22,800,1,2,1,1.0,3,13055,M,,,13
200900017092,9,1,15,905,1,2,9,1.0,3,13208,M,,,13
200900017093,9,1,21,705,2,2,1,1.0,6,13055,M,4.0,0,13
200900017094,9,1,30,745,1,2,1,1.0,6,13206,M,,,13
200900017095,9,1,22,1615,1,2,1,1.0,2,13205,M,,,13
200900017096,9,1,15,1655,1,2,1,1.0,6,13055,M,,,13
200900017097,9,1,22,1545,1,2,1,1.0,3,13075,M,,,13
200900017098,9,1,3,2215,5,2,6,1.0,3,13211,M,,,13
200900017099,9,1,29,840,1,2,2,1.0,3,13206,M,,,13
200900017100,9,1,25,2335,3,2,1,2.0,1,13216,M,,,13
200900017101,9,1,5,755,1,2,3,1.0,2,13205,M,,,13
200900017102,9,1,20,1315,1,2,1,1.0,6,13205,M,,,13
200900017103,9,1,29,650,2,2,1,1.0,6,13055,M,,,13
200900017104,9,1,24,1915,5,2,1,2.0,3,13209,M,,,13
200900017105,9,1,23,1735,5,2,1,1.0,3,13212,M,,,13
200900017106,9,1,5,900,1,2,1,1.0,6,13203,M,,,13
200900017107,9,1,21,1100,1,2,1,1.0,2,13207,M,,,13
200900017108,9,1,9,740,1,2,1,1.0,6,13210,M,,,13
200900017109,9,1,20,1700,2,2,1,1.0,7,13055,M,,,13
200900017110,9,1,12,910,1,2,1,8.0,7,13211,M,,,13
200900017111,9,1,10,2030,5,2,1,1.0,3,13213,M,,,13
200900017112,9,1,26,730,2,2,1,3.0,1,13211,M,,,13
200900017113,9,1,17,1340,1,2,1,1.0,6,13055,M,,,13
200900017114,9,1,19,930,1,2,1,1.0,6,13055,M,,,13
200900017115,9,1,5,1930,5,2,1,1.0,7,13055,M,,,13
200900017116,9,1,15,1230,1,2,1,1.0,3,13055,M,,,13
200900017117,9,1,15,845,1,2,1,1.0,2,13055,M,,,13
200900017118,9,1,13,2145,5,2,2,1.0,3,13205,M,,,13
200900017119,9,1,3,1520,1,2,2,1.0,3,13204,M,,,13
200900017120,9,1,19,910,1,2,1,1.0,6,13204,M,,,13
200900017121,9,1,1,615,5,2,1,1.0,3,13055,M,4.0,0,13
200900017122,9,1,12,1805,5,2,3,1.0,3,13205,M,,,13
200900017123,9,1,5,705,5,2,1,1.0,3,13210,M,,,13
200900017124,9,1,5,1025,1,2,1,1.0,1,13213,M,,,13
200900017125,9,1,30,700,1,2,9,1.0,3,13002,M,,,13
200900017126,9,1,19,840,1,2,3,1.0,3,13212,M,,,13
200900017127,9,1,30,1330,1,2,1,1.0,2,13213,M,,,13
200900017128,9,1,26,15,5,2,2,2.0,3,13209,M,,,13
200900017129,9,1,6,1445,1,2,1,1.0,3,13215,M,,,13
200900017130,9,1,15,1755,5,2,1,1.0,2,13213,M,,,13
200900017131,9,1,5,1040,1,2,1,1.0,2,13206,M,,,13
200900017132,9,1,29,2100,5,2,1,1.0,3,13207,M,,,13
200900017133,9,1,15,1010,1,2,1,9.0,6,13205,M,,,13
200900017134,9,1,25,1300,1,2,2,1.0,3,13055,M,,,13
200900017135,9,1,5,842,1,2,1,1.0,2,13210,M,,,13
200900017136,9,1,12,715,1,2,1,1.0,3,13210,M,,,13
200900017137,9,1,5,1230,1,2,1,1.0,2,13213,M,,,13
200900017138,9,1,23,1100,1,2,2,2.0,3,13055,M,,,13
200900017139,9,1,9,1840,5,2,1,1.0,1,13055,M,,,13
200900017140,9,1,3,830,1,2,1,1.0,6,13214,M,,,13
200900017141,9,1,16,1855,5,2,2,1.0,6,13201,M,,,13
200900017142,9,1,13,1030,1,2,3,1.0,6,13208,M,,,13
200900017143,9,1,28,1540,1,2,1,1.0,3,13211,M,,,13
200900017144,9,1,16,1915,5,2,1,1.0,3,13055,M,,,13
200900017145,9,1,13,1645,1,2,1,1.0,1,13055,M,,,13
200900017146,9,1,10,1555,1,2,1,1.0,7,13211,M,,,13
200900017147,9,1,22,1620,1,2,1,8.0,6,13206,M,,,13
200900017148,9,1,12,530,5,2,1,1.0,2,13055,M,,,13
200900017149,9,1,21,1930,5,2,1,1.0,6,13209,M,,,13
200900017150,9,1,5,725,5,2,3,1.0,6,13214,M,,,13
200900017151,9,1,28,1835,5,2,1,1.0,2,13002,M,,,13
200900017152,9,1,12,740,2,2,1,1.0,3,13055,M,,,13
200900017153,9,1,18,335,5,2,2,1.0,3,13206,M,,,13
200900017154,9,1,6,1430,1,2,1,1.0,3,13214,M,,,13
200900017155,9,1,24,1250,1,1,1,3.0,6,13002,M,4.0,0,13
200900017156,9,1,16,1730,5,2,1,1.0,3,13206,M,,,13
200900017157,9,1,10,615,5,2,6,1.0,6,13055,M,,,13
200900017158,9,1,3,1815,5,2,1,1.0,5,13210,M,,,13
200900017159,9,1,23,1830,5,2,1,1.0,4,13208,M,,,13
200900017160,9,1,8,1945,5,2,3,1.0,3,13214,M,,,13
200900017161,9,1,25,1240,1,2,3,1.0,5,13201,M,,,13
200900017162,9,1,27,900,1,2,1,1.0,3,13206,M,,,13
200900017163,9,1,28,745,1,2,1,1.0,3,13210,M,,,13
200900017164,9,1,5,1300,1,2,3,1.0,3,13209,M,,,13
200900017165,9,1,12,2100,5,2,1,1.0,6,13055,M,,,13
200900017166,9,1,16,1620,1,2,1,1.0,6,13202,M,,,13
200900017167,9,1,6,2130,5,2,1,1.0,6,13204,M,,,13
200900017168,9,1,5,1530,1,2,1,1.0,6,13212,M,,,13
200900017169,9,1,21,1700,1,2,1,1.0,6,13075,M,,,13
200900017170,9,1,3,1330,1,2,1,1.0,3,13211,M,,,13
200900017171,9,1,4,1445,1,2,2,1.0,6,13212,M,,,13
200900017172,9,1,29,1215,1,2,1,1.0,6,13201,M,,,13
200900017173,9,1,14,1230,1,2,1,1.0,6,13055,M,,,13
200900017174,9,1,21,2000,5,2,1,1.0,3,13211,M,,,13
200900017175,9,1,16,1140,1,2,1,1.0,6,13208,M,,,13
200900017176,9,1,12,900,1,2,1,1.0,5,13075,M,,,13
200900017177,9,1,28,1635,1,2,1,1.0,6,13211,M,,,13
200900017178,9,1,12,1540,1,2,3,7.0,6,13211,M,,,13
200900017179,9,1,5,1905,5,2,3,1.0,5,13209,M,,,13
200900017180,9,1,6,1015,1,2,1,1.0,3,13055,M,,,13
200900017181,9,1,12,850,1,2,1,1.0,7,13201,M,,,13
200900017182,9,1,27,1410,1,2,1,1.0,4,13215,M,,,13
200900017183,9,1,17,540,5,2,2,1.0,3,13055,M,4.0,0,13
200900017184,9,1,22,1620,1,2,1,1.0,6,13214,M,,,13
200900017185,9,1,24,1330,1,2,1,2.0,6,13206,M,,,13
200900017186,9,1,27,2100,1,2,9,1.0,3,13055,M,,,13
200900017187,9,1,27,1550,1,2,1,1.0,3,13055,M,4.0,0,13
200900017188,9,1,28,1600,1,2,1,1.0,6,13055,M,4.0,0,13
200900017189,9,1,28,1830,5,2,2,1.0,6,13055,M,,,13
200900017190,9,1,29,1430,1,2,1,1.0,4,13215,M,,,13
200900017191,9,1,29,1630,1,2,1,1.0,7,13215,M,,,13
200900017192,9,1,30,1100,1,2,1,1.0,6,13055,M,,,13
200900017193,9,1,1,1130,1,2,3,1.0,3,13117,M,4.0,0,13
200900017194,9,1,12,1900,3,1,1,1.0,6,13097,M,4.0,0,13
200900017195,9,4,24,1440,1,2,1,1.0,2,37261,M,,,37
200900017196,9,4,7,1720,1,2,3,1.0,6,37233,M,,,37
200900017197,9,6,1,1230,1,2,1,1.0,3,64129,M,4.0,-,64
200900017198,9,6,2,1005,1,2,1,1.0,6,64445,M,4.0,-,64
200900017199,9,6,2,1825,1,2,1,1.0,2,64445,M,4.0,-,64
200900017200,9,6,4,2130,2,2,1,1.0,6,64348,M,4.0,-,64
200900017201,9,6,5,930,1,2,1,2.0,3,64125,M,,,64
200900017202,9,6,3,1740,1,2,2,1.0,3,64129,M,4.0,-,64
200900017203,9,6,3,1805,1,2,1,1.0,3,64122,M,,,64
200900017204,9,6,3,1825,1,2,1,1.0,2,64260,M,,,64
200900017205,9,6,4,1825,1,2,3,1.0,6,64024,M,,,64
200900017206,9,6,5,1650,1,2,2,1.0,3,64129,M,4.0,-,64
200900017207,9,6,5,1830,1,2,1,8.0,6,64125,M,,,64
200900017208,9,6,8,845,1,2,1,1.0,6,64445,M,4.0,-,64
200900017209,9,6,9,1000,1,2,1,2.0,1,64122,M,,,64
200900017210,9,6,9,1645,1,2,1,1.0,3,64260,M,,,64
200900017211,9,6,10,1137,1,2,1,1.0,6,64445,M,4.0,-,64
200900017212,9,6,10,1840,1,1,1,1.0,3,64545,M,4.0,-,64
200900017213,9,6,10,1900,1,2,1,1.0,7,64102,M,,,64
200900017214,9,6,11,1705,1,2,1,1.0,6,64102,M,,,64
200900017215,9,6,11,1620,1,2,1,1.0,7,64102,M,,,64
200900017216,9,6,15,1340,1,2,1,2.0,5,64024,M,,,64
200900017217,9,6,12,807,1,2,9,1.0,3,64122,M,,,64
200900017218,9,6,13,1425,1,2,6,1.0,3,64024,M,,,64
200900017219,9,6,14,1725,1,2,3,1.0,6,64024,M,,,64
200900017220,9,6,14,2050,1,2,1,2.0,2,64445,M,4.0,-,64
200900017221,9,6,15,905,1,2,1,1.0,6,64445,M,4.0,-,64
200900017222,9,6,11,1645,1,1,1,1.0,7,64443,M,4.0,-,64
200900017223,9,6,4,800,1,1,6,1.0,7,64448,M,4.0,-,64
200900017224,9,6,6,1015,1,2,6,1.0,6,64288,M,4.0,-,64
200900017225,9,6,3,1120,1,2,1,1.0,3,64545,M,,,64
200900017226,9,6,6,1545,1,2,1,1.0,2,64545,M,4.0,-,64
200900017227,9,6,6,1955,2,2,1,1.0,7,64545,M,,,64
200900017228,9,6,10,1050,1,2,1,1.0,2,64483,M,,,64
200900017229,9,6,10,1645,1,1,1,1.0,1,64362,M,0.0,0,64
200900017230,9,6,10,1600,1,2,7,1.0,1,64422,M,0.0,0,64
200900017231,9,6,12,1020,1,2,1,1.0,3,64545,M,,,64
200900017232,9,6,13,1055,1,1,1,1.0,1,64545,M,,,64
200900017233,9,6,13,2045,1,1,1,1.0,6,64216,M,4.0,-,64
200900017234,9,6,15,1900,1,1,1,1.0,6,64005,M,4.0,-,64
200900017235,9,6,16,1635,1,2,1,3.0,7,64483,M,4.0,-,64
200900017236,9,6,16,1815,1,2,1,8.0,5,64483,M,4.0,-,64
200900017237,9,6,17,805,1,2,5,1.0,3,64445,M,4.0,-,64
200900017238,9,6,17,1330,1,2,1,1.0,6,64024,M,,,64
200900017239,9,6,17,1400,1,1,1,1.0,6,64540,M,4.0,-,64
200900017240,9,6,18,1745,1,2,1,1.0,2,64129,M,4.0,-,64
200900017241,9,6,18,1745,1,2,1,2.0,1,64545,M,,,64
200900017242,9,6,18,1915,1,2,1,1.0,2,64373,M,,,64
200900017243,9,6,19,515,2,2,1,1.0,6,64445,M,4.0,-,64
200900017244,9,6,19,1800,1,2,3,1.0,3,64122,M,,,64
200900017245,9,6,19,2345,3,1,1,1.0,2,64161,M,4.0,-,64
200900017246,9,6,20,840,1,2,3,1.0,3,64024,M,4.0,-,64
200900017247,9,6,20,1630,1,2,1,1.0,6,64445,M,4.0,-,64
200900017248,9,6,20,1855,1,2,3,1.0,3,64483,M,4.0,-,64
200900017249,9,6,20,1950,1,2,9,1.0,3,64125,M,4.0,-,64
200900017250,9,6,20,2352,5,2,1,1.0,3,64122,M,,,64
200900017251,9,6,22,354,5,2,1,1.0,6,64102,M,,,64
200900017252,9,6,29,915,1,1,1,1.0,1,64495,M,4.0,-,64
200900017253,9,6,22,725,1,2,1,7.0,6,64348,M,4.0,-,64
200900017254,9,6,27,1030,1,1,9,1.0,6,64274,M,4.0,-,64
200900017255,9,6,22,1400,1,1,1,1.0,3,64209,M,4.0,-,64
200900017256,9,6,22,1758,1,2,1,1.0,6,64445,M,4.0,-,64
200900017257,9,6,23,815,1,2,1,1.0,3,64335,M,4.0,-,64
200900017258,9,6,23,910,1,2,1,1.0,6,64445,M,4.0,-,64
200900017259,9,6,23,1700,1,1,1,1.0,6,64518,M,4.0,-,64
200900017260,9,6,23,1750,1,2,1,1.0,3,64260,M,4.0,-,64
200900017261,9,6,24,735,1,2,3,1.0,3,64129,M,4.0,-,64
200900017262,9,6,24,1000,1,1,1,1.0,2,64260,M,4.0,-,64
200900017263,9,6,24,1415,1,1,1,1.0,1,64545,M,4.0,-,64
200900017264,9,6,24,1455,1,2,3,1.0,3,64445,M,4.0,-,64
200900017265,9,6,25,1020,1,2,1,1.0,6,64122,M,,,64
200900017266,9,6,25,1945,1,2,2,7.0,3,64122,M,,,64
200900017267,9,6,25,2210,5,2,1,1.0,6,64189,M,4.0,-,64
200900017268,9,6,26,950,1,2,1,1.0,3,64125,M,,,64
200900017269,9,6,26,1320,1,2,1,1.0,3,64348,M,4.0,-,64
200900017270,9,6,26,1430,1,2,1,1.0,3,64335,M,4.0,-,64
200900017271,9,6,27,135,3,2,1,1.0,6,64237,M,,,64
200900017272,9,6,27,1510,1,2,1,1.0,2,64129,M,4.0,-,64
200900017273,9,6,27,1650,1,2,1,1.0,4,64445,M,4.0,-,64
200900017274,9,6,27,1920,1,2,1,1.0,6,64122,M,,,64
200900017275,9,6,28,135,5,2,1,1.0,3,64122,M,,,64
200900017276,9,6,28,345,5,2,3,1.0,1,64024,M,,,64
200900017277,9,6,29,1410,1,2,1,1.0,6,64445,M,4.0,-,64
200900017278,9,6,29,1615,1,2,1,1.0,6,64109,M,4.0,-,64
200900017279,9,6,29,1700,1,2,1,1.0,6,64122,M,,,64
200900017280,9,6,29,1905,1,2,1,1.0,3,64348,M,4.0,-,64
200900017281,9,6,30,830,1,2,1,1.0,6,64151,M,4.0,-,64
200900017282,9,6,30,1215,1,1,1,1.0,1,64398,M,0.0,0,64
200900017283,9,6,30,1230,1,2,1,1.0,1,64280,M,4.0,-,64
200900017284,9,6,30,1811,1,2,2,7.0,1,64102,M,,,64
200900017285,9,6,30,1935,1,2,1,1.0,6,64024,M,,,64
200900017286,9,6,19,1030,1,1,1,1.0,5,64545,M,4.0,-,64
200900017287,9,6,29,920,1,2,2,1.0,6,64102,M,,,64
200900017288,9,6,1,550,2,1,1,1.0,6,64189,M,4.0,-,64
200900017289,9,6,2,2245,3,1,1,1.0,1,64483,M,4.0,-,64
200900017290,9,7,29,815,1,2,1,1.0,3,64410,M,4.0,-,64
200900017291,9,7,1,800,1,1,1,1.0,5,64496,M,4.0,-,64
200900017292,9,7,2,655,1,2,6,2.0,3,64122,M,4.0,-,64
200900017293,9,7,2,900,1,1,1,2.0,6,64453,M,4.0,-,64
200900017294,9,7,3,1540,1,2,1,1.0,3,64445,M,4.0,-,64
200900017295,9,7,5,245,3,1,1,1.0,1,64305,M,4.0,-,64
200900017296,9,7,2,1800,1,2,1,1.0,3,64122,M,4.0,-,64
200900017297,9,7,2,1915,1,2,1,1.0,1,64339,M,4.0,-,64
200900017298,9,7,3,1455,1,2,1,1.0,6,64445,M,4.0,-,64
200900017299,9,7,3,1730,1,1,1,2.0,3,64230,M,4.0,-,64
200900017300,9,7,3,1821,1,2,2,1.0,1,64102,M,4.0,-,64
200900017301,9,7,4,1300,1,1,1,2.0,1,64064,M,4.0,-,64
200900017302,9,7,4,1325,1,2,1,1.0,6,64122,M,4.0,-,64
200900017303,9,7,9,120,5,2,1,1.0,7,64024,M,4.0,-,64
200900017304,9,7,9,645,1,1,1,1.0,1,64488,M,4.0,-,64
200900017305,9,7,9,1120,1,2,1,1.0,6,64348,M,4.0,-,64
200900017306,9,7,6,945,1,1,1,1.0,7,64108,M,4.0,-,64
200900017307,9,7,6,1735,1,2,3,1.0,3,64445,M,4.0,-,64
200900017308,9,7,7,1000,1,2,1,1.0,2,64122,M,4.0,-,64
200900017309,9,7,7,1555,1,2,1,1.0,3,64260,M,4.0,-,64
200900017310,9,7,7,2050,1,2,1,1.0,6,64284,M,4.0,-,64
200900017311,9,7,10,1215,1,2,6,1.0,3,64410,M,4.0,-,64
200900017312,9,7,10,1635,1,2,3,1.0,2,64335,M,4.0,-,64
200900017313,9,7,9,1410,1,2,1,1.0,6,64373,M,4.0,-,64
200900017314,9,7,9,1615,1,1,1,1.0,6,64324,M,4.0,-,64
200900017315,9,7,10,925,1,2,1,1.0,6,64284,M,4.0,-,64
200900017316,9,7,10,1645,1,2,1,1.0,3,64129,M,4.0,-,64
200900017317,9,7,10,1710,1,2,1,1.0,5,64284,M,4.0,-,64
200900017318,9,7,10,1830,1,1,1,1.0,3,64120,M,4.0,-,64
200900017319,9,7,10,1945,1,1,1,1.0,7,64547,M,4.0,-,64
200900017320,9,7,10,2120,5,2,1,1.0,7,64102,M,4.0,-,64
200900017321,9,7,11,800,1,2,1,1.0,7,64122,M,4.0,-,64
200900017322,9,7,11,1045,1,2,3,1.0,3,64445,M,4.0,-,64
200900017323,9,7,23,1400,1,2,1,1.0,1,64216,M,4.0,-,64
200900017324,9,7,11,1630,1,1,1,1.0,6,64173,M,4.0,-,64
200900017325,9,7,11,1635,1,2,1,1.0,6,64024,M,4.0,-,64
200900017326,9,7,12,700,2,1,1,1.0,2,64161,M,4.0,-,64
200900017327,9,7,13,1100,1,2,1,1.0,2,64445,M,4.0,-,64