Num_Acc,an,mois,jour,hrmn,lum,agg,int,atm,col,com,gps,lat,long,dep
200900018092,9,2,24,100,3,2,1,1.0,6,13214,M,,,13
200900018093,9,2,24,900,1,2,3,1.0,1,13208,M,,,13
200900018094,9,2,2,825,1,2,1,3.0,1,13209,M,,,13
200900018095,9,2,17,1415,1,2,1,1.0,3,13055,M,,,13
200900018096,9,2,2,1730,1,2,9,1.0,3,13075,M,,,13
200900018097,9,2,3,1325,1,2,1,1.0,2,13055,M,,,13
200900018098,9,2,18,1710,1,2,2,1.0,3,13211,M,,,13
200900018099,9,2,27,1210,1,2,1,1.0,3,13055,M,,,13
200900018100,9,2,15,1445,1,2,1,1.0,3,13206,M,,,13
200900018101,9,2,19,2100,5,2,1,1.0,1,13213,M,,,13
200900018102,9,2,15,630,2,2,9,1.0,6,13205,M,,,13
200900018103,9,2,23,855,1,2,1,1.0,2,13055,M,,,13
200900018104,9,2,5,1900,5,2,1,2.0,6,13211,M,,,13
200900018105,9,2,1,1315,1,2,1,1.0,3,13055,M,4.0,0,13
200900018106,9,2,4,920,1,2,1,8.0,4,13204,M,,,13
200900018107,9,2,7,2015,5,2,1,6.0,3,13055,M,,,13
200900018108,9,2,3,1830,5,2,1,2.0,2,13203,M,,,13
200900018109,9,2,12,1730,1,2,1,1.0,3,13055,M,4.0,0,13
200900018110,9,2,15,910,1,2,3,1.0,2,13214,M,,,13
200900018111,9,2,6,143,5,2,1,1.0,6,13203,M,,,13
200900018112,9,2,11,30,5,2,1,1.0,6,13207,M,,,13
200900018113,9,2,11,1330,1,2,1,1.0,3,13203,M,,,13
200900018114,9,2,11,1440,1,2,1,1.0,2,13209,M,,,13
200900018115,9,2,13,1835,2,2,1,1.0,6,13215,M,,,13
200900018116,9,2,15,1350,1,2,1,1.0,5,13209,M,,,13
200900018117,9,2,16,1900,5,2,1,1.0,6,13203,M,,,13
200900018118,9,2,17,955,1,2,1,1.0,3,13214,M,,,13
200900018119,9,2,17,1555,1,2,1,1.0,2,13055,M,4.0,0,13
200900018120,9,2,17,2300,5,2,3,1.0,3,13211,M,,,13
200900018121,9,2,18,1600,1,2,1,1.0,7,13206,M,,,13
200900018122,9,2,19,720,1,2,1,1.0,3,13055,M,4.0,0,13
200900018123,9,2,19,910,1,2,7,1.0,2,13055,M,,,13
200900018124,9,2,20,1830,3,2,1,1.0,6,13203,M,,,13
200900018125,9,2,20,2000,5,2,1,1.0,6,13055,M,,,13
200900018126,9,2,23,935,1,2,1,1.0,4,13055,M,4.0,0,13
200900018127,9,2,24,1810,2,2,3,1.0,3,13055,M,,,13
200900018128,9,2,24,1930,5,2,1,1.0,6,13212,M,,,13
200900018129,9,2,25,330,5,2,1,1.0,6,13215,M,,,13
200900018130,9,2,26,735,2,2,1,1.0,3,13203,M,,,13
200900018131,9,2,26,2200,5,2,1,1.0,3,13201,M,,,13
200900018132,9,2,26,2335,5,2,1,1.0,3,13206,M,,,13
200900018133,9,2,12,835,1,1,1,1.0,6,13117,M,4.0,0,13
200900018134,9,5,16,1315,1,2,1,1.0,6,01283,M,,,01
200900018135,9,5,21,310,5,2,4,1.0,6,01283,M,4.0,0,01
200900018136,9,5,26,1300,1,1,2,3.0,3,01344,M,4.0,0,01
200900018137,9,5,15,455,3,1,1,1.0,6,01248,M,,,01
200900018138,9,5,6,2025,2,2,3,1.0,6,01053,M,,,01
200900018139,9,5,12,1345,1,2,6,1.0,2,01053,M,,,01
200900018140,9,5,20,1915,1,2,4,1.0,6,01249,M,4.0,0,01
200900018141,9,5,12,1700,1,2,9,1.0,1,01265,M,4.0,0,01
200900018142,9,5,23,1800,1,1,2,1.0,3,01245,M,4.0,0,01
200900018143,9,5,5,2200,5,1,2,1.0,3,01007,M,4.0,0,01
200900018144,9,5,18,1500,1,2,3,1.0,3,01123,M,4.0,0,01
200900018145,9,5,22,1800,1,1,1,1.0,6,01247,M,4.0,0,01
200900018146,9,5,15,1545,1,1,1,3.0,5,01209,M,4.0,0,01
200900018147,9,5,3,230,3,1,1,1.0,6,01405,M,4.0,0,01
200900018148,9,5,29,830,1,2,3,1.0,1,01195,M,4.0,0,01
200900018149,9,5,19,1800,1,2,4,1.0,6,01269,M,4.0,0,01
200900018150,9,5,9,1745,1,1,1,1.0,7,01219,M,4.0,0,01
200900018151,9,5,21,1030,1,2,1,1.0,1,01030,M,4.0,0,01
200900018152,9,5,29,1015,1,1,2,1.0,1,01089,M,4.0,0,01
200900018153,9,5,24,1830,1,1,1,1.0,2,01043,M,,,01
200900018154,9,6,28,2120,1,2,3,1.0,3,01344,M,4.0,0,01
200900018155,9,6,8,1705,1,2,3,1.0,6,01053,M,4.0,0,01
200900018156,9,6,20,2150,2,1,1,1.0,6,01053,M,4.0,0,01
200900018157,9,6,14,845,1,1,1,1.0,1,01305,M,4.0,0,01
200900018158,9,6,16,1735,1,1,2,1.0,3,01289,M,,,01
200900018159,9,6,4,1245,1,1,1,1.0,7,01451,M,,,01
200900018160,9,6,5,1735,1,2,9,1.0,6,01289,M,4.0,0,01
200900018161,9,6,6,1545,1,1,2,8.0,3,01344,M,4.0,0,01
200900018162,9,6,11,850,1,2,2,1.0,7,01289,M,,,01
200900018163,9,6,24,2025,2,2,4,1.0,3,01053,M,,,01
200900018164,9,6,18,738,1,1,1,1.0,5,01289,M,4.0,0,01
200900018165,9,6,27,1420,1,2,4,2.0,2,01053,M,4.0,0,01
200900018166,9,6,1,1400,1,2,3,1.0,3,01034,M,,,01
200900018167,9,6,3,1200,1,1,2,1.0,3,01093,M,4.0,0,01
200900018168,9,6,3,1745,1,1,1,1.0,1,01249,M,,,01
200900018169,9,6,4,1715,1,1,1,1.0,1,01343,M,,,01
200900018170,9,6,5,1915,1,1,1,1.0,7,01037,M,4.0,0,01
200900018171,9,6,2,1855,1,2,2,1.0,3,01053,M,4.0,0,01
200900018172,9,6,2,645,1,2,3,7.0,1,01043,M,,,01
200900018173,9,6,6,2115,1,1,1,2.0,6,01443,M,4.0,0,01
200900018174,9,6,7,1645,1,2,4,1.0,3,01244,M,4.0,0,01
200900018175,9,6,7,645,1,1,1,1.0,2,01445,M,,,01
200900018176,9,6,12,1430,1,2,1,1.0,2,01269,M,4.0,0,01
200900018177,9,6,7,1800,1,1,1,1.0,6,01390,M,4.0,0,01
200900018178,9,6,7,1825,1,2,1,1.0,3,01053,M,,,01
200900018179,9,6,10,1500,1,2,3,1.0,2,01435,M,4.0,0,01
200900018180,9,6,10,1945,1,2,3,1.0,7,01283,M,4.0,0,01
200900018181,9,6,12,2345,3,1,1,1.0,6,01364,M,4.0,0,01
200900018182,9,6,13,1415,1,1,3,1.0,3,01365,M,4.0,0,01
200900018183,9,6,13,400,3,1,1,1.0,7,01232,M,4.0,0,01
200900018184,9,6,13,930,1,1,1,1.0,3,01443,M,,,01
200900018185,9,6,13,1030,1,1,3,1.0,3,01447,M,4.0,0,01
200900018186,9,6,14,1445,1,1,1,1.0,1,01297,M,,,01
200900018187,9,6,14,1445,1,1,1,1.0,1,01247,M,4.0,0,01
200900018188,9,6,19,915,1,1,6,1.0,3,01354,M,4.0,0,01
200900018189,9,6,19,1915,1,1,1,1.0,6,01314,M,4.0,0,01
200900018190,9,6,18,955,1,2,6,1.0,3,01053,M,4.0,0,01
200900018191,9,6,18,1200,1,2,1,1.0,6,01238,M,4.0,0,01
200900018192,9,6,18,1930,2,2,3,2.0,3,01244,M,4.0,0,01
200900018193,9,6,19,2045,1,2,1,1.0,6,01183,M,4.0,0,01
200900018194,9,6,20,1015,1,1,1,1.0,7,01404,M,4.0,0,01
200900018195,9,6,20,1930,1,2,1,1.0,1,01033,M,4.0,0,01
200900018196,9,6,20,830,1,2,1,1.0,6,01004,M,,,01
200900018197,9,6,21,530,2,2,1,1.0,6,01033,M,4.0,0,01
200900018198,9,6,30,1915,1,1,9,1.0,3,01391,M,4.0,0,01
200900018199,9,6,21,1430,1,1,1,1.0,5,01072,M,4.0,0,01
200900018200,9,6,25,1130,1,2,3,1.0,3,01354,M,,,01
200900018201,9,6,27,1030,1,2,1,1.0,6,01290,M,,,01
200900018202,9,6,27,1715,1,2,1,7.0,3,01074,M,4.0,0,01
200900018203,9,6,30,1645,1,1,1,1.0,3,01301,M,,,01
200900018204,9,6,29,1800,1,2,3,1.0,3,01301,M,4.0,0,01
200900018205,9,6,28,1230,1,1,1,1.0,7,01093,M,4.0,0,01
200900018206,9,6,30,1945,1,1,1,1.0,6,01424,M,4.0,0,01
200900018207,9,6,13,1540,1,2,2,8.0,3,01053,M,4.0,0,01
200900018208,9,6,18,1725,1,2,3,1.0,3,01344,M,4.0,0,01
200900018209,9,7,6,1230,1,1,2,1.0,3,01333,M,4.0,0,01
200900018210,9,7,5,2330,3,2,1,1.0,6,01314,M,4.0,0,01
200900018211,9,7,17,2000,1,1,1,2.0,6,01454,M,4.0,0,01
200900018212,9,7,21,115,3,1,1,1.0,7,01049,M,,,01
200900018213,9,7,25,1800,1,1,1,1.0,7,01381,M,4.0,0,01
200900018214,9,7,4,2000,2,1,1,1.0,1,01357,M,4.0,0,01
200900018215,9,7,27,1500,1,2,1,1.0,6,01454,M,4.0,0,01
200900018216,9,7,22,1500,1,1,3,1.0,2,01196,M,4.0,0,01
200900018217,9,7,12,1200,1,2,1,1.0,3,01275,M,4.0,0,01
200900018218,9,7,25,1645,1,1,1,7.0,2,01331,M,,,01
200900018219,9,7,20,1900,1,1,3,1.0,1,01240,M,4.0,0,01
200900018220,9,7,22,945,1,2,2,1.0,6,01370,M,4.0,0,01
200900018221,9,7,13,1600,1,1,1,1.0,7,01210,M,4.0,0,01
200900018222,9,7,10,530,1,1,1,1.0,6,01393,M,4.0,0,01
200900018223,9,7,26,330,5,2,6,1.0,6,01244,M,4.0,0,01
200900018224,9,7,18,845,1,1,1,2.0,6,01269,M,4.0,0,01
200900018225,9,7,25,1745,1,2,9,1.0,7,01249,M,,,01
200900018226,9,7,22,800,1,2,3,1.0,3,01173,M,,,01
200900018227,9,7,6,1730,1,1,1,1.0,2,01228,M,,,01
200900018228,9,7,23,1445,1,1,2,1.0,3,01421,M,4.0,0,01
200900018229,9,7,14,1500,1,2,9,1.0,6,01108,M,4.0,0,01
200900018230,9,7,1,1445,1,2,2,1.0,3,01034,M,,,01
200900018231,9,7,5,215,5,2,1,1.0,2,01017,M,4.0,0,01
200900018232,9,7,23,1015,1,2,1,1.0,1,01384,M,4.0,0,01
200900018233,9,7,23,2115,2,1,1,1.0,1,01343,M,,,01
200900018234,9,7,21,1530,1,1,2,1.0,2,01054,M,4.0,0,01
200900018235,9,7,16,1330,1,1,1,1.0,6,01138,M,4.0,0,01
200900018236,9,7,17,1200,1,1,1,2.0,6,01216,M,4.0,0,01
200900018237,9,7,7,1345,1,2,2,1.0,3,01427,M,4.0,0,01
200900018238,9,7,6,1125,1,2,1,1.0,2,01053,M,,,01
200900018239,9,7,3,1415,1,1,1,1.0,1,01034,M,,,01
200900018240,9,7,30,1400,1,2,1,1.0,6,01354,M,,,01
200900018241,9,7,3,1800,1,2,2,1.0,3,01185,M,4.0,0,01
200900018242,9,7,2,1515,1,1,1,1.0,7,01147,M,4.0,0,01
200900018243,9,7,2,1215,1,1,1,1.0,1,01235,M,4.0,0,01
200900018244,9,7,2,830,1,1,1,1.0,6,01259,M,4.0,0,01
200900018245,9,7,6,1940,1,1,1,1.0,1,01451,M,,,01
200900018246,9,6,1,1512,1,2,2,1.0,3,68066,M,,,68
200900018247,9,6,1,1600,1,1,1,1.0,3,68311,M,4.0,0,68
200900018248,9,6,2,1145,1,2,3,1.0,1,68297,M,,,68
200900018249,9,6,2,1645,1,1,1,1.0,7,68204,M,4.0,0,68
200900018250,9,6,2,1800,1,1,1,1.0,5,68310,M,0.0,0,68
200900018251,9,6,2,645,1,2,2,1.0,3,68309,M,0.0,0,68
200900018252,9,6,2,1015,1,1,1,1.0,7,68052,M,0.0,0,68
200900018253,9,6,4,800,1,2,4,7.0,6,68224,M,,,68
200900018254,9,6,4,1246,1,1,1,1.0,3,68224,M,,,68
200900018255,9,6,7,1730,1,2,3,1.0,6,68224,M,,,68
200900018256,9,6,9,1800,1,2,8,1.0,3,68224,M,,,68
200900018257,9,6,4,1800,1,2,3,1.0,3,68066,M,,,68
200900018258,9,6,4,1820,1,2,1,1.0,4,68224,M,,,68
200900018259,9,6,5,1458,1,2,3,1.0,6,68224,M,,,68
200900018260,9,6,6,2330,4,2,3,1.0,3,68154,M,0.0,0,68
200900018261,9,6,7,205,5,2,3,2.0,6,68271,M,,,68
200900018262,9,6,7,250,5,1,1,2.0,2,68224,M,,,68
200900018263,9,6,8,745,1,1,6,1.0,3,68056,M,,,68
200900018264,9,6,8,1145,1,1,1,1.0,2,68224,M,,,68
200900018265,9,6,25,1230,1,1,1,1.0,1,68282,M,0.0,0,68
200900018266,9,6,27,1745,1,2,3,1.0,3,68021,M,0.0,0,68
200900018267,9,6,28,1630,1,1,1,1.0,6,68028,M,0.0,0,68
200900018268,9,6,8,1608,1,2,2,1.0,6,68066,M,,,68
200900018269,9,6,9,1540,1,2,1,1.0,3,68112,M,,,68
200900018270,9,6,10,1230,1,2,1,1.0,4,68224,M,,,68
200900018271,9,6,10,1400,1,2,1,1.0,3,68182,M,0.0,0,68
200900018272,9,6,12,1,3,2,1,1.0,6,68068,M,4.0,0,68
200900018273,9,6,12,1015,1,2,7,1.0,3,68297,M,,,68
200900018274,9,6,12,1415,1,2,1,7.0,3,68195,M,4.0,0,68
200900018275,9,6,12,1745,1,2,1,1.0,6,68162,M,4.0,0,68
200900018276,9,6,13,1047,1,2,2,1.0,3,68224,M,,,68
200900018277,9,6,12,1850,1,2,3,1.0,2,68056,M,,,68
200900018278,9,6,14,1435,1,2,3,1.0,3,68224,M,,,68
200900018279,9,6,14,1745,1,1,1,1.0,6,68018,M,4.0,0,68
200900018280,9,6,13,1545,1,1,1,1.0,5,68009,M,0.0,0,68
200900018281,9,6,16,1015,1,2,1,1.0,6,68338,M,4.0,0,68
200900018282,9,6,16,2215,5,2,3,1.0,3,68042,M,0.0,0,68
200900018283,9,6,19,815,1,1,1,1.0,1,68004,M,4.0,0,68
200900018284,9,6,21,245,3,1,1,1.0,6,68060,M,4.0,0,68
200900018285,9,6,21,1200,1,1,1,1.0,6,68294,M,4.0,0,68
200900018286,9,6,21,2345,5,2,1,2.0,6,68343,M,0.0,0,68
200900018287,9,6,22,745,1,2,2,1.0,6,68201,M,4.0,0,68
200900018288,9,6,21,1515,1,1,1,1.0,7,68106,M,0.0,0,68
200900018289,9,6,22,1600,1,2,1,1.0,6,68298,M,4.0,0,68
200900018290,9,6,24,2000,1,1,1,1.0,2,68302,M,4.0,0,68
200900018291,9,6,24,1142,1,2,2,1.0,6,68066,M,,,68
200900018292,9,6,16,1330,1,2,1,1.0,3,68066,M,,,68
200900018293,9,6,16,1150,1,2,6,1.0,3,68224,M,,,68
200900018294,9,6,17,1840,1,2,1,1.0,6,68066,M,,,68
200900018295,9,6,18,1217,1,2,2,1.0,6,68066,M,,,68
200900018296,9,6,19,1100,1,2,2,1.0,3,68066,M,,,68
200900018297,9,6,19,1023,1,2,6,2.0,6,68224,M,,,68
200900018298,9,6,24,749,1,1,1,1.0,1,68066,M,,,68
200900018299,9,6,28,1845,1,2,2,1.0,2,68066,M,,,68
200900018300,9,6,29,2000,1,2,1,1.0,6,68224,M,,,68
200900018301,9,6,24,1845,1,2,2,1.0,3,68224,M,,,68
200900018302,9,6,25,1603,1,2,2,1.0,3,68224,M,,,68
200900018303,9,6,27,1135,1,2,6,1.0,6,68224,M,,,68
200900018304,9,6,26,1715,1,2,1,1.0,3,68224,M,,,68
200900018305,9,7,29,1400,1,2,2,1.0,3,88160,M,4.0,0,88
200900018306,9,7,19,30,5,2,1,1.0,6,88204,M,4.0,0,88
200900018307,9,7,13,2230,3,1,1,1.0,6,88386,M,4.0,0,88
200900018308,9,7,19,1830,1,2,1,1.0,6,88367,M,4.0,0,88
200900018309,9,7,24,1045,1,1,4,1.0,3,88390,M,4.0,0,88
200900018310,9,7,3,630,1,1,1,1.0,2,88524,M,4.0,0,88
200900018311,9,7,10,1645,1,1,1,1.0,7,88526,M,4.0,0,88
200900018312,9,7,29,1800,1,1,1,1.0,3,88196,M,4.0,0,88
200900018313,9,7,24,1330,1,2,1,1.0,6,88196,M,4.0,0,88
200900018314,9,7,22,1500,1,2,1,1.0,6,88078,M,4.0,0,88
200900018315,9,7,2,1545,1,1,1,1.0,1,88124,M,4.0,0,88
200900018316,9,7,9,2045,2,1,1,1.0,7,88349,M,4.0,0,88
200900018317,9,7,1,2015,1,2,1,1.0,6,88361,M,0.0,0,88
200900018318,9,7,1,1035,1,2,1,1.0,2,88160,M,4.0,0,88
200900018319,9,7,6,1755,1,2,1,1.0,6,88160,M,4.0,0,88
200900018320,9,7,6,2110,2,2,3,1.0,3,88160,M,4.0,0,88
200900018321,9,7,21,1645,1,2,1,1.0,1,88201,M,4.0,0,88
200900018322,9,7,4,1455,1,1,1,1.0,6,88363,M,4.0,0,88
200900018323,9,7,27,40,5,2,2,1.0,3,88160,M,4.0,0,88
200900018324,9,7,1,1212,1,2,1,2.0,6,88383,M,4.0,0,88
200900018325,9,7,31,1745,1,2,1,1.0,6,88160,M,4.0,0,88
200900018326,9,7,31,1810,1,2,2,1.0,3,88087,M,4.0,0,88
200900018327,9,6,22,715,1,1,1,1.0,1,32132,M,4.0,0,32
200900018328,9,6,20,1615,1,1,1,1.0,1,32377,M,4.0,0,32
200900018329,9,6,15,1108,1,2,1,1.0,6,32013,M,4.0,0,32
200900018330,9,6,12,2340,3,1,1,1.0,7,32013,M,4.0,0,32
200900018331,9,6,13,35,3,1,1,1.0,6,32013,M,4.0,0,32
200900018332,9,6,1,1645,1,2,1,7.0,6,32462,M,4.0,0,32
200900018333,9,6,1,1800,1,1,1,1.0,3,32107,M,4.0,0,32
200900018334,9,6,6,845,1,1,1,1.0,7,32382,M,4.0,0,32
200900018335,9,6,9,1500,1,2,1,1.0,6,32286,M,4.0,0,32
200900018336,9,6,12,1115,1,1,1,1.0,3,32096,M,4.0,-,32
200900018337,9,6,12,2050,1,2,1,1.0,6,32013,M,4.0,0,32
200900018338,9,6,14,1500,1,1,1,1.0,5,32091,M,4.0,0,32
200900018339,9,6,14,1535,1,1,1,1.0,7,32013,M,4.0,0,32
200900018340,9,6,15,1050,1,2,1,1.0,6,32013,M,4.0,0,32
200900018341,9,6,15,1418,1,2,1,2.0,7,32013,M,4.0,0,32
200900018342,9,6,15,1600,1,1,1,2.0,4,32160,M,4.0,0,32
200900018343,9,6,18,1400,1,2,9,1.0,6,32155,M,4.0,-,32
200900018344,9,6,23,2045,1,1,1,1.0,6,32348,M,4.0,0,32
200900018345,9,6,24,745,1,1,1,7.0,5,32462,M,4.0,0,32
200900018346,9,6,24,815,1,2,9,9.0,6,32107,M,4.0,0,32
200900018347,9,6,25,1952,1,2,1,1.0,3,32013,M,4.0,0,32
200900018348,9,6,26,2120,1,2,1,1.0,6,32013,M,4.0,0,32
200900018349,9,6,28,845,1,1,1,1.0,7,32147,M,4.0,0,32
200900018350,9,6,28,915,1,1,1,1.0,7,32253,M,4.0,0,32
200900018351,9,6,29,1215,1,1,1,1.0,6,32307,M,4.0,0,32
200900018352,9,1,24,1920,2,2,1,1.0,6,94019,M,4.0,0,94
200900018353,9,1,13,1850,2,2,3,1.0,6,94021,M,,,94
200900018354,9,1,1,150,5,2,2,1.0,3,94043,M,4.0,0,94
200900018355,9,1,5,1625,1,2,2,4.0,6,94046,M,4.0,0,94
200900018356,9,1,5,1950,5,2,4,4.0,3,94017,M,4.0,0,94
200900018357,9,1,6,640,5,2,1,4.0,7,94011,M,4.0,0,94
200900018358,9,1,6,755,2,2,1,4.0,7,94038,M,4.0,0,94
200900018359,9,1,6,1230,1,2,1,8.0,2,94055,M,4.0,0,94
200900018360,9,1,6,1700,1,1,1,1.0,2,94042,M,4.0,0,94
200900018361,9,1,1,1905,5,2,3,1.0,3,94017,M,4.0,0,94
200900018362,9,1,2,130,5,2,1,1.0,7,94065,M,4.0,0,94
200900018363,9,1,2,210,5,2,1,1.0,7,94002,M,4.0,0,94
200900018364,9,1,2,1030,1,2,3,2.0,2,94021,M,4.0,0,94
200900018365,9,1,2,1220,1,2,1,1.0,6,94076,M,4.0,0,94
200900018366,9,1,2,1455,1,2,2,1.0,3,94076,M,4.0,0,94
200900018367,9,1,3,1335,1,2,2,1.0,3,94081,M,4.0,0,94
200900018368,9,1,3,1510,1,1,1,1.0,2,94033,M,4.0,0,94
200900018369,9,1,3,1545,1,2,1,1.0,6,94028,M,4.0,0,94
200900018370,9,1,3,1620,2,2,1,1.0,2,94068,M,4.0,0,94
200900018371,9,1,3,2015,5,2,6,1.0,7,94048,M,4.0,0,94
200900018372,9,1,3,2020,5,2,5,4.0,3,94004,M,4.0,0,94
200900018373,9,1,4,2230,5,2,1,1.0,6,94004,M,4.0,0,94
200900018374,9,1,5,755,1,2,3,4.0,6,94018,M,4.0,0,94
200900018375,9,1,7,1805,5,2,1,9.0,6,94065,M,4.0,0,94
200900018376,9,1,8,230,5,1,1,1.0,7,94017,M,4.0,0,94
200900018377,9,1,8,900,1,2,1,1.0,3,94016,M,4.0,0,94
200900018378,9,1,8,1000,1,2,1,1.0,5,94028,M,4.0,0,94
200900018379,9,1,8,1240,1,2,1,1.0,3,94011,M,4.0,0,94
200900018380,9,1,8,1600,1,2,2,1.0,6,94028,M,4.0,0,94
200900018381,9,1,7,1140,1,2,1,1.0,2,94028,M,4.0,0,94
200900018382,9,1,9,635,5,2,1,1.0,3,94001,M,4.0,0,94
200900018383,9,1,9,750,2,2,2,1.0,6,94076,M,4.0,0,94
200900018384,9,1,9,1000,1,1,1,1.0,2,94018,M,4.0,0,94
200900018385,9,1,9,2150,5,2,1,4.0,2,94041,M,4.0,0,94
200900018386,9,1,10,1750,5,2,1,1.0,6,94078,M,4.0,0,94
200900018387,9,1,10,1930,5,2,3,1.0,1,94065,M,4.0,0,94
200900018388,9,1,10,2030,1,2,1,1.0,7,94028,M,4.0,0,94
200900018389,9,1,11,248,5,1,1,1.0,7,94034,M,4.0,0,94
200900018390,9,1,11,1930,5,2,1,1.0,2,94017,M,4.0,0,94
200900018391,9,1,12,730,5,2,1,9.0,6,94073,M,4.0,0,94
200900018392,9,1,12,800,2,2,1,9.0,7,94034,M,4.0,0,94
200900018393,9,1,8,1720,2,2,1,1.0,6,94004,M,4.0,0,94
200900018394,9,1,12,2045,4,2,3,1.0,3,94052,M,4.0,0,94
200900018395,9,1,12,2157,5,1,1,1.0,7,94034,M,4.0,0,94
200900018396,9,1,13,825,2,2,8,1.0,6,94044,M,4.0,0,94
200900018397,9,1,13,1410,1,2,1,1.0,2,94017,M,4.0,0,94
200900018398,9,1,13,1650,1,2,1,1.0,4,94028,M,4.0,0,94
200900018399,9,1,13,2040,5,2,1,1.0,6,94022,M,4.0,0,94
200900018400,9,1,14,815,1,1,1,2.0,3,94003,M,4.0,0,94
200900018401,9,1,14,1300,1,2,1,1.0,2,94028,M,4.0,0,94
200900018402,9,1,12,1235,1,2,3,9.0,3,94015,M,4.0,0,94
200900018403,9,1,12,1420,1,2,1,1.0,5,94028,M,4.0,0,94
200900018404,9,1,12,1615,1,2,4,8.0,3,94058,M,4.0,0,94
200900018405,9,1,12,1740,5,2,2,8.0,6,94018,M,4.0,0,94
200900018406,9,1,12,2010,5,2,1,1.0,3,94068,M,4.0,0,94
200900018407,9,1,17,925,1,2,1,2.0,3,94078,M,4.0,0,94
200900018408,9,1,17,1845,2,2,1,2.0,7,94041,M,4.0,0,94
200900018409,9,1,17,2340,5,2,2,1.0,3,94080,M,4.0,0,94
200900018410,9,1,18,800,2,2,1,2.0,2,94069,M,4.0,0,94
200900018411,9,1,18,1350,1,2,5,1.0,6,94028,M,4.0,0,94
200900018412,9,1,18,1515,1,1,1,1.0,7,94073,M,4.0,0,94
200900018413,9,1,14,2020,5,2,3,1.0,6,94080,M,4.0,0,94
200900018414,9,1,14,2025,5,2,2,1.0,6,94017,M,4.0,0,94
200900018415,9,1,15,920,1,2,1,1.0,6,94042,M,4.0,0,94
200900018416,9,1,15,1155,1,2,1,1.0,6,94034,M,4.0,0,94
200900018417,9,1,15,1620,1,2,3,1.0,3,94018,M,4.0,0,94
200900018418,9,1,15,1745,5,2,2,1.0,6,94080,M,4.0,0,94
200900018419,9,1,16,805,1,2,5,9.0,6,94076,M,4.0,0,94
200900018420,9,1,16,829,1,1,1,1.0,2,94076,M,4.0,0,94
200900018421,9,1,16,845,2,2,1,2.0,6,94041,M,4.0,0,94
200900018422,9,1,16,930,1,2,3,1.0,6,94067,M,4.0,0,94
200900018423,9,1,16,1105,1,2,2,1.0,5,94022,M,4.0,0,94
200900018424,9,1,16,1235,1,2,3,2.0,3,94041,M,4.0,0,94
200900018425,9,1,16,1920,5,2,2,1.0,3,94068,M,4.0,0,94
200900018426,9,1,16,2020,5,1,1,1.0,7,94076,M,4.0,0,94
200900018427,9,1,16,2240,5,2,1,1.0,6,94004,M,4.0,0,94
200900018428,9,1,17,820,1,1,1,8.0,7,94021,M,4.0,0,94
200900018429,9,1,19,802,3,2,1,2.0,3,94052,M,4.0,0,94
200900018430,9,1,19,1540,1,2,2,1.0,3,94028,M,4.0,0,94
200900018431,9,1,19,1630,1,2,2,3.0,6,94081,M,4.0,0,94
200900018432,9,1,19,2000,5,2,1,8.0,6,94073,M,4.0,0,94
200900018433,9,1,19,2120,5,2,2,1.0,3,94033,M,4.0,0,94
200900018434,9,1,20,850,1,2,3,9.0,7,94002,M,4.0,0,94
200900018435,9,1,18,1545,1,2,1,1.0,5,94076,M,4.0,0,94
200900018436,9,1,18,2130,5,2,2,8.0,1,94073,M,4.0,0,94
200900018437,9,1,29,620,5,1,1,1.0,4,94073,M,4.0,0,94
200900018438,9,1,29,1330,1,2,2,1.0,3,94068,M,4.0,0,94
200900018439,9,1,29,2000,5,2,1,1.0,6,94004,M,4.0,0,94
200900018440,9,1,30,830,1,2,1,1.0,2,94033,M,4.0,0,94
200900018441,9,1,30,1855,4,1,1,1.0,7,94017,M,4.0,0,94
200900018442,9,1,31,1020,1,2,3,1.0,3,94004,M,4.0,0,94
200900018443,9,1,31,2000,5,2,4,1.0,3,94043,M,4.0,0,94
200900018444,9,1,20,950,1,2,3,8.0,6,94038,M,4.0,0,94
200900018445,9,1,20,1200,1,2,3,1.0,6,94017,M,4.0,0,94
200900018446,9,1,20,1730,2,2,1,1.0,2,94070,M,4.0,0,94
200900018447,9,1,21,1040,1,2,1,1.0,6,94033,M,4.0,0,94
200900018448,9,1,21,1440,1,2,2,8.0,3,94073,M,4.0,0,94
200900018449,9,1,21,1500,1,2,3,1.0,3,94067,M,4.0,0,94
200900018450,9,1,21,1820,5,2,1,1.0,3,94076,M,4.0,0,94
200900018451,9,1,21,2035,5,2,1,2.0,7,94028,M,4.0,0,94
200900018452,9,1,22,730,5,2,3,2.0,6,94021,M,4.0,0,94
200900018453,9,1,22,750,1,1,1,1.0,2,94017,M,4.0,0,94
200900018454,9,1,22,830,1,2,1,2.0,6,94028,M,4.0,0,94
200900018455,9,1,22,1500,1,2,1,1.0,2,94028,M,4.0,0,94
200900018456,9,1,22,1525,1,2,2,2.0,6,94070,M,4.0,0,94
200900018457,9,1,22,1615,1,2,2,8.0,3,94077,M,4.0,0,94
200900018458,9,1,22,1825,5,2,5,2.0,6,94067,M,4.0,0,94
200900018459,9,1,22,1830,5,2,1,2.0,2,94017,M,4.0,0,94
200900018460,9,1,23,815,2,2,1,9.0,5,94081,M,4.0,0,94
200900018461,9,1,23,1040,1,2,1,2.0,6,94068,M,4.0,0,94
200900018462,9,1,23,1250,1,1,1,1.0,4,94028,M,4.0,0,94
200900018463,9,1,23,1710,1,2,4,1.0,6,94080,M,4.0,0,94
200900018464,9,1,23,2030,1,2,1,1.0,6,94017,M,4.0,0,94
200900018465,9,1,23,2310,5,2,1,1.0,7,94068,M,4.0,0,94
200900018466,9,1,24,220,5,1,1,1.0,7,94052,M,4.0,0,94
200900018467,9,1,24,1210,1,2,1,1.0,3,94042,M,4.0,0,94