Num_Acc,an,mois,jour,hrmn,lum,agg,int,atm,col,com,gps,lat,long,dep
200900018468,9,1,24,1700,1,2,2,1.0,6,94046,M,4.0,0,94
200900018469,9,1,24,1820,5,2,1,1.0,3,94046,M,4.0,0,94
200900018470,9,1,24,1845,4,2,1,1.0,7,94081,M,4.0,0,94
200900018471,9,1,25,450,5,1,1,1.0,7,94046,M,4.0,0,94
200900018472,9,1,25,2230,5,1,1,1.0,7,94015,M,4.0,0,94
200900018473,9,1,26,1010,1,2,1,2.0,5,94076,M,4.0,0,94
200900018474,9,1,26,1250,1,2,1,1.0,6,94079,M,4.0,0,94
200900018475,9,1,26,1740,5,2,2,8.0,7,94065,M,4.0,0,94
200900018476,9,1,26,1800,2,2,1,1.0,7,94038,M,4.0,0,94
200900018477,9,1,26,1830,5,2,2,1.0,3,94080,M,4.0,0,94
200900018478,9,1,27,1115,1,2,1,1.0,2,94043,M,4.0,0,94
200900018479,9,1,27,1225,1,2,1,1.0,6,94037,M,4.0,0,94
200900018480,9,1,27,1235,1,2,1,2.0,6,94041,M,4.0,0,94
200900018481,9,1,27,1500,1,2,2,1.0,2,94080,M,4.0,0,94
200900018482,9,1,28,1540,1,2,1,1.0,6,94028,M,4.0,0,94
200900018483,9,1,28,1915,4,2,2,1.0,3,94017,M,4.0,0,94
200900018484,9,1,29,115,5,2,1,1.0,6,94080,M,4.0,0,94
200900018485,9,1,3,2110,5,1,1,2.0,5,94052,M,4.0,0,94
200900018486,9,1,4,1230,1,1,1,1.0,3,94028,M,4.0,0,94
200900018487,9,1,15,1530,1,2,1,1.0,6,94002,M,4.0,0,94
200900018488,9,1,26,1920,3,2,1,1.0,6,94019,M,4.0,0,94
200900018489,9,1,2,1710,1,2,2,1.0,1,94033,M,4.0,0,94
200900018490,9,1,6,1910,5,2,1,9.0,2,94046,M,4.0,0,94
200900018491,9,1,8,1630,1,2,1,1.0,5,94019,M,4.0,0,94
200900018492,9,1,23,2350,4,2,2,1.0,7,94053,M,4.0,0,94
200900018493,9,2,3,1530,1,2,2,1.0,6,94042,M,4.0,0,94
200900018494,9,2,3,1830,5,2,2,2.0,6,94041,M,4.0,0,94
200900018495,9,2,4,750,1,2,2,1.0,3,94068,M,4.0,0,94
200900018496,9,2,1,525,5,2,1,1.0,1,94078,M,4.0,0,94
200900018497,9,2,1,1155,1,2,4,8.0,3,94071,M,4.0,0,94
200900018498,9,2,1,1210,1,2,1,1.0,4,94017,M,4.0,0,94
200900018499,9,2,25,1930,5,2,4,1.0,3,94052,M,4.0,0,94
200900018500,9,2,25,1930,5,2,1,1.0,6,94003,M,4.0,0,94
200900018501,9,2,25,1950,5,2,2,1.0,1,94067,M,4.0,0,94
200900018502,9,2,25,2310,3,2,1,1.0,7,94056,M,4.0,0,94
200900018503,9,2,1,1440,1,2,2,1.0,3,94076,M,4.0,0,94
200900018504,9,2,2,1905,5,2,1,3.0,3,94017,M,4.0,0,94
200900018505,9,2,3,730,2,2,1,1.0,2,94081,M,4.0,0,94
200900018506,9,2,3,900,1,2,2,1.0,3,94058,M,4.0,0,94
200900018507,9,2,3,1015,1,2,1,1.0,2,94028,M,4.0,0,94
200900018508,9,2,3,1055,1,2,1,1.0,6,94038,M,4.0,0,94
200900018509,9,2,7,2120,5,1,1,2.0,7,94043,M,4.0,0,94
200900018510,9,2,8,120,5,2,2,1.0,6,94017,M,4.0,0,94
200900018511,9,2,8,1200,1,2,1,1.0,6,94076,M,4.0,0,94
200900018512,9,2,8,1930,5,2,5,8.0,6,94028,M,4.0,0,94
200900018513,9,2,8,2010,2,2,2,1.0,4,94059,M,4.0,0,94
200900018514,9,2,4,750,2,2,1,1.0,2,94021,M,4.0,0,94
200900018515,9,2,4,1025,1,2,1,1.0,6,94033,M,4.0,0,94
200900018516,9,2,4,1610,1,2,5,2.0,2,94022,M,4.0,0,94
200900018517,9,2,4,1710,1,2,2,2.0,6,94017,M,4.0,0,94
200900018518,9,2,4,1805,5,2,1,9.0,7,94073,M,4.0,0,94
200900018519,9,2,4,1915,5,2,1,2.0,6,94077,M,4.0,0,94
200900018520,9,2,4,1935,5,2,1,1.0,2,94021,M,4.0,0,94
200900018521,9,2,4,2107,5,1,1,1.0,4,94043,M,4.0,0,94
200900018522,9,2,5,750,1,2,1,2.0,3,94041,M,4.0,0,94
200900018523,9,2,6,5,5,2,6,1.0,6,94081,M,4.0,0,94
200900018524,9,2,6,755,1,2,1,8.0,3,94075,M,4.0,0,94
200900018525,9,2,6,1020,1,2,1,1.0,6,94068,M,4.0,0,94
200900018526,9,2,6,1120,1,2,1,1.0,7,94017,M,4.0,0,94
200900018527,9,2,6,1305,1,2,1,1.0,6,94073,M,4.0,0,94
200900018528,9,2,6,1610,1,2,2,1.0,3,94016,M,4.0,0,94
200900018529,9,2,6,1620,1,2,1,1.0,6,94041,M,4.0,0,94
200900018530,9,2,6,1645,1,2,2,1.0,4,94046,M,4.0,0,94
200900018531,9,2,6,1730,1,2,2,2.0,6,94068,M,4.0,0,94
200900018532,9,2,6,1915,5,2,1,2.0,6,94068,M,4.0,0,94
200900018533,9,2,7,1130,1,2,1,2.0,7,94038,M,4.0,0,94
200900018534,9,2,9,1400,1,2,2,1.0,2,94011,M,4.0,0,94
200900018535,9,2,9,1435,1,2,1,3.0,6,94073,M,4.0,0,94
200900018536,9,2,8,2100,5,2,2,1.0,6,94055,M,4.0,0,94
200900018537,9,2,9,640,5,2,1,1.0,3,94078,M,4.0,0,94
200900018538,9,2,9,1100,1,2,1,2.0,3,94065,M,4.0,0,94
200900018539,9,2,10,1825,2,2,1,1.0,6,94048,M,4.0,0,94
200900018540,9,2,10,1910,5,2,3,1.0,3,94011,M,4.0,0,94
200900018541,9,2,11,735,1,2,2,1.0,7,94041,M,4.0,0,94
200900018542,9,2,11,815,1,2,1,1.0,2,94018,M,4.0,0,94
200900018543,9,2,11,845,1,2,1,9.0,3,94022,M,4.0,0,94
200900018544,9,2,11,855,1,2,3,1.0,7,94073,M,4.0,0,94
200900018545,9,2,11,900,1,2,1,1.0,6,94017,M,4.0,0,94
200900018546,9,2,11,1410,1,2,1,1.0,6,94041,M,4.0,0,94
200900018547,9,2,11,1630,1,2,1,1.0,3,94041,M,4.0,0,94
200900018548,9,2,9,1510,1,2,1,2.0,5,94078,M,4.0,0,94
200900018549,9,2,10,115,5,1,1,6.0,6,94003,M,4.0,0,94
200900018550,9,2,10,840,1,2,4,1.0,3,94044,M,4.0,0,94
200900018551,9,2,10,1250,1,2,2,2.0,6,94068,M,4.0,0,94
200900018552,9,2,10,1705,1,2,1,1.0,6,94081,M,4.0,0,94
200900018553,9,2,10,1740,2,2,1,2.0,6,94059,M,4.0,0,94
200900018554,9,2,13,1700,2,2,3,8.0,2,94052,M,4.0,0,94
200900018555,9,2,14,827,1,1,1,1.0,7,94076,M,4.0,0,94
200900018556,9,2,14,900,2,1,1,1.0,7,94046,M,4.0,0,94
200900018557,9,2,14,1050,1,2,4,1.0,3,94059,M,4.0,0,94
200900018558,9,2,11,1825,2,2,2,1.0,3,94068,M,4.0,0,94
200900018559,9,2,12,45,5,2,1,2.0,6,94017,M,4.0,0,94
200900018560,9,2,12,740,2,2,1,1.0,3,94011,M,4.0,0,94
200900018561,9,2,12,753,1,1,1,1.0,2,94021,M,4.0,0,94
200900018562,9,2,12,1400,1,2,1,1.0,2,94038,M,4.0,0,94
200900018563,9,2,12,1720,1,2,1,1.0,6,94077,M,4.0,0,94
200900018564,9,2,13,525,5,2,1,4.0,1,94041,M,4.0,0,94
200900018565,9,2,15,900,1,1,1,1.0,2,94018,M,4.0,0,94
200900018566,9,2,15,1300,1,1,1,1.0,2,94018,M,4.0,0,94
200900018567,9,2,15,1830,5,2,1,1.0,6,94079,M,4.0,0,94
200900018568,9,2,14,1150,1,2,1,1.0,2,94017,M,4.0,0,94
200900018569,9,2,15,120,5,1,1,1.0,3,94046,M,4.0,0,94
200900018570,9,2,15,203,5,1,1,1.0,6,94003,M,4.0,0,94
200900018571,9,2,23,615,5,2,6,1.0,2,94017,M,4.0,0,94
200900018572,9,2,23,700,5,2,6,1.0,2,94015,M,4.0,0,94
200900018573,9,2,23,915,1,2,5,3.0,6,94067,M,4.0,0,94
200900018574,9,2,23,1440,1,2,1,1.0,3,94046,M,4.0,0,94
200900018575,9,2,23,1730,1,2,1,1.0,5,94004,M,4.0,0,94
200900018576,9,2,23,2005,5,2,1,1.0,2,94046,M,4.0,0,94
200900018577,9,2,23,2019,5,2,1,2.0,6,94022,M,4.0,0,94
200900018578,9,2,23,2040,5,2,1,1.0,6,94017,M,4.0,0,94
200900018579,9,2,16,620,5,2,2,2.0,3,94002,M,4.0,0,94
200900018580,9,2,16,640,5,2,2,1.0,6,94068,M,4.0,0,94
200900018581,9,2,16,755,2,2,1,2.0,6,94041,M,4.0,0,94
200900018582,9,2,16,1100,1,1,1,8.0,3,94021,M,4.0,0,94
200900018583,9,2,16,1345,1,2,2,1.0,3,94019,M,4.0,0,94
200900018584,9,2,16,1950,2,2,2,1.0,5,94028,M,4.0,0,94
200900018585,9,2,16,2130,4,1,1,1.0,2,94073,M,4.0,0,94
200900018586,9,2,17,1015,1,2,1,1.0,6,94041,M,4.0,0,94
200900018587,9,2,17,1415,1,2,1,1.0,3,94058,M,4.0,0,94
200900018588,9,2,17,1420,1,2,1,8.0,3,94059,M,4.0,0,94
200900018589,9,2,17,1700,1,2,2,1.0,6,94016,M,4.0,0,94
200900018590,9,2,17,1850,5,2,1,2.0,6,94016,M,4.0,0,94
200900018591,9,2,17,1935,5,2,1,1.0,6,94046,M,4.0,0,94
200900018592,9,2,18,1205,1,1,1,2.0,6,94034,M,4.0,0,94
200900018593,9,2,18,1325,1,2,1,1.0,7,94055,M,4.0,0,94
200900018594,9,2,18,1455,1,2,2,1.0,3,94077,M,4.0,0,94
200900018595,9,2,18,1815,2,2,1,1.0,6,94017,M,4.0,0,94
200900018596,9,2,19,855,1,2,2,1.0,1,94056,M,4.0,0,94
200900018597,9,2,19,900,1,2,1,9.0,6,94075,M,4.0,0,94
200900018598,9,2,19,915,1,2,2,1.0,3,94071,M,4.0,0,94
200900018599,9,2,19,950,1,2,1,1.0,6,94077,M,4.0,0,94
200900018600,9,2,19,1415,1,2,4,1.0,3,94078,M,4.0,0,94
200900018601,9,2,19,1555,1,2,1,1.0,7,94068,M,4.0,0,94
200900018602,9,2,19,1650,1,2,3,1.0,3,94019,M,4.0,0,94
200900018603,9,2,19,1725,2,2,1,1.0,6,94017,M,4.0,0,94
200900018604,9,2,19,1902,1,2,2,1.0,2,94017,M,4.0,0,94
200900018605,9,2,20,2155,5,2,1,1.0,5,94028,M,4.0,0,94
200900018606,9,2,21,59,5,1,1,1.0,6,94043,M,4.0,0,94
200900018607,9,2,21,245,5,2,1,1.0,7,94017,M,4.0,0,94
200900018608,9,2,21,1045,1,2,1,1.0,3,94043,M,4.0,0,94
200900018609,9,2,22,615,5,2,1,1.0,6,94043,M,4.0,0,94
200900018610,9,2,22,835,1,1,1,1.0,6,94034,M,4.0,0,94
200900018611,9,2,22,1425,1,2,1,1.0,1,94017,M,4.0,0,94
200900018612,9,2,22,1555,1,2,1,1.0,3,94041,M,4.0,0,94
200900018613,9,2,22,1800,2,2,1,2.0,7,94034,M,4.0,0,94
200900018614,9,2,24,220,5,2,1,2.0,7,94081,M,4.0,0,94
200900018615,9,2,24,725,2,2,1,1.0,6,94076,M,4.0,0,94
200900018616,9,2,24,1445,1,2,1,8.0,6,94021,M,4.0,0,94
200900018617,9,2,24,1800,2,2,2,1.0,3,94054,M,4.0,0,94
200900018618,9,2,24,2145,5,2,3,1.0,3,94022,M,4.0,0,94
200900018619,9,2,25,1415,1,2,1,1.0,3,94073,M,4.0,0,94
200900018620,9,2,25,1610,1,1,1,1.0,3,94028,M,4.0,0,94
200900018621,9,2,27,745,1,2,1,1.0,3,94022,M,4.0,0,94
200900018622,9,2,27,855,1,2,3,1.0,2,94028,M,4.0,0,94
200900018623,9,2,25,2345,5,2,2,1.0,3,94033,M,4.0,0,94
200900018624,9,2,26,820,1,2,1,1.0,6,94076,M,4.0,0,94
200900018625,9,2,26,1540,1,2,1,1.0,7,94041,M,4.0,0,94
200900018626,9,2,27,720,2,2,2,1.0,3,94015,M,4.0,0,94
200900018627,9,2,28,1430,1,2,2,1.0,6,94067,M,4.0,0,94
200900018628,9,2,28,1500,1,2,3,1.0,6,94037,M,4.0,0,94
200900018629,9,2,28,1955,5,2,1,1.0,3,94068,M,4.0,0,94
200900018630,9,2,28,2017,5,2,1,1.0,3,94019,M,4.0,0,94
200900018631,9,2,27,1015,1,2,1,1.0,6,94021,M,4.0,0,94
200900018632,9,2,27,1450,1,2,2,1.0,6,94028,M,4.0,0,94
200900018633,9,2,28,350,5,1,1,1.0,7,94043,M,4.0,0,94
200900018634,9,2,28,425,5,2,2,5.0,3,94078,M,4.0,0,94
200900018635,9,2,28,630,5,2,1,5.0,7,94046,M,4.0,0,94
200900018636,9,2,28,1140,1,2,2,1.0,1,94079,M,4.0,0,94
200900018637,9,2,4,845,1,1,1,2.0,3,94065,M,4.0,0,94
200900018638,9,2,5,1,5,2,2,1.0,3,94002,M,4.0,0,94
200900018639,9,2,13,800,2,1,2,4.0,3,94054,M,4.0,0,94
200900018640,9,2,16,5,5,2,4,1.0,6,94046,M,4.0,0,94
200900018641,9,2,23,1820,5,1,1,1.0,7,94054,M,4.0,0,94
200900018642,9,2,6,1455,1,2,1,1.0,2,94018,M,4.0,0,94
200900018643,9,2,3,950,1,1,1,1.0,5,94017,M,4.0,0,94
200900018644,9,2,14,1130,1,1,1,1.0,7,94065,M,4.0,0,94
200900018645,9,2,20,1745,1,2,2,1.0,3,94073,M,4.0,0,94
200900018646,9,2,17,125,5,2,2,1.0,6,94019,M,4.0,0,94
200900018647,9,2,24,1925,5,2,3,1.0,3,94017,M,4.0,0,94
200900018648,9,3,20,1330,1,2,1,1.0,7,56098,M,4.0,-,56
200900018649,9,3,7,1754,1,2,1,1.0,7,56121,M,4.0,-,56
200900018650,9,3,26,1935,5,2,3,2.0,3,56098,M,4.0,-,56
200900018651,9,3,11,1910,1,2,9,1.0,6,56098,M,4.0,-,56
200900018652,9,3,21,1300,1,2,1,1.0,2,56121,M,4.0,-,56
200900018653,9,3,20,1625,1,2,6,1.0,3,56121,M,4.0,-,56
200900018654,9,3,28,1910,1,2,2,1.0,3,56121,M,4.0,-,56
200900018655,9,3,7,1540,1,2,1,1.0,3,56121,M,4.0,-,56
200900018656,9,3,11,2132,5,2,3,1.0,3,56121,M,4.0,-,56
200900018657,9,3,15,1834,1,2,1,1.0,6,56121,M,4.0,-,56
200900018658,9,3,16,851,1,2,2,1.0,3,56121,M,4.0,-,56
200900018659,9,3,31,823,1,2,1,1.0,7,56098,M,,,56
200900018660,9,3,16,1716,1,2,3,1.0,3,56121,M,4.0,-,56
200900018661,9,3,20,1403,1,2,3,1.0,3,56121,M,4.0,-,56
200900018662,9,3,10,944,1,2,1,1.0,3,56098,M,4.0,-,56
200900018663,9,3,14,1624,1,2,9,1.0,7,56098,M,4.0,-,56
200900018664,9,3,21,1546,1,2,1,1.0,7,56098,M,,,56
200900018665,9,3,20,1905,1,2,1,1.0,2,56098,M,4.0,-,56
200900018666,9,3,23,2345,3,1,1,1.0,6,56075,M,4.0,-,56
200900018667,9,3,8,245,3,1,1,1.0,7,56064,M,4.0,-,56
200900018668,9,3,15,230,4,2,1,1.0,6,56184,M,4.0,-,56
200900018669,9,3,10,1300,1,1,2,1.0,3,56242,M,4.0,-,56
200900018670,9,3,15,945,1,1,1,1.0,6,56140,M,0.0,0,56
200900018671,9,3,8,1515,1,2,1,1.0,1,56077,M,4.0,-,56
200900018672,9,3,31,1730,1,1,1,1.0,1,56067,M,0.0,0,56
200900018673,9,3,14,1945,1,1,1,1.0,3,56166,M,4.0,-,56
200900018674,9,3,9,2130,3,1,1,1.0,6,56023,M,4.0,-,56
200900018675,9,3,21,1915,1,1,1,1.0,2,56030,M,4.0,-,56
200900018676,9,3,7,1530,1,1,1,1.0,6,56070,M,4.0,-,56
200900018677,9,3,19,1700,1,2,1,7.0,1,56089,M,4.0,-,56
200900018678,9,3,23,1625,1,2,1,1.0,6,56260,M,4.0,-,56
200900018679,9,3,26,1350,1,2,1,1.0,6,56260,M,4.0,-,56
200900018680,9,3,19,1320,1,2,6,1.0,3,56260,M,4.0,-,56
200900018681,9,3,30,1425,1,2,1,1.0,3,56260,M,4.0,-,56
200900018682,9,3,1,615,3,1,1,1.0,7,56101,M,0.0,0,56
200900018683,9,3,1,1800,1,2,1,8.0,1,56129,M,0.0,0,56
200900018684,9,3,2,20,5,2,1,1.0,7,56121,M,4.0,-,56
200900018685,9,3,2,855,1,2,2,1.0,3,56098,M,4.0,-,56
200900018686,9,3,2,1415,1,1,1,1.0,7,56006,M,0.0,0,56
200900018687,9,3,4,1705,1,2,6,8.0,2,56260,M,4.0,-,56
200900018688,9,3,3,1730,1,1,1,2.0,3,56075,M,0.0,0,56
200900018689,9,3,4,1735,1,2,1,1.0,2,56121,M,4.0,-,56
200900018690,9,3,5,1100,1,2,1,2.0,6,56117,M,4.0,-,56
200900018691,9,3,5,1925,2,2,6,1.0,3,56260,M,4.0,-,56
200900018692,9,3,6,1730,1,2,7,1.0,6,56143,M,4.0,-,56
200900018693,9,3,6,2100,5,2,1,1.0,7,56162,M,4.0,-,56
200900018694,9,3,2,1325,1,2,1,1.0,7,56260,M,,,56
200900018695,9,3,9,1405,1,2,1,1.0,2,56098,M,4.0,-,56
200900018696,9,3,10,855,1,2,1,1.0,4,56260,M,,,56
200900018697,9,3,18,1852,1,2,2,1.0,3,56098,M,4.0,-,56
200900018698,9,3,23,857,1,2,6,1.0,3,56121,M,4.0,-,56
200900018699,9,4,26,1510,1,2,6,1.0,6,56121,M,4.0,-,56
200900018700,9,4,17,2028,5,2,1,1.0,4,56083,M,4.0,-,56
200900018701,9,4,29,2033,1,2,1,1.0,6,56107,M,4.0,-,56
200900018702,9,4,22,1745,1,2,1,1.0,2,56121,M,4.0,-,56
200900018703,9,4,30,1600,1,2,1,1.0,7,56121,M,4.0,-,56
200900018704,9,4,17,2120,5,1,1,1.0,6,56162,M,,,56
200900018705,9,4,25,550,5,2,1,1.0,7,56083,M,,,56
200900018706,9,4,18,1440,1,2,2,1.0,3,56121,M,4.0,-,56
200900018707,9,4,9,1415,1,2,1,8.0,7,56121,M,4.0,-,56
200900018708,9,4,4,1630,1,2,1,1.0,6,56162,M,4.0,-,56
200900018709,9,4,25,1722,1,1,1,1.0,6,56083,M,,,56
200900018710,9,4,25,1259,1,2,1,1.0,7,56121,M,4.0,-,56
200900018711,9,4,9,1038,1,2,1,8.0,6,56098,M,4.0,-,56
200900018712,9,4,17,1000,1,2,6,1.0,3,56121,M,4.0,-,56
200900018713,9,4,2,1450,1,2,1,1.0,1,56121,M,4.0,-,56
200900018714,9,4,27,1900,1,2,2,1.0,3,56121,M,4.0,-,56
200900018715,9,4,5,1725,1,2,1,1.0,1,56121,M,4.0,-,56
200900018716,9,4,19,1650,1,2,1,1.0,6,56098,M,4.0,-,56
200900018717,9,4,23,1428,1,2,1,1.0,6,56098,M,4.0,-,56
200900018718,9,4,28,1739,1,2,6,1.0,7,56098,M,4.0,-,56
200900018719,9,4,27,1045,1,2,1,3.0,6,56162,M,4.0,-,56
200900018720,9,4,11,702,1,2,1,1.0,2,56121,M,4.0,-,56
200900018721,9,4,28,1825,1,2,1,1.0,6,56121,M,4.0,-,56
200900018722,9,4,15,1724,1,2,2,3.0,3,56121,M,4.0,-,56
200900018723,9,4,17,1603,1,2,1,1.0,6,56121,M,4.0,-,56
200900018724,9,4,10,1315,1,2,6,1.0,3,56260,M,4.0,-,56
200900018725,9,4,5,245,5,2,1,1.0,6,56152,M,0.0,0,56
200900018726,9,4,28,1115,1,1,1,2.0,1,56201,M,4.0,-,56
200900018727,9,4,26,1215,1,1,1,1.0,6,56031,M,0.0,0,56
200900018728,9,4,21,615,5,2,1,1.0,1,56117,M,0.0,0,56
200900018729,9,4,23,1430,1,1,1,1.0,1,56057,M,0.0,0,56
200900018730,9,4,25,1945,1,2,1,1.0,2,56177,M,0.0,0,56
200900018731,9,4,21,1830,1,1,1,1.0,1,56168,M,4.0,-,56
200900018732,9,4,7,1200,1,2,1,1.0,3,56151,M,4.0,-,56
200900018733,9,4,13,1,3,1,1,1.0,6,56031,M,4.0,-,56
200900018734,9,4,17,2045,1,1,1,1.0,6,56034,M,4.0,-,56
200900018735,9,4,2,1630,1,1,1,1.0,7,56140,M,0.0,0,56
200900018736,9,4,29,1730,1,1,1,1.0,3,56077,M,0.0,0,56
200900018737,9,4,28,830,1,1,1,1.0,3,56153,M,0.0,0,56
200900018738,9,4,5,655,5,2,6,1.0,6,56260,M,4.0,-,56
200900018739,9,4,11,1115,1,2,1,1.0,6,56260,M,4.0,-,56
200900018740,9,4,18,1720,1,2,1,1.0,6,56260,M,4.0,-,56
200900018741,9,4,5,2040,2,2,1,1.0,3,56260,M,4.0,-,56
200900018742,9,4,3,1110,1,2,1,1.0,6,56260,M,4.0,-,56
200900018743,9,4,9,1215,1,2,9,1.0,3,56260,M,4.0,-,56
200900018744,9,4,29,2045,1,2,6,2.0,6,56260,M,4.0,-,56
200900018745,9,4,4,1540,1,2,1,1.0,2,56260,M,4.0,-,56
200900018746,9,4,19,700,1,2,1,1.0,7,56260,M,,,56
200900018747,9,4,9,1935,1,2,1,2.0,7,56098,M,,,56
200900018748,9,4,10,1422,1,2,1,1.0,6,56121,M,,,56
200900018749,9,4,12,1045,1,1,1,1.0,1,56004,M,0.0,0,56
200900018750,9,4,13,1217,1,2,1,1.0,1,56121,M,,,56
200900018751,9,4,15,1331,1,1,1,2.0,7,56162,M,,,56
200900018752,9,2,6,800,2,2,1,1.0,6,72264,M,0.0,0,72
200900018753,9,2,5,1215,1,1,1,7.0,2,72244,M,4.0,-,72
200900018754,9,2,11,1730,1,2,1,1.0,6,72181,M,,,72
200900018755,9,2,8,245,3,1,1,2.0,7,72054,M,4.0,0,72
200900018756,9,2,12,730,1,1,1,9.0,6,72339,M,4.0,0,72
200900018757,9,2,12,740,5,2,1,9.0,2,72181,M,,,72
200900018758,9,2,12,1715,1,2,1,1.0,6,72181,M,,,72
200900018759,9,2,13,900,1,1,1,2.0,6,72139,M,0.0,0,72
200900018760,9,2,13,1145,1,2,1,1.0,6,72154,M,0.0,0,72
200900018761,9,2,14,230,3,1,1,1.0,7,72289,M,0.0,0,72
200900018762,9,2,16,1430,1,1,1,1.0,2,72016,M,0.0,0,72
200900018763,9,2,19,1736,1,2,1,1.0,2,72181,M,,,72
200900018764,9,2,20,1710,1,2,1,1.0,6,72181,M,,,72
200900018765,9,2,21,530,3,1,1,1.0,6,72377,M,4.0,-,72
200900018766,9,2,17,2045,5,2,3,1.0,3,72181,M,,,72
200900018767,9,2,19,1730,1,2,1,1.0,3,72138,M,4.0,0,72
200900018768,9,2,20,1445,1,2,1,1.0,6,72181,M,,,72
200900018769,9,2,23,1745,1,2,3,1.0,3,72181,M,,,72
200900018770,9,2,26,1858,5,2,2,1.0,3,72181,M,,,72
200900018771,9,2,28,910,1,2,3,1.0,1,72003,M,,,72
200900018772,9,2,28,1815,1,1,1,1.0,7,72292,M,0.0,0,72
200900018773,9,5,26,1545,1,2,1,8.0,1,74281,M,,,74
200900018774,9,3,17,1515,1,2,1,1.0,2,72181,M,,,72
200900018775,9,3,16,1845,1,2,2,1.0,3,72181,M,,,72
200900018776,9,3,6,1515,1,1,1,1.0,2,72042,M,0.0,0,72
200900018777,9,3,7,1645,1,1,1,8.0,7,72077,M,4.0,0,72
200900018778,9,3,6,2045,3,1,1,1.0,6,72024,M,0.0,0,72
200900018779,9,3,4,1100,1,1,1,1.0,6,72061,M,0.0,0,72
200900018780,9,3,2,2100,3,1,1,1.0,3,72154,M,4.0,-,72
200900018781,9,3,6,800,1,1,1,1.0,3,72211,M,4.0,-,72
200900018782,9,3,7,30,3,1,2,1.0,3,72346,M,4.0,0,72
200900018783,9,3,8,1005,1,2,1,2.0,3,72181,M,,,72
200900018784,9,3,9,1800,1,2,2,1.0,5,72181,M,,,72
200900018785,9,3,10,1630,1,1,1,1.0,1,72021,M,4.0,-,72
200900018786,9,3,16,1635,1,2,1,1.0,6,72181,M,,,72
200900018787,9,3,11,1520,1,2,1,1.0,7,72181,M,,,72
200900018788,9,3,10,1730,1,1,1,2.0,1,72249,M,4.0,0,72
200900018789,9,3,12,435,5,2,1,1.0,7,72003,M,,,72
200900018790,9,3,13,945,1,2,2,1.0,6,72181,M,,,72
200900018791,9,3,13,2045,5,2,2,1.0,7,72181,M,,,72
200900018792,9,3,16,30,3,1,1,1.0,7,72169,M,4.0,0,72
200900018793,9,3,16,1745,1,2,1,1.0,6,72181,M,,,72
200900018794,9,3,17,1615,1,2,1,1.0,1,72375,M,4.0,0,72
200900018795,9,3,20,2058,5,2,1,1.0,3,72181,M,,,72
200900018796,9,3,20,2316,5,1,1,1.0,5,72181,M,,,72
200900018797,9,3,21,1510,1,2,1,1.0,2,72181,M,,,72
200900018798,9,3,23,825,1,2,1,8.0,2,72181,M,,,72
200900018799,9,3,25,1030,1,2,1,1.0,6,72124,M,0.0,0,72
200900018800,9,3,27,430,5,2,1,2.0,7,72181,M,,,72
200900018801,9,3,24,1815,1,1,1,1.0,1,72344,M,4.0,0,72
200900018802,9,3,28,1500,1,2,1,1.0,6,72181,M,,,72
200900018803,9,3,27,1450,1,2,1,1.0,2,72181,M,,,72
200900018804,9,3,27,2345,5,2,1,2.0,7,72181,M,,,72
200900018805,9,3,28,1120,1,2,1,1.0,6,72181,M,,,72
200900018806,9,3,30,1730,1,2,6,1.0,3,72154,M,4.0,-,72
200900018807,9,3,30,1820,1,2,2,1.0,3,72003,M,,,72
200900018808,9,3,31,845,1,2,1,1.0,3,72181,M,,,72
200900018809,9,3,31,1700,1,2,1,1.0,6,72181,M,,,72
200900018810,9,3,30,45,3,1,1,1.0,6,72194,M,0.0,0,72
200900018811,9,1,8,1430,1,2,2,2.0,3,29019,M,,,29
200900018812,9,5,29,1845,1,1,1,7.0,6,66063,M,4.0,0,66
200900018813,9,5,17,115,3,1,1,1.0,6,66021,M,4.0,0,66
200900018814,9,5,16,1200,1,1,1,1.0,3,66149,M,4.0,0,66
200900018815,9,5,11,2230,3,1,1,1.0,7,66015,M,4.0,0,66
200900018816,9,5,1,1915,1,1,1,1.0,5,66133,M,4.0,0,66
200900018817,9,5,20,1215,1,1,3,1.0,3,66230,M,4.0,0,66
200900018818,9,5,28,1730,1,1,1,1.0,1,66230,M,4.0,0,66
200900018819,9,5,19,1800,1,2,1,1.0,2,66011,M,4.0,0,66
200900018820,9,5,10,830,1,1,1,1.0,6,66074,M,4.0,0,66
200900018821,9,5,1,500,3,1,9,2.0,7,66208,M,4.0,0,66
200900018822,9,5,5,100,5,1,6,1.0,6,66002,M,4.0,0,66
200900018823,9,5,14,1000,1,2,1,1.0,6,66213,M,4.0,0,66
200900018824,9,5,13,40,5,2,1,1.0,6,66136,M,4.0,0,66
200900018825,9,5,15,2020,1,2,1,1.0,6,66136,M,4.0,0,66
200900018826,9,5,17,2125,2,1,1,1.0,1,66136,M,4.0,0,66
200900018827,9,5,19,824,1,2,1,7.0,6,66136,M,4.0,0,66
200900018828,9,5,26,1715,1,1,1,1.0,2,66136,M,4.0,0,66
200900018829,9,5,29,1145,1,1,1,1.0,6,66231,M,4.0,0,66
200900018830,9,5,30,1610,1,2,1,1.0,3,66136,M,4.0,0,66
200900018831,9,5,21,45,3,1,1,1.0,2,66136,M,4.0,0,66
200900018832,9,6,27,2000,1,1,1,1.0,1,66106,M,0.0,0,66
200900018833,9,6,26,1545,1,1,1,2.0,1,66125,M,0.0,0,66
200900018834,9,6,26,1345,1,2,1,1.0,3,66137,M,0.0,0,66
200900018835,9,6,15,1600,1,2,1,1.0,3,66037,M,0.0,0,66
200900018836,9,6,12,1700,1,1,1,1.0,7,66146,M,0.0,0,66
200900018837,9,6,29,2300,3,1,1,1.0,6,66136,M,,,66
200900018838,9,6,26,1230,1,2,1,1.0,3,66136,M,4.0,0,66
200900018839,9,6,4,1445,1,1,1,1.0,6,66209,M,0.0,0,66