Num_Acc,an,mois,jour,hrmn,lum,agg,int,atm,col,com,gps,lat,long,dep
200900018840,9,6,1,1000,1,1,1,1.0,6,66167,M,0.0,0,66
200900018841,9,6,4,855,1,1,1,1.0,6,66136,M,4.0,0,66
200900018842,9,6,5,1015,1,2,1,1.0,6,66136,M,4.0,0,66
200900018843,9,6,9,1815,1,2,1,1.0,6,66021,M,4.0,0,66
200900018844,9,6,5,1245,1,1,1,1.0,7,66228,M,4.0,0,66
200900018845,9,6,6,2015,2,2,1,1.0,7,66227,M,4.0,0,66
200900018846,9,6,10,1000,1,1,1,1.0,6,66008,M,4.0,0,66
200900018847,9,6,11,1410,1,2,2,1.0,3,66136,M,4.0,0,66
200900018848,9,6,12,1345,1,2,6,1.0,6,66021,M,4.0,0,66
200900018849,9,6,23,2345,5,2,1,1.0,3,66210,M,4.0,0,66
200900018850,9,6,17,1745,1,2,1,1.0,6,66046,M,4.0,0,66
200900018851,9,6,21,1830,1,2,1,1.0,3,66003,M,4.0,0,66
200900018852,9,6,29,2330,5,2,1,1.0,7,66171,M,4.0,0,66
200900018853,9,6,29,915,1,1,6,1.0,6,66149,M,0.0,0,66
200900018854,9,6,30,1350,1,2,2,1.0,1,66136,M,4.0,0,66
200900018855,9,3,1,1610,1,2,1,1.0,6,94002,M,4.0,0,94
200900018856,9,3,7,2015,5,2,1,1.0,3,94068,M,4.0,0,94
200900018857,9,3,8,455,5,2,2,2.0,7,94003,M,4.0,0,94
200900018858,9,3,1,1930,5,1,1,1.0,5,94042,M,4.0,0,94
200900018859,9,3,1,2115,5,2,1,1.0,7,94041,M,4.0,0,94
200900018860,9,3,2,107,5,2,1,8.0,2,94021,M,4.0,0,94
200900018861,9,3,2,850,2,2,3,1.0,3,94037,M,4.0,0,94
200900018862,9,3,2,915,1,2,1,1.0,6,94028,M,4.0,0,94
200900018863,9,3,2,1220,1,2,1,1.0,7,94079,M,4.0,0,94
200900018864,9,3,2,1315,1,2,1,1.0,2,94016,M,4.0,0,94
200900018865,9,3,2,1515,1,2,1,2.0,2,94041,M,4.0,0,94
200900018866,9,3,2,1800,2,2,1,2.0,6,94041,M,4.0,0,94
200900018867,9,3,3,640,2,1,1,1.0,3,94018,M,4.0,0,94
200900018868,9,3,3,815,1,2,2,1.0,2,94016,M,4.0,0,94
200900018869,9,3,3,940,1,2,1,1.0,2,94065,M,4.0,0,94
200900018870,9,3,3,1140,1,2,2,1.0,3,94073,M,4.0,0,94
200900018871,9,3,3,1440,1,2,1,1.0,2,94073,M,4.0,0,94
200900018872,9,3,3,1740,1,2,1,1.0,6,94081,M,4.0,0,94
200900018873,9,3,3,1940,5,1,1,1.0,2,94017,M,4.0,0,94
200900018874,9,3,3,1940,5,2,1,1.0,6,94081,M,4.0,0,94
200900018875,9,3,4,917,1,1,1,2.0,2,94073,M,4.0,0,94
200900018876,9,3,4,1038,1,2,2,2.0,3,94077,M,4.0,0,94
200900018877,9,3,4,1512,1,2,1,1.0,2,94011,M,4.0,0,94
200900018878,9,3,4,1700,1,1,1,2.0,3,94081,M,4.0,0,94
200900018879,9,3,4,2017,5,1,1,1.0,4,94021,M,4.0,0,94
200900018880,9,3,4,2110,5,2,2,1.0,6,94069,M,4.0,0,94
200900018881,9,3,5,845,1,2,3,1.0,6,94067,M,4.0,0,94
200900018882,9,3,5,1200,1,2,3,1.0,3,94022,M,4.0,0,94
200900018883,9,3,4,2020,5,1,1,1.0,5,94021,M,4.0,0,94
200900018884,9,3,5,1700,1,2,1,1.0,6,94011,M,4.0,0,94
200900018885,9,3,5,1700,1,2,2,1.0,3,94068,M,4.0,0,94
200900018886,9,3,5,1930,5,2,3,1.0,5,94065,M,4.0,0,94
200900018887,9,3,6,50,5,2,1,1.0,6,94019,M,4.0,0,94
200900018888,9,3,6,1310,1,2,1,1.0,6,94071,M,4.0,0,94
200900018889,9,3,6,1620,1,2,2,1.0,6,94068,M,4.0,0,94
200900018890,9,3,6,1815,4,2,3,1.0,3,94081,M,4.0,0,94
200900018891,9,3,6,1830,1,1,1,1.0,2,94073,M,4.0,0,94
200900018892,9,3,6,2125,5,1,1,1.0,7,94003,M,4.0,0,94
200900018893,9,3,7,805,2,2,6,1.0,2,94034,M,4.0,0,94
200900018894,9,3,7,925,1,2,1,1.0,7,94081,M,4.0,0,94
200900018895,9,3,7,1157,1,2,1,1.0,3,94028,M,4.0,0,94
200900018896,9,3,7,1535,1,2,1,8.0,2,94017,M,4.0,0,94
200900018897,9,3,7,1855,2,2,6,1.0,3,94019,M,4.0,0,94
200900018898,9,3,10,930,1,2,3,3.0,3,94033,M,4.0,0,94
200900018899,9,3,8,1250,1,2,2,2.0,3,94038,M,4.0,0,94
200900018900,9,3,8,1655,1,2,1,1.0,3,94028,M,4.0,0,94
200900018901,9,3,8,2020,5,2,1,2.0,7,94041,M,4.0,0,94
200900018902,9,3,9,1300,1,2,1,1.0,3,94047,M,4.0,0,94
200900018903,9,3,9,1830,2,2,5,1.0,7,94033,M,4.0,0,94
200900018904,9,3,9,2325,4,2,3,1.0,3,94079,M,4.0,0,94
200900018905,9,3,11,1900,2,2,1,1.0,7,94017,M,4.0,0,94
200900018906,9,3,12,840,1,2,1,1.0,2,94017,M,4.0,0,94
200900018907,9,3,12,1245,1,2,1,2.0,2,94078,M,4.0,0,94
200900018908,9,3,12,1735,1,2,1,1.0,6,94038,M,4.0,0,94
200900018909,9,3,13,755,1,2,1,1.0,2,94028,M,4.0,0,94
200900018910,9,3,10,1125,1,1,1,1.0,7,94069,M,4.0,0,94
200900018911,9,3,10,1250,1,2,1,2.0,4,94054,M,4.0,0,94
200900018912,9,3,10,2030,5,2,1,1.0,2,94041,M,4.0,0,94
200900018913,9,3,11,835,1,2,1,1.0,2,94011,M,4.0,0,94
200900018914,9,3,11,845,1,2,5,1.0,3,94075,M,4.0,0,94
200900018915,9,3,11,845,1,2,1,1.0,6,94076,M,4.0,0,94
200900018916,9,3,11,1135,1,2,2,1.0,6,94067,M,4.0,0,94
200900018917,9,3,19,1420,1,2,1,1.0,3,94018,M,4.0,0,94
200900018918,9,3,19,1910,2,2,3,1.0,3,94068,M,4.0,0,94
200900018919,9,3,19,1925,2,2,2,1.0,6,94028,M,4.0,0,94
200900018920,9,3,13,850,1,1,1,8.0,3,94015,M,4.0,0,94
200900018921,9,3,13,1525,1,1,1,1.0,5,94065,M,4.0,0,94
200900018922,9,3,13,1540,1,2,1,1.0,6,94073,M,4.0,0,94
200900018923,9,3,13,1640,1,2,3,1.0,6,94081,M,4.0,0,94
200900018924,9,3,13,1650,1,2,3,1.0,6,94017,M,4.0,0,94
200900018925,9,3,13,1700,1,1,1,1.0,5,94069,M,4.0,0,94
200900018926,9,3,13,1935,5,2,1,1.0,6,94079,M,4.0,0,94
200900018927,9,3,13,2300,3,1,1,1.0,6,94017,M,4.0,0,94
200900018928,9,3,14,220,3,1,1,1.0,4,94038,M,4.0,0,94
200900018929,9,3,14,225,5,1,1,1.0,6,94003,M,4.0,0,94
200900018930,9,3,14,1130,1,1,1,1.0,3,94028,M,4.0,0,94
200900018931,9,3,15,1000,1,2,1,1.0,3,94076,M,4.0,0,94
200900018932,9,3,15,1430,1,2,1,1.0,6,94046,M,4.0,0,94
200900018933,9,3,15,1835,1,2,1,1.0,2,94019,M,4.0,0,94
200900018934,9,3,15,1850,3,2,1,1.0,3,94033,M,4.0,0,94
200900018935,9,3,15,2000,1,2,3,1.0,3,94073,M,4.0,0,94
200900018936,9,3,16,935,1,2,4,1.0,4,94028,M,4.0,0,94
200900018937,9,3,16,1630,1,1,1,1.0,2,94069,M,4.0,0,94
200900018938,9,3,16,1635,1,2,1,1.0,2,94018,M,4.0,0,94
200900018939,9,3,16,2010,5,2,3,1.0,3,94021,M,4.0,0,94
200900018940,9,3,17,231,5,1,1,1.0,7,94021,M,4.0,0,94
200900018941,9,3,17,550,2,2,2,1.0,3,94041,M,4.0,0,94
200900018942,9,3,17,730,1,1,1,1.0,6,94038,M,4.0,0,94
200900018943,9,3,17,750,1,2,6,1.0,3,94028,M,4.0,0,94
200900018944,9,3,17,840,1,2,2,1.0,2,94073,M,4.0,0,94
200900018945,9,3,17,1015,1,2,6,1.0,6,94080,M,4.0,0,94
200900018946,9,3,17,1120,1,1,1,1.0,5,94022,M,4.0,0,94
200900018947,9,3,17,1235,1,2,2,1.0,3,94067,M,4.0,0,94
200900018948,9,3,17,1625,1,2,3,1.0,3,94018,M,4.0,0,94
200900018949,9,3,17,1630,1,2,1,1.0,6,94058,M,4.0,0,94
200900018950,9,3,17,1700,1,2,1,1.0,3,94058,M,4.0,0,94
200900018951,9,3,17,1910,5,2,1,1.0,6,94076,M,4.0,0,94
200900018952,9,3,17,2320,5,2,4,1.0,3,94017,M,4.0,0,94
200900018953,9,3,18,845,1,2,1,1.0,3,94081,M,4.0,0,94
200900018954,9,3,18,1120,1,2,1,1.0,6,94017,M,4.0,0,94
200900018955,9,3,18,1640,1,2,2,1.0,6,94076,M,4.0,0,94
200900018956,9,3,18,1700,1,2,1,1.0,3,94018,M,4.0,0,94
200900018957,9,3,18,1730,1,2,1,1.0,6,94028,M,4.0,0,94
200900018958,9,3,18,2345,5,1,1,1.0,2,94017,M,4.0,0,94
200900018959,9,3,19,740,1,2,1,1.0,3,94052,M,4.0,0,94
200900018960,9,3,19,1350,1,2,2,1.0,3,94068,M,4.0,0,94
200900018961,9,3,20,250,5,1,1,1.0,7,94021,M,4.0,0,94
200900018962,9,3,20,355,5,2,3,1.0,3,94074,M,4.0,0,94
200900018963,9,3,20,730,2,1,1,1.0,3,94038,M,4.0,0,94
200900018964,9,3,20,740,1,2,2,1.0,6,94041,M,4.0,0,94
200900018965,9,3,20,830,1,2,2,1.0,3,94016,M,4.0,0,94
200900018966,9,3,20,845,1,2,1,1.0,3,94081,M,4.0,0,94
200900018967,9,3,20,1530,1,2,1,1.0,7,94041,M,4.0,0,94
200900018968,9,3,20,1615,1,2,5,1.0,3,94017,M,4.0,0,94
200900018969,9,3,20,1737,2,2,2,1.0,6,94028,M,4.0,0,94
200900018970,9,3,20,1935,5,1,1,1.0,7,94003,M,4.0,0,94
200900018971,9,3,21,1000,1,2,2,1.0,1,94067,M,4.0,0,94
200900018972,9,3,21,1245,1,2,3,1.0,2,94079,M,4.0,0,94
200900018973,9,3,21,1500,1,2,3,1.0,4,94071,M,4.0,0,94
200900018974,9,3,21,1705,1,2,2,1.0,3,94022,M,4.0,0,94
200900018975,9,3,21,1735,1,2,1,1.0,6,94076,M,4.0,0,94
200900018976,9,3,21,1750,2,2,3,1.0,3,94028,M,4.0,0,94
200900018977,9,3,21,1800,1,2,1,1.0,6,94078,M,4.0,0,94
200900018978,9,3,21,2000,5,1,1,1.0,7,94069,M,4.0,0,94
200900018979,9,3,21,2220,5,2,1,1.0,3,94028,M,4.0,0,94
200900018980,9,3,21,2350,3,2,1,1.0,6,94044,M,4.0,0,94
200900018981,9,3,22,630,2,2,1,1.0,6,94076,M,4.0,0,94
200900018982,9,3,22,2045,5,2,2,1.0,3,94076,M,4.0,0,94
200900018983,9,3,23,830,1,2,1,1.0,3,94022,M,4.0,0,94
200900018984,9,3,23,1433,1,2,1,1.0,6,94081,M,4.0,0,94
200900018985,9,3,23,1650,1,2,1,1.0,6,94011,M,4.0,0,94
200900018986,9,3,23,1940,2,1,1,1.0,4,94034,M,4.0,0,94
200900018987,9,3,24,820,1,2,2,2.0,6,94079,M,4.0,0,94
200900018988,9,3,26,2200,5,2,2,2.0,3,94059,M,4.0,0,94
200900018989,9,3,26,2225,5,2,3,1.0,3,94011,M,4.0,0,94
200900018990,9,3,27,845,1,2,1,1.0,2,94065,M,4.0,0,94
200900018991,9,3,27,935,1,1,1,1.0,3,94018,M,4.0,0,94
200900018992,9,3,27,1115,1,1,1,1.0,5,94028,M,4.0,0,94
200900018993,9,3,27,1130,1,1,1,1.0,7,94042,M,4.0,0,94
200900018994,9,3,27,1245,1,2,3,1.0,2,94046,M,4.0,0,94
200900018995,9,3,27,1300,1,2,1,1.0,6,94033,M,4.0,0,94
200900018996,9,3,24,850,1,1,1,1.0,3,94076,M,4.0,0,94
200900018997,9,3,24,1000,1,2,2,1.0,3,94081,M,4.0,0,94
200900018998,9,3,24,1010,1,2,1,1.0,3,94052,M,4.0,0,94
200900018999,9,3,24,1350,1,2,1,1.0,6,94080,M,4.0,0,94
200900019000,9,3,24,1805,1,1,1,1.0,7,94018,M,4.0,0,94
200900019001,9,3,25,930,1,2,2,1.0,3,94017,M,4.0,0,94
200900019002,9,3,25,1025,1,2,1,2.0,6,94028,M,4.0,0,94
200900019003,9,3,25,1135,1,2,3,2.0,6,94017,M,4.0,0,94
200900019004,9,3,25,1245,1,2,1,1.0,6,94076,M,4.0,0,94
200900019005,9,3,25,1245,1,1,1,1.0,2,94017,M,4.0,0,94
200900019006,9,3,25,1250,1,2,1,1.0,3,94022,M,4.0,0,94
200900019007,9,3,25,1350,1,2,1,1.0,2,94078,M,4.0,0,94
200900019008,9,3,25,1615,1,2,4,1.0,2,94065,M,4.0,0,94
200900019009,9,3,25,2010,5,2,1,1.0,6,94017,M,4.0,0,94
200900019010,9,3,25,2110,5,2,1,1.0,6,94022,M,4.0,0,94
200900019011,9,3,26,2030,5,2,1,8.0,6,94076,M,4.0,0,94
200900019012,9,3,27,1300,1,1,1,1.0,3,94052,M,4.0,0,94
200900019013,9,3,27,1350,1,2,3,1.0,3,94073,M,4.0,0,94
200900019014,9,3,27,1400,1,2,1,9.0,6,94081,M,4.0,0,94
200900019015,9,3,27,1615,1,2,3,1.0,6,94052,M,4.0,0,94
200900019016,9,3,27,1620,1,2,1,1.0,6,94043,M,4.0,0,94
200900019017,9,3,27,1720,1,1,1,1.0,5,94069,M,4.0,0,94
200900019018,9,3,27,1805,1,2,2,1.0,1,94028,M,4.0,0,94
200900019019,9,3,27,1840,1,2,1,1.0,3,94034,M,4.0,0,94
200900019020,9,3,27,1900,5,2,1,1.0,2,94021,M,4.0,0,94
200900019021,9,3,27,1945,2,2,1,1.0,3,94081,M,4.0,0,94
200900019022,9,3,27,1950,5,1,1,1.0,3,94017,M,4.0,0,94
200900019023,9,3,27,2010,5,2,1,1.0,3,94046,M,4.0,0,94
200900019024,9,3,28,1200,1,2,3,1.0,6,94033,M,4.0,0,94
200900019025,9,3,28,1205,1,2,2,2.0,3,94041,M,4.0,0,94
200900019026,9,3,28,1315,1,2,4,1.0,3,94079,M,4.0,0,94
200900019027,9,3,28,1545,1,2,1,3.0,3,94074,M,4.0,0,94
200900019028,9,3,28,1630,1,2,1,2.0,2,94033,M,4.0,0,94
200900019029,9,3,28,2015,5,2,2,2.0,6,94041,M,4.0,0,94
200900019030,9,3,28,2015,5,2,2,1.0,6,94058,M,4.0,0,94
200900019031,9,3,28,2015,5,2,1,2.0,6,94069,M,4.0,0,94
200900019032,9,3,28,2210,5,2,1,1.0,6,94043,M,4.0,0,94
200900019033,9,3,29,329,5,2,1,1.0,6,94071,M,4.0,0,94
200900019034,9,3,29,1945,1,2,1,1.0,6,94038,M,4.0,0,94
200900019035,9,3,30,1005,1,2,1,1.0,3,94067,M,4.0,0,94
200900019036,9,3,30,1115,1,2,2,1.0,3,94052,M,4.0,0,94
200900019037,9,3,30,1405,1,2,1,1.0,6,94038,M,4.0,0,94
200900019038,9,3,30,1540,1,2,1,1.0,3,94073,M,4.0,0,94
200900019039,9,3,30,1830,1,2,2,8.0,6,94041,M,4.0,0,94
200900019040,9,3,30,1940,1,2,1,1.0,6,94046,M,4.0,0,94
200900019041,9,3,30,2240,5,2,1,1.0,6,94028,M,4.0,0,94
200900019042,9,3,31,150,5,2,2,1.0,3,94004,M,4.0,0,94
200900019043,9,3,31,736,1,1,1,1.0,7,94034,M,4.0,0,94
200900019044,9,3,31,800,1,1,1,1.0,4,94022,M,4.0,0,94
200900019045,9,3,31,840,1,2,2,1.0,6,94033,M,4.0,0,94
200900019046,9,3,31,850,1,2,1,1.0,6,94081,M,4.0,0,94
200900019047,9,3,31,1050,1,2,1,1.0,2,94055,M,4.0,0,94
200900019048,9,3,31,1230,1,2,1,1.0,3,94078,M,4.0,0,94
200900019049,9,3,31,1541,1,1,1,1.0,3,94034,M,4.0,0,94
200900019050,9,3,31,1655,1,2,1,1.0,6,94003,M,4.0,0,94
200900019051,9,3,31,1656,1,1,1,1.0,2,94038,M,4.0,0,94
200900019052,9,3,31,1801,1,1,1,1.0,5,94034,M,4.0,0,94
200900019053,9,3,5,1840,1,2,4,1.0,3,94033,M,4.0,0,94
200900019054,9,3,6,610,5,2,1,1.0,7,94002,M,4.0,0,94
200900019055,9,3,6,1740,2,2,1,2.0,4,94055,M,4.0,0,94
200900019056,9,3,9,1650,1,2,3,1.0,5,94001,M,4.0,0,94
200900019057,9,3,11,2045,5,2,1,1.0,3,94033,M,4.0,0,94
200900019058,9,3,12,830,1,2,1,2.0,7,94078,M,4.0,0,94
200900019059,9,3,16,400,5,2,1,1.0,1,94033,M,4.0,0,94
200900019060,9,3,29,1250,1,2,1,1.0,6,94033,M,4.0,0,94
200900019061,9,3,27,1035,1,1,1,2.0,3,94017,M,4.0,0,94
200900019062,9,3,5,1530,1,2,1,1.0,3,94003,M,4.0,0,94
200900019063,9,3,6,2010,5,2,3,1.0,3,94017,M,4.0,0,94
200900019064,9,3,8,1330,1,1,1,2.0,3,94073,M,4.0,0,94
200900019065,9,3,15,1635,1,2,9,1.0,6,94054,M,,,94
200900019066,9,3,16,1200,1,2,1,1.0,6,94016,M,,,94
200900019067,9,3,23,1735,1,2,1,1.0,6,94017,M,4.0,0,94
200900019068,9,3,28,1755,1,2,2,3.0,6,94073,M,4.0,0,94
200900019069,9,3,16,1545,1,2,1,1.0,5,94003,M,4.0,0,94
200900019070,9,3,18,2130,3,2,2,1.0,2,94076,M,4.0,0,94
200900019071,9,3,20,1700,1,2,1,1.0,3,94004,M,4.0,0,94
200900019072,9,3,28,1850,5,2,1,2.0,3,94019,M,4.0,0,94
200900019073,9,4,25,658,2,1,1,1.0,7,75114,M,,,75
200900019074,9,4,11,1730,1,2,1,1.0,6,94033,M,4.0,0,94
200900019075,9,4,1,1730,1,2,1,1.0,5,94078,M,4.0,0,94
200900019076,9,4,2,835,1,2,1,1.0,3,94028,M,4.0,0,94
200900019077,9,4,2,1810,1,2,3,1.0,6,94076,M,4.0,0,94
200900019078,9,4,2,2055,5,2,3,1.0,6,94015,M,4.0,0,94
200900019079,9,4,3,625,5,2,1,1.0,3,94078,M,4.0,0,94
200900019080,9,4,1,1010,1,2,1,1.0,6,94041,M,4.0,0,94
200900019081,9,4,1,1115,1,2,1,1.0,5,94080,M,4.0,0,94
200900019082,9,4,1,1430,1,1,1,1.0,5,94028,M,4.0,0,94
200900019083,9,4,1,1540,1,2,3,1.0,6,94068,M,4.0,0,94
200900019084,9,4,1,1645,1,2,1,1.0,6,94016,M,4.0,0,94
200900019085,9,4,7,230,5,2,1,2.0,7,94081,M,4.0,0,94
200900019086,9,4,7,1025,1,2,1,2.0,6,94058,M,4.0,0,94
200900019087,9,4,7,1100,1,2,3,2.0,3,94002,M,4.0,0,94
200900019088,9,4,7,1210,1,2,1,1.0,1,94067,M,4.0,0,94
200900019089,9,4,7,1645,1,2,1,1.0,6,94054,M,4.0,0,94
200900019090,9,4,7,1945,1,2,3,1.0,3,94018,M,4.0,0,94
200900019091,9,4,7,2200,5,2,1,1.0,1,94028,M,4.0,0,94
200900019092,9,4,3,841,1,2,1,1.0,6,94028,M,4.0,0,94
200900019093,9,4,3,1630,1,2,1,1.0,2,94079,M,4.0,0,94
200900019094,9,4,3,1730,1,2,2,1.0,6,94076,M,4.0,0,94
200900019095,9,4,3,1940,1,1,1,1.0,7,94022,M,4.0,0,94
200900019096,9,4,4,223,5,1,1,1.0,6,94034,M,4.0,0,94
200900019097,9,4,4,1350,1,2,1,1.0,6,94060,M,4.0,0,94
200900019098,9,4,4,1400,1,2,1,1.0,3,94018,M,4.0,0,94
200900019099,9,4,4,1528,1,2,1,1.0,3,94041,M,4.0,0,94
200900019100,9,4,4,1548,1,2,1,1.0,1,94019,M,4.0,0,94
200900019101,9,4,4,1600,1,1,1,1.0,4,94069,M,4.0,0,94
200900019102,9,4,4,1800,1,2,1,1.0,7,94011,M,4.0,0,94
200900019103,9,4,4,1800,1,2,1,1.0,1,94028,M,4.0,0,94
200900019104,9,4,5,100,5,1,1,1.0,7,94052,M,4.0,0,94
200900019105,9,4,5,1520,1,2,2,1.0,3,94067,M,4.0,0,94
200900019106,9,4,5,1840,1,2,1,1.0,3,94076,M,4.0,0,94
200900019107,9,4,5,1945,1,2,1,1.0,6,94081,M,4.0,0,94
200900019108,9,4,6,715,2,2,1,1.0,2,94041,M,4.0,0,94
200900019109,9,4,6,905,1,2,2,1.0,6,94068,M,4.0,0,94
200900019110,9,4,6,1240,1,2,2,1.0,6,94068,M,4.0,0,94
200900019111,9,4,6,1355,1,2,3,1.0,2,94022,M,4.0,0,94
200900019112,9,4,6,1415,1,2,2,1.0,3,94068,M,4.0,0,94
200900019113,9,4,6,1420,1,2,1,1.0,6,94073,M,4.0,0,94
200900019114,9,4,6,1625,1,2,1,1.0,2,94046,M,4.0,0,94
200900019115,9,4,6,1720,1,2,1,1.0,6,94055,M,4.0,0,94
200900019116,9,4,6,1750,1,2,1,1.0,4,94081,M,4.0,0,94
200900019117,9,4,6,1920,1,2,1,1.0,7,94003,M,4.0,0,94
200900019118,9,4,6,1935,1,2,1,1.0,7,94076,M,4.0,0,94
200900019119,9,4,8,930,1,1,1,2.0,7,94018,M,4.0,0,94
200900019120,9,4,8,940,1,2,1,1.0,6,94028,M,4.0,0,94
200900019121,9,4,8,1025,1,2,4,2.0,3,94067,M,4.0,0,94
200900019122,9,4,8,1140,1,2,3,2.0,2,94022,M,4.0,0,94
200900019123,9,4,8,1655,1,2,3,1.0,6,94081,M,4.0,0,94
200900019124,9,4,8,1910,1,2,2,8.0,3,94038,M,4.0,0,94
200900019125,9,4,8,1950,2,2,5,1.0,3,94022,M,4.0,0,94
200900019126,9,4,8,2000,1,2,1,1.0,5,94081,M,4.0,0,94
200900019127,9,4,8,2250,5,2,2,2.0,3,94034,M,4.0,0,94
200900019128,9,4,9,1535,1,2,1,1.0,3,94078,M,4.0,0,94
200900019129,9,4,9,1550,1,2,1,1.0,2,94055,M,4.0,0,94
200900019130,9,4,9,1700,1,2,1,1.0,3,94041,M,4.0,0,94
200900019131,9,4,9,1800,1,2,1,1.0,6,94074,M,4.0,0,94
200900019132,9,4,9,1815,1,2,2,1.0,6,94033,M,4.0,0,94
200900019133,9,4,9,1815,1,1,1,1.0,3,94079,M,4.0,0,94
200900019134,9,4,9,2015,2,2,1,1.0,2,94068,M,4.0,0,94
200900019135,9,4,9,2050,5,2,3,1.0,6,94076,M,4.0,0,94
200900019136,9,4,10,15,5,2,1,1.0,1,94078,M,4.0,0,94
200900019137,9,4,10,630,1,1,1,1.0,4,94081,M,4.0,0,94
200900019138,9,4,10,800,1,2,1,1.0,4,94076,M,4.0,0,94
200900019139,9,4,10,830,1,2,1,1.0,7,94004,M,4.0,0,94
200900019140,9,4,10,850,1,2,1,1.0,6,94022,M,4.0,0,94
200900019141,9,4,10,900,1,2,2,1.0,6,94076,M,4.0,0,94
200900019142,9,4,10,1145,1,2,1,1.0,3,94076,M,4.0,0,94
200900019143,9,4,10,1230,1,2,1,1.0,6,94017,M,4.0,0,94
200900019144,9,4,10,1420,1,2,3,1.0,3,94071,M,4.0,0,94
200900019145,9,4,10,1915,1,2,3,1.0,3,94081,M,4.0,0,94
200900019146,9,4,10,2120,5,2,1,1.0,3,94016,M,4.0,0,94
200900019147,9,4,11,1125,1,2,1,1.0,3,94058,M,4.0,0,94
200900019148,9,4,11,1235,1,2,1,1.0,3,94053,M,4.0,0,94
200900019149,9,4,11,1245,1,2,1,1.0,3,94028,M,4.0,0,94
200900019150,9,4,11,1320,1,2,1,1.0,5,94022,M,4.0,0,94
200900019151,9,4,11,1525,1,2,3,1.0,6,94081,M,4.0,0,94
200900019152,9,4,11,1528,1,1,1,1.0,2,94034,M,4.0,0,94
200900019153,9,4,11,1530,1,2,1,1.0,3,94078,M,4.0,0,94
200900019154,9,4,11,1935,2,2,1,1.0,6,94028,M,4.0,0,94
200900019155,9,4,11,1940,1,2,1,1.0,6,94041,M,4.0,0,94
200900019156,9,4,12,700,2,2,1,2.0,6,94021,M,4.0,0,94
200900019157,9,4,12,2350,5,1,1,1.0,2,94069,M,4.0,0,94
200900019158,9,4,13,1340,1,2,2,1.0,3,94017,M,4.0,0,94
200900019159,9,4,13,1650,1,2,2,1.0,6,94067,M,4.0,0,94
200900019160,9,4,14,1100,1,2,1,1.0,2,94065,M,4.0,0,94
200900019161,9,4,14,1800,1,2,1,1.0,2,94055,M,4.0,0,94
200900019162,9,4,14,1820,1,2,3,1.0,3,94017,M,4.0,0,94
200900019163,9,4,14,1845,1,2,1,1.0,6,94041,M,4.0,0,94
200900019164,9,4,15,30,5,2,1,1.0,4,94017,M,4.0,0,94
200900019165,9,4,15,520,5,2,3,1.0,3,94019,M,4.0,0,94
200900019166,9,4,15,815,1,2,2,1.0,5,94076,M,4.0,0,94
200900019167,9,4,15,1625,1,1,1,1.0,3,94046,M,4.0,0,94
200900019168,9,4,16,550,2,2,2,1.0,6,94011,M,4.0,0,94
200900019169,9,4,16,825,2,2,2,2.0,3,94038,M,4.0,0,94
200900019170,9,4,16,1405,1,2,1,1.0,6,94043,M,4.0,0,94
200900019171,9,4,16,1525,1,2,1,1.0,6,94068,M,4.0,0,94
200900019172,9,4,16,1530,1,2,2,8.0,3,94021,M,4.0,0,94
200900019173,9,4,16,1945,2,2,2,8.0,3,94021,M,4.0,0,94
200900019174,9,4,16,2035,5,2,3,1.0,3,94018,M,4.0,0,94
200900019175,9,4,17,1130,1,2,3,1.0,2,94081,M,4.0,0,94
200900019176,9,4,17,1200,1,2,1,1.0,1,94033,M,4.0,0,94
200900019177,9,4,17,1635,1,2,2,1.0,2,94060,M,4.0,0,94
200900019178,9,4,17,1655,1,2,1,1.0,3,94078,M,4.0,0,94
200900019179,9,4,17,1722,1,1,1,1.0,4,94038,M,4.0,0,94
200900019180,9,4,17,1900,1,2,1,1.0,6,94078,M,4.0,0,94
200900019181,9,4,17,2245,5,2,1,1.0,7,94002,M,4.0,0,94
200900019182,9,4,18,335,5,1,1,1.0,2,94028,M,4.0,0,94
200900019183,9,4,18,2330,5,1,1,2.0,7,94073,M,4.0,0,94
200900019184,9,4,19,2210,5,2,3,1.0,3,94028,M,4.0,0,94
200900019185,9,4,19,2225,3,1,1,1.0,3,94021,M,4.0,0,94
200900019186,9,4,20,950,1,2,2,1.0,3,94033,M,4.0,0,94
200900019187,9,4,20,1520,1,2,1,1.0,2,94004,M,4.0,0,94
200900019188,9,4,20,1915,1,2,1,1.0,6,94028,M,4.0,0,94
200900019189,9,4,20,2350,5,2,2,1.0,7,94068,M,4.0,0,94
200900019190,9,4,21,1035,1,2,1,1.0,2,94046,M,4.0,0,94
200900019191,9,4,21,1440,1,2,1,1.0,3,94069,M,4.0,0,94
200900019192,9,4,21,1800,1,2,1,1.0,3,94021,M,4.0,0,94
200900019193,9,4,21,1946,1,1,1,1.0,7,94034,M,4.0,0,94
200900019194,9,4,22,25,5,2,2,1.0,3,94068,M,4.0,0,94
200900019195,9,4,22,915,1,2,1,1.0,6,94037,M,4.0,0,94
200900019196,9,4,22,1615,1,2,1,1.0,6,94080,M,4.0,0,94
200900019197,9,4,22,1805,1,1,1,1.0,7,94017,M,4.0,0,94
200900019198,9,4,22,1900,1,2,2,1.0,4,94060,M,4.0,0,94
200900019199,9,4,22,2130,5,2,1,1.0,3,94080,M,4.0,0,94
200900019200,9,4,22,2140,2,2,1,1.0,6,94078,M,4.0,0,94
200900019201,9,4,23,50,5,2,1,1.0,6,94052,M,4.0,0,94
200900019202,9,4,23,1145,1,2,1,1.0,3,94018,M,4.0,0,94
200900019203,9,4,23,1230,1,2,1,1.0,7,94076,M,4.0,0,94
200900019204,9,4,23,1430,1,2,1,1.0,6,94028,M,4.0,0,94
200900019205,9,4,24,850,2,2,3,1.0,3,94043,M,4.0,0,94
200900019206,9,4,24,855,1,2,1,1.0,1,94028,M,4.0,0,94
200900019207,9,4,24,1100,1,2,1,1.0,1,94028,M,4.0,0,94