Num_Acc,an,mois,jour,hrmn,lum,agg,int,atm,col,com,gps,lat,long,dep
200900019208,9,4,24,1350,1,2,3,1.0,3,94068,M,4.0,0,94
200900019209,9,4,24,1428,1,2,1,1.0,2,94021,M,4.0,0,94
200900019210,9,4,24,1630,1,2,1,1.0,6,94068,M,4.0,0,94
200900019211,9,4,24,1700,1,2,1,1.0,3,94021,M,4.0,0,94
200900019212,9,4,24,1800,1,2,4,1.0,3,94042,M,4.0,0,94
200900019213,9,4,24,1850,1,2,1,1.0,2,94033,M,4.0,0,94
200900019214,9,4,25,1420,1,2,3,1.0,3,94002,M,4.0,0,94
200900019215,9,4,25,1645,1,2,3,1.0,3,94079,M,4.0,0,94
200900019216,9,4,25,1930,1,2,3,1.0,3,94055,M,4.0,0,94
200900019217,9,4,26,200,4,1,1,1.0,2,94028,M,4.0,0,94
200900019218,9,4,26,1007,1,1,1,2.0,7,94034,M,4.0,0,94
200900019219,9,4,26,1215,1,2,2,8.0,6,94068,M,4.0,0,94
200900019220,9,4,27,115,5,2,1,1.0,5,94069,M,4.0,0,94
200900019221,9,4,27,840,1,2,1,1.0,6,94065,M,4.0,0,94
200900019222,9,4,27,1800,1,2,1,1.0,1,94028,M,4.0,0,94
200900019223,9,4,27,1845,1,2,2,1.0,3,94033,M,4.0,0,94
200900019224,9,4,27,2125,5,2,2,3.0,3,94081,M,4.0,0,94
200900019225,9,4,28,230,5,2,2,1.0,7,94028,M,4.0,0,94
200900019226,9,4,28,525,5,2,1,2.0,7,94077,M,4.0,0,94
200900019227,9,4,28,815,1,1,1,8.0,3,94076,M,4.0,0,94
200900019228,9,4,28,830,1,2,2,1.0,3,94081,M,4.0,0,94
200900019229,9,4,28,900,1,2,1,1.0,3,94081,M,4.0,0,94
200900019230,9,4,28,1650,1,2,2,8.0,1,94068,M,4.0,0,94
200900019231,9,4,29,935,1,2,1,2.0,7,94043,M,4.0,0,94
200900019232,9,4,29,1150,1,2,1,1.0,6,94068,M,4.0,0,94
200900019233,9,4,29,1220,1,2,2,1.0,3,94080,M,4.0,0,94
200900019234,9,4,29,1240,1,2,3,8.0,3,94056,M,4.0,0,94
200900019235,9,4,29,1605,1,2,1,1.0,6,94081,M,4.0,0,94
200900019236,9,4,29,1920,1,2,1,1.0,6,94037,M,4.0,0,94
200900019237,9,4,30,250,5,2,2,1.0,3,94021,M,4.0,0,94
200900019238,9,4,30,1145,1,2,2,1.0,6,94038,M,4.0,0,94
200900019239,9,4,30,1240,1,2,3,1.0,3,94080,M,4.0,0,94
200900019240,9,4,30,1325,1,2,1,1.0,6,94041,M,4.0,0,94
200900019241,9,4,30,1345,1,2,3,1.0,1,94071,M,4.0,0,94
200900019242,9,4,30,1400,1,2,2,1.0,2,94060,M,4.0,0,94
200900019243,9,4,30,1440,1,2,1,1.0,7,94041,M,4.0,0,94
200900019244,9,4,30,1620,1,2,3,1.0,3,94077,M,4.0,0,94
200900019245,9,4,30,1650,1,2,1,1.0,6,94081,M,4.0,0,94
200900019246,9,4,30,1715,1,2,3,1.0,3,94046,M,4.0,0,94
200900019247,9,4,30,2000,1,1,1,1.0,3,94033,M,4.0,0,94
200900019248,9,4,30,2158,5,1,1,1.0,2,94073,M,4.0,0,94
200900019249,9,4,30,2330,5,1,1,1.0,2,94017,M,4.0,0,94
200900019250,9,4,6,2159,4,1,1,1.0,7,94054,M,4.0,0,94
200900019251,9,4,10,2220,5,1,1,2.0,2,94073,M,4.0,0,94
200900019252,9,4,17,1300,1,2,1,1.0,6,94042,M,4.0,0,94
200900019253,9,4,22,955,1,2,3,1.0,6,94017,M,4.0,0,94
200900019254,9,4,23,845,1,2,1,1.0,6,94017,M,4.0,0,94
200900019255,9,4,25,1650,1,1,1,3.0,7,94022,M,4.0,0,94
200900019256,9,4,26,300,5,2,3,1.0,3,94017,M,4.0,0,94
200900019257,9,4,27,2330,5,1,1,2.0,7,94073,M,4.0,0,94
200900019258,9,4,28,1550,1,2,1,1.0,6,94017,M,4.0,0,94
200900019259,9,4,20,1810,1,2,2,1.0,5,94041,M,4.0,0,94
200900019260,9,4,23,1110,1,2,6,1.0,3,94073,M,4.0,0,94
200900019261,9,4,2,1835,1,2,1,1.0,3,95585,M,4.0,0,95
200900019262,9,4,9,2220,5,2,1,1.0,6,95500,M,4.0,0,95
200900019263,9,4,10,1520,1,2,1,1.0,1,95019,M,4.0,0,95
200900019264,9,4,17,2115,5,2,2,,6,95539,M,4.0,0,95
200900019265,9,4,20,2050,2,2,1,1.0,6,95585,M,4.0,0,95
200900019266,9,4,21,1430,1,2,1,1.0,6,95563,M,4.0,0,95
200900019267,9,4,24,1915,1,2,1,1.0,6,95680,M,4.0,0,95
200900019268,9,4,25,30,5,2,1,1.0,6,95680,M,4.0,0,95
200900019269,9,4,27,915,1,2,3,1.0,3,95585,M,4.0,0,95
200900019270,9,4,30,1115,1,2,6,1.0,6,95197,M,4.0,0,95
200900019271,9,4,29,1500,1,2,3,1.0,6,95280,M,4.0,0,95
200900019272,9,4,27,1255,1,2,2,1.0,2,95585,M,4.0,0,95
200900019273,9,4,24,2030,1,2,3,1.0,3,95127,M,4.0,0,95
200900019274,9,4,20,1710,1,2,1,1.0,5,95288,M,4.0,0,95
200900019275,9,4,11,1540,1,2,1,1.0,3,95018,M,4.0,0,95
200900019276,9,4,4,1140,1,2,1,1.0,3,95176,M,4.0,0,95
200900019277,9,4,9,1745,1,2,2,1.0,3,95063,M,4.0,0,95
200900019278,9,4,7,725,1,2,2,1.0,3,95018,M,4.0,0,95
200900019279,9,4,12,1940,1,2,3,1.0,6,95018,M,4.0,0,95
200900019280,9,4,10,2010,2,2,3,1.0,6,95607,M,4.0,0,95
200900019281,9,4,14,1905,1,2,5,1.0,3,95582,M,4.0,0,95
200900019282,9,4,7,1700,1,2,1,1.0,7,95060,M,4.0,0,95
200900019283,9,4,5,1655,1,2,2,1.0,6,95018,M,4.0,0,95
200900019284,9,4,14,240,5,2,1,1.0,6,95176,M,4.0,0,95
200900019285,9,4,28,1845,1,2,1,1.0,6,95424,M,4.0,0,95
200900019286,9,4,8,1915,1,2,1,1.0,6,95203,M,4.0,0,95
200900019287,9,4,2,2235,5,2,1,1.0,6,95018,M,4.0,0,95
200900019288,9,4,22,200,3,1,1,1.0,7,95252,M,,,95
200900019289,9,4,2,820,1,2,2,1.0,6,95427,M,4.0,0,95
200900019290,9,4,2,825,1,2,3,1.0,3,95018,M,4.0,0,95
200900019291,9,4,3,1255,1,2,1,1.0,7,95018,M,4.0,0,95
200900019292,9,4,3,530,3,1,1,1.0,2,95527,M,,,95
200900019293,9,4,15,1455,1,2,3,1.0,1,95018,M,4.0,0,95
200900019294,9,4,16,2030,2,2,1,1.0,3,95426,M,4.0,0,95
200900019295,9,4,16,2240,5,2,1,1.0,6,95424,M,4.0,0,95
200900019296,9,4,17,1015,1,2,1,1.0,3,95063,M,4.0,0,95
200900019297,9,4,7,2245,3,1,6,1.0,7,95056,M,4.0,0,95
200900019298,9,4,8,1630,1,1,1,1.0,6,95610,M,4.0,0,95
200900019299,9,4,17,1155,1,2,3,1.0,7,95018,M,4.0,0,95
200900019300,9,4,20,1720,1,2,3,1.0,3,95424,M,4.0,0,95
200900019301,9,4,21,1355,1,2,1,1.0,6,95063,M,4.0,0,95
200900019302,9,4,23,1630,1,1,1,1.0,7,95061,M,4.0,0,95
200900019303,9,4,24,1805,1,2,1,1.0,6,95252,M,4.0,0,95
200900019304,9,4,29,1950,1,2,3,1.0,3,95197,M,4.0,0,95
200900019305,9,4,30,820,1,1,1,1.0,3,95252,M,4.0,0,95
200900019306,9,4,30,835,1,2,2,7.0,6,95257,M,4.0,0,95
200900019307,9,4,30,1220,1,1,1,1.0,2,95252,M,,,95
200900019308,9,4,23,2025,1,1,1,1.0,7,95018,M,4.0,0,95
200900019309,9,4,27,910,1,2,1,1.0,2,95018,M,4.0,0,95
200900019310,9,4,5,1845,1,2,1,1.0,2,95018,M,4.0,0,95
200900019311,9,4,5,1335,1,2,2,1.0,3,95539,M,4.0,0,95
200900019312,9,4,1,2000,2,2,1,1.0,3,95388,M,4.0,0,95
200900019313,9,4,3,950,1,2,5,1.0,6,95018,M,4.0,0,95
200900019314,9,4,6,830,1,2,1,1.0,6,95250,M,4.0,0,95
200900019315,9,4,17,2015,1,2,2,1.0,3,95428,M,4.0,0,95
200900019316,9,4,18,2005,1,2,1,1.0,3,95018,M,4.0,0,95
200900019317,9,4,22,1230,1,2,2,1.0,3,95018,M,4.0,0,95
200900019318,9,4,27,1438,1,2,2,1.0,4,95018,M,4.0,0,95
200900019319,9,4,29,1745,1,2,1,1.0,6,95253,M,4.0,0,95
200900019320,9,4,24,1450,1,1,1,1.0,6,95535,M,4.0,0,95
200900019321,9,4,2,1200,1,2,1,1.0,6,95203,M,4.0,0,95
200900019322,9,4,6,910,1,2,9,1.0,3,95060,M,4.0,0,95
200900019323,9,4,8,1215,1,2,1,8.0,6,95219,M,4.0,0,95
200900019324,9,4,11,2330,5,2,1,1.0,3,95252,M,4.0,0,95
200900019325,9,4,12,1020,1,2,1,1.0,6,95607,M,4.0,0,95
200900019326,9,4,18,1845,1,2,1,1.0,2,95252,M,4.0,0,95
200900019327,9,4,22,1650,1,2,1,1.0,3,95176,M,4.0,0,95
200900019328,9,4,26,1215,1,2,1,1.0,7,95426,M,4.0,0,95
200900019329,9,4,29,1005,1,2,1,1.0,3,95219,M,4.0,0,95
200900019330,9,4,29,1840,1,2,1,1.0,6,95203,M,4.0,0,95
200900019331,9,4,30,830,1,2,1,1.0,1,95527,M,4.0,0,95
200900019332,9,4,19,15,5,2,1,1.0,2,95952,M,4.0,0,95
200900019333,9,4,19,1850,1,2,1,1.0,6,95500,M,4.0,0,95
200900019334,9,4,5,2000,2,2,2,1.0,3,67267,M,0.0,0,67
200900019335,9,4,9,755,1,2,2,1.0,3,67043,M,0.0,0,67
200900019336,9,4,6,1515,1,2,1,1.0,6,67482,M,0.0,0,67
200900019337,9,4,9,1900,1,2,1,1.0,6,67482,M,0.0,0,67
200900019338,9,4,11,1500,1,2,1,1.0,2,67482,M,0.0,0,67
200900019339,9,4,15,1045,1,2,1,1.0,3,67447,M,0.0,0,67
200900019340,9,4,11,1645,1,2,3,1.0,3,67267,M,0.0,0,67
200900019341,9,4,3,2015,3,2,1,1.0,6,67482,M,0.0,0,67
200900019342,9,4,15,1300,1,2,1,1.0,6,67482,M,0.0,0,67
200900019343,9,4,15,1430,1,2,1,1.0,2,67482,M,0.0,0,67
200900019344,9,4,14,1400,1,2,1,1.0,6,67482,M,0.0,0,67
200900019345,9,4,10,1145,1,2,1,1.0,6,67482,M,0.0,0,67
200900019346,9,4,7,540,2,1,1,1.0,6,67482,M,0.0,0,67
200900019347,9,4,1,800,1,2,1,1.0,3,67482,M,0.0,0,67
200900019348,9,4,12,1545,1,2,1,1.0,6,67218,M,0.0,0,67
200900019349,9,4,15,1500,1,2,1,1.0,2,67482,M,0.0,0,67
200900019350,9,4,2,1445,1,2,1,1.0,3,67482,M,0.0,0,67
200900019351,9,4,8,1205,1,2,1,1.0,6,67043,M,0.0,0,67
200900019352,9,4,9,1645,1,2,3,1.0,3,67482,M,0.0,0,67
200900019353,9,4,2,1430,1,2,1,1.0,6,67267,M,0.0,0,67
200900019354,9,4,12,420,5,2,3,1.0,6,67043,M,0.0,0,67
200900019355,9,4,15,2310,5,2,1,1.0,4,67482,M,0.0,0,67
200900019356,9,4,6,910,1,2,3,1.0,3,67482,M,0.0,0,67
200900019357,9,4,2,1730,1,2,2,1.0,3,67482,M,0.0,0,67
200900019358,9,4,11,1145,1,2,3,1.0,6,67482,M,0.0,0,67
200900019359,9,4,7,2035,5,2,3,1.0,3,67482,M,0.0,0,67
200900019360,9,4,12,1030,1,2,1,1.0,6,67482,M,0.0,0,67
200900019361,9,4,24,2000,1,2,1,8.0,6,67543,M,4.0,0,67
200900019362,9,4,4,1800,1,1,1,1.0,6,67212,M,4.0,0,67
200900019363,9,4,13,1630,1,1,1,7.0,5,67117,M,4.0,0,67
200900019364,9,4,25,2300,3,2,1,1.0,6,67388,M,0.0,0,67
200900019365,9,4,14,1415,1,1,1,1.0,3,67122,M,4.0,0,67
200900019366,9,4,12,1815,1,2,1,1.0,6,67130,M,4.0,0,67
200900019367,9,4,22,1630,1,1,1,1.0,6,67506,M,4.0,0,67
200900019368,9,4,10,730,1,2,1,1.0,1,67202,M,4.0,0,67
200900019369,9,4,2,1815,1,2,1,7.0,6,67106,M,0.0,0,67
200900019370,9,4,7,1145,1,2,1,1.0,6,67075,M,4.0,0,67
200900019371,9,4,22,1745,1,1,1,1.0,6,67276,M,4.0,0,67
200900019372,9,4,3,1730,1,2,1,1.0,1,67485,M,4.0,0,67
200900019373,9,4,9,1745,1,2,1,1.0,3,67368,M,4.0,0,67
200900019374,9,4,3,1700,1,2,1,1.0,1,67184,M,4.0,0,67
200900019375,9,4,3,1945,2,2,2,1.0,3,67458,M,0.0,0,67
200900019376,9,4,29,1800,1,2,1,1.0,3,67106,M,4.0,0,67
200900019377,9,4,11,1530,1,1,1,1.0,1,67300,M,4.0,0,67
200900019378,9,4,12,1545,1,2,1,1.0,1,67331,M,4.0,0,67
200900019379,9,4,26,1545,1,1,1,1.0,6,67165,M,4.0,0,67
200900019380,9,4,8,645,1,2,1,1.0,3,67291,M,4.0,0,67
200900019381,9,4,10,1445,1,1,1,1.0,7,67179,M,4.0,0,67
200900019382,9,4,5,1830,1,1,1,1.0,7,67371,M,0.0,0,67
200900019383,9,4,16,2115,5,2,1,2.0,6,67176,M,4.0,0,67
200900019384,9,4,10,2045,5,2,1,1.0,7,67202,M,4.0,0,67
200900019385,9,4,25,1840,1,2,2,1.0,3,67043,M,0.0,0,67
200900019386,9,4,30,820,1,2,1,1.0,6,67482,M,0.0,0,67
200900019387,9,4,16,1800,1,2,1,3.0,2,67482,M,0.0,0,67
200900019388,9,4,29,1250,1,2,1,2.0,6,67218,M,0.0,0,67
200900019389,9,4,19,1820,1,2,3,1.0,3,67482,M,0.0,0,67
200900019390,9,4,21,1015,1,2,1,1.0,6,67482,M,0.0,0,67
200900019391,9,4,30,1150,1,2,1,1.0,6,67482,M,0.0,0,67
200900019392,9,4,29,1350,1,2,1,2.0,3,67447,M,0.0,0,67
200900019393,9,4,23,1800,1,2,1,1.0,6,67482,M,0.0,0,67
200900019394,9,4,25,1210,1,2,2,1.0,3,67482,M,0.0,0,67
200900019395,9,4,17,1925,1,2,1,1.0,6,67447,M,0.0,0,67
200900019396,9,4,30,1856,1,2,1,1.0,6,67482,M,0.0,0,67
200900019397,9,4,26,15,5,2,1,1.0,7,67482,M,0.0,0,67
200900019398,9,4,24,1150,1,2,3,1.0,2,67482,M,0.0,0,67
200900019399,9,4,25,1828,1,2,1,1.0,6,67482,M,0.0,0,67
200900019400,9,4,29,655,2,2,1,2.0,3,67482,M,0.0,0,67
200900019401,9,4,27,1745,1,2,3,1.0,3,67218,M,0.0,0,67
200900019402,9,4,17,1800,1,2,1,1.0,1,67482,M,0.0,0,67
200900019403,9,4,20,1445,1,2,1,1.0,3,67482,M,0.0,0,67
200900019404,9,4,23,1826,1,2,1,1.0,3,67204,M,0.0,0,67
200900019405,9,4,29,1618,1,2,3,2.0,3,67043,M,0.0,0,67
200900019406,9,4,16,1900,1,2,1,2.0,5,67447,M,0.0,0,67
200900019407,9,4,30,1248,1,2,3,1.0,6,67482,M,0.0,0,67
200900019408,9,4,17,1900,1,1,1,1.0,4,67043,M,4.0,0,67
200900019409,9,4,7,1145,1,1,1,1.0,2,67482,M,4.0,0,67
200900019410,9,4,6,1900,1,2,1,1.0,6,67482,M,0.0,0,67
200900019411,9,4,12,1700,1,2,1,1.0,3,67482,M,0.0,0,67
200900019412,9,4,25,1410,1,2,2,1.0,3,67482,M,0.0,0,67
200900019413,9,4,5,1700,1,1,1,1.0,1,67202,M,4.0,0,67
200900019414,9,4,5,1330,1,2,1,1.0,1,67447,M,0.0,0,67
200900019415,9,4,4,1645,1,1,1,1.0,3,67124,M,4.0,0,67
200900019416,9,4,8,720,1,2,3,1.0,6,67482,M,,,67
200900019417,9,4,27,1205,1,2,3,1.0,3,67043,M,0.0,0,67
200900019418,9,4,27,2000,1,1,1,1.0,4,67365,M,4.0,0,67
200900019419,9,4,23,1723,1,2,6,1.0,3,67180,M,0.0,0,67
200900019420,9,4,3,1630,1,2,1,1.0,6,67180,M,0.0,0,67
200900019421,9,4,7,855,1,2,1,1.0,6,67267,M,0.0,0,67
200900019422,9,4,10,2035,3,1,1,1.0,6,67180,M,0.0,0,67
200900019423,9,7,1,1320,1,2,6,1.0,3,73008,M,,,73
200900019424,9,5,22,1450,1,2,3,1.0,3,95424,M,4.0,0,95
200900019425,9,5,28,1430,1,1,1,1.0,3,95641,M,,,95
200900019426,9,5,27,730,1,1,1,1.0,6,95252,M,,,95
200900019427,9,5,17,1740,1,1,1,1.0,3,95641,M,,,95
200900019428,9,5,1,1600,1,2,2,1.0,6,95582,M,4.0,0,95
200900019429,9,5,15,1910,1,2,2,1.0,6,95018,M,4.0,0,95
200900019430,9,5,1,2120,5,2,1,1.0,7,95252,M,4.0,0,95
200900019431,9,5,4,145,5,2,6,1.0,6,95052,M,4.0,0,95
200900019432,9,5,23,1630,1,1,1,1.0,1,95352,M,4.0,0,95
200900019433,9,5,24,1255,1,2,1,1.0,2,95018,M,4.0,0,95
200900019434,9,5,25,1705,1,2,3,1.0,3,95428,M,4.0,0,95
200900019435,9,5,29,1900,1,1,1,1.0,1,95450,M,4.0,0,95
200900019436,9,5,4,1715,1,2,1,1.0,3,95424,M,4.0,0,95
200900019437,9,5,5,1015,1,2,1,1.0,6,95268,M,4.0,0,95
200900019438,9,5,7,1430,1,2,8,1.0,2,95306,M,4.0,0,95
200900019439,9,5,7,1550,1,2,2,1.0,3,95018,M,4.0,0,95
200900019440,9,5,8,1245,1,2,1,1.0,1,95394,M,0.0,0,95
200900019441,9,5,8,1725,1,2,1,1.0,6,95424,M,,,95
200900019442,9,5,8,2020,1,2,1,1.0,3,95063,M,4.0,0,95
200900019443,9,5,8,2115,1,2,1,1.0,6,95134,M,4.0,0,95
200900019444,9,5,9,2140,1,2,1,1.0,3,95306,M,4.0,0,95
200900019445,9,5,10,1210,1,2,3,1.0,6,95257,M,4.0,0,95
200900019446,9,5,12,1200,1,1,9,2.0,7,95450,M,0.0,0,95
200900019447,9,5,13,1745,1,2,2,1.0,3,95500,M,4.0,0,95
200900019448,9,5,13,1830,1,1,1,1.0,3,95028,M,4.0,0,95
200900019449,9,5,14,800,1,2,2,1.0,7,95018,M,4.0,0,95
200900019450,9,5,14,1630,1,2,1,1.0,6,95394,M,4.0,0,95
200900019451,9,5,14,2358,5,2,1,1.0,6,95203,M,,,95
200900019452,9,5,15,1535,1,2,3,1.0,3,95582,M,4.0,0,95
200900019453,9,5,15,2205,5,2,2,1.0,1,95063,M,4.0,0,95
200900019454,9,5,18,750,1,2,6,1.0,3,95176,M,4.0,0,95
200900019455,9,5,19,1220,1,1,1,1.0,7,95476,M,4.0,0,95
200900019456,9,5,21,1540,1,2,1,1.0,6,95598,M,4.0,0,95
200900019457,9,5,21,2025,1,2,1,1.0,5,95424,M,4.0,0,95
200900019458,9,5,25,1735,1,2,2,1.0,6,95428,M,4.0,0,95
200900019459,9,5,26,1330,1,2,3,2.0,7,95582,M,4.0,0,95
200900019460,9,5,26,1640,1,2,1,1.0,6,95051,M,4.0,0,95
200900019461,9,5,26,1740,1,2,1,1.0,6,95426,M,,,95
200900019462,9,5,27,1030,1,2,3,1.0,3,95219,M,4.0,0,95
200900019463,9,5,27,1340,1,2,1,1.0,3,95203,M,,,95
200900019464,9,5,29,1720,1,2,1,1.0,6,95203,M,4.0,0,95
200900019465,9,5,24,1230,1,2,1,1.0,6,95268,M,4.0,0,95
200900019466,9,5,25,1625,1,2,2,1.0,6,95018,M,4.0,0,95
200900019467,9,5,31,2250,5,2,2,1.0,6,95018,M,4.0,0,95
200900019468,9,5,6,1450,1,2,9,1.0,2,95051,M,,,95
200900019469,9,5,10,500,5,1,1,1.0,7,95203,M,,,95
200900019470,9,5,12,2000,1,2,1,1.0,7,95459,M,0.0,0,95
200900019471,9,5,24,455,5,2,2,1.0,2,95018,M,4.0,0,95
200900019472,9,5,25,1620,1,2,1,1.0,7,95252,M,,,95
200900019473,9,5,26,1030,1,2,1,8.0,1,95252,M,,,95
200900019474,9,5,30,935,1,2,1,1.0,6,95219,M,4.0,0,95
200900019475,9,5,14,1235,1,2,1,2.0,6,95219,M,,,95
200900019476,9,5,27,1630,1,2,1,1.0,1,95256,M,0.0,0,95
200900019477,9,5,31,2030,2,2,1,1.0,6,95572,M,,,95
200900019478,9,5,25,1630,1,2,3,1.0,7,95042,M,4.0,0,95
200900019479,9,5,30,1730,1,2,6,1.0,6,95052,M,4.0,0,95
200900019480,9,5,31,1900,1,2,1,1.0,6,95052,M,4.0,0,95
200900019481,9,5,1,145,5,2,3,1.0,3,95219,M,4.0,0,95
200900019482,9,5,3,1240,1,2,3,1.0,4,95018,M,4.0,0,95
200900019483,9,5,3,1930,1,2,3,1.0,4,95018,M,4.0,0,95
200900019484,9,5,12,805,1,2,1,2.0,5,95018,M,4.0,0,95
200900019485,9,5,13,930,1,2,3,1.0,3,95219,M,4.0,0,95
200900019486,9,5,14,1745,1,2,1,1.0,6,95355,M,4.0,0,95
200900019487,9,5,19,730,1,2,1,1.0,3,95018,M,4.0,0,95
200900019488,9,5,19,1705,1,2,1,1.0,3,95018,M,4.0,0,95
200900019489,9,5,1,1830,1,1,1,1.0,3,95523,M,4.0,0,95
200900019490,9,5,26,2005,1,2,3,1.0,1,95018,M,4.0,0,95
200900019491,9,5,30,1425,1,2,9,1.0,3,95018,M,4.0,0,95
200900019492,9,5,20,1005,1,2,1,1.0,6,95063,M,4.0,0,95
200900019493,9,5,4,815,1,2,1,1.0,6,95176,M,4.0,0,95
200900019494,9,5,9,2205,5,2,2,1.0,6,95298,M,4.0,0,95
200900019495,9,5,27,2220,5,2,2,1.0,3,95585,M,4.0,0,95
200900019496,9,5,31,1935,1,2,5,1.0,3,95063,M,4.0,0,95
200900019497,9,5,5,1130,1,2,3,1.0,6,95585,M,4.0,0,95
200900019498,9,5,9,1415,1,2,3,2.0,3,95428,M,4.0,0,95
200900019499,9,5,24,1345,1,2,1,1.0,6,95426,M,,,95
200900019500,9,7,24,1131,1,2,1,1.0,6,73008,M,,,73
200900019501,9,6,17,1645,1,2,1,1.0,7,41269,M,,,41
200900019502,9,6,24,1940,1,2,5,1.0,3,41269,M,4.0,0,41
200900019503,9,7,31,1900,1,1,6,1.0,3,83112,M,0.0,0,83
200900019504,9,7,2,1730,1,2,1,1.0,6,83023,M,0.0,0,83
200900019505,9,7,21,1715,1,1,1,1.0,6,83004,M,0.0,0,83
200900019506,9,7,9,1600,1,1,1,1.0,2,83036,M,4.0,0,83
200900019507,9,7,17,1515,1,1,1,1.0,1,83101,M,4.0,0,83
200900019508,9,7,12,1100,1,1,1,1.0,7,83068,M,4.0,0,83
200900019509,9,7,28,1800,1,1,1,1.0,1,83063,M,0.0,0,83
200900019510,9,7,12,1015,1,1,1,1.0,1,83073,M,4.0,0,83
200900019511,9,7,5,2045,1,1,1,1.0,1,83112,M,0.0,0,83
200900019512,9,7,25,1600,1,2,1,1.0,3,83036,M,4.0,0,83
200900019513,9,7,5,1600,1,1,3,1.0,3,83127,M,0.0,0,83
200900019514,9,7,9,45,3,1,1,1.0,6,83027,M,0.0,0,83
200900019515,9,7,8,1045,1,1,1,1.0,6,83065,M,0.0,0,83
200900019516,9,7,16,1245,1,2,1,1.0,6,83119,M,4.0,0,83
200900019517,9,7,29,1600,1,1,1,1.0,2,83063,M,4.0,0,83
200900019518,9,7,20,2000,1,1,1,1.0,7,83030,M,0.0,0,83
200900019519,9,7,2,1100,1,2,1,1.0,3,83106,M,0.0,0,83
200900019520,9,7,24,1600,1,2,1,1.0,1,83107,M,0.0,0,83
200900019521,9,7,9,1815,1,2,1,1.0,6,83064,M,0.0,0,83
200900019522,9,7,17,1630,1,2,1,1.0,1,83042,M,0.0,0,83
200900019523,9,7,8,45,5,1,1,1.0,6,83068,M,4.0,0,83
200900019524,9,7,4,1745,1,1,1,1.0,3,83077,M,0.0,0,83
200900019525,9,7,5,1415,1,1,1,1.0,1,83058,M,0.0,0,83
200900019526,9,7,13,1545,1,2,1,1.0,1,83019,M,0.0,0,83
200900019527,9,7,31,745,1,2,1,1.0,6,83130,M,0.0,0,83
200900019528,9,7,19,2330,3,2,1,1.0,7,83047,M,0.0,0,83
200900019529,9,7,11,900,1,1,3,1.0,3,83042,M,0.0,0,83
200900019530,9,7,2,1200,1,2,1,1.0,7,83036,M,4.0,0,83
200900019531,9,7,19,2045,2,2,1,1.0,7,83130,M,0.0,0,83
200900019532,9,7,20,1215,1,1,1,1.0,3,83149,M,0.0,0,83
200900019533,9,7,5,730,1,1,1,1.0,5,83068,M,4.0,0,83
200900019534,9,7,26,1600,1,1,1,1.0,7,83032,M,0.0,0,83
200900019535,9,7,9,1400,1,2,9,1.0,1,83130,M,0.0,0,83
200900019536,9,7,27,1415,1,1,1,1.0,6,83025,M,0.0,0,83
200900019537,9,7,29,445,3,1,1,1.0,2,83099,M,0.0,0,83
200900019538,9,7,13,1810,1,2,4,1.0,3,83090,M,,,83
200900019539,9,7,1,1940,1,2,1,3.0,5,83098,M,,,83
200900019540,9,7,7,1845,1,2,1,1.0,6,83137,M,,,83
200900019541,9,7,11,2355,5,2,2,1.0,1,83137,M,,,83
200900019542,9,7,5,1650,1,2,3,1.0,6,83137,M,,,83
200900019543,9,7,4,1735,1,1,3,1.0,3,83050,M,,,83
200900019544,9,7,10,2330,5,2,1,1.0,6,83137,M,,,83
200900019545,9,7,8,2245,5,2,1,1.0,3,83137,M,,,83
200900019546,9,7,9,955,1,2,1,1.0,3,83137,M,,,83
200900019547,9,7,11,1030,1,2,1,1.0,5,83129,M,,,83
200900019548,9,7,15,225,5,2,2,1.0,3,83137,M,,,83
200900019549,9,7,6,1325,1,2,2,1.0,3,83137,M,,,83
200900019550,9,7,3,1640,1,2,1,1.0,6,83137,M,,,83
200900019551,9,7,2,1120,1,2,6,1.0,3,83137,M,,,83
200900019552,9,7,6,1220,1,1,1,1.0,7,83118,M,,,83
200900019553,9,7,2,1235,1,2,1,1.0,3,83129,M,,,83
200900019554,9,7,3,740,1,2,3,1.0,5,83137,M,,,83
200900019555,9,7,5,2000,1,1,1,1.0,1,83050,M,,,83
200900019556,9,7,7,1845,1,2,2,1.0,3,83123,M,,,83
200900019557,9,7,7,1948,1,1,3,1.0,3,83090,M,,,83
200900019558,9,7,11,2300,3,1,1,1.0,6,83118,M,,,83
200900019559,9,7,1,1445,1,2,1,1.0,6,83019,M,0.0,0,83
200900019560,9,7,10,805,1,2,1,1.0,4,83062,M,,,83
200900019561,9,7,10,815,1,1,1,1.0,2,83098,M,,,83
200900019562,9,7,10,2120,2,2,3,1.0,3,83137,M,,,83
200900019563,9,7,13,700,1,2,1,1.0,1,83129,M,,,83
200900019564,9,7,13,1840,1,2,3,1.0,3,83137,M,,,83
200900019565,9,7,3,15,5,1,1,1.0,3,83036,M,4.0,0,83
200900019566,9,7,3,1915,1,1,1,1.0,1,83124,M,0.0,0,83
200900019567,9,7,4,915,1,1,1,1.0,1,83113,M,0.0,0,83
200900019568,9,7,7,930,1,2,1,1.0,3,83086,M,0.0,0,83
200900019569,9,7,10,1730,1,1,1,1.0,3,83116,M,0.0,0,83
200900019570,9,7,12,1830,1,1,1,1.0,1,83048,M,0.0,0,83
200900019571,9,7,10,1845,1,1,9,1.0,3,83112,M,4.0,0,83
200900019572,9,7,11,1615,1,1,9,1.0,7,83016,M,0.0,0,83
200900019573,9,7,15,2330,3,1,1,1.0,7,83148,M,0.0,0,83
200900019574,9,7,17,1515,1,1,1,1.0,1,83072,M,4.0,0,83
200900019575,9,7,17,1930,1,2,1,1.0,6,83130,M,0.0,0,83
200900019576,9,7,17,2000,2,1,9,6.0,6,83059,M,0.0,0,83
200900019577,9,7,18,15,5,2,9,1.0,1,83066,M,0.0,0,83
200900019578,9,7,18,1530,1,1,1,1.0,3,83065,M,0.0,0,83