Num_Acc,an,mois,jour,hrmn,lum,agg,int,atm,col,com,gps,lat,long,dep
200900020352,9,9,6,1237,1,2,5,1.0,6,75119,M,,,75
200900020353,9,9,6,1325,1,2,1,1.0,3,75112,M,,,75
200900020354,9,9,6,1325,1,2,2,1.0,3,75111,M,,,75
200900020355,9,9,6,1411,1,2,1,1.0,4,75118,M,,,75
200900020356,9,9,6,1539,1,2,1,1.0,3,75118,M,,,75
200900020357,9,9,6,1605,1,2,1,1.0,6,75107,M,,,75
200900020358,9,9,6,1645,1,2,1,1.0,6,75119,M,,,75
200900020359,9,9,6,1820,1,2,2,1.0,3,75111,M,,,75
200900020360,9,9,6,1851,1,2,3,1.0,3,75120,M,,,75
200900020361,9,9,6,1910,1,2,1,1.0,6,75116,M,,,75
200900020362,9,9,6,1920,1,2,1,1.0,3,75117,M,,,75
200900020363,9,9,6,2100,4,2,1,1.0,3,75119,M,,,75
200900020364,9,9,6,2120,2,2,5,1.0,3,75112,M,,,75
200900020365,9,9,7,612,2,2,5,1.0,6,75118,M,,,75
200900020366,9,9,7,900,1,2,4,1.0,3,75108,M,,,75
200900020367,9,9,7,940,1,2,5,1.0,3,75113,M,,,75
200900020368,9,9,7,1000,1,2,4,1.0,3,75113,M,,,75
200900020369,9,9,7,1048,1,2,2,1.0,6,75120,M,,,75
200900020370,9,9,7,1115,1,2,2,1.0,6,75111,M,,,75
200900020371,9,9,7,1124,1,2,3,1.0,2,75106,M,,,75
200900020372,9,9,7,1130,1,2,2,1.0,6,75112,M,,,75
200900020373,9,9,7,1155,1,2,5,1.0,2,75120,M,,,75
200900020374,9,9,7,1215,1,2,1,1.0,3,75108,M,,,75
200900020375,9,9,7,1300,1,2,1,1.0,3,75111,M,,,75
200900020376,9,9,7,1325,1,2,3,1.0,3,75118,M,,,75
200900020377,9,9,7,1405,1,2,5,1.0,6,75102,M,,,75
200900020378,9,9,7,1430,1,2,4,1.0,2,75114,M,,,75
200900020379,9,9,7,1510,1,2,1,1.0,6,75116,M,,,75
200900020380,9,9,7,1510,1,2,1,1.0,6,75110,M,,,75
200900020381,9,9,7,1550,1,2,5,1.0,6,75104,M,,,75
200900020382,9,9,7,1600,1,2,2,1.0,3,75108,M,,,75
200900020383,9,9,7,1600,1,2,1,1.0,7,75120,M,,,75
200900020384,9,9,7,1610,1,2,3,1.0,6,75115,M,,,75
200900020385,9,9,7,1620,1,2,5,1.0,3,75117,M,,,75
200900020386,9,9,7,1630,1,2,2,1.0,3,75103,M,,,75
200900020387,9,9,7,1640,1,2,1,1.0,7,75114,M,,,75
200900020388,9,9,7,1650,1,2,5,1.0,2,75120,M,,,75
200900020389,9,9,7,1700,1,2,2,1.0,2,75104,M,,,75
200900020390,9,9,7,1705,1,2,2,1.0,3,75116,M,,,75
200900020391,9,9,7,1720,1,2,2,1.0,3,75115,M,,,75
200900020392,9,9,7,1830,1,2,1,1.0,4,75117,M,,,75
200900020393,9,9,7,1830,1,2,1,1.0,3,75120,M,,,75
200900020394,9,9,7,1850,1,2,2,1.0,2,75112,M,,,75
200900020395,9,9,7,1900,1,2,3,1.0,3,75118,M,,,75
200900020396,9,9,7,1905,1,2,1,1.0,2,75115,M,,,75
200900020397,9,9,7,2255,5,2,5,1.0,6,75114,M,,,75
200900020398,9,9,8,100,5,2,2,1.0,6,75111,M,,,75
200900020399,9,9,8,900,1,2,1,1.0,3,75119,M,,,75
200900020400,9,9,8,920,1,2,1,1.0,6,75111,M,,,75
200900020401,9,9,8,920,1,2,1,1.0,2,75116,M,,,75
200900020402,9,9,8,920,1,2,1,1.0,6,75116,M,,,75
200900020403,9,9,8,925,1,2,1,1.0,3,75117,M,,,75
200900020404,9,9,8,1000,1,2,2,1.0,3,75115,M,,,75
200900020405,9,9,8,1200,1,2,2,1.0,6,75107,M,,,75
200900020406,9,9,8,1220,1,2,1,1.0,4,75116,M,,,75
200900020407,9,9,8,1230,1,2,1,1.0,6,75119,M,,,75
200900020408,9,9,8,1235,1,2,5,1.0,3,75119,M,,,75
200900020409,9,9,8,1240,1,2,4,1.0,6,75112,M,,,75
200900020410,9,9,8,1323,1,2,4,1.0,6,75112,M,,,75
200900020411,9,9,8,1345,1,2,2,1.0,2,75104,M,,,75
200900020412,9,9,8,1350,1,2,2,1.0,5,75115,M,,,75
200900020413,9,9,8,1350,1,2,3,1.0,2,75111,M,,,75
200900020414,9,9,8,1445,1,2,1,1.0,3,75111,M,,,75
200900020415,9,9,8,1447,1,2,5,1.0,3,75108,M,,,75
200900020416,9,9,8,1510,1,2,2,1.0,3,75108,M,,,75
200900020417,9,9,8,1823,1,2,3,1.0,3,75104,M,,,75
200900020418,9,9,8,1640,1,2,1,1.0,3,75119,M,,,75
200900020419,9,9,8,1655,1,2,5,1.0,6,75118,M,,,75
200900020420,9,9,8,1740,1,2,1,1.0,4,75116,M,,,75
200900020421,9,9,8,1750,1,2,1,1.0,3,75118,M,,,75
200900020422,9,9,8,1800,1,2,2,1.0,6,75117,M,,,75
200900020423,9,9,8,1830,1,2,3,1.0,6,75118,M,,,75
200900020424,9,9,8,1835,1,2,1,1.0,4,75112,M,,,75
200900020425,9,9,8,1932,1,2,1,1.0,3,75112,M,,,75
200900020426,9,9,8,2010,2,2,3,1.0,3,75112,M,,,75
200900020427,9,9,8,2040,2,2,2,1.0,6,75101,M,,,75
200900020428,9,9,8,2110,5,2,1,1.0,7,75112,M,,,75
200900020429,9,9,8,2220,5,2,2,1.0,2,75107,M,,,75
200900020430,9,9,8,2245,5,2,5,1.0,6,75109,M,,,75
200900020431,9,9,9,7,5,2,4,1.0,3,75116,M,,,75
200900020432,9,9,9,15,5,2,5,1.0,3,75119,M,,,75
200900020433,9,9,9,15,5,2,2,1.0,3,75103,M,,,75
200900020434,9,9,9,240,5,2,1,1.0,6,75112,M,,,75
200900020435,9,9,9,415,5,2,2,1.0,3,75118,M,,,75
200900020436,9,9,9,635,5,2,2,1.0,6,75115,M,,,75
200900020437,9,9,9,705,1,2,2,1.0,3,75115,M,,,75
200900020438,9,9,9,850,1,2,4,1.0,2,75112,M,,,75
200900020439,9,9,9,910,1,2,2,1.0,2,75117,M,,,75
200900020440,9,9,9,1000,1,2,5,1.0,3,75118,M,,,75
200900020441,9,9,9,1010,1,2,2,1.0,6,75112,M,,,75
200900020442,9,9,9,1040,1,2,2,1.0,2,75107,M,,,75
200900020443,9,9,9,1125,1,2,1,1.0,7,75119,M,,,75
200900020444,9,9,9,1210,1,2,2,1.0,6,75116,M,,,75
200900020445,9,9,9,1320,1,2,2,1.0,6,75108,M,,,75
200900020446,9,9,9,1343,1,2,2,1.0,3,75112,M,,,75
200900020447,9,9,9,1420,1,2,1,1.0,6,75104,M,,,75
200900020448,9,9,9,1455,1,2,1,1.0,6,75112,M,,,75
200900020449,9,9,9,1500,1,2,5,1.0,3,75108,M,,,75
200900020450,9,9,9,1520,1,2,2,1.0,6,75114,M,,,75
200900020451,9,9,9,1530,1,2,3,8.0,6,75107,M,,,75
200900020452,9,9,9,1550,1,2,5,1.0,3,75107,M,,,75
200900020453,9,9,9,1615,1,2,1,1.0,6,75113,M,,,75
200900020454,9,9,9,1650,1,2,1,1.0,3,75117,M,,,75
200900020455,9,9,9,1750,1,2,2,8.0,6,75113,M,,,75
200900020456,9,9,9,1800,1,2,1,2.0,6,75115,M,,,75
200900020457,9,9,9,1815,1,2,1,1.0,5,75113,M,,,75
200900020458,9,9,9,1850,2,2,1,8.0,3,75120,M,,,75
200900020459,9,9,9,1900,1,2,2,1.0,6,75111,M,,,75
200900020460,9,9,9,1920,1,2,1,1.0,6,75111,M,,,75
200900020461,9,9,9,1930,1,2,1,1.0,3,75111,M,,,75
200900020462,9,9,9,2000,5,2,1,1.0,6,75116,M,,,75
200900020463,9,9,9,2005,1,2,4,1.0,6,75114,M,,,75
200900020464,9,9,9,2115,5,2,1,1.0,6,75113,M,,,75
200900020465,9,9,9,2245,5,2,3,1.0,3,75117,M,,,75
200900020466,9,9,10,15,5,2,2,2.0,3,75118,M,,,75
200900020467,9,9,10,730,1,2,4,1.0,3,75112,M,,,75
200900020468,9,9,10,755,1,2,3,8.0,7,75120,M,,,75
200900020469,9,9,10,935,1,2,5,8.0,1,75113,M,,,75
200900020470,9,9,10,1010,1,2,3,2.0,6,75118,M,,,75
200900020471,9,9,10,1015,1,2,1,1.0,6,75114,M,,,75
200900020472,9,9,10,1050,1,2,5,1.0,6,75111,M,,,75
200900020473,9,9,10,1110,1,2,1,1.0,3,75120,M,,,75
200900020474,9,9,10,1140,1,2,1,2.0,7,75120,M,,,75
200900020475,9,9,10,1210,1,2,1,1.0,3,75118,M,,,75
200900020476,9,9,10,1230,1,2,4,1.0,3,75112,M,,,75
200900020477,9,9,10,1240,1,2,1,1.0,6,75109,M,,,75
200900020478,9,9,10,1310,1,2,1,1.0,3,75112,M,,,75
200900020479,9,9,10,1348,1,2,3,1.0,3,75104,M,,,75
200900020480,9,9,10,1600,1,2,1,1.0,6,75105,M,,,75
200900020481,9,9,10,1630,1,2,3,1.0,6,75115,M,,,75
200900020482,9,9,10,1710,1,2,1,1.0,7,75105,M,,,75
200900020483,9,9,10,1845,1,2,2,1.0,3,75105,M,,,75
200900020484,9,9,10,1915,1,2,1,1.0,2,75117,M,,,75
200900020485,9,9,10,1929,1,2,1,1.0,3,75119,M,,,75
200900020486,9,9,10,1930,1,2,5,1.0,3,75118,M,,,75
200900020487,9,9,10,1930,1,2,1,1.0,3,75118,M,,,75
200900020488,9,9,10,2115,3,2,2,1.0,6,75109,M,,,75
200900020489,9,9,10,2220,5,2,1,1.0,2,75107,M,,,75
200900020490,9,9,10,2255,5,2,1,1.0,3,75119,M,,,75
200900020491,9,9,11,20,5,2,1,1.0,2,75120,M,,,75
200900020492,9,9,11,235,5,2,3,1.0,2,75114,M,,,75
200900020493,9,9,11,715,1,2,1,1.0,2,75113,M,,,75
200900020494,9,9,11,730,1,2,2,1.0,3,75113,M,,,75
200900020495,9,9,11,740,1,2,2,1.0,6,75118,M,,,75
200900020496,9,9,11,805,1,2,1,1.0,2,75113,M,,,75
200900020497,9,9,11,903,1,2,4,1.0,3,75120,M,,,75
200900020498,9,9,11,910,1,2,2,1.0,3,75114,M,,,75
200900020499,9,9,11,915,1,2,1,1.0,6,75113,M,,,75
200900020500,9,9,11,945,1,2,1,1.0,4,75117,M,,,75
200900020501,9,9,11,1040,1,2,2,1.0,6,75120,M,,,75
200900020502,9,9,11,1045,1,2,2,1.0,6,75107,M,,,75
200900020503,9,9,11,1200,1,2,3,1.0,7,75104,M,,,75
200900020504,9,9,11,1230,1,2,1,1.0,4,75116,M,,,75
200900020505,9,9,11,1250,2,2,1,1.0,2,75112,M,,,75
200900020506,9,9,11,1340,1,2,3,1.0,6,75116,M,,,75
200900020507,9,9,11,1350,1,2,2,1.0,3,75116,M,,,75
200900020508,9,9,11,1420,1,2,2,1.0,3,75106,M,,,75
200900020509,9,9,11,1430,1,2,2,1.0,3,75113,M,,,75
200900020510,9,9,11,1450,1,2,4,1.0,3,75113,M,,,75
200900020511,9,9,11,1540,1,2,3,1.0,3,75114,M,,,75
200900020512,9,9,11,1600,1,2,1,1.0,6,75119,M,,,75
200900020513,9,9,11,1600,1,2,1,1.0,6,75120,M,,,75
200900020514,9,9,11,1630,1,2,2,1.0,2,75109,M,,,75
200900020515,9,9,11,1635,1,2,3,1.0,3,75120,M,,,75
200900020516,9,9,11,1655,1,2,5,1.0,3,75116,M,,,75
200900020517,9,9,11,1705,1,2,1,1.0,3,75117,M,,,75
200900020518,9,9,11,1715,1,2,1,1.0,7,75112,M,,,75
200900020519,9,9,11,1800,1,2,5,1.0,3,75107,M,,,75
200900020520,9,9,11,1840,1,2,2,1.0,3,75108,M,,,75
200900020521,9,9,11,1900,1,2,1,1.0,3,75107,M,,,75
200900020522,9,9,11,1930,1,2,1,1.0,3,75116,M,,,75
200900020523,9,9,11,1945,3,2,3,1.0,3,75111,M,,,75
200900020524,9,9,11,2020,5,2,5,1.0,6,75116,M,,,75
200900020525,9,9,11,2150,5,2,2,1.0,6,75119,M,,,75
200900020526,9,9,11,2155,5,2,4,1.0,3,75114,M,,,75
200900020527,9,9,11,2250,5,2,3,1.0,3,75109,M,,,75
200900020528,9,9,11,2310,5,2,2,1.0,6,75115,M,,,75
200900020529,9,9,11,2350,5,2,1,1.0,3,75111,M,,,75
200900020530,9,9,10,1104,1,2,1,1.0,6,75108,M,,,75
200900020531,9,9,14,720,1,2,1,1.0,3,75120,M,,,75
200900020532,9,9,14,730,1,2,5,1.0,3,75111,M,,,75
200900020533,9,9,14,900,1,2,5,1.0,6,75111,M,,,75
200900020534,9,9,14,900,1,2,3,1.0,7,75116,M,,,75
200900020535,9,9,14,920,1,2,1,1.0,6,75115,M,,,75
200900020536,9,9,14,925,1,2,5,1.0,4,75116,M,,,75
200900020537,9,9,14,1005,1,2,5,2.0,6,75117,M,,,75
200900020538,9,9,14,1015,1,2,5,1.0,3,75116,M,,,75
200900020539,9,9,14,1200,1,2,1,1.0,3,75116,M,,,75
200900020540,9,9,14,1245,1,2,1,1.0,4,75101,M,,,75
200900020541,9,9,14,1300,1,2,1,1.0,6,75117,M,,,75
200900020542,9,9,14,1315,1,2,3,1.0,6,75111,M,,,75
200900020543,9,9,14,1320,1,2,1,1.0,3,75118,M,,,75
200900020544,9,9,14,1328,1,2,2,1.0,5,75116,M,,,75
200900020545,9,9,14,1445,1,2,4,8.0,6,75112,M,,,75
200900020546,9,9,14,1545,1,2,1,1.0,2,75116,M,,,75
200900020547,9,9,14,1600,1,2,1,1.0,3,75114,M,,,75
200900020548,9,9,14,1610,1,2,1,1.0,6,75112,M,,,75
200900020549,9,9,14,1630,1,2,5,8.0,3,75119,M,,,75
200900020550,9,9,14,1630,1,2,3,8.0,6,75119,M,,,75
200900020551,9,9,14,1710,1,2,1,1.0,6,75113,M,,,75
200900020552,9,9,14,1740,1,2,1,1.0,3,75116,M,,,75
200900020553,9,9,14,1750,1,2,1,8.0,6,75118,M,,,75
200900020554,9,9,14,1815,1,2,1,2.0,6,75112,M,,,75
200900020555,9,9,14,1830,1,2,1,8.0,2,75113,M,,,75
200900020556,9,9,14,1830,1,2,5,1.0,3,75108,M,,,75
200900020557,9,9,14,1845,1,2,1,1.0,6,75115,M,,,75
200900020558,9,9,14,1940,2,2,3,1.0,3,75113,M,,,75
200900020559,9,9,14,2045,5,2,1,2.0,3,75109,M,,,75
200900020560,9,9,14,2050,5,2,1,2.0,3,75120,M,,,75
200900020561,9,9,14,2110,5,2,1,2.0,2,75117,M,,,75
200900020562,9,9,14,2125,5,2,2,3.0,7,75112,M,,,75
200900020563,9,9,14,2205,5,2,1,3.0,6,75111,M,,,75
200900020564,9,9,14,2235,5,2,2,2.0,3,75105,M,,,75
200900020565,9,9,13,120,5,2,1,1.0,6,75116,M,,,75
200900020566,9,9,13,205,5,2,3,1.0,3,75117,M,,,75
200900020567,9,9,13,600,5,2,1,1.0,7,75112,M,,,75
200900020568,9,9,13,625,5,2,3,1.0,6,75106,M,,,75
200900020569,9,9,13,709,2,2,1,1.0,7,75106,M,,,75
200900020570,9,9,13,1450,1,2,1,1.0,6,75116,M,,,75
200900020571,9,9,13,1600,1,2,1,1.0,2,75112,M,,,75
200900020572,9,9,13,1620,1,2,1,1.0,6,75115,M,,,75
200900020573,9,9,13,1715,1,2,1,1.0,6,75111,M,,,75
200900020574,9,9,13,1800,1,2,5,1.0,3,75102,M,,,75
200900020575,9,9,13,2216,5,2,4,1.0,6,75117,M,,,75
200900020576,9,9,13,2315,5,2,5,1.0,6,75104,M,,,75
200900020577,9,9,13,2340,5,2,5,1.0,3,75116,M,,,75
200900020578,9,9,15,440,5,2,1,1.0,6,75112,M,,,75
200900020579,9,9,15,600,3,2,2,1.0,3,75116,M,,,75
200900020580,9,9,15,604,5,2,5,1.0,6,75109,M,,,75
200900020581,9,9,15,805,1,2,2,1.0,3,75116,M,,,75
200900020582,9,9,15,815,1,2,2,1.0,3,75108,M,,,75
200900020583,9,9,15,1055,1,2,2,1.0,3,75119,M,,,75
200900020584,9,9,15,1110,1,2,4,1.0,4,75120,M,,,75
200900020585,9,9,15,1200,1,2,1,1.0,6,75120,M,,,75
200900020586,9,9,15,1420,1,2,5,1.0,6,75117,M,,,75
200900020587,9,9,15,1500,1,2,3,1.0,7,75117,M,,,75
200900020588,9,9,15,1535,1,2,1,1.0,3,75119,M,,,75
200900020589,9,9,15,1615,1,2,1,8.0,6,75119,M,,,75
200900020590,9,9,15,1650,1,2,2,1.0,3,75109,M,,,75
200900020591,9,9,15,1713,1,2,4,1.0,6,75110,M,,,75
200900020592,9,9,15,1725,1,2,5,1.0,4,75117,M,,,75
200900020593,9,9,15,1735,1,2,3,1.0,6,75120,M,,,75
200900020594,9,9,15,1750,1,2,1,1.0,6,75109,M,,,75
200900020595,9,9,15,1810,1,2,5,1.0,6,75118,M,,,75
200900020596,9,9,15,1930,1,2,1,1.0,2,75115,M,,,75
200900020597,9,9,15,1943,1,2,3,1.0,3,75117,M,,,75
200900020598,9,9,15,1955,1,2,1,1.0,2,75119,M,,,75
200900020599,9,9,15,2115,5,2,1,1.0,6,75120,M,,,75
200900020600,9,9,15,2115,5,2,2,1.0,3,75103,M,,,75
200900020601,9,9,15,2350,5,2,1,1.0,2,75103,M,,,75
200900020602,9,9,12,200,5,2,1,1.0,7,75120,M,,,75
200900020603,9,9,12,500,5,2,1,1.0,6,75109,M,,,75
200900020604,9,9,12,940,1,2,3,1.0,6,75117,M,,,75
200900020605,9,9,12,1000,1,2,1,1.0,7,75118,M,,,75
200900020606,9,9,12,1042,1,2,1,1.0,6,75112,M,,,75
200900020607,9,9,12,1140,1,2,1,1.0,2,75112,M,,,75
200900020608,9,9,12,1205,1,2,3,1.0,7,75107,M,,,75
200900020609,9,9,12,1435,1,2,1,1.0,3,75113,M,,,75
200900020610,9,9,12,1450,1,2,5,1.0,3,75108,M,,,75
200900020611,9,9,12,1500,1,2,1,1.0,6,75118,M,,,75
200900020612,9,9,12,1525,1,2,1,1.0,6,75107,M,,,75
200900020613,9,9,12,1545,1,2,3,1.0,3,75120,M,,,75
200900020614,9,9,12,1602,1,2,4,1.0,3,75105,M,,,75
200900020615,9,9,12,1700,1,2,4,1.0,4,75108,M,,,75
200900020616,9,9,12,1710,1,2,1,1.0,7,75111,M,,,75
200900020617,9,9,12,1720,1,2,1,1.0,4,75119,M,,,75
200900020618,9,9,12,1753,1,2,5,1.0,6,75117,M,,,75
200900020619,9,9,12,1830,1,2,2,1.0,2,75110,M,,,75
200900020620,9,9,12,1840,1,2,2,1.0,3,75105,M,,,75
200900020621,9,9,12,1840,1,2,4,1.0,6,75103,M,,,75
200900020622,9,9,12,2053,5,2,5,1.0,2,75109,M,,,75
200900020623,9,9,12,2225,5,2,2,1.0,3,75111,M,,,75
200900020624,9,9,12,2320,5,2,3,1.0,6,75102,M,,,75
200900020625,9,9,16,29,5,2,5,1.0,6,75106,M,,,75
200900020626,9,9,16,220,5,2,1,1.0,6,75116,M,,,75
200900020627,9,9,16,700,5,2,1,1.0,3,75117,M,,,75
200900020628,9,9,16,815,1,2,1,1.0,6,75117,M,,,75
200900020629,9,9,16,835,1,2,1,1.0,4,75118,M,,,75
200900020630,9,9,16,950,1,2,3,8.0,3,75104,M,,,75
200900020631,9,9,16,1000,1,2,5,1.0,6,75109,M,,,75
200900020632,9,9,16,900,1,2,1,8.0,3,75112,M,,,75
200900020633,9,9,16,1010,1,2,1,1.0,4,75117,M,,,75
200900020634,9,9,16,1015,1,2,1,8.0,4,75113,M,,,75
200900020635,9,9,16,1100,1,2,1,1.0,6,75116,M,,,75
200900020636,9,9,16,1205,1,2,2,1.0,3,75108,M,,,75
200900020637,9,9,16,1250,1,2,5,1.0,6,75118,M,,,75
200900020638,9,9,16,1305,1,2,5,8.0,3,75111,M,,,75
200900020639,9,9,16,1410,1,2,5,1.0,3,75110,M,,,75
200900020640,9,9,16,1545,1,2,1,8.0,6,75110,M,,,75
200900020641,9,9,16,1615,1,2,1,1.0,6,75118,M,,,75
200900020642,9,9,16,1620,1,2,1,1.0,3,75116,M,,,75
200900020643,9,9,16,1700,1,2,1,1.0,2,75119,M,,,75
200900020644,9,9,16,1715,1,2,1,1.0,6,75117,M,,,75
200900020645,9,9,16,1740,1,2,1,1.0,7,75120,M,,,75
200900020646,9,9,16,1810,1,2,1,8.0,6,75119,M,,,75
200900020647,9,9,16,1830,1,2,2,1.0,6,75113,M,,,75
200900020648,9,9,16,1910,1,2,1,1.0,2,75110,M,,,75
200900020649,9,9,16,2125,5,2,2,1.0,3,75116,M,,,75
200900020650,9,9,16,2205,3,2,5,1.0,3,75119,M,,,75
200900020651,9,9,17,330,5,2,1,1.0,6,75118,M,,,75
200900020652,9,9,17,845,1,2,1,1.0,3,75113,M,,,75
200900020653,9,9,17,850,1,2,3,1.0,7,75107,M,,,75
200900020654,9,9,17,855,1,2,2,8.0,3,75117,M,,,75
200900020655,9,9,17,955,1,2,1,1.0,4,75115,M,,,75
200900020656,9,9,17,1015,1,2,5,1.0,3,75117,M,,,75
200900020657,9,9,17,1150,1,2,1,8.0,7,75120,M,,,75
200900020658,9,9,17,1150,1,2,1,8.0,3,75111,M,,,75
200900020659,9,9,17,1245,1,2,3,8.0,6,75113,M,,,75
200900020660,9,9,17,1350,1,2,5,1.0,6,75115,M,,,75
200900020661,9,9,17,1645,1,2,1,1.0,7,75116,M,,,75
200900020662,9,9,17,1830,1,2,1,1.0,2,75113,M,,,75
200900020663,9,9,17,1840,1,2,2,1.0,3,75110,M,,,75
200900020664,9,9,17,1900,1,2,5,1.0,3,75116,M,,,75
200900020665,9,9,17,1925,2,2,1,8.0,7,75113,M,,,75
200900020666,9,9,17,2030,5,2,1,1.0,6,75118,M,,,75
200900020667,9,9,17,2335,5,2,5,1.0,3,75107,M,,,75
200900020668,9,9,20,305,5,2,1,1.0,6,75120,M,,,75
200900020669,9,9,20,630,2,2,3,1.0,6,75116,M,,,75
200900020670,9,9,20,1120,1,2,1,1.0,3,75113,M,,,75
200900020671,9,9,20,1310,1,2,1,1.0,6,75105,M,,,75
200900020672,9,9,20,1405,1,2,5,1.0,3,75110,M,,,75
200900020673,9,9,20,1455,1,2,5,1.0,3,75119,M,,,75
200900020674,9,9,20,1525,1,2,4,1.0,6,75120,M,,,75
200900020675,9,9,20,1535,1,2,5,1.0,3,75116,M,,,75
200900020676,9,9,20,1635,1,2,1,1.0,4,75113,M,,,75
200900020677,9,9,20,1738,1,2,2,1.0,3,75118,M,,,75
200900020678,9,9,20,1755,1,2,3,1.0,3,75107,M,,,75
200900020679,9,9,20,1825,1,2,3,1.0,3,75114,M,,,75
200900020680,9,9,20,1940,2,2,2,1.0,3,75110,M,,,75
200900020681,9,9,20,2205,5,2,5,1.0,6,75116,M,,,75
200900020682,9,9,19,5,3,2,1,1.0,2,75108,M,,,75
200900020683,9,9,19,30,5,2,2,1.0,3,75117,M,,,75
200900020684,9,9,19,145,5,2,2,1.0,7,75116,M,,,75
200900020685,9,9,19,430,5,2,2,2.0,2,75102,M,,,75
200900020686,9,9,19,1035,1,2,1,1.0,2,75112,M,,,75
200900020687,9,9,19,1110,1,2,1,1.0,6,75109,M,,,75
200900020688,9,9,19,1145,1,2,1,1.0,2,75109,M,,,75
200900020689,9,9,19,1245,1,2,1,1.0,6,75109,M,,,75
200900020690,9,9,19,1255,1,2,2,1.0,6,75107,M,,,75
200900020691,9,9,19,1350,1,2,1,1.0,7,75115,M,,,75
200900020692,9,9,19,1430,1,2,1,1.0,4,75116,M,,,75
200900020693,9,9,19,1450,1,2,2,1.0,1,75117,M,,,75
200900020694,9,9,19,1500,1,2,2,1.0,1,75111,M,,,75
200900020695,9,9,19,1510,1,2,1,1.0,2,75116,M,,,75
200900020696,9,9,19,1535,1,2,1,1.0,6,75119,M,,,75
200900020697,9,9,19,1545,1,2,5,1.0,2,75118,M,,,75
200900020698,9,9,19,1615,1,2,1,1.0,4,75112,M,,,75
200900020699,9,9,19,1655,1,2,1,1.0,2,75112,M,,,75
200900020700,9,9,19,1810,1,2,1,1.0,2,75116,M,,,75
200900020701,9,9,19,1815,1,2,2,1.0,6,75114,M,,,75
200900020702,9,9,19,1835,1,2,2,1.0,1,75106,M,,,75
200900020703,9,9,19,1905,5,2,1,1.0,4,75113,M,,,75
200900020704,9,9,19,1905,2,2,4,1.0,7,75118,M,,,75
200900020705,9,9,19,2345,5,2,3,1.0,6,75102,M,,,75
200900020706,9,9,19,2350,5,2,3,1.0,1,75116,M,,,75
200900020707,9,9,18,335,5,2,2,1.0,3,75117,M,,,75
200900020708,9,9,18,700,1,2,3,1.0,3,75116,M,,,75
200900020709,9,9,18,735,1,2,1,1.0,2,75118,M,,,75
200900020710,9,9,18,835,1,2,3,1.0,3,75111,M,,,75
200900020711,9,9,18,900,1,2,1,1.0,6,75114,M,,,75
200900020712,9,9,18,1030,1,2,5,1.0,3,75109,M,,,75
200900020713,9,9,18,1030,1,2,3,1.0,3,75106,M,,,75
200900020714,9,9,18,1130,1,2,2,1.0,3,75101,M,,,75
200900020715,9,9,18,1140,1,2,1,1.0,7,75119,M,,,75
200900020716,9,9,18,1205,1,2,1,1.0,6,75112,M,,,75
200900020717,9,9,18,1210,1,2,1,1.0,6,75104,M,,,75
200900020718,9,9,18,1330,1,2,1,1.0,6,75116,M,,,75
200900020719,9,9,18,1330,1,2,1,1.0,4,75107,M,,,75
200900020720,9,9,18,1350,1,2,1,8.0,2,75120,M,,,75
200900020721,9,9,18,1430,1,2,5,1.0,6,75116,M,,,75
200900020722,9,9,18,1508,1,2,1,1.0,3,75114,M,,,75
200900020723,9,9,18,1520,1,2,1,1.0,6,75120,M,,,75
200900020724,9,9,18,1545,1,2,1,1.0,3,75118,M,,,75
200900020725,9,9,18,1615,1,2,2,1.0,6,75108,M,,,75
200900020726,9,9,18,1620,1,2,4,1.0,3,75116,M,,,75
200900020727,9,9,18,1620,1,2,1,1.0,3,75110,M,,,75
200900020728,9,9,18,1620,1,2,1,1.0,6,75105,M,,,75
200900020729,9,9,18,1730,1,2,1,1.0,2,75107,M,,,75
200900020730,9,9,18,1730,1,2,3,1.0,6,75117,M,,,75
200900020731,9,9,18,1750,1,2,2,1.0,6,75102,M,,,75
200900020732,9,9,18,1810,1,2,2,1.0,3,75108,M,,,75
200900020733,9,9,18,1820,1,2,1,1.0,4,75117,M,,,75
200900020734,9,9,18,1900,2,2,1,1.0,3,75110,M,,,75
200900020735,9,9,18,2005,5,2,2,1.0,6,75105,M,,,75
200900020736,9,9,18,2335,5,2,1,1.0,6,75120,M,,,75
200900020737,9,9,22,750,1,2,1,1.0,3,75106,M,,,75
200900020738,9,9,22,815,1,2,1,1.0,4,75113,M,,,75
200900020739,9,9,22,910,1,2,1,1.0,2,75120,M,,,75
200900020740,9,9,22,935,1,2,4,1.0,3,75110,M,,,75
200900020741,9,9,22,954,1,2,2,1.0,6,75111,M,,,75
200900020742,9,9,22,1030,1,2,7,1.0,2,75113,M,,,75
200900020743,9,9,22,1134,1,2,1,1.0,4,75112,M,,,75
200900020744,9,9,22,1435,1,2,2,1.0,6,75103,M,,,75
200900020745,9,9,22,1600,1,2,3,1.0,1,75108,M,,,75
200900020746,9,9,22,1610,1,2,1,1.0,2,75104,M,,,75
200900020747,9,9,22,1620,1,2,1,1.0,2,75116,M,,,75
200900020748,9,9,22,1620,1,2,2,1.0,1,75112,M,,,75