Num_Acc,an,mois,jour,hrmn,lum,agg,int,atm,col,com,gps,lat,long,dep
200900020749,9,9,22,1715,2,2,1,1.0,3,75116,M,,,75
200900020750,9,9,22,1720,1,2,1,1.0,3,75118,M,,,75
200900020751,9,9,22,1720,1,2,3,1.0,6,75119,M,,,75
200900020752,9,9,22,1725,1,2,1,1.0,2,75116,M,,,75
200900020753,9,9,22,1800,1,2,1,1.0,4,75112,M,,,75
200900020754,9,9,22,1810,1,2,1,1.0,6,75112,M,,,75
200900020755,9,9,22,1855,1,2,2,1.0,3,75108,M,,,75
200900020756,9,9,22,1900,2,2,1,1.0,2,75119,M,,,75
200900020757,9,9,22,1910,2,2,1,1.0,6,75106,M,,,75
200900020758,9,9,22,2015,5,2,4,1.0,3,75106,M,,,75
200900020759,9,9,22,2115,5,2,1,1.0,6,75112,M,,,75
200900020760,9,9,22,2330,5,2,1,1.0,2,75106,M,,,75
200900020761,9,9,24,10,5,2,2,1.0,6,75118,M,,,75
200900020762,9,9,24,815,1,2,1,1.0,6,75120,M,,,75
200900020763,9,9,24,820,1,2,1,1.0,3,75117,M,,,75
200900020764,9,9,24,830,1,2,1,1.0,2,75108,M,,,75
200900020765,9,9,24,834,3,2,1,1.0,4,75116,M,,,75
200900020766,9,9,24,845,1,2,1,1.0,2,75112,M,,,75
200900020767,9,9,24,855,1,2,2,1.0,6,75112,M,,,75
200900020768,9,9,24,900,1,2,1,1.0,2,75119,M,,,75
200900020769,9,9,24,930,1,2,1,1.0,2,75114,M,,,75
200900020770,9,9,24,950,1,2,1,1.0,2,75113,M,,,75
200900020771,9,9,24,1025,1,2,3,8.0,3,75118,M,,,75
200900020772,9,9,24,1050,1,2,1,8.0,7,75111,M,,,75
200900020773,9,9,24,1254,1,2,1,1.0,7,75120,M,,,75
200900020774,9,9,24,1420,1,2,3,1.0,3,75113,M,,,75
200900020775,9,9,24,1450,1,2,2,1.0,2,75111,M,,,75
200900020776,9,9,24,1500,1,2,1,1.0,3,75110,M,,,75
200900020777,9,9,24,1600,1,2,2,1.0,4,75117,M,,,75
200900020778,9,9,24,1615,1,2,1,1.0,3,75114,M,,,75
200900020779,9,9,24,1635,1,2,7,1.0,3,75108,M,,,75
200900020780,9,9,24,1730,1,2,1,1.0,7,75114,M,,,75
200900020781,9,9,24,1740,1,2,2,1.0,2,75113,M,,,75
200900020782,9,9,24,1755,1,2,2,1.0,5,75101,M,,,75
200900020783,9,9,24,1800,1,2,1,1.0,4,75112,M,,,75
200900020784,9,9,24,1810,1,2,1,1.0,3,75101,M,,,75
200900020785,9,9,24,1830,1,2,1,1.0,3,75114,M,,,75
200900020786,9,9,24,1900,1,2,1,1.0,7,75104,M,,,75
200900020787,9,9,24,1900,2,2,1,1.0,2,75114,M,,,75
200900020788,9,9,24,2050,5,2,2,1.0,2,75115,M,,,75
200900020789,9,9,24,2240,5,2,6,1.0,6,75107,M,,,75
200900020790,9,9,23,1,5,2,1,1.0,3,75111,M,,,75
200900020791,9,9,23,5,5,2,2,1.0,6,75102,M,,,75
200900020792,9,9,23,1020,1,2,3,8.0,6,75108,M,,,75
200900020793,9,9,23,1100,1,2,1,1.0,6,75110,M,,,75
200900020794,9,9,23,1259,1,2,2,1.0,3,75119,M,,,75
200900020795,9,9,23,1310,1,2,1,1.0,3,75111,M,,,75
200900020796,9,9,23,1400,1,2,3,1.0,6,75110,M,,,75
200900020797,9,9,23,1415,1,2,1,1.0,6,75111,M,,,75
200900020798,9,9,23,1415,1,2,1,1.0,3,75114,M,,,75
200900020799,9,9,23,1418,1,2,1,1.0,3,75115,M,0.0,1,75
200900020800,9,9,23,1440,1,2,5,1.0,3,75117,M,,,75
200900020801,9,9,23,1543,1,2,1,1.0,6,75119,M,,,75
200900020802,9,9,23,1700,1,2,1,1.0,2,75112,M,,,75
200900020803,9,9,23,1700,1,2,1,1.0,6,75119,M,,,75
200900020804,9,9,23,1710,1,2,1,1.0,4,75118,M,,,75
200900020805,9,9,23,1715,1,2,1,1.0,7,75111,M,,,75
200900020806,9,9,23,1720,1,2,5,1.0,3,75111,M,,,75
200900020807,9,9,23,1740,1,2,1,1.0,4,75113,M,,,75
200900020808,9,9,23,1850,1,2,1,1.0,6,75110,M,,,75
200900020809,9,9,23,1925,5,2,1,1.0,3,75111,M,,,75
200900020810,9,9,23,1930,2,2,1,1.0,6,75110,M,,,75
200900020811,9,9,23,1945,5,2,1,1.0,3,75110,M,,,75
200900020812,9,9,23,2120,5,2,3,1.0,6,75106,M,,,75
200900020813,9,9,23,2123,5,2,2,1.0,3,75120,M,,,75
200900020814,9,9,21,1520,1,2,3,1.0,2,75101,M,,,75
200900020815,9,9,21,1534,1,2,3,1.0,2,75104,M,,,75
200900020816,9,9,21,1555,1,2,2,1.0,3,75112,M,,,75
200900020817,9,9,21,1640,1,2,2,1.0,3,75105,M,,,75
200900020818,9,9,21,320,5,2,1,1.0,6,75112,M,,,75
200900020819,9,9,21,620,3,2,1,1.0,6,75118,M,,,75
200900020820,9,9,21,655,2,2,3,1.0,6,75101,M,,,75
200900020821,9,9,21,805,1,2,3,1.0,6,75119,M,,,75
200900020822,9,9,21,820,1,2,1,1.0,6,75101,M,,,75
200900020823,9,9,21,836,1,2,2,1.0,3,75120,M,,,75
200900020824,9,9,21,850,1,2,3,1.0,3,75105,M,,,75
200900020825,9,9,21,905,1,2,1,1.0,2,75110,M,,,75
200900020826,9,9,21,925,1,2,1,1.0,3,75118,M,,,75
200900020827,9,9,21,1010,1,2,2,1.0,6,75104,M,,,75
200900020828,9,9,21,1120,1,2,3,1.0,2,75101,M,,,75
200900020829,9,9,21,1130,1,2,2,1.0,6,75109,M,,,75
200900020830,9,9,21,1319,1,2,3,1.0,3,75118,M,,,75
200900020831,9,9,21,1430,1,2,5,1.0,3,75110,M,,,75
200900020832,9,9,21,1510,1,2,1,1.0,6,75113,M,,,75
200900020833,9,9,21,1510,1,2,1,1.0,3,75119,M,,,75
200900020834,9,9,21,1715,1,2,1,1.0,6,75106,M,,,75
200900020835,9,9,21,1725,1,2,2,1.0,3,75116,M,,,75
200900020836,9,9,21,1745,1,2,4,1.0,3,75114,M,,,75
200900020837,9,9,21,1750,1,2,1,1.0,7,75116,M,,,75
200900020838,9,9,21,1830,1,2,2,1.0,3,75105,M,,,75
200900020839,9,9,21,1830,1,2,1,1.0,3,75114,M,,,75
200900020840,9,9,21,2010,5,2,5,1.0,3,75108,M,,,75
200900020841,9,9,21,2220,5,2,3,1.0,3,75115,M,,,75
200900020842,9,9,21,2345,5,2,5,1.0,4,75109,M,,,75
200900020843,9,9,25,235,5,2,2,1.0,6,75104,M,,,75
200900020844,9,9,25,730,1,2,5,1.0,3,75117,M,,,75
200900020845,9,9,25,755,1,2,5,1.0,7,75120,M,,,75
200900020846,9,9,25,810,1,2,2,1.0,6,75111,M,,,75
200900020847,9,9,25,815,1,2,5,1.0,6,75120,M,,,75
200900020848,9,9,25,850,1,2,1,1.0,7,75110,M,,,75
200900020849,9,9,25,910,1,2,1,1.0,2,75112,M,,,75
200900020850,9,9,25,915,1,2,1,1.0,4,75112,M,,,75
200900020851,9,9,25,925,1,2,1,7.0,5,75114,M,,,75
200900020852,9,9,25,1050,1,2,1,1.0,3,75117,M,,,75
200900020853,9,9,25,1130,1,2,2,1.0,3,75110,M,,,75
200900020854,9,9,25,1135,1,2,1,1.0,3,75107,M,,,75
200900020855,9,9,25,1135,1,2,3,1.0,3,75107,M,,,75
200900020856,9,9,25,1210,1,2,1,1.0,6,75114,M,,,75
200900020857,9,9,25,1230,1,2,1,1.0,3,75108,M,,,75
200900020858,9,9,25,1300,1,2,5,1.0,3,75109,M,,,75
200900020859,9,9,25,1310,1,2,3,1.0,3,75113,M,,,75
200900020860,9,9,25,1405,1,2,5,1.0,6,75102,M,,,75
200900020861,9,9,25,1440,1,2,1,1.0,2,75116,M,,,75
200900020862,9,9,25,1500,1,2,1,1.0,2,75115,M,,,75
200900020863,9,9,25,1520,1,2,1,1.0,6,75118,M,,,75
200900020864,9,9,25,1555,1,2,5,1.0,6,75117,M,,,75
200900020865,9,9,25,1555,1,2,1,1.0,3,75114,M,,,75
200900020866,9,9,25,1645,1,2,3,1.0,6,75110,M,,,75
200900020867,9,9,25,1645,1,2,1,1.0,3,75107,M,,,75
200900020868,9,9,25,1650,1,2,1,1.0,1,75111,M,,,75
200900020869,9,9,25,1730,1,2,1,1.0,6,75110,M,,,75
200900020870,9,9,25,1802,1,2,2,1.0,6,75108,M,,,75
200900020871,9,9,25,1820,1,2,5,1.0,3,75113,M,,,75
200900020872,9,9,25,1820,1,2,1,1.0,2,75120,M,,,75
200900020873,9,9,25,1915,1,2,1,1.0,2,75115,M,,,75
200900020874,9,9,25,1935,2,2,5,1.0,3,75114,M,,,75
200900020875,9,9,25,1950,5,2,5,1.0,7,75106,M,,,75
200900020876,9,9,25,2050,2,2,1,1.0,2,75120,M,,,75
200900020877,9,9,25,2115,5,2,5,1.0,2,75112,M,,,75
200900020878,9,9,25,2145,5,2,1,1.0,3,75117,M,,,75
200900020879,9,9,25,2210,5,2,1,1.0,3,75117,M,,,75
200900020880,9,9,25,2310,5,2,2,1.0,3,75118,M,,,75
200900020881,9,9,25,2320,5,2,4,1.0,3,75119,M,,,75
200900020882,9,9,25,2340,5,2,1,1.0,3,75113,M,,,75
200900020883,9,9,25,2355,5,2,1,1.0,2,75116,M,,,75
200900020884,9,9,27,5,5,2,1,1.0,2,75116,M,,,75
200900020885,9,9,27,115,5,2,2,1.0,3,75103,M,,,75
200900020886,9,9,27,130,5,2,1,1.0,5,75120,M,,,75
200900020887,9,9,27,157,5,2,1,1.0,6,75112,M,,,75
200900020888,9,9,27,440,5,2,1,1.0,6,75106,M,,,75
200900020889,9,9,27,506,5,2,1,1.0,6,75108,M,,,75
200900020890,9,9,27,635,5,2,2,1.0,6,75109,M,,,75
200900020891,9,9,27,745,1,2,2,1.0,6,75116,M,,,75
200900020892,9,9,27,915,1,2,2,1.0,6,75117,M,,,75
200900020893,9,9,27,1100,1,2,4,1.0,3,75116,M,,,75
200900020894,9,9,27,1230,1,2,1,1.0,6,75111,M,,,75
200900020895,9,9,27,1345,1,2,5,1.0,6,75108,M,,,75
200900020896,9,9,27,1510,1,2,1,1.0,6,75112,M,,,75
200900020897,9,9,27,1545,1,2,1,1.0,6,75113,M,,,75
200900020898,9,9,27,1645,1,2,1,1.0,6,75108,M,,,75
200900020899,9,9,27,1650,1,2,4,1.0,2,75112,M,,,75
200900020900,9,9,27,1710,1,2,2,1.0,6,75115,M,,,75
200900020901,9,9,27,1745,1,2,5,1.0,2,75116,M,,,75
200900020902,9,9,27,1805,1,2,1,1.0,6,75117,M,,,75
200900020903,9,9,27,1815,1,2,1,1.0,2,75118,M,,,75
200900020904,9,9,27,1835,1,2,5,1.0,6,75113,M,,,75
200900020905,9,9,27,2000,5,2,1,1.0,2,75117,M,,,75
200900020906,9,9,26,45,5,2,2,1.0,6,75118,M,,,75
200900020907,9,9,26,155,5,2,2,1.0,3,75116,M,,,75
200900020908,9,9,26,420,5,2,2,1.0,7,75120,M,,,75
200900020909,9,9,26,430,5,2,1,1.0,3,75111,M,,,75
200900020910,9,9,26,510,5,2,2,1.0,3,75116,M,,,75
200900020911,9,9,26,635,5,2,2,1.0,6,75119,M,,,75
200900020912,9,9,26,900,1,2,2,1.0,3,75117,M,,,75
200900020913,9,9,26,900,1,2,2,1.0,7,75120,M,,,75
200900020914,9,9,26,1105,1,2,1,1.0,3,75117,M,,,75
200900020915,9,9,26,1300,1,2,1,1.0,6,75120,M,,,75
200900020916,9,9,26,1345,1,2,1,1.0,6,75119,M,,,75
200900020917,9,9,26,1350,1,2,2,1.0,2,75120,M,,,75
200900020918,9,9,26,1415,1,2,1,1.0,3,75112,M,,,75
200900020919,9,9,26,1420,1,2,2,1.0,3,75105,M,,,75
200900020920,9,9,26,1516,1,2,2,1.0,3,75114,M,,,75
200900020921,9,9,26,1540,1,2,1,1.0,6,75106,M,,,75
200900020922,9,9,26,1615,1,2,1,1.0,3,75119,M,,,75
200900020923,9,9,26,1650,1,2,1,1.0,7,75112,M,,,75
200900020924,9,9,26,1730,1,2,1,1.0,6,75115,M,,,75
200900020925,9,9,26,1735,1,2,1,1.0,6,75106,M,,,75
200900020926,9,9,26,1805,1,2,2,1.0,6,75108,M,,,75
200900020927,9,9,26,1825,1,2,5,1.0,7,75109,M,,,75
200900020928,9,9,26,1840,2,2,1,1.0,6,75115,M,,,75
200900020929,9,9,26,1915,2,2,2,1.0,6,75116,M,,,75
200900020930,9,9,26,2100,2,2,1,1.0,2,75114,M,,,75
200900020931,9,9,26,2105,5,2,2,1.0,7,75112,M,,,75
200900020932,9,9,26,2243,5,2,2,1.0,6,75110,M,,,75
200900020933,9,9,26,2315,5,2,1,1.0,6,75108,M,,,75
200900020934,9,9,28,2230,5,2,2,1.0,3,75112,M,,,75
200900020935,9,9,28,900,1,2,1,1.0,3,75113,M,,,75
200900020936,9,9,28,905,1,2,2,1.0,6,75111,M,,,75
200900020937,9,9,28,1035,1,2,6,1.0,7,75113,M,,,75
200900020938,9,9,28,1150,1,2,1,1.0,2,75113,M,,,75
200900020939,9,9,28,1209,1,2,3,1.0,3,75108,M,,,75
200900020940,9,9,28,1210,1,2,1,1.0,2,75117,M,,,75
200900020941,9,9,28,1211,1,2,2,1.0,3,75108,M,,,75
200900020942,9,9,28,1330,1,2,1,1.0,7,75111,M,,,75
200900020943,9,9,28,1430,1,2,2,1.0,3,75115,M,,,75
200900020944,9,9,28,1530,1,2,1,1.0,3,75112,M,,,75
200900020945,9,9,28,1600,1,2,2,1.0,3,75120,M,,,75
200900020946,9,9,28,1605,1,2,1,1.0,3,75116,M,,,75
200900020947,9,9,28,1720,1,2,1,1.0,3,75117,M,,,75
200900020948,9,9,28,1730,1,2,1,1.0,7,75116,M,,,75
200900020949,9,9,28,1805,1,2,2,1.0,3,75109,M,,,75
200900020950,9,9,28,1810,1,2,1,1.0,6,75109,M,,,75
200900020951,9,9,29,1525,1,2,1,1.0,7,75101,M,,,75
200900020952,9,9,29,620,5,2,1,1.0,3,75120,M,,,75
200900020953,9,9,29,1000,1,2,1,1.0,6,75114,M,,,75
200900020954,9,9,29,1052,1,2,1,1.0,3,75108,M,,,75
200900020955,9,9,29,1100,1,2,1,1.0,6,75117,M,,,75
200900020956,9,9,29,1130,1,2,1,1.0,6,75116,M,,,75
200900020957,9,9,29,1150,1,2,1,1.0,4,75113,M,,,75
200900020958,9,9,29,1240,1,2,2,1.0,3,75114,M,,,75
200900020959,9,9,29,1315,1,2,2,1.0,3,75118,M,,,75
200900020960,9,9,29,1410,1,2,2,1.0,5,75108,M,,,75
200900020961,9,9,29,1415,1,2,2,1.0,6,75115,M,,,75
200900020962,9,9,29,1435,1,2,1,1.0,3,75110,M,,,75
200900020963,9,9,29,1450,1,2,6,1.0,3,75117,M,,,75
200900020964,9,9,29,1455,1,2,2,1.0,2,75119,M,,,75
200900020965,9,9,29,1500,1,2,2,1.0,3,75113,M,,,75
200900020966,9,9,29,1530,1,2,1,1.0,6,75118,M,,,75
200900020967,9,9,29,1715,1,2,1,1.0,6,75106,M,,,75
200900020968,9,9,29,1730,1,2,1,1.0,2,75117,M,,,75
200900020969,9,9,29,1750,1,2,2,1.0,7,75110,M,,,75
200900020970,9,9,29,1805,1,2,1,1.0,3,75115,M,,,75
200900020971,9,9,29,1945,5,2,7,1.0,3,75119,M,,,75
200900020972,9,9,29,2055,5,2,1,1.0,3,75110,M,,,75
200900020973,9,9,29,2115,5,2,2,1.0,4,75117,M,,,75
200900020974,9,9,29,5,5,2,2,1.0,3,75117,M,,,75
200900020975,9,9,30,20,5,2,3,1.0,1,75115,M,,,75
200900020976,9,9,30,645,2,2,2,1.0,3,75108,M,,,75
200900020977,9,9,30,745,1,2,3,1.0,3,75119,M,,,75
200900020978,9,9,30,845,1,2,2,1.0,6,75116,M,,,75
200900020979,9,9,30,910,1,2,3,1.0,1,75118,M,,,75
200900020980,9,9,30,930,1,2,2,1.0,7,75106,M,,,75
200900020981,9,9,30,955,1,2,2,1.0,6,75116,M,,,75
200900020982,9,9,30,1000,1,2,2,8.0,7,75105,M,,,75
200900020983,9,9,30,1005,1,2,1,1.0,3,75119,M,,,75
200900020984,9,9,30,1110,1,2,1,8.0,7,75110,M,,,75
200900020985,9,9,30,1115,1,2,1,1.0,6,75106,M,,,75
200900020986,9,9,30,1205,1,2,3,1.0,3,75112,M,,,75
200900020987,9,9,30,1300,1,2,3,1.0,6,75113,M,,,75
200900020988,9,9,30,1350,1,2,6,1.0,6,75113,M,,,75
200900020989,9,9,30,1415,1,2,1,1.0,6,75111,M,,,75
200900020990,9,9,30,1530,1,2,2,1.0,3,75106,M,,,75
200900020991,9,9,30,1540,1,2,1,1.0,3,75116,M,,,75
200900020992,9,9,30,1700,1,2,1,1.0,6,75110,M,,,75
200900020993,9,9,30,1710,1,2,2,1.0,7,75111,M,,,75
200900020994,9,9,30,1800,1,2,2,1.0,7,75114,M,,,75
200900020995,9,9,30,1820,1,2,2,1.0,3,75105,M,,,75
200900020996,9,9,30,1910,1,2,1,1.0,2,75119,M,,,75
200900020997,9,9,30,1925,5,2,1,1.0,3,75116,M,,,75
200900020998,9,9,30,1930,2,2,1,1.0,3,75112,M,,,75
200900020999,9,9,30,1940,5,2,7,1.0,3,75116,M,,,75
200900021000,9,9,30,1953,5,2,1,1.0,3,75113,M,,,75
200900021001,9,9,30,2010,5,2,1,1.0,1,75119,M,,,75
200900021002,9,9,30,2010,5,2,1,1.0,6,75105,M,,,75
200900021003,9,9,30,2050,2,2,1,1.0,4,75113,M,,,75
200900021004,9,9,30,2115,5,2,1,1.0,4,75113,M,,,75
200900021005,9,9,22,1400,1,2,2,1.0,2,75112,M,,,75
200900021006,9,9,29,1845,2,2,1,1.0,3,75119,M,,,75
200900021007,9,4,27,830,1,2,2,1.0,6,95585,M,4.0,0,95
200900021008,9,4,9,1640,1,2,1,1.0,6,95218,M,4.0,0,95
200900021009,9,6,29,1615,1,1,3,1.0,6,51168,M,,,51
200900021010,9,4,23,1115,1,1,1,1.0,7,23262,M,4.0,0,23
200900021011,9,4,1,1310,1,2,1,1.0,6,23096,M,,,23
200900021012,9,4,12,1645,1,1,1,1.0,6,23032,M,0.0,0,23
200900021013,9,4,28,1215,1,2,1,1.0,6,23096,M,,,23
200900021014,9,4,30,650,3,1,1,1.0,7,23205,M,4.0,0,23
200900021015,9,5,20,1655,1,2,1,1.0,4,70285,M,,,70
200900021016,9,5,9,1715,1,2,3,1.0,3,70550,M,,,70
200900021017,9,5,3,1700,1,1,1,1.0,6,70413,M,4.0,0,70
200900021018,9,5,3,1645,1,2,1,1.0,3,70025,M,4.0,0,70
200900021019,9,5,7,930,1,1,1,1.0,2,70526,M,4.0,0,70
200900021020,9,5,21,230,5,2,1,1.0,7,70484,M,4.0,0,70
200900021021,9,5,27,1215,1,2,1,1.0,3,70026,M,4.0,0,70
200900021022,9,5,27,1745,1,1,1,1.0,7,70049,M,0.0,0,70
200900021023,9,5,4,1230,1,1,1,1.0,1,70261,M,,,70
200900021024,9,6,3,1130,1,2,1,1.0,6,82033,M,,,82
200900021025,9,6,13,1800,1,1,1,1.0,3,82062,M,4.0,0,82
200900021026,9,6,3,1600,1,1,2,1.0,3,82121,M,,,82
200900021027,9,6,3,1620,1,2,2,1.0,4,82121,M,,,82
200900021028,9,6,10,1800,1,1,1,1.0,1,82032,M,4.0,0,82
200900021029,9,6,11,2230,5,2,1,1.0,6,82121,M,,,82
200900021030,9,6,5,1645,1,1,1,3.0,7,82131,M,4.0,0,82
200900021031,9,6,6,710,1,2,6,1.0,6,82121,M,,,82
200900021032,9,6,7,620,2,2,1,2.0,6,82121,M,,,82
200900021033,9,6,9,830,1,1,1,1.0,3,82121,M,,,82
200900021034,9,6,12,2000,1,1,1,1.0,5,82136,M,4.0,0,82
200900021035,9,6,13,730,1,1,1,1.0,1,82159,M,4.0,0,82
200900021036,9,6,14,305,5,2,1,1.0,5,82121,M,,,82
200900021037,9,6,17,1125,1,2,3,1.0,3,82121,M,,,82
200900021038,9,6,17,1605,1,2,1,1.0,6,82033,M,,,82
200900021039,9,6,19,1215,1,1,1,1.0,1,82101,M,4.0,0,82
200900021040,9,6,19,2045,1,2,2,1.0,3,82121,M,,,82
200900021041,9,6,19,1730,1,1,1,1.0,6,82182,M,4.0,0,82
200900021042,9,6,20,405,5,2,6,1.0,3,82121,M,,,82
200900021043,9,6,21,1700,1,1,1,1.0,6,82023,M,4.0,0,82
200900021044,9,6,28,1130,1,1,1,1.0,6,82013,M,4.0,0,82
200900021045,9,6,30,1430,1,1,1,1.0,3,82121,M,,,82
200900021046,9,6,26,1000,1,2,1,3.0,5,82121,M,,,82
200900021047,9,6,16,1530,1,1,1,1.0,7,40295,M,0.0,0,40
200900021048,9,6,4,1310,1,2,1,1.0,6,40279,M,,,40
200900021049,9,6,2,915,1,1,1,1.0,4,40133,M,4.0,-,40
200900021050,9,6,10,1810,1,2,1,1.0,3,40036,M,0.0,0,40
200900021051,9,6,13,1435,1,2,1,1.0,7,40197,M,0.0,0,40
200900021052,9,6,16,1021,1,2,1,1.0,6,40192,M,,,40
200900021053,9,6,27,5,5,2,1,1.0,7,40281,M,,,40
200900021054,9,6,20,530,2,2,1,1.0,2,40046,M,0.0,0,40
200900021055,9,6,21,430,5,2,1,1.0,6,40328,M,4.0,-,40
200900021056,9,6,21,555,2,1,1,1.0,6,40222,M,4.0,-,40
200900021057,9,6,6,1615,1,2,1,1.0,6,40192,M,,,40
200900021058,9,6,7,520,5,2,1,1.0,5,40279,M,,,40
200900021059,9,6,8,745,1,1,1,2.0,3,40216,M,4.0,-,40
200900021060,9,6,9,1030,1,2,1,1.0,3,40279,M,,,40
200900021061,9,6,9,1945,1,2,1,1.0,6,40192,M,,,40
200900021062,9,6,12,1400,1,1,1,1.0,6,40257,M,0.0,0,40
200900021063,9,6,12,1945,1,2,1,1.0,1,40281,M,,,40
200900021064,9,6,12,1945,1,2,1,1.0,6,40330,M,0.0,0,40
200900021065,9,6,15,630,2,1,1,2.0,6,40222,M,,,40
200900021066,9,6,15,845,1,2,1,2.0,6,40243,M,0.0,0,40
200900021067,9,6,16,1515,1,2,1,1.0,7,40323,M,,,40
200900021068,9,6,17,1700,1,2,1,1.0,3,40088,M,,,40
200900021069,9,6,22,1350,1,2,1,1.0,3,40192,M,,,40
200900021070,9,6,19,430,3,1,1,1.0,6,40152,M,0.0,0,40
200900021071,9,6,22,1700,1,1,2,1.0,3,40259,M,0.0,0,40
200900021072,9,6,24,800,1,1,2,1.0,3,40119,M,0.0,0,40
200900021073,9,6,25,1640,1,2,1,1.0,3,40117,M,0.0,0,40
200900021074,9,6,29,1015,1,1,1,1.0,7,40246,M,0.0,0,40
200900021075,9,6,29,1845,1,1,1,7.0,6,40075,M,4.0,-,40
200900021076,9,6,30,1515,1,2,1,1.0,6,40157,M,4.0,-,40
200900021077,9,6,29,1350,1,2,3,1.0,3,40304,M,,,40
200900021078,9,6,29,1510,1,1,1,1.0,7,40135,M,,,40
200900021079,9,6,30,1125,1,2,1,1.0,7,40001,M,,,40
200900021080,9,6,2,845,1,2,1,1.0,2,45232,M,4.0,0,45
200900021081,9,6,2,1215,1,2,4,1.0,2,45234,M,4.0,0,45
200900021082,9,6,2,1742,1,1,1,1.0,2,45234,M,4.0,0,45
200900021083,9,6,3,1715,1,2,1,1.0,2,45234,M,4.0,0,45
200900021084,9,6,4,1110,1,2,3,1.0,3,45234,M,4.0,0,45
200900021085,9,6,5,1935,1,2,1,1.0,6,45285,M,4.0,0,45
200900021086,9,6,5,1145,1,2,1,1.0,3,45234,M,4.0,0,45
200900021087,9,6,6,2250,5,1,1,2.0,6,45302,M,4.0,0,45
200900021088,9,6,6,450,5,2,1,2.0,6,45147,M,4.0,0,45
200900021089,9,6,7,1705,1,2,3,2.0,3,45234,M,4.0,0,45
200900021090,9,6,12,2300,3,2,2,1.0,5,45234,M,4.0,0,45
200900021091,9,6,8,1250,1,2,1,3.0,2,45147,M,4.0,0,45
200900021092,9,6,11,745,1,2,1,1.0,6,45234,M,4.0,0,45
200900021093,9,6,12,1445,1,1,1,1.0,3,45274,M,4.0,0,45
200900021094,9,6,13,1555,1,2,3,1.0,6,45284,M,4.0,0,45
200900021095,9,6,3,800,1,2,2,1.0,6,45284,M,4.0,0,45
200900021096,9,6,10,1205,1,2,1,2.0,6,45234,M,4.0,0,45
200900021097,9,6,2,1552,1,2,3,1.0,6,45208,M,4.0,0,45
200900021098,9,6,15,1651,1,1,4,2.0,5,45004,M,4.0,0,45
200900021099,9,6,5,1350,2,1,1,1.0,7,45004,M,4.0,0,45
200900021100,9,6,3,1300,1,2,1,1.0,3,45068,M,4.0,0,45
200900021101,9,6,1,1915,1,1,1,1.0,1,45346,M,0.0,0,45
200900021102,9,6,9,1315,1,1,2,2.0,3,45343,M,0.0,0,45
200900021103,9,6,5,815,1,2,1,1.0,6,45203,M,4.0,0,45
200900021104,9,6,6,1845,1,1,1,1.0,6,45290,M,0.0,0,45
200900021105,9,6,23,1830,1,2,1,1.0,6,45293,M,4.0,0,45
200900021106,9,6,2,1430,1,2,1,1.0,1,45252,M,4.0,0,45
200900021107,9,6,13,2130,2,1,6,1.0,6,45148,M,4.0,0,45
200900021108,9,6,3,2000,1,2,1,1.0,6,45198,M,4.0,0,45
200900021109,9,6,8,1315,1,1,2,3.0,4,45024,M,0.0,0,45
200900021110,9,6,10,1215,1,1,1,2.0,1,45139,M,0.0,0,45
200900021111,9,6,12,1830,1,2,2,1.0,3,45282,M,4.0,0,45
200900021112,9,6,26,1530,1,2,1,1.0,6,45252,M,0.0,0,45
200900021113,9,6,26,1830,1,2,1,1.0,3,45252,M,0.0,0,45
200900021114,9,6,27,2300,3,2,2,1.0,2,45205,M,0.0,0,45
200900021115,9,6,15,1245,1,1,1,2.0,5,45316,M,0.0,0,45
200900021116,9,6,17,1630,1,1,1,1.0,6,45175,M,0.0,0,45
200900021117,9,6,21,2145,1,2,1,1.0,6,45067,M,4.0,0,45
200900021118,9,6,24,1745,1,2,2,1.0,3,45155,M,4.0,0,45
200900021119,9,6,29,1100,1,1,1,1.0,5,45289,M,0.0,0,45
200900021120,9,6,7,613,5,1,1,2.0,6,45234,M,4.0,0,45
200900021121,9,6,28,630,2,2,1,1.0,6,45245,M,4.0,0,45
200900021122,9,6,28,1715,1,1,3,1.0,2,45270,M,4.0,0,45
200900021123,9,6,16,1730,1,2,2,1.0,3,45208,M,4.0,0,45
200900021124,9,6,25,806,1,2,3,1.0,2,45004,M,4.0,0,45
200900021125,9,6,3,1744,1,2,4,1.0,3,45234,M,4.0,0,45
200900021126,9,6,3,400,5,2,1,1.0,6,45234,M,4.0,0,45
200900021127,9,6,23,1745,1,2,1,1.0,1,45247,M,4.0,0,45
200900021128,9,6,9,1600,1,1,1,1.0,1,45227,M,0.0,0,45
200900021129,9,6,27,1515,1,2,3,1.0,3,45068,M,4.0,0,45
200900021130,9,6,26,1545,1,2,1,2.0,2,45208,M,4.0,0,45
200900021131,9,6,22,1310,1,2,1,1.0,3,45004,M,4.0,0,45
200900021132,9,6,8,1215,1,1,4,2.0,3,45145,M,4.0,0,45
200900021133,9,6,18,840,1,2,1,1.0,6,45234,M,4.0,0,45
200900021134,9,6,16,800,1,2,1,1.0,6,45235,M,4.0,0,45
200900021135,9,6,19,1710,1,2,1,1.0,3,45234,M,4.0,0,45
200900021136,9,6,18,2310,5,2,1,2.0,4,45284,M,4.0,0,45
200900021137,9,6,21,45,5,2,2,1.0,3,45234,M,4.0,0,45