Num_Acc,an,mois,jour,hrmn,lum,agg,int,atm,col,com,gps,lat,long,dep
200900021518,9,2,18,1620,1,2,1,1.0,1,34032,M,4.0,0,34
200900021519,9,2,18,1850,5,2,3,1.0,3,34172,M,4.0,0,34
200900021520,9,2,19,10,5,2,1,1.0,7,34172,M,4.0,0,34
200900021521,9,2,19,1544,1,2,3,1.0,3,34172,M,4.0,0,34
200900021522,9,2,19,945,1,2,1,1.0,3,34172,M,4.0,0,34
200900021523,9,2,19,1850,4,2,1,1.0,1,34032,M,4.0,0,34
200900021524,9,2,19,1920,5,2,2,1.0,3,34032,M,4.0,0,34
200900021525,9,2,22,2015,4,2,2,1.0,3,34172,M,4.0,0,34
200900021526,9,2,20,1454,1,1,1,1.0,7,34198,M,4.0,0,34
200900021527,9,2,23,730,5,2,2,1.0,3,34032,M,4.0,0,34
200900021528,9,2,24,810,1,1,6,1.0,2,34032,M,4.0,0,34
200900021529,9,2,24,2055,5,2,1,1.0,7,34172,M,4.0,0,34
200900021530,9,2,23,1340,1,2,2,1.0,3,34198,M,4.0,0,34
200900021531,9,2,25,1215,1,2,1,1.0,1,34032,M,4.0,0,34
200900021532,9,2,25,1420,1,2,1,1.0,6,34172,M,4.0,0,34
200900021533,9,2,25,1740,1,1,1,1.0,7,34129,M,4.0,0,34
200900021534,9,2,26,1540,1,2,3,1.0,3,34032,M,4.0,0,34
200900021535,9,2,26,2015,3,1,1,1.0,6,34114,M,0.0,0,34
200900021536,9,2,26,1100,1,2,1,1.0,7,34172,M,4.0,0,34
200900021537,9,2,27,1620,1,2,2,1.0,3,34301,M,4.0,0,34
200900021538,9,2,28,2110,5,2,1,1.0,1,34032,M,4.0,0,34
200900021539,9,2,28,2235,5,2,1,1.0,6,34172,M,4.0,0,34
200900021540,9,5,30,1700,1,1,1,1.0,7,24584,M,0.0,0,24
200900021541,9,5,13,1600,1,1,1,1.0,1,24108,M,4.0,0,24
200900021542,9,5,5,2015,1,1,1,1.0,7,24317,M,0.0,0,24
200900021543,9,5,7,1400,1,1,1,1.0,1,24340,M,4.0,0,24
200900021544,9,5,7,1100,1,1,1,1.0,7,24341,M,0.0,0,24
200900021545,9,5,1,2000,1,1,9,1.0,1,24412,M,0.0,0,24
200900021546,9,5,20,1000,1,1,1,1.0,4,24267,M,4.0,0,24
200900021547,9,5,7,545,2,1,1,1.0,6,24294,M,0.0,0,24
200900021548,9,5,22,545,2,1,1,1.0,6,24372,M,0.0,0,24
200900021549,9,5,28,745,1,2,1,1.0,4,24311,M,4.0,0,24
200900021550,9,5,27,1845,1,1,1,1.0,5,24168,M,4.0,0,24
200900021551,9,5,25,1845,1,2,1,1.0,7,24573,M,4.0,0,24
200900021552,9,5,26,2000,2,2,1,1.0,3,24340,M,4.0,0,24
200900021553,9,5,14,1615,1,1,3,2.0,3,24530,M,0.0,0,24
200900021554,9,5,6,2030,2,1,1,1.0,6,24404,M,0.0,0,24
200900021555,9,5,21,400,3,1,1,2.0,6,24528,M,4.0,0,24
200900021556,9,5,10,100,5,1,1,1.0,6,24372,M,4.0,0,24
200900021557,9,5,30,2000,1,1,1,1.0,6,24071,M,0.0,0,24
200900021558,9,5,18,615,2,1,1,1.0,6,24397,M,4.0,0,24
200900021559,9,5,17,1900,1,1,1,1.0,1,24463,M,4.0,0,24
200900021560,9,5,13,130,3,1,1,1.0,6,24001,M,4.0,0,24
200900021561,9,5,21,715,1,1,1,1.0,6,24372,M,4.0,0,24
200900021562,9,5,2,1630,1,1,1,1.0,6,24297,M,4.0,0,24
200900021563,9,5,8,500,5,2,6,2.0,6,24520,M,4.0,0,24
200900021564,9,5,23,1945,1,1,9,1.0,7,24156,M,4.0,0,24
200900021565,9,5,7,1845,1,2,1,1.0,6,24372,M,0.0,0,24
200900021566,9,5,30,830,1,2,1,1.0,7,24299,M,0.0,0,24
200900021567,9,5,24,1845,1,1,1,1.0,7,24372,M,4.0,0,24
200900021568,9,5,30,1400,1,1,1,1.0,1,24453,M,0.0,0,24
200900021569,9,5,7,700,1,1,1,1.0,2,24462,M,4.0,0,24
200900021570,9,5,1,1415,1,1,1,1.0,6,24220,M,0.0,0,24
200900021571,9,5,31,915,1,1,1,1.0,6,24108,M,4.0,0,24
200900021572,9,5,29,945,1,2,1,1.0,6,24167,M,4.0,0,24
200900021573,9,5,14,1815,1,2,1,1.0,3,24520,M,0.0,0,24
200900021574,9,5,9,300,3,2,1,2.0,1,24450,M,0.0,0,24
200900021575,9,5,26,2115,2,1,1,1.0,6,24494,M,0.0,0,24
200900021576,9,5,30,2045,1,1,1,1.0,6,24064,M,0.0,0,24
200900021577,9,5,5,1030,1,2,1,1.0,6,24322,M,,,24
200900021578,9,5,16,1845,1,2,9,1.0,1,24037,M,,,24
200900021579,9,5,4,1440,1,2,1,1.0,4,24053,M,,,24
200900021580,9,5,4,1750,1,2,3,1.0,2,24256,M,,,24
200900021581,9,5,12,1120,1,2,1,1.0,1,24322,M,,,24
200900021582,9,6,5,700,1,2,1,2.0,1,24037,M,,,24
200900021583,9,6,14,1730,1,1,1,2.0,1,24520,M,0.0,0,24
200900021584,9,6,22,715,1,1,1,1.0,6,24528,M,4.0,0,24
200900021585,9,6,18,15,3,1,1,1.0,7,24372,M,4.0,0,24
200900021586,9,6,15,2000,1,1,1,1.0,1,24417,M,4.0,0,24
200900021587,9,6,29,600,1,2,1,1.0,6,24547,M,4.0,0,24
200900021588,9,6,18,1700,1,1,1,1.0,1,24476,M,4.0,0,24
200900021589,9,6,19,15,3,1,1,1.0,6,24224,M,4.0,0,24
200900021590,9,6,4,1645,1,1,1,1.0,3,24156,M,0.0,0,24
200900021591,9,6,7,1845,1,1,1,1.0,6,24214,M,0.0,0,24
200900021592,9,6,24,815,1,2,1,7.0,6,24294,M,4.0,0,24
200900021593,9,6,21,1315,1,1,1,1.0,6,24311,M,4.0,0,24
200900021594,9,6,22,815,1,1,1,1.0,7,24064,M,0.0,0,24
200900021595,9,6,28,1600,1,1,1,1.0,7,24547,M,4.0,0,24
200900021596,9,6,19,1415,1,1,1,1.0,3,24103,M,4.0,0,24
200900021597,9,6,30,1330,1,1,1,1.0,1,24038,M,4.0,0,24
200900021598,9,6,10,1745,1,1,2,1.0,3,24267,M,4.0,0,24
200900021599,9,6,14,1915,1,2,1,8.0,3,24037,M,,,24
200900021600,9,6,15,830,1,2,6,2.0,6,24322,M,,,24
200900021601,9,6,17,1415,1,2,3,1.0,6,24138,M,,,24
200900021602,9,6,5,1630,1,2,1,1.0,6,24322,M,,,24
200900021603,9,6,12,1300,1,1,1,1.0,3,24096,M,0.0,0,24
200900021604,9,6,26,1345,1,2,1,1.0,3,24037,M,,,24
200900021605,9,6,20,1215,1,1,1,1.0,3,24102,M,,,24
200900021606,9,7,31,1600,1,2,1,1.0,6,24091,M,0.0,0,24
200900021607,9,7,26,1830,1,1,1,1.0,6,24320,M,0.0,0,24
200900021608,9,7,21,800,1,1,1,1.0,7,24064,M,0.0,0,24
200900021609,9,7,17,1330,1,1,1,8.0,1,24160,M,4.0,0,24
200900021610,9,7,16,1815,1,2,1,1.0,6,24223,M,0.0,0,24
200900021611,9,7,25,1715,1,1,1,1.0,1,24372,M,0.0,0,24
200900021612,9,7,9,1745,1,2,2,1.0,3,24068,M,4.0,0,24
200900021613,9,7,9,1600,1,2,1,1.0,3,24571,M,4.0,0,24
200900021614,9,7,25,1100,1,2,6,1.0,3,24352,M,4.0,0,24
200900021615,9,7,27,1130,1,1,1,1.0,6,24410,M,0.0,0,24
200900021616,9,7,18,1800,1,1,1,1.0,7,24528,M,0.0,0,24
200900021617,9,7,8,1930,1,1,1,1.0,3,24510,M,4.0,0,24
200900021618,9,7,24,2300,5,2,1,1.0,1,24479,M,0.0,0,24
200900021619,9,7,19,1115,1,1,1,1.0,1,24370,M,4.0,0,24
200900021620,9,7,6,1145,1,1,1,1.0,1,24295,M,4.0,0,24
200900021621,9,7,25,2130,1,1,1,1.0,3,24188,M,0.0,0,24
200900021622,9,7,21,400,3,1,1,1.0,6,24576,M,0.0,0,24
200900021623,9,7,23,15,3,1,1,1.0,6,24550,M,4.0,0,24
200900021624,9,7,21,1430,1,1,1,1.0,7,24486,M,4.0,0,24
200900021625,9,7,31,2345,3,1,1,1.0,2,24139,M,0.0,0,24
200900021626,9,7,28,930,1,1,1,1.0,6,24146,M,4.0,0,24
200900021627,9,7,17,1200,1,1,1,2.0,1,24563,M,4.0,0,24
200900021628,9,7,13,2045,1,2,6,1.0,3,24352,M,4.0,0,24
200900021629,9,7,4,1615,1,1,1,1.0,1,24291,M,4.0,0,24
200900021630,9,7,24,1330,1,1,2,1.0,3,24216,M,4.0,0,24
200900021631,9,7,6,1250,1,2,2,1.0,3,24037,M,,,24
200900021632,9,7,4,830,1,2,1,1.0,6,24322,M,,,24
200900021633,9,7,9,915,1,2,2,1.0,3,24322,M,,,24
200900021634,9,7,1,1830,1,1,1,1.0,6,24488,M,0.0,0,24
200900021635,9,7,12,745,1,1,1,1.0,6,24412,M,0.0,0,24
200900021636,9,7,10,1145,1,2,1,1.0,1,24145,M,,,24
200900021637,9,7,17,1330,1,1,1,2.0,1,24520,M,0.0,0,24
200900021638,9,6,19,1737,1,2,3,1.0,3,41018,M,4.0,0,41
200900021639,9,6,23,755,1,2,3,1.0,6,41018,M,,,41
200900021640,9,6,24,2140,1,2,1,1.0,1,41018,M,,,41
200900021641,9,6,29,655,2,2,1,1.0,2,41018,M,,,41
200900021642,9,7,26,1945,2,1,1,7.0,7,41234,M,,,41
200900021643,9,7,26,415,3,1,1,1.0,7,41070,M,4.0,0,41
200900021644,9,7,29,1830,1,1,2,1.0,1,41235,M,4.0,0,41
200900021645,9,7,14,1215,1,1,1,1.0,6,41001,M,4.0,0,41
200900021646,9,7,5,1730,1,2,1,1.0,1,41137,M,,,41
200900021647,9,7,12,645,1,1,1,1.0,6,41238,M,4.0,0,41
200900021648,9,7,12,1300,1,1,1,1.0,6,41248,M,4.0,0,41
200900021649,9,7,26,915,1,1,1,1.0,3,41176,M,4.0,0,41
200900021650,9,7,3,1815,1,1,2,1.0,3,41061,M,4.0,0,41
200900021651,9,7,5,1015,1,1,1,1.0,7,41230,M,,,41
200900021652,9,7,3,1445,1,2,1,1.0,1,41032,M,4.0,0,41
200900021653,9,7,25,2130,2,1,1,1.0,6,41232,M,4.0,0,41
200900021654,9,7,17,1800,1,2,1,1.0,6,41092,M,4.0,0,41
200900021655,9,7,28,1400,1,2,1,1.0,2,41018,M,,,41
200900021656,9,7,31,1605,1,1,2,1.0,3,41226,M,4.0,0,41
200900021657,9,7,1,1920,1,1,1,1.0,7,41269,M,,,41
200900021658,9,7,31,2001,1,2,1,1.0,3,41269,M,,,41
200900021659,9,7,7,1645,1,2,1,1.0,2,41018,M,4.0,0,41
200900021660,9,7,30,1220,1,2,1,1.0,5,41018,M,4.0,0,41
200900021661,9,7,3,1650,1,2,2,1.0,3,41018,M,4.0,0,41
200900021662,9,7,27,1845,1,2,1,1.0,3,41018,M,4.0,0,41
200900021663,9,7,15,1815,1,2,1,1.0,1,41047,M,4.0,0,41
200900021664,9,7,20,1843,1,2,1,1.0,1,41018,M,,,41
200900021665,9,7,19,400,5,2,1,1.0,7,41269,M,,,41
200900021666,9,7,4,1900,1,2,1,1.0,6,41018,M,,,41
200900021667,9,7,4,645,1,2,1,1.0,7,41269,M,4.0,0,41
200900021668,9,7,27,1815,1,1,1,1.0,7,41166,M,,,41
200900021669,9,7,2,1740,1,1,1,1.0,1,41018,M,4.0,0,41
200900021670,9,7,3,2250,3,1,1,1.0,6,41018,M,4.0,0,41
200900021671,9,7,5,1159,1,1,2,1.0,5,41158,M,4.0,0,41
200900021672,9,7,13,1744,1,2,1,1.0,3,41158,M,4.0,0,41
200900021673,9,4,7,1740,1,2,1,1.0,6,72181,M,,,72
200900021674,9,4,6,730,1,1,1,1.0,2,72241,M,0.0,0,72
200900021675,9,4,3,2030,1,1,1,1.0,6,72045,M,0.0,0,72
200900021676,9,4,16,1900,1,1,1,1.0,2,72318,M,4.0,0,72
200900021677,9,4,17,1515,1,1,1,1.0,7,72361,M,4.0,0,72
200900021678,9,4,1,1800,1,1,1,1.0,1,72260,M,0.0,0,72
200900021679,9,4,6,1645,1,1,1,1.0,3,72060,M,0.0,0,72
200900021680,9,4,9,600,3,1,1,2.0,3,72080,M,4.0,0,72
200900021681,9,4,9,1130,1,2,1,1.0,2,72264,M,0.0,0,72
200900021682,9,4,9,1803,1,2,1,1.0,4,72181,M,,,72
200900021683,9,4,7,1642,1,2,1,1.0,6,72181,M,,,72
200900021684,9,4,7,2130,3,1,1,2.0,6,72169,M,4.0,0,72
200900021685,9,4,10,1230,1,2,1,1.0,6,72334,M,4.0,-,72
200900021686,9,4,11,120,5,2,1,2.0,6,72181,M,,,72
200900021687,9,4,13,1200,1,1,3,1.0,3,72176,M,4.0,0,72
200900021688,9,4,14,1830,1,1,1,1.0,6,72048,M,4.0,0,72
200900021689,9,4,16,815,1,1,1,1.0,2,72129,M,0.0,0,72
200900021690,9,4,16,1630,1,2,1,1.0,1,72345,M,0.0,0,72
200900021691,9,4,19,200,5,2,1,2.0,6,72181,M,,,72
200900021692,9,4,23,1900,1,2,1,1.0,1,72181,M,,,72
200900021693,9,4,17,1730,1,2,1,1.0,1,72181,M,,,72
200900021694,9,4,17,1830,1,2,2,1.0,3,72181,M,,,72
200900021695,9,4,17,2145,3,2,1,1.0,5,72181,M,,,72
200900021696,9,4,18,450,5,2,1,1.0,6,72181,M,,,72
200900021697,9,4,18,1645,1,1,1,1.0,5,72235,M,4.0,0,72
200900021698,9,4,19,100,5,2,3,3.0,6,72181,M,,,72
200900021699,9,4,18,2045,2,2,3,1.0,3,72181,M,,,72
200900021700,9,4,19,1215,1,1,1,1.0,3,72237,M,0.0,0,72
200900021701,9,4,20,1200,1,1,2,1.0,3,72059,M,4.0,-,72
200900021702,9,4,22,1315,1,1,1,1.0,3,72383,M,4.0,0,72
200900021703,9,4,22,2015,1,1,1,1.0,6,72065,M,4.0,0,72
200900021704,9,4,23,1445,1,1,1,1.0,3,72058,M,0.0,0,72
200900021705,9,4,23,1630,1,2,1,1.0,3,72241,M,0.0,0,72
200900021706,9,4,26,1000,1,2,1,1.0,7,72181,M,,,72
200900021707,9,4,27,1630,1,2,1,2.0,6,72181,M,,,72
200900021708,9,4,27,1800,1,2,2,2.0,3,72181,M,,,72
200900021709,9,4,28,1730,1,1,2,1.0,3,72243,M,4.0,0,72
200900021710,9,4,29,800,1,1,1,1.0,5,72146,M,4.0,0,72
200900021711,9,4,29,1015,1,1,1,1.0,6,72016,M,4.0,-,72
200900021712,9,4,5,1945,1,2,1,1.0,7,72223,M,4.0,-,72
200900021713,9,4,25,2230,5,2,1,1.0,5,72080,M,4.0,0,72
200900021714,9,4,17,2000,1,1,1,1.0,6,72031,M,0.0,0,72
200900021715,9,7,10,1500,1,1,1,1.0,1,04049,M,4.0,0,04
200900021716,9,7,8,1300,1,1,1,1.0,6,04160,M,4.0,0,04
200900021717,9,7,9,1400,1,1,1,1.0,1,04219,M,4.0,0,04
200900021718,9,7,11,1115,1,2,1,1.0,1,04236,M,4.0,0,04
200900021719,9,7,20,1500,1,1,1,1.0,1,04033,M,4.0,0,04
200900021720,9,7,11,1100,1,1,1,1.0,2,04149,M,0.0,0,04
200900021721,9,7,12,1830,1,1,9,1.0,7,04022,M,4.0,0,04
200900021722,9,7,13,1615,1,2,1,1.0,3,04209,M,0.0,0,04
200900021723,9,7,13,2145,2,1,1,1.0,3,04172,M,4.0,0,04
200900021724,9,7,21,1815,1,1,1,1.0,1,04088,M,4.0,0,04
200900021725,9,7,20,1130,2,2,1,1.0,6,04148,M,4.0,0,04
200900021726,9,7,30,1700,1,1,1,1.0,1,04244,M,4.0,0,04
200900021727,9,7,22,1945,1,2,9,1.0,3,04149,M,4.0,0,04
200900021728,9,7,24,1400,1,1,1,1.0,1,04244,M,4.0,0,04
200900021729,9,7,24,1745,1,1,1,1.0,5,04171,M,4.0,0,04
200900021730,9,7,28,515,3,1,1,1.0,6,04195,M,4.0,0,04
200900021731,9,7,29,745,1,2,1,1.0,1,04049,M,0.0,0,04
200900021732,9,7,31,1530,1,2,1,1.0,6,04121,M,4.0,0,04
200900021733,9,7,23,830,1,1,1,1.0,2,32013,M,4.0,0,32
200900021734,9,7,6,2000,1,1,1,1.0,7,32036,M,4.0,0,32
200900021735,9,7,14,830,1,1,1,1.0,6,32239,M,4.0,0,32
200900021736,9,7,14,2015,1,1,1,1.0,5,32407,M,4.0,0,32
200900021737,9,7,1,1745,1,1,1,1.0,7,32085,M,4.0,0,32
200900021738,9,7,1,1930,1,2,7,1.0,7,32380,M,4.0,-,32
200900021739,9,7,2,1345,1,1,4,1.0,3,32327,M,4.0,0,32
200900021740,9,7,11,1900,1,1,1,7.0,7,32348,M,4.0,0,32
200900021741,9,7,16,1245,1,1,1,1.0,7,32305,M,4.0,-,32
200900021742,9,7,23,2200,3,1,1,1.0,1,32296,M,4.0,-,32
200900021743,9,7,24,2000,1,1,2,1.0,4,32285,M,4.0,0,32
200900021744,9,7,25,2115,1,1,1,1.0,7,32282,M,4.0,0,32
200900021745,9,7,27,1650,1,1,1,1.0,7,32013,M,4.0,0,32
200900021746,9,7,28,1200,1,1,1,1.0,6,32208,M,4.0,0,32
200900021747,9,7,28,1520,1,1,2,1.0,3,32013,M,4.0,0,32
200900021748,9,7,28,1930,1,1,2,1.0,2,32369,M,4.0,-,32
200900021749,9,4,20,1345,1,2,1,1.0,3,51454,M,,,51
200900021750,9,8,5,1415,1,1,1,1.0,1,15267,M,0.0,0,15
200900021751,9,8,10,430,3,1,1,1.0,1,15221,M,0.0,0,15
200900021752,9,8,11,1215,1,2,1,1.0,1,15130,M,0.0,0,15
200900021753,9,8,20,1600,1,2,1,1.0,1,15141,M,0.0,0,15
200900021754,9,8,30,2115,2,1,1,1.0,6,15228,M,0.0,0,15
200900021755,9,8,20,1045,1,2,1,1.0,6,15187,M,0.0,0,15
200900021756,9,8,25,1430,1,1,1,3.0,1,15185,M,0.0,0,15
200900021757,9,3,17,120,5,2,1,1.0,6,51172,M,,,51
200900021758,9,4,25,1655,1,2,1,1.0,7,80021,M,,,80
200900021759,9,4,22,1800,1,1,1,1.0,3,80021,M,,,80
200900021760,9,4,4,645,5,1,6,5.0,7,80261,M,,,80
200900021761,9,4,15,1525,1,2,6,1.0,3,80160,M,,,80
200900021762,9,4,22,1615,1,1,1,1.0,7,80131,M,,,80
200900021763,9,4,30,900,1,2,2,1.0,3,80608,M,0.0,0,80
200900021764,9,4,4,1745,1,1,1,1.0,7,80021,M,,,80
200900021765,9,4,8,1550,1,2,1,1.0,3,80021,M,,,80
200900021766,9,4,1,1845,1,2,1,1.0,1,80406,M,0.0,0,80
200900021767,9,4,4,1945,1,1,1,1.0,7,80358,M,0.0,0,80
200900021768,9,4,4,2040,2,2,1,1.0,3,80021,M,,,80
200900021769,9,4,5,430,4,2,1,1.0,7,80295,M,0.0,0,80
200900021770,9,4,5,1325,1,1,1,1.0,7,80261,M,,,80
200900021771,9,4,3,740,1,2,1,1.0,6,80021,M,,,80
200900021772,9,4,3,1300,1,2,1,8.0,2,80001,M,,,80
200900021773,9,4,11,1300,1,1,1,1.0,6,80086,M,0.0,0,80
200900021774,9,4,6,1745,1,2,1,1.0,3,80021,M,,,80
200900021775,9,4,7,1130,1,2,1,1.0,6,80021,M,,,80
200900021776,9,4,7,1425,1,2,1,1.0,6,80021,M,,,80
200900021777,9,4,8,1818,1,2,1,1.0,6,80001,M,,,80
200900021778,9,4,8,2040,5,2,1,2.0,6,80021,M,,,80
200900021779,9,4,9,1330,1,1,2,1.0,3,80425,M,5.0,0,80
200900021780,9,4,11,100,3,1,1,1.0,6,80678,M,0.0,0,80
200900021781,9,4,11,1800,1,2,3,1.0,3,80131,M,,,80
200900021782,9,4,11,1900,1,1,1,2.0,3,80110,M,0.0,0,80
200900021783,9,4,13,2015,5,2,2,1.0,1,80630,M,0.0,0,80
200900021784,9,4,14,1300,1,1,1,1.0,3,80761,M,0.0,0,80
200900021785,9,4,12,1520,1,2,1,1.0,7,80021,M,,,80
200900021786,9,4,13,1445,1,1,1,1.0,1,80241,M,0.0,0,80
200900021787,9,4,14,1910,1,2,1,1.0,6,80021,M,,,80
200900021788,9,4,15,1145,1,2,1,1.0,7,80093,M,0.0,0,80
200900021789,9,4,15,1620,1,2,1,1.0,2,80021,M,,,80
200900021790,9,4,16,1615,1,1,1,1.0,3,80645,M,0.0,0,80
200900021791,9,4,15,2100,5,2,1,1.0,6,80791,M,0.0,0,80
200900021792,9,4,17,750,1,2,3,1.0,3,80021,M,,,80
200900021793,9,4,17,930,1,2,1,1.0,3,80164,M,,,80
200900021794,9,4,17,1645,1,2,9,1.0,6,80011,M,0.0,0,80
200900021795,9,4,20,1,5,2,1,5.0,6,80464,M,0.0,0,80
200900021796,9,4,17,1510,1,2,2,1.0,3,80021,M,,,80
200900021797,9,4,20,1845,1,2,1,1.0,2,80021,M,,,80
200900021798,9,4,22,2310,5,2,1,1.0,2,80021,M,,,80
200900021799,9,4,23,1515,1,2,2,1.0,6,80016,M,0.0,0,80
200900021800,9,4,23,1710,1,2,1,1.0,2,80021,M,,,80
200900021801,9,4,23,1730,1,1,1,1.0,6,80248,M,0.0,0,80
200900021802,9,4,24,530,3,1,1,1.0,6,80694,M,4.0,0,80
200900021803,9,4,17,1645,1,2,1,1.0,7,80021,M,,,80
200900021804,9,4,2,1600,1,2,1,1.0,6,80686,M,0.0,0,80
200900021805,9,4,3,845,1,1,1,5.0,5,80801,M,0.0,0,80
200900021806,9,4,4,1130,1,2,1,1.0,6,80703,M,0.0,0,80
200900021807,9,4,12,1215,1,2,1,1.0,3,80021,M,,,80
200900021808,9,4,13,1915,1,2,1,1.0,6,80016,M,0.0,0,80
200900021809,9,4,24,715,1,2,1,1.0,2,80021,M,,,80
200900021810,9,4,24,2200,3,1,1,1.0,6,80639,M,0.0,0,80
200900021811,9,4,26,1435,1,2,2,1.0,3,80724,M,,,80
200900021812,9,4,26,1535,1,2,1,1.0,7,80021,M,,,80
200900021813,9,4,26,2115,2,1,2,2.0,3,80176,M,0.0,0,80
200900021814,9,4,29,1115,1,1,1,1.0,6,80664,M,0.0,0,80
200900021815,9,4,29,2015,1,1,1,1.0,3,80148,M,0.0,0,80
200900021816,9,4,29,2240,4,2,9,1.0,3,80021,M,,,80
200900021817,9,4,30,1620,1,2,3,1.0,3,80021,M,,,80
200900021818,9,4,30,1645,1,1,1,1.0,3,80071,M,0.0,0,80
200900021819,9,4,26,100,5,2,1,1.0,6,80256,M,,,80
200900021820,9,4,4,1930,1,2,2,1.0,3,80721,M,0.0,0,80
200900021821,9,5,14,1715,1,1,1,1.0,1,72024,M,4.0,0,72
200900021822,9,5,2,1930,1,1,1,1.0,3,72158,M,0.0,0,72
200900021823,9,5,4,1240,1,2,2,1.0,3,72181,M,,,72
200900021824,9,5,2,35,5,2,2,1.0,6,72181,M,,,72
200900021825,9,5,2,800,1,2,1,1.0,6,72181,M,,,72
200900021826,9,5,4,1510,1,2,3,1.0,2,72181,M,,,72
200900021827,9,5,7,1330,1,1,1,1.0,5,72007,M,0.0,0,72
200900021828,9,5,5,700,2,1,2,1.0,3,72089,M,4.0,-,72
200900021829,9,5,5,830,1,1,1,1.0,2,72320,M,0.0,0,72
200900021830,9,5,6,1915,1,1,3,1.0,1,72314,M,4.0,0,72
200900021831,9,5,9,1930,1,2,1,1.0,7,72181,M,,,72
200900021832,9,5,11,500,3,1,2,1.0,3,72346,M,4.0,-,72
200900021833,9,5,11,1800,1,2,1,1.0,3,72181,M,,,72
200900021834,9,5,12,1335,1,2,1,1.0,3,72181,M,,,72
200900021835,9,5,11,1545,1,2,2,1.0,3,72181,M,,,72
200900021836,9,5,13,1620,1,2,1,1.0,2,72181,M,,,72
200900021837,9,5,13,1745,1,1,2,1.0,3,72346,M,0.0,0,72
200900021838,9,5,13,1900,1,1,2,1.0,3,72230,M,0.0,0,72
200900021839,9,5,26,1215,1,1,1,1.0,2,72090,M,0.0,0,72
200900021840,9,5,15,1825,1,2,2,1.0,7,72181,M,,,72
200900021841,9,5,16,1845,1,2,1,1.0,1,72013,M,4.0,0,72
200900021842,9,5,17,800,1,2,1,1.0,7,72181,M,,,72
200900021843,9,5,20,2035,1,2,1,1.0,3,72095,M,,,72
200900021844,9,5,17,1620,1,2,1,1.0,3,72181,M,,,72
200900021845,9,5,17,1630,1,1,1,1.0,5,72181,M,,,72
200900021846,9,5,17,1830,1,2,1,1.0,1,72244,M,4.0,-,72
200900021847,9,5,20,1630,1,2,2,1.0,3,72329,M,4.0,0,72
200900021848,9,5,23,1915,1,1,1,1.0,1,72316,M,4.0,0,72
200900021849,9,5,25,835,1,2,2,1.0,6,72181,M,,,72
200900021850,9,5,25,1745,1,1,1,1.0,1,72075,M,4.0,-,72
200900021851,9,5,25,2220,5,2,2,2.0,3,72181,M,,,72
200900021852,9,5,28,849,1,2,3,1.0,3,72003,M,,,72
200900021853,9,5,28,1830,1,2,1,1.0,3,72299,M,0.0,0,72
200900021854,9,5,29,2100,1,2,1,1.0,6,72181,M,,,72
200900021855,9,5,29,1500,1,1,1,1.0,3,72186,M,4.0,0,72
200900021856,9,5,29,2000,1,1,2,7.0,3,72022,M,4.0,-,72
200900021857,9,5,30,40,3,1,1,1.0,7,72181,M,,,72
200900021858,9,5,31,1825,1,2,2,1.0,3,72003,M,,,72
200900021859,9,1,12,740,2,1,1,5.0,7,34032,M,,,34
200900021860,9,5,30,445,2,2,1,1.0,6,38185,M,,,38
200900021861,9,5,5,1110,1,2,3,1.0,3,38185,M,,,38
200900021862,9,5,5,1410,1,2,1,1.0,6,38185,M,,,38
200900021863,9,5,5,1715,1,2,1,6.0,3,38151,M,,,38
200900021864,9,5,24,1645,1,2,1,1.0,6,38421,M,,,38
200900021865,9,5,5,1145,1,2,2,1.0,3,38169,M,,,38
200900021866,9,5,7,910,1,2,2,1.0,3,38185,M,,,38
200900021867,9,5,14,500,5,2,2,1.0,3,38169,M,,,38
200900021868,9,5,23,1415,1,2,1,1.0,2,38423,M,,,38
200900021869,9,5,29,1730,1,2,1,1.0,6,38185,M,,,38
200900021870,9,5,25,2315,5,2,1,1.0,6,38185,M,,,38
200900021871,9,5,29,1740,1,2,3,1.0,3,38516,M,,,38
200900021872,9,5,18,1410,1,2,1,1.0,2,38185,M,,,38
200900021873,9,5,30,1930,1,2,3,1.0,3,38185,M,,,38
200900021874,9,5,15,2015,1,2,1,2.0,6,38185,M,,,38
200900021875,9,5,22,1455,1,1,3,1.0,3,38544,M,,,38
200900021876,9,5,18,1740,1,1,1,1.0,7,38336,M,,,38
200900021877,9,5,2,250,3,1,1,1.0,3,38487,M,,,38
200900021878,9,5,11,2350,3,1,1,1.0,5,38449,M,,,38
200900021879,9,5,24,1615,1,1,6,1.0,6,38501,M,0.0,0,38
200900021880,9,5,4,715,1,2,1,1.0,3,38487,M,4.0,0,38
200900021881,9,5,1,815,1,1,1,1.0,7,38312,M,4.0,0,38
200900021882,9,5,17,1815,1,1,1,1.0,3,38072,M,0.0,0,38
200900021883,9,5,19,1915,2,1,1,1.0,6,38337,M,0.0,0,38
200900021884,9,5,18,600,3,1,1,2.0,6,38479,M,4.0,0,38
200900021885,9,5,19,1815,1,2,1,1.0,5,38538,M,4.0,0,38
200900021886,9,5,5,845,1,1,1,1.0,4,38565,M,4.0,0,38
200900021887,9,5,24,1145,1,2,1,1.0,6,38117,M,4.0,0,38
200900021888,9,5,28,1745,1,2,1,1.0,5,38332,M,0.0,0,38
200900021889,9,5,12,1800,1,2,1,1.0,6,38490,M,0.0,0,38
200900021890,9,5,31,1115,1,1,1,1.0,1,38364,M,4.0,0,38
200900021891,9,5,7,2015,1,1,1,1.0,2,38344,M,4.0,0,38
200900021892,9,5,25,1800,1,2,1,1.0,3,38239,M,0.0,0,38
200900021893,9,5,12,1815,1,2,1,1.0,2,38214,M,0.0,0,38
200900021894,9,5,21,1315,1,1,1,1.0,4,38165,M,4.0,0,38