Num_Acc,an,mois,jour,hrmn,lum,agg,int,atm,col,com,gps,lat,long,dep
200900024182,9,5,19,15,3,1,1,1.0,6,17140,M,0.0,0,17
200900024183,9,5,16,700,3,1,1,2.0,7,17452,M,0.0,0,17
200900024184,9,5,28,1700,1,1,1,1.0,2,17425,M,0.0,0,17
200900024185,9,5,11,1845,1,1,1,8.0,3,17057,M,0.0,0,17
200900024186,9,5,1,1545,1,1,1,1.0,5,17189,M,0.0,0,17
200900024187,9,5,4,1630,1,2,6,1.0,2,17434,M,0.0,0,17
200900024188,9,5,20,1815,1,1,9,1.0,4,17299,M,0.0,0,17
200900024189,9,5,23,1745,1,1,1,1.0,3,17089,M,0.0,0,17
200900024190,9,5,27,1800,1,1,1,1.0,1,17185,M,0.0,0,17
200900024191,9,5,6,1815,1,1,1,1.0,1,17277,M,0.0,0,17
200900024192,9,5,20,1830,1,2,1,1.0,6,17070,M,0.0,0,17
200900024193,9,5,22,45,3,1,1,1.0,1,17140,M,0.0,0,17
200900024194,9,5,5,2315,5,2,1,1.0,6,17484,M,0.0,0,17
200900024195,9,5,18,900,1,1,1,1.0,6,17089,M,4.0,-,17
200900024196,9,5,18,1415,1,1,1,1.0,6,17078,M,0.0,0,17
200900024197,9,5,21,1345,1,1,1,1.0,7,17134,M,0.0,0,17
200900024198,9,5,11,1430,1,1,1,1.0,1,17465,M,0.0,0,17
200900024199,9,5,13,1830,1,1,2,1.0,3,17264,M,4.0,-,17
200900024200,9,5,25,1345,1,2,1,1.0,6,17306,M,,,17
200900024201,9,5,26,1510,1,1,1,1.0,3,17415,M,,,17
200900024202,9,5,28,1655,1,2,1,1.0,7,17380,M,,,17
200900024203,9,5,4,1632,1,2,1,1.0,3,17380,M,,,17
200900024204,9,5,4,1445,1,2,1,1.0,1,17106,M,0.0,0,17
200900024205,9,5,4,1615,1,2,1,1.0,1,17086,M,4.0,-,17
200900024206,9,5,8,1847,1,1,2,1.0,5,17300,M,,,17
200900024207,9,5,14,700,1,1,1,1.0,2,17200,M,,,17
200900024208,9,5,21,555,3,1,1,1.0,6,17291,M,,,17
200900024209,9,5,24,1815,1,1,1,1.0,2,17415,M,,,17
200900024210,9,5,24,1920,2,2,1,1.0,3,17333,M,,,17
200900024211,9,5,25,1720,1,2,1,1.0,3,17306,M,,,17
200900024212,9,5,29,733,1,1,1,1.0,6,17200,M,,,17
200900024213,9,5,29,1625,1,2,1,1.0,5,17306,M,,,17
200900024214,9,5,30,650,1,1,1,1.0,6,17300,M,,,17
200900024215,9,5,31,1250,1,1,1,1.0,4,17415,M,,,17
200900024216,9,5,23,1810,1,2,1,1.0,7,17299,M,,,17
200900024217,9,5,30,1025,1,2,1,1.0,7,17449,M,,,17
200900024218,9,5,29,955,1,2,1,1.0,7,17299,M,,,17
200900024219,9,2,25,1920,3,2,2,1.0,3,61001,M,4.0,0,61
200900024220,9,6,14,1315,1,2,1,1.0,6,80445,M,5.0,0,80
200900024221,9,6,15,130,3,2,1,1.0,6,80672,M,0.0,0,80
200900024222,9,6,11,1515,1,1,1,1.0,7,80029,M,0.0,0,80
200900024223,9,6,14,200,3,1,1,1.0,7,80498,M,0.0,0,80
200900024224,9,6,24,1715,1,2,1,1.0,1,80171,M,5.0,0,80
200900024225,9,6,13,1930,1,2,1,1.0,1,80253,M,5.0,0,80
200900024226,9,6,30,1445,1,2,2,1.0,3,80488,M,0.0,0,80
200900024227,9,6,14,1400,1,1,1,1.0,6,80664,M,0.0,0,80
200900024228,9,6,29,1600,1,1,1,1.0,7,80190,M,0.0,0,80
200900024229,9,6,24,2000,1,1,1,7.0,1,80413,M,4.0,0,80
200900024230,9,6,13,1600,1,2,2,1.0,3,80770,M,0.0,0,80
200900024231,9,6,11,1930,1,2,3,1.0,1,80287,M,,,80
200900024232,9,6,23,2100,1,2,1,1.0,6,80308,M,0.0,0,80
200900024233,9,6,12,1700,1,1,1,1.0,3,80190,M,0.0,0,80
200900024234,9,6,24,1930,1,2,1,1.0,5,80609,M,0.0,0,80
200900024235,9,6,27,1900,1,1,1,7.0,3,80034,M,4.0,0,80
200900024236,9,6,26,1315,1,2,2,2.0,3,80013,M,4.0,0,80
200900024237,9,6,4,900,1,2,1,1.0,2,80241,M,0.0,0,80
200900024238,9,6,2,1200,1,2,1,1.0,6,80039,M,0.0,0,80
200900024239,9,6,9,1415,1,1,1,1.0,1,80260,M,5.0,0,80
200900024240,9,6,12,1530,1,1,1,7.0,1,80620,M,0.0,0,80
200900024241,9,6,12,2045,1,1,1,1.0,1,80350,M,4.0,0,80
200900024242,9,6,20,1545,1,2,2,1.0,1,80001,M,,,80
200900024243,9,6,18,1640,1,2,2,1.0,3,80164,M,,,80
200900024244,9,6,30,1915,1,2,1,1.0,7,80021,M,,,80
200900024245,9,6,11,1855,1,2,1,1.0,3,80021,M,,,80
200900024246,9,6,19,910,1,2,1,1.0,1,80021,M,,,80
200900024247,9,6,19,800,1,2,1,1.0,7,80021,M,,,80
200900024248,9,6,13,2010,1,2,1,1.0,2,80021,M,,,80
200900024249,9,6,11,1415,1,2,1,1.0,3,80021,M,,,80
200900024250,9,6,8,1345,1,2,1,1.0,7,80021,M,,,80
200900024251,9,6,1,1735,1,2,1,1.0,2,80021,M,,,80
200900024252,9,6,6,1055,1,2,2,1.0,3,80021,M,,,80
200900024253,9,6,11,1650,1,2,1,1.0,3,80021,M,,,80
200900024254,9,6,27,1635,1,2,1,1.0,2,80021,M,,,80
200900024255,9,6,5,820,1,2,1,1.0,1,80021,M,,,80
200900024256,9,6,26,1040,1,2,1,2.0,7,80261,M,,,80
200900024257,9,6,6,1245,1,2,1,1.0,2,80021,M,,,80
200900024258,9,6,3,1325,1,2,1,1.0,3,80674,M,,,80
200900024259,9,6,2,2035,1,2,1,1.0,3,80021,M,,,80
200900024260,9,6,25,1110,1,2,1,1.0,7,80021,M,,,80
200900024261,9,6,19,1700,1,2,1,1.0,4,80489,M,,,80
200900024262,9,6,6,820,1,2,1,1.0,6,80632,M,,,80
200900024263,9,6,16,1355,1,2,1,1.0,7,80021,M,,,80
200900024264,9,6,25,715,1,2,2,1.0,3,80021,M,,,80
200900024265,9,6,4,1810,1,2,6,1.0,3,80021,M,,,80
200900024266,9,6,22,1345,1,2,1,1.0,7,80021,M,,,80
200900024267,9,6,11,2240,3,1,1,2.0,6,80131,M,,,80
200900024268,9,6,20,1925,1,2,6,1.0,3,80725,M,,,80
200900024269,9,6,20,1035,1,2,3,1.0,3,80021,M,,,80
200900024270,9,6,4,1820,1,2,1,1.0,2,80021,M,,,80
200900024271,9,6,2,1240,1,2,1,1.0,3,80021,M,,,80
200900024272,9,6,10,1900,1,2,1,3.0,2,80021,M,,,80
200900024273,9,6,3,1715,1,2,1,1.0,3,80021,M,,,80
200900024274,9,6,4,1640,1,1,1,1.0,3,80021,M,,,80
200900024275,9,6,5,2033,1,2,1,1.0,2,80021,M,,,80
200900024276,9,6,8,1730,1,2,3,2.0,3,80021,M,,,80
200900024277,9,6,18,1105,1,2,1,1.0,3,80021,M,,,80
200900024278,9,6,23,1735,1,2,1,1.0,1,80021,M,,,80
200900024279,9,6,28,2205,2,2,6,1.0,3,37261,M,,,37
200900024280,9,7,1,2035,1,2,1,1.0,7,37122,M,,,37
200900024281,9,4,2,1600,1,2,2,1.0,3,61001,M,4.0,0,61
200900024282,9,7,1,1230,1,2,2,1.0,3,37261,M,,,37
200900024283,9,7,1,1831,1,2,3,1.0,7,37261,M,,,37
200900024284,9,5,19,815,1,2,1,1.0,6,66136,M,4.0,0,66
200900024285,9,6,4,1500,1,2,1,1.0,2,17300,M,,,17
200900024286,9,6,4,1425,1,2,6,1.0,6,17300,M,,,17
200900024287,9,6,5,1400,1,2,1,1.0,6,17300,M,,,17
200900024288,9,6,11,655,1,2,1,1.0,2,17291,M,,,17
200900024289,9,6,3,1041,1,2,1,1.0,2,17300,M,,,17
200900024290,9,6,3,1140,1,2,1,1.0,6,17300,M,,,17
200900024291,9,6,8,1802,1,2,1,1.0,4,17300,M,,,17
200900024292,9,6,13,1715,1,2,1,1.0,6,17300,M,,,17
200900024293,9,6,15,1420,1,2,1,1.0,2,17300,M,,,17
200900024294,9,6,12,1945,1,2,2,1.0,3,17300,M,,,17
200900024295,9,6,30,15,3,1,1,1.0,6,17393,M,4.0,-,17
200900024296,9,6,4,845,1,2,1,1.0,6,17094,M,0.0,0,17
200900024297,9,6,21,2215,3,1,1,1.0,7,17454,M,4.0,-,17
200900024298,9,6,18,1215,1,1,2,1.0,3,17153,M,0.0,0,17
200900024299,9,6,14,1200,1,1,6,1.0,1,17347,M,0.0,0,17
200900024300,9,6,30,745,1,1,1,1.0,5,17093,M,0.0,0,17
200900024301,9,6,14,30,3,1,1,1.0,5,17120,M,4.0,-,17
200900024302,9,6,13,1000,1,2,1,1.0,6,17485,M,0.0,0,17
200900024303,9,6,22,1945,1,1,2,1.0,3,17277,M,0.0,0,17
200900024304,9,6,20,1800,1,1,2,1.0,3,17023,M,0.0,0,17
200900024305,9,6,2,1615,1,1,1,1.0,2,17391,M,4.0,-,17
200900024306,9,6,21,1100,1,1,1,1.0,3,17145,M,0.0,0,17
200900024307,9,6,7,2115,1,1,1,1.0,6,17394,M,0.0,0,17
200900024308,9,6,12,1800,1,1,1,1.0,6,17404,M,0.0,0,17
200900024309,9,6,3,2030,1,2,1,1.0,6,17434,M,0.0,0,17
200900024310,9,6,21,1230,1,1,1,1.0,1,17107,M,0.0,0,17
200900024311,9,6,2,1015,1,1,1,1.0,6,17385,M,0.0,0,17
200900024312,9,6,12,1815,1,2,1,7.0,2,17240,M,4.0,-,17
200900024313,9,6,20,2300,3,1,1,1.0,7,17116,M,4.0,-,17
200900024314,9,6,20,1930,2,1,1,1.0,7,17385,M,0.0,0,17
200900024315,9,6,27,245,3,1,1,5.0,6,17003,M,0.0,0,17
200900024316,9,6,28,1125,1,2,1,1.0,2,17306,M,,,17
200900024317,9,6,22,145,5,2,3,1.0,6,17300,M,,,17
200900024318,9,6,2,1345,1,2,1,1.0,7,17299,M,,,17
200900024319,9,6,11,700,1,2,1,1.0,1,17299,M,,,17
200900024320,9,6,22,834,1,2,3,1.0,3,17200,M,,,17
200900024321,9,6,20,1145,1,2,1,1.0,6,17300,M,,,17
200900024322,9,6,30,1735,1,2,1,1.0,6,17306,M,,,17
200900024323,9,6,23,1620,1,2,1,1.0,2,17300,M,,,17
200900024324,9,6,26,1810,1,2,1,1.0,6,17300,M,,,17
200900024325,9,6,3,1310,1,2,2,1.0,3,17299,M,,,17
200900024326,9,6,23,1425,1,2,3,1.0,3,17299,M,,,17
200900024327,9,6,8,1710,1,2,1,1.0,6,17299,M,,,17
200900024328,9,6,20,1255,1,2,1,1.0,7,17300,M,,,17
200900024329,9,6,19,2315,5,2,1,1.0,2,17306,M,,,17
200900024330,9,6,19,1358,1,2,3,1.0,3,17300,M,,,17
200900024331,9,6,29,1800,1,2,1,1.0,3,17300,M,,,17
200900024332,9,6,17,1010,1,2,1,1.0,6,17300,M,,,17
200900024333,9,6,25,2100,1,2,1,1.0,1,17300,M,,,17
200900024334,9,6,18,1445,1,2,1,1.0,6,17300,M,,,17
200900024335,9,6,26,945,1,2,1,1.0,6,17300,M,,,17
200900024336,9,6,30,1634,1,2,1,1.0,7,17306,M,,,17
200900024337,9,6,24,1110,1,2,1,1.0,6,17274,M,,,17
200900024338,9,6,26,1320,1,2,1,1.0,2,17449,M,,,17
200900024339,9,6,9,1210,1,2,3,1.0,6,17299,M,,,17
200900024340,9,6,2,1040,1,2,2,1.0,2,17299,M,,,17
200900024341,9,6,16,135,5,2,1,1.0,7,17306,M,,,17
200900024342,9,6,30,1840,1,2,1,1.0,3,17333,M,,,17
200900024343,9,6,19,1830,1,2,1,1.0,7,17299,M,,,17
200900024344,9,6,28,1345,1,2,1,1.0,6,17300,M,,,17
200900024345,9,6,14,55,5,2,1,1.0,6,17415,M,,,17
200900024346,9,6,23,1350,1,2,1,1.0,6,17300,M,,,17
200900024347,9,6,17,2315,5,2,1,1.0,6,17333,M,,,17
200900024348,9,6,20,2145,1,2,9,1.0,3,17300,M,,,17
200900024349,9,6,6,1900,1,2,1,3.0,7,17415,M,,,17
200900024350,9,6,1,930,1,2,1,1.0,3,17333,M,,,17
200900024351,9,6,1,1825,1,2,1,1.0,3,17380,M,,,17
200900024352,9,6,9,610,2,2,1,3.0,2,17415,M,,,17
200900024353,9,6,1,2225,5,2,2,1.0,7,17306,M,,,17
200900024354,9,6,12,2015,1,2,1,1.0,3,17415,M,,,17
200900024355,9,6,9,1335,1,2,1,1.0,2,17380,M,,,17
200900024356,9,6,13,1125,1,1,1,1.0,1,17415,M,,,17
200900024357,9,6,18,230,3,1,1,1.0,1,17194,M,4.0,-,17
200900024358,9,6,18,1745,1,1,1,1.0,4,17300,M,,,17
200900024359,9,6,23,1918,1,2,1,1.0,6,17306,M,,,17
200900024360,9,6,21,2350,3,1,1,1.0,7,17449,M,,,17
200900024361,9,6,22,1505,1,1,1,1.0,7,17028,M,,,17
200900024362,9,6,25,2355,5,2,6,1.0,5,17380,M,,,17
200900024363,9,6,26,1930,1,1,1,1.0,5,17299,M,,,17
200900024364,9,6,27,1500,1,2,1,1.0,7,17333,M,,,17
200900024365,9,6,28,1640,1,2,1,1.0,1,17306,M,,,17
200900024366,9,6,28,1715,1,2,1,1.0,2,17380,M,,,17
200900024367,9,6,28,1754,1,2,1,1.0,7,17461,M,,,17
200900024368,9,6,29,1048,1,2,1,1.0,2,17333,M,,,17
200900024369,9,6,19,1610,1,2,1,1.0,6,17415,M,,,17
200900024370,9,6,16,1630,1,2,2,1.0,2,17415,M,,,17
200900024371,9,6,30,1635,1,2,1,1.0,2,17415,M,,,17
200900024372,9,6,24,700,1,2,6,1.0,3,17415,M,,,17
200900024373,9,7,2,1500,1,2,1,2.0,6,37261,M,,,37
200900024374,9,3,6,1855,2,2,3,1.0,3,61001,M,4.0,0,61
200900024375,9,6,8,1240,1,2,2,2.0,3,37261,M,,,37
200900024376,9,6,19,830,1,2,1,1.0,6,37261,M,,,37
200900024377,9,6,21,350,5,2,6,8.0,3,37261,M,,,37
200900024378,9,6,26,2100,1,2,1,1.0,7,37261,M,,,37
200900024379,9,6,27,2130,1,2,2,1.0,3,37261,M,,,37
200900024380,9,7,25,1830,1,2,1,1.0,7,67049,M,0.0,0,67
200900024381,9,7,26,1100,1,2,1,1.0,3,67202,M,4.0,0,67
200900024382,9,7,30,1315,1,2,2,1.0,3,67540,M,4.0,0,67
200900024383,9,7,9,2100,1,2,1,1.0,2,67085,M,4.0,0,67
200900024384,9,7,24,1100,1,1,1,8.0,6,67151,M,4.0,0,67
200900024385,9,7,31,1345,1,1,1,1.0,6,67007,M,4.0,0,67
200900024386,9,7,11,1500,1,1,1,1.0,7,67301,M,4.0,0,67
200900024387,9,7,27,1900,1,1,1,8.0,4,67150,M,4.0,0,67
200900024388,9,7,7,1430,1,1,2,1.0,3,67520,M,4.0,0,67
200900024389,9,7,20,830,1,1,1,1.0,6,67551,M,0.0,0,67
200900024390,9,7,31,1215,1,2,1,1.0,3,67192,M,4.0,0,67
200900024391,9,7,19,1400,1,1,1,1.0,3,67010,M,4.0,0,67
200900024392,9,7,24,1700,1,1,1,1.0,3,67163,M,4.0,0,67
200900024393,9,7,31,1800,1,1,1,1.0,2,67115,M,4.0,0,67
200900024394,9,7,16,1100,1,1,1,1.0,6,67065,M,0.0,0,67
200900024395,9,7,11,1715,1,2,1,1.0,2,67268,M,4.0,0,67
200900024396,9,7,20,1615,1,1,9,1.0,1,67296,M,4.0,0,67
200900024397,9,7,16,1600,1,1,1,1.0,1,67122,M,4.0,0,67
200900024398,9,7,28,1600,1,1,1,1.0,3,67535,M,0.0,0,67
200900024399,9,7,18,1237,1,1,1,2.0,4,67482,M,4.0,0,67
200900024400,9,7,26,315,3,1,1,1.0,5,67365,M,4.0,0,67
200900024401,9,7,30,2135,2,1,1,1.0,7,67137,M,4.0,0,67
200900024402,9,7,2,2110,2,2,3,1.0,6,67482,M,0.0,0,67
200900024403,9,7,11,1445,1,2,2,1.0,3,67447,M,0.0,0,67
200900024404,9,7,7,1655,1,2,2,1.0,3,67365,M,0.0,0,67
200900024405,9,7,12,510,2,2,1,1.0,6,67482,M,0.0,0,67
200900024406,9,7,3,1425,1,2,1,9.0,4,67482,M,0.0,0,67
200900024407,9,7,1,2300,5,2,1,1.0,7,67482,M,0.0,0,67
200900024408,9,7,7,1500,1,2,1,1.0,3,67218,M,0.0,0,67
200900024409,9,7,10,1629,1,2,2,1.0,3,67447,M,0.0,0,67
200900024410,9,7,11,815,1,2,1,1.0,5,67482,M,0.0,0,67
200900024411,9,7,7,2145,5,2,3,1.0,6,67482,M,0.0,0,67
200900024412,9,7,6,1930,1,2,3,1.0,3,67482,M,0.0,0,67
200900024413,9,7,4,945,1,2,3,1.0,3,67482,M,0.0,0,67
200900024414,9,7,3,1500,1,2,1,8.0,4,67482,M,0.0,0,67
200900024415,9,7,5,1720,1,2,2,1.0,2,67482,M,0.0,0,67
200900024416,9,7,6,1830,1,2,1,1.0,6,67482,M,0.0,0,67
200900024417,9,7,11,1140,1,2,2,1.0,3,67482,M,0.0,0,67
200900024418,9,7,4,1220,1,2,2,1.0,3,67482,M,0.0,0,67
200900024419,9,7,12,15,5,2,2,1.0,6,67482,M,0.0,0,67
200900024420,9,7,3,1700,1,2,1,9.0,2,67482,M,0.0,0,67
200900024421,9,7,15,1315,1,2,1,1.0,2,67482,M,0.0,0,67
200900024422,9,7,13,1200,1,2,2,1.0,3,67447,M,0.0,0,67
200900024423,9,7,3,1629,1,2,1,3.0,6,67482,M,0.0,0,67
200900024424,9,7,17,1415,1,2,2,2.0,3,67218,M,0.0,0,67
200900024425,9,7,16,2104,1,2,1,1.0,3,67218,M,0.0,0,67
200900024426,9,7,18,1330,1,2,1,2.0,2,67482,M,0.0,0,67
200900024427,9,7,28,1500,1,2,1,1.0,2,67482,M,0.0,0,67
200900024428,9,7,28,2050,2,2,1,1.0,6,67482,M,0.0,0,67
200900024429,9,7,19,1540,1,2,2,1.0,3,67482,M,0.0,0,67
200900024430,9,7,17,1540,1,2,1,3.0,6,67482,M,0.0,0,67
200900024431,9,7,29,2040,1,2,2,1.0,3,67482,M,0.0,0,67
200900024432,9,7,28,2000,1,2,2,1.0,3,67447,M,0.0,0,67
200900024433,9,7,30,1435,1,2,2,1.0,6,67482,M,0.0,0,67
200900024434,9,7,24,1912,1,2,2,1.0,3,67462,M,0.0,0,67
200900024435,9,7,21,1410,1,2,2,1.0,3,67482,M,0.0,0,67
200900024436,9,7,20,1735,1,2,1,1.0,3,67482,M,0.0,0,67
200900024437,9,7,22,1758,1,2,2,1.0,3,67482,M,0.0,0,67
200900024438,9,7,24,1735,1,2,1,1.0,3,67482,M,0.0,0,67
200900024439,9,7,30,1750,1,2,9,1.0,6,67482,M,0.0,0,67
200900024440,9,7,20,825,1,2,3,2.0,3,67482,M,0.0,0,67
200900024441,9,7,18,245,5,2,1,1.0,7,67482,M,0.0,0,67
200900024442,9,7,17,1940,1,2,1,1.0,6,67218,M,0.0,0,67
200900024443,9,7,31,2200,5,2,3,1.0,6,67482,M,0.0,0,67
200900024444,9,7,24,1350,1,2,9,1.0,3,67482,M,0.0,0,67
200900024445,9,7,24,1800,1,2,2,1.0,6,67482,M,0.0,0,67
200900024446,9,7,23,800,2,2,2,1.0,6,67482,M,0.0,0,67
200900024447,9,7,21,1859,1,2,1,1.0,3,67482,M,0.0,0,67
200900024448,9,7,3,2045,2,1,1,1.0,3,67308,M,4.0,0,67
200900024449,9,7,23,1938,1,2,1,1.0,6,67482,M,0.0,0,67
200900024450,9,7,11,1945,1,1,1,1.0,6,67381,M,0.0,0,67
200900024451,9,7,4,1940,1,2,1,1.0,6,67482,M,0.0,0,67
200900024452,9,7,4,1624,1,2,1,1.0,6,67482,M,0.0,0,67
200900024453,9,7,13,1345,1,2,2,1.0,3,67482,M,0.0,0,67
200900024454,9,7,15,1530,1,2,1,1.0,3,67482,M,0.0,0,67
200900024455,9,7,24,1130,1,1,1,1.0,1,67217,M,4.0,0,67
200900024456,9,7,18,855,1,2,1,2.0,3,67447,M,0.0,0,67
200900024457,9,7,15,1630,1,2,3,2.0,5,67482,M,0.0,0,67
200900024458,9,7,17,2000,1,1,1,9.0,5,67336,M,4.0,0,67
200900024459,9,7,31,1600,1,2,3,1.0,6,67447,M,0.0,0,67
200900024460,9,7,1,815,1,1,1,1.0,7,67205,M,4.0,0,67
200900024461,9,7,12,140,5,2,1,1.0,3,67267,M,0.0,0,67
200900024462,9,7,1,1850,1,2,9,1.0,3,67482,M,,,67
200900024463,9,7,3,1526,1,2,1,1.0,2,37122,M,4.0,0,37
200900024464,9,7,3,1649,1,1,3,9.0,3,37261,M,,,37
200900024465,9,7,4,505,3,2,1,1.0,7,37261,M,,,37
200900024466,9,7,5,2148,2,2,2,1.0,1,37208,M,,,37
200900024467,9,7,7,1005,1,2,6,1.0,6,37261,M,,,37
200900024468,9,7,8,213,5,2,1,9.0,7,37261,M,,,37
200900024469,9,7,8,851,1,2,2,1.0,6,37261,M,,,37
200900024470,9,3,9,1300,1,2,1,1.0,6,61001,M,,,61
200900024471,9,3,20,1320,1,2,1,1.0,6,61001,M,4.0,0,61
200900024472,9,3,20,1440,1,2,1,1.0,6,61001,M,,,61
200900024473,9,2,6,1820,3,2,3,2.0,7,52121,M,4.0,0,52
200900024474,9,2,12,2000,5,2,1,1.0,7,52448,M,4.0,0,52
200900024475,9,7,18,1930,1,1,1,1.0,3,30133,M,0.0,0,30
200900024476,9,7,1,1615,1,1,1,1.0,5,30104,M,0.0,0,30
200900024477,9,7,3,1000,1,1,4,1.0,1,30062,M,4.0,0,30
200900024478,9,7,5,100,3,1,1,1.0,6,30012,M,4.0,0,30
200900024479,9,7,2,2315,5,2,1,1.0,7,30255,M,0.0,0,30
200900024480,9,7,3,230,3,1,6,1.0,6,30125,M,4.0,0,30
200900024481,9,7,3,1915,1,1,1,1.0,1,30050,M,4.0,0,30
200900024482,9,7,5,200,3,1,1,1.0,6,30341,M,4.0,0,30
200900024483,9,7,9,1000,1,1,1,1.0,3,30140,M,4.0,0,30
200900024484,9,7,30,1945,1,1,1,7.0,3,30184,M,4.0,0,30
200900024485,9,7,9,1530,1,1,1,1.0,1,30308,M,4.0,0,30
200900024486,9,7,9,1800,1,1,1,1.0,4,30135,M,4.0,0,30
200900024487,9,7,9,1830,1,1,1,1.0,6,30049,M,4.0,0,30
200900024488,9,7,11,115,3,1,1,1.0,6,30287,M,4.0,0,30
200900024489,9,7,11,945,1,1,1,1.0,1,30269,M,4.0,0,30
200900024490,9,7,12,45,3,1,1,1.0,7,30184,M,4.0,0,30
200900024491,9,7,12,100,5,2,1,1.0,3,30156,M,0.0,0,30
200900024492,9,7,13,1245,1,1,1,1.0,1,30349,M,4.0,0,30
200900024493,9,7,13,1900,1,1,1,1.0,5,30169,M,4.0,0,30
200900024494,9,7,15,1300,1,1,1,1.0,5,30023,M,4.0,0,30
200900024495,9,7,16,915,1,2,1,1.0,3,30135,M,0.0,0,30
200900024496,9,7,19,1600,1,1,1,1.0,6,30135,M,4.0,0,30
200900024497,9,7,16,1900,1,1,1,1.0,3,30180,M,4.0,0,30
200900024498,9,7,16,1915,1,1,1,1.0,7,30281,M,4.0,0,30
200900024499,9,7,17,1515,1,2,1,1.0,1,30132,M,4.0,0,30
200900024500,9,7,18,1215,1,1,1,1.0,6,30290,M,4.0,0,30
200900024501,9,7,18,1245,1,1,1,1.0,1,30257,M,4.0,0,30
200900024502,9,7,18,1930,1,2,6,1.0,3,30133,M,0.0,0,30
200900024503,9,7,18,1430,1,2,1,1.0,3,30133,M,0.0,0,30
200900024504,9,7,19,145,3,1,1,1.0,6,30014,M,4.0,0,30
200900024505,9,7,19,1745,1,1,1,1.0,7,30151,M,0.0,0,30
200900024506,9,7,19,2130,3,1,1,1.0,7,30331,M,4.0,0,30
200900024507,9,7,20,1245,1,2,2,1.0,1,30133,M,0.0,0,30
200900024508,9,7,21,1415,1,1,1,1.0,5,30047,M,0.0,0,30
200900024509,9,7,21,1745,1,1,1,1.0,1,30027,M,4.0,0,30
200900024510,9,7,21,2100,1,1,1,1.0,1,30034,M,4.0,0,30
200900024511,9,7,24,1515,1,1,1,1.0,1,30039,M,4.0,0,30
200900024512,9,7,25,745,1,1,1,1.0,3,30169,M,4.0,0,30
200900024513,9,7,25,1615,1,1,6,1.0,6,30026,M,4.0,0,30
200900024514,9,7,25,1715,1,1,1,1.0,1,30106,M,4.0,0,30
200900024515,9,7,27,500,1,1,1,1.0,1,30341,M,4.0,0,30
200900024516,9,7,27,900,1,2,1,1.0,6,30254,M,4.0,0,30
200900024517,9,7,29,1600,1,2,1,1.0,6,30135,M,4.0,0,30
200900024518,9,7,30,1815,1,2,1,1.0,6,30307,M,4.0,0,30
200900024519,9,7,31,1000,1,2,1,1.0,5,30034,M,4.0,0,30
200900024520,9,7,31,1830,1,1,1,1.0,3,30003,M,4.0,0,30
200900024521,9,7,20,1430,1,1,1,1.0,2,30272,M,4.0,0,30
200900024522,9,7,4,1208,1,2,2,1.0,2,30007,M,,,30
200900024523,9,7,25,950,1,2,1,1.0,7,30032,M,,,30
200900024524,9,7,22,1740,1,2,1,1.0,3,30007,M,,,30
200900024525,9,7,4,2125,1,2,1,1.0,6,30007,M,4.0,0,30
200900024526,9,7,4,2355,5,2,1,1.0,6,30007,M,,,30
200900024527,9,7,1,740,1,2,1,1.0,6,30032,M,4.0,0,30
200900024528,9,7,2,705,1,2,1,1.0,2,30189,M,4.0,0,30
200900024529,9,7,2,1615,1,2,1,1.0,2,30189,M,4.0,0,30
200900024530,9,7,3,2014,1,2,1,1.0,2,30189,M,4.0,0,30
200900024531,9,7,4,1200,1,2,1,1.0,3,30007,M,,,30
200900024532,9,7,6,2025,1,2,2,1.0,6,30007,M,,,30
200900024533,9,7,7,1827,1,2,1,1.0,2,30189,M,4.0,0,30
200900024534,9,7,8,1900,1,2,2,1.0,3,30091,M,4.0,0,30
200900024535,9,7,5,2118,1,2,1,1.0,1,30007,M,4.0,0,30
200900024536,9,7,6,1340,1,2,1,1.0,6,30189,M,4.0,0,30
200900024537,9,7,7,1845,1,2,2,1.0,4,30007,M,4.0,0,30
200900024538,9,7,10,235,3,1,3,1.0,6,30189,M,4.0,0,30
200900024539,9,7,8,1100,1,2,1,1.0,3,30028,M,4.0,0,30
200900024540,9,7,8,1825,1,2,1,1.0,1,30032,M,4.0,0,30
200900024541,9,7,10,509,2,2,1,1.0,7,30189,M,4.0,0,30
200900024542,9,7,14,2003,1,2,2,1.0,3,30189,M,4.0,0,30
200900024543,9,7,15,1520,1,2,2,1.0,3,30189,M,4.0,0,30
200900024544,9,7,11,810,1,2,1,1.0,2,30007,M,,,30
200900024545,9,7,11,930,1,2,1,1.0,4,30243,M,,,30
200900024546,9,7,11,1830,1,2,1,1.0,2,30028,M,4.0,0,30
200900024547,9,7,13,2325,5,2,1,1.0,6,30189,M,4.0,0,30
200900024548,9,7,14,1140,1,2,1,1.0,1,30007,M,,,30
200900024549,9,7,14,1425,1,2,1,1.0,2,30189,M,4.0,0,30
200900024550,9,7,15,805,1,2,3,1.0,3,30007,M,,,30
200900024551,9,7,21,1121,1,2,2,1.0,3,30189,M,4.0,0,30
200900024552,9,7,18,1405,1,2,1,1.0,2,30189,M,4.0,0,30
200900024553,9,7,18,2231,5,2,1,1.0,6,30189,M,4.0,0,30
200900024554,9,7,19,1220,1,2,1,1.0,6,30028,M,,,30
200900024555,9,7,19,2005,1,2,1,1.0,3,30032,M,4.0,0,30
200900024556,9,7,20,1310,1,1,1,1.0,2,30189,M,4.0,0,30
200900024557,9,7,22,1040,1,1,1,1.0,7,30189,M,4.0,0,30
200900024558,9,7,23,340,5,2,1,1.0,6,30189,M,4.0,0,30
200900024559,9,7,23,940,1,1,1,1.0,7,30189,M,4.0,0,30
200900024560,9,7,23,1820,1,2,2,1.0,3,30028,M,4.0,0,30