Num_Acc,an,mois,jour,hrmn,lum,agg,int,atm,col,com,gps,lat,long,dep
200900024561,9,7,24,706,1,2,1,1.0,1,30189,M,4.0,0,30
200900024562,9,7,24,1942,1,1,1,1.0,2,30189,M,4.0,0,30
200900024563,9,7,24,1355,1,2,6,1.0,3,30032,M,,,30
200900024564,9,7,25,920,1,2,2,1.0,3,30189,M,4.0,0,30
200900024565,9,7,25,1205,1,2,1,1.0,6,30189,M,4.0,0,30
200900024566,9,7,25,1435,1,2,1,1.0,3,30007,M,4.0,0,30
200900024567,9,7,25,1950,1,2,2,1.0,1,30189,M,4.0,0,30
200900024568,9,7,30,2215,5,2,1,1.0,3,30007,M,,,30
200900024569,9,7,31,1230,1,2,1,1.0,3,30243,M,,,30
200900024570,9,7,27,1150,1,2,1,1.0,2,30007,M,4.0,0,30
200900024571,9,7,20,1630,1,1,1,1.0,1,30189,M,4.0,0,30
200900024572,9,3,13,1125,1,2,1,1.0,6,52448,M,4.0,0,52
200900024573,9,3,30,1405,1,2,2,1.0,3,52121,M,4.0,0,52
200900024574,9,4,24,905,1,1,1,1.0,6,52045,M,4.0,0,52
200900024575,9,4,25,1700,1,2,1,1.0,7,52448,M,4.0,0,52
200900024576,9,7,30,1400,1,1,1,1.0,3,05034,M,0.0,0,05
200900024577,9,7,27,1930,1,2,1,1.0,6,05006,M,0.0,0,05
200900024578,9,7,25,1825,1,2,1,1.0,6,05061,M,,,05
200900024579,9,7,17,1630,1,1,1,2.0,1,05136,M,0.0,0,05
200900024580,9,7,2,1915,1,1,2,1.0,3,05133,M,0.0,0,05
200900024581,9,7,23,1000,1,2,1,1.0,6,05023,M,,,05
200900024582,9,7,3,1430,1,1,1,1.0,6,05038,M,0.0,0,05
200900024583,9,7,10,1255,1,2,1,1.0,2,05061,M,,,05
200900024584,9,7,16,1430,1,1,1,1.0,1,05134,M,0.0,0,05
200900024585,9,9,4,1100,1,2,1,1.0,2,72181,M,,,72
200900024586,9,9,6,1120,1,2,1,1.0,6,72181,M,,,72
200900024587,9,9,7,925,1,2,1,1.0,6,72181,M,,,72
200900024588,9,9,1,1815,1,2,1,1.0,6,72181,M,,,72
200900024589,9,9,4,1040,1,2,1,1.0,6,72181,M,,,72
200900024590,9,9,14,1454,1,2,1,1.0,3,72181,M,,,72
200900024591,9,9,1,1140,1,2,1,2.0,3,72181,M,,,72
200900024592,9,9,1,1630,1,2,1,1.0,7,72181,M,,,72
200900024593,9,9,11,2220,5,2,2,1.0,3,72181,M,,,72
200900024594,9,9,14,945,1,2,1,1.0,6,72181,M,,,72
200900024595,9,9,15,750,1,2,1,3.0,3,72181,M,,,72
200900024596,9,9,7,2015,1,2,1,1.0,6,72181,M,,,72
200900024597,9,9,9,1400,1,2,1,1.0,6,72181,M,,,72
200900024598,9,9,12,1750,1,2,1,1.0,3,72181,M,,,72
200900024599,9,9,22,1441,1,2,1,1.0,6,72181,M,,,72
200900024600,9,9,29,1000,1,2,1,1.0,2,72181,M,,,72
200900024601,9,9,15,1015,1,1,1,2.0,7,72181,M,,,72
200900024602,9,9,23,1215,1,2,1,1.0,6,72181,M,,,72
200900024603,9,9,25,1010,1,2,1,1.0,3,72181,M,,,72
200900024604,9,9,15,830,1,2,1,3.0,6,72181,M,,,72
200900024605,9,9,18,905,1,2,1,1.0,3,72181,M,,,72
200900024606,9,9,18,1550,1,2,1,1.0,6,72181,M,,,72
200900024607,9,9,19,645,5,2,1,1.0,2,72181,M,,,72
200900024608,9,9,21,625,5,2,1,1.0,3,72181,M,,,72
200900024609,9,9,22,1130,1,2,1,1.0,6,72181,M,,,72
200900024610,9,9,25,1910,1,2,1,1.0,7,72181,M,,,72
200900024611,9,9,26,1010,1,2,1,1.0,3,72181,M,,,72
200900024612,9,5,21,1425,1,2,1,1.0,6,52448,M,4.0,0,52
200900024613,9,5,22,2015,1,2,1,1.0,6,52448,M,4.0,0,52
200900024614,9,7,5,1430,1,1,1,1.0,1,17098,M,0.0,0,17
200900024615,9,7,7,1345,1,2,1,1.0,1,17372,M,0.0,0,17
200900024616,9,7,5,130,3,1,1,1.0,3,17257,M,4.0,-,17
200900024617,9,7,10,2115,1,1,1,1.0,3,17140,M,0.0,0,17
200900024618,9,7,22,1215,1,1,2,1.0,3,17232,M,0.0,0,17
200900024619,9,7,5,515,2,2,1,1.0,6,17414,M,4.0,-,17
200900024620,9,7,4,1615,1,1,2,1.0,3,17465,M,0.0,0,17
200900024621,9,7,24,15,3,1,1,1.0,2,17003,M,0.0,0,17
200900024622,9,7,22,1245,1,1,1,1.0,1,17093,M,0.0,0,17
200900024623,9,7,15,845,1,2,1,1.0,2,17140,M,0.0,0,17
200900024624,9,7,5,930,1,1,1,1.0,2,17267,M,0.0,0,17
200900024625,9,7,3,1330,1,1,1,1.0,2,17060,M,0.0,0,17
200900024626,9,7,20,1500,1,1,4,1.0,1,17385,M,0.0,0,17
200900024627,9,7,29,1445,1,1,1,1.0,7,17407,M,0.0,0,17
200900024628,9,7,27,1930,1,1,1,1.0,3,17474,M,4.0,-,17
200900024629,9,7,16,1930,1,1,1,1.0,6,17107,M,0.0,0,17
200900024630,9,7,8,130,3,1,1,1.0,2,17438,M,0.0,0,17
200900024631,9,7,16,115,5,2,1,1.0,6,17297,M,0.0,0,17
200900024632,9,7,31,1215,1,2,1,1.0,3,17315,M,4.0,-,17
200900024633,9,7,3,1600,1,1,1,1.0,3,17328,M,0.0,0,17
200900024634,9,7,1,2100,1,2,1,1.0,7,17375,M,0.0,0,17
200900024635,9,7,30,1730,1,1,1,7.0,5,17296,M,0.0,0,17
200900024636,9,7,24,1730,1,1,1,7.0,1,17351,M,0.0,0,17
200900024637,9,7,4,245,3,1,1,1.0,6,17010,M,0.0,0,17
200900024638,9,7,8,1550,1,2,1,1.0,7,17300,M,,,17
200900024639,9,7,8,1700,1,2,1,1.0,6,17300,M,,,17
200900024640,9,7,15,1605,1,2,1,1.0,3,17300,M,,,17
200900024641,9,7,11,1950,1,2,1,1.0,2,17300,M,,,17
200900024642,9,7,5,905,1,2,1,1.0,7,17300,M,,,17
200900024643,9,7,9,1017,1,2,1,1.0,6,17300,M,,,17
200900024644,9,7,15,1335,1,2,1,1.0,1,17300,M,,,17
200900024645,9,7,10,1435,1,2,2,1.0,3,17300,M,,,17
200900024646,9,7,13,1150,1,2,1,1.0,6,17300,M,,,17
200900024647,9,7,12,350,5,2,1,1.0,6,17300,M,,,17
200900024648,9,7,11,1135,1,2,1,1.0,3,17274,M,,,17
200900024649,9,7,11,1740,1,2,1,1.0,7,17274,M,,,17
200900024650,9,7,27,1900,1,2,3,1.0,6,17300,M,,,17
200900024651,9,7,21,1920,1,2,1,1.0,7,17028,M,,,17
200900024652,9,7,17,1040,1,2,1,1.0,6,17300,M,,,17
200900024653,9,7,12,1900,1,2,1,1.0,7,17415,M,,,17
200900024654,9,7,22,1640,1,2,1,1.0,5,17300,M,,,17
200900024655,9,7,9,1650,1,1,1,1.0,2,17299,M,,,17
200900024656,9,7,16,1950,1,2,1,1.0,2,17200,M,,,17
200900024657,9,7,20,834,1,2,1,1.0,6,17300,M,,,17
200900024658,9,7,15,1450,1,2,6,1.0,3,17299,M,,,17
200900024659,9,7,4,1600,1,2,1,1.0,7,17299,M,,,17
200900024660,9,7,18,1800,1,2,2,1.0,3,17415,M,,,17
200900024661,9,7,27,1550,1,2,1,1.0,7,17300,M,,,17
200900024662,9,7,30,1250,1,2,1,1.0,6,17300,M,,,17
200900024663,9,7,21,1330,1,2,3,1.0,2,17291,M,,,17
200900024664,9,7,19,1335,1,2,6,1.0,3,17300,M,,,17
200900024665,9,7,16,1250,1,2,1,1.0,6,17300,M,,,17
200900024666,9,7,23,1215,1,2,1,2.0,6,17415,M,,,17
200900024667,9,7,17,1700,1,2,3,1.0,3,17300,M,,,17
200900024668,9,7,23,800,1,2,9,1.0,6,17300,M,,,17
200900024669,9,7,25,2030,1,2,1,1.0,6,17415,M,,,17
200900024670,9,7,28,726,1,2,3,1.0,3,17291,M,,,17
200900024671,9,7,8,1810,1,2,6,1.0,3,17299,M,,,17
200900024672,9,7,7,2150,2,2,1,1.0,6,17333,M,,,17
200900024673,9,7,9,1945,1,2,1,1.0,6,17306,M,,,17
200900024674,9,7,14,950,1,2,1,1.0,3,17306,M,,,17
200900024675,9,7,1,1630,1,2,1,1.0,2,17333,M,,,17
200900024676,9,7,30,1410,1,2,3,1.0,3,17306,M,,,17
200900024677,9,7,12,411,5,2,1,1.0,6,17333,M,,,17
200900024678,9,7,11,535,2,2,1,1.0,6,17380,M,,,17
200900024679,9,7,7,1438,1,2,1,1.0,3,17306,M,,,17
200900024680,9,7,26,2300,5,2,1,1.0,6,17333,M,,,17
200900024681,9,7,9,1458,1,2,1,1.0,3,17306,M,,,17
200900024682,9,7,2,850,1,1,1,3.0,7,17415,M,,,17
200900024683,9,7,3,2000,1,2,1,1.0,7,17306,M,,,17
200900024684,9,7,4,1720,1,2,1,1.0,3,17299,M,,,17
200900024685,9,7,9,100,3,2,1,1.0,7,17380,M,,,17
200900024686,9,7,11,1350,1,1,1,1.0,2,17300,M,,,17
200900024687,9,7,8,245,5,2,1,1.0,7,17306,M,,,17
200900024688,9,7,9,1115,1,2,1,1.0,6,17306,M,,,17
200900024689,9,7,12,1125,1,1,1,2.0,6,17200,M,,,17
200900024690,9,7,13,1500,1,1,1,1.0,1,17323,M,0.0,0,17
200900024691,9,7,13,1810,1,2,3,2.0,3,17306,M,,,17
200900024692,9,7,11,2305,3,1,1,1.0,1,17306,M,,,17
200900024693,9,7,14,1955,2,2,1,1.0,1,17306,M,,,17
200900024694,9,7,15,1600,1,2,1,1.0,6,17306,M,,,17
200900024695,9,7,15,2000,1,1,1,1.0,3,17337,M,0.0,0,17
200900024696,9,7,17,1005,1,2,6,1.0,7,17274,M,,,17
200900024697,9,7,20,1220,1,2,1,1.0,3,17380,M,,,17
200900024698,9,7,21,905,1,2,3,1.0,3,17449,M,,,17
200900024699,9,7,25,1550,1,1,1,1.0,6,17415,M,,,17
200900024700,9,7,22,922,1,1,1,1.0,7,17200,M,,,17
200900024701,9,7,22,1745,1,2,1,1.0,3,17306,M,,,17
200900024702,9,7,22,2320,5,2,1,1.0,6,17306,M,,,17
200900024703,9,7,23,1745,1,2,1,1.0,3,17380,M,,,17
200900024704,9,7,24,1,5,2,3,1.0,3,17333,M,,,17
200900024705,9,7,29,1546,1,2,1,1.0,7,17380,M,,,17
200900024706,9,7,30,10,3,2,1,1.0,2,17380,M,,,17
200900024707,9,7,31,755,2,2,2,1.0,3,17306,M,,,17
200900024708,9,7,28,2050,1,1,1,1.0,3,17300,M,,,17
200900024709,9,7,17,1705,1,2,2,1.0,3,17300,M,,,17
200900024710,9,7,27,1930,1,2,1,1.0,2,17300,M,,,17
200900024711,9,7,21,1145,1,1,1,1.0,7,45245,M,0.0,0,45
200900024712,9,7,13,1030,1,1,1,2.0,6,45210,M,0.0,0,45
200900024713,9,7,4,2115,1,1,1,1.0,7,45115,M,0.0,0,45
200900024714,9,7,20,1415,1,1,1,1.0,6,45145,M,0.0,0,45
200900024715,9,7,10,2230,3,1,1,8.0,6,45239,M,4.0,0,45
200900024716,9,7,12,1830,1,1,1,1.0,6,45340,M,0.0,0,45
200900024717,9,7,28,1700,1,1,2,1.0,3,45223,M,0.0,0,45
200900024718,9,7,12,1230,1,1,1,2.0,6,45191,M,4.0,0,45
200900024719,9,7,12,1830,1,1,1,1.0,6,45030,M,0.0,0,45
200900024720,9,7,19,2100,2,1,1,1.0,6,45279,M,0.0,0,45
200900024721,9,7,24,1230,1,1,1,1.0,3,45146,M,4.0,0,45
200900024722,9,7,25,2130,1,1,1,1.0,3,45211,M,0.0,0,45
200900024723,9,7,26,1530,1,2,4,1.0,1,45173,M,4.0,0,45
200900024724,9,7,4,1740,1,2,2,1.0,1,45338,M,4.0,0,45
200900024725,9,7,3,445,3,1,1,1.0,6,45026,M,0.0,0,45
200900024726,9,7,19,1900,1,2,1,1.0,1,45053,M,4.0,0,45
200900024727,9,7,18,1130,1,1,1,1.0,6,45281,M,4.0,0,45
200900024728,9,7,10,1715,1,1,1,1.0,7,45306,M,0.0,0,45
200900024729,9,7,21,300,3,1,1,1.0,2,45104,M,4.0,0,45
200900024730,9,7,1,1125,1,2,4,1.0,1,45208,M,4.0,0,45
200900024731,9,7,9,1210,1,1,4,1.0,5,45004,M,4.0,0,45
200900024732,9,7,6,130,4,2,1,1.0,6,45108,M,4.0,0,45
200900024733,9,7,11,1845,1,2,2,1.0,3,45258,M,4.0,0,45
200900024734,9,7,16,745,1,2,3,1.0,2,45338,M,4.0,0,45
200900024735,9,7,22,2115,1,2,1,2.0,7,45208,M,4.0,0,45
200900024736,9,7,28,1502,1,2,2,1.0,2,45068,M,4.0,0,45
200900024737,9,7,29,1440,1,2,2,1.0,1,45068,M,4.0,0,45
200900024738,9,7,30,1201,1,2,2,1.0,2,45208,M,4.0,0,45
200900024739,9,7,4,845,1,2,1,1.0,3,45300,M,4.0,0,45
200900024740,9,7,8,1700,1,2,1,1.0,3,45004,M,4.0,0,45
200900024741,9,7,18,423,5,2,1,1.0,6,45004,M,4.0,0,45
200900024742,9,7,21,1405,1,2,1,1.0,6,45068,M,4.0,0,45
200900024743,9,7,28,1725,1,1,9,1.0,6,45208,M,4.0,0,45
200900024744,9,7,9,1825,1,2,3,1.0,3,45285,M,4.0,0,45
200900024745,9,7,1,1715,1,2,4,7.0,3,45234,M,4.0,0,45
200900024746,9,7,2,2002,1,2,3,1.0,3,45285,M,4.0,0,45
200900024747,9,7,4,520,2,2,1,1.0,7,45234,M,4.0,0,45
200900024748,9,7,8,1505,1,2,1,1.0,7,45234,M,4.0,0,45
200900024749,9,7,14,1325,1,1,1,1.0,6,45232,M,4.0,0,45
200900024750,9,7,15,1520,1,2,2,1.0,5,45169,M,4.0,0,45
200900024751,9,7,17,1645,1,2,2,2.0,5,45302,M,4.0,0,45
200900024752,9,7,18,1830,1,2,1,2.0,3,45169,M,4.0,0,45
200900024753,9,7,18,2220,5,2,2,2.0,3,45234,M,4.0,0,45
200900024754,9,7,22,1945,1,2,1,3.0,4,45234,M,4.0,0,45
200900024755,9,7,25,1255,1,2,1,1.0,6,45234,M,4.0,0,45
200900024756,9,7,26,1520,1,2,1,1.0,1,45234,M,4.0,0,45
200900024757,9,7,24,2050,2,2,2,3.0,3,45302,M,4.0,0,45
200900024758,9,7,26,1130,1,2,2,1.0,3,45302,M,4.0,0,45
200900024759,9,7,31,1545,1,2,3,1.0,2,45234,M,4.0,0,45
200900024760,9,7,10,1600,1,1,2,1.0,3,45229,M,0.0,0,45
200900024761,9,9,14,1415,1,2,1,1.0,3,72181,M,,,72
200900024762,9,6,25,1110,1,2,1,1.0,3,52121,M,4.0,0,52
200900024763,9,7,28,1505,1,2,6,1.0,3,52121,M,4.0,0,52
200900024764,9,6,1,1315,1,1,9,1.0,2,71475,M,,,71
200900024765,9,6,3,1925,1,2,2,1.0,3,71076,M,,,71
200900024766,9,6,1,1915,1,1,1,1.0,6,71453,M,0.0,0,71
200900024767,9,6,4,1300,1,2,1,1.0,2,71306,M,,,71
200900024768,9,6,6,1700,1,2,1,8.0,3,71543,M,4.0,0,71
200900024769,9,6,27,1300,1,1,1,1.0,1,71590,M,4.0,0,71
200900024770,9,6,27,1445,1,1,1,1.0,1,71559,M,4.0,0,71
200900024771,9,6,30,1645,1,2,1,1.0,3,71215,M,4.0,0,71
200900024772,9,6,30,1715,1,2,1,1.0,3,71342,M,0.0,0,71
200900024773,9,6,8,845,1,1,1,1.0,3,71056,M,4.0,0,71
200900024774,9,6,11,1900,1,2,9,1.0,1,71230,M,0.0,0,71
200900024775,9,6,11,1430,1,1,1,1.0,5,71426,M,0.0,0,71
200900024776,9,6,13,1415,1,2,1,1.0,3,71154,M,4.0,0,71
200900024777,9,6,13,1145,1,1,1,1.0,6,71555,M,0.0,0,71
200900024778,9,6,14,430,2,2,1,1.0,6,71047,M,0.0,0,71
200900024779,9,6,15,1530,1,2,1,1.0,1,71402,M,0.0,0,71
200900024780,9,6,21,515,2,1,1,1.0,6,71542,M,0.0,0,71
200900024781,9,6,22,1130,1,2,3,1.0,3,71270,M,,,71
200900024782,9,6,24,845,1,1,1,1.0,2,71576,M,0.0,0,71
200900024783,9,6,24,1815,1,1,1,1.0,1,71588,M,4.0,0,71
200900024784,9,6,8,1510,1,2,1,3.0,6,71153,M,,,71
200900024785,9,6,1,130,3,1,1,1.0,7,71356,M,0.0,0,71
200900024786,9,6,17,1815,1,2,2,1.0,3,71270,M,,,71
200900024787,9,6,8,1730,1,1,2,3.0,4,71540,M,,,71
200900024788,9,6,9,1800,1,2,1,1.0,5,71310,M,0.0,0,71
200900024789,9,6,13,2220,5,2,1,1.0,3,71105,M,,,71
200900024790,9,6,18,1545,1,2,1,1.0,2,71294,M,0.0,0,71
200900024791,9,6,19,830,1,1,2,1.0,1,71303,M,0.0,0,71
200900024792,9,6,20,700,1,1,1,1.0,5,71292,M,4.0,0,71
200900024793,9,6,20,1430,1,2,1,1.0,6,71292,M,4.0,0,71
200900024794,9,6,25,845,1,1,1,1.0,3,71130,M,4.0,0,71
200900024795,9,6,25,1630,1,2,1,1.0,2,71270,M,,,71
200900024796,9,6,27,2245,5,1,1,1.0,7,71485,M,4.0,0,71
200900024797,9,6,26,1015,1,1,1,1.0,3,71059,M,,,71
200900024798,9,6,20,536,3,1,1,1.0,1,71040,M,,,71
200900024799,9,6,9,1155,1,2,3,1.0,3,71306,M,,,71
200900024800,9,6,29,655,1,2,3,1.0,3,71270,M,,,71
200900024801,9,6,14,1945,2,1,1,1.0,7,71289,M,0.0,0,71
200900024802,9,6,30,1930,1,2,1,1.0,1,71378,M,0.0,0,71
200900024803,9,6,13,1445,1,1,1,1.0,7,71188,M,4.0,0,71
200900024804,9,6,14,1915,1,2,1,1.0,1,71070,M,0.0,0,71
200900024805,9,6,1,2030,2,2,1,1.0,4,71157,M,4.0,0,71
200900024806,9,6,3,1700,1,2,6,1.0,3,71270,M,,,71
200900024807,9,6,3,2130,2,2,1,1.0,1,71497,M,,,71
200900024808,9,6,12,1930,1,2,1,1.0,6,71270,M,,,71
200900024809,9,3,22,100,5,2,1,1.0,6,44055,M,,,44
200900024810,9,8,7,1505,1,1,3,1.0,1,45004,M,4.0,0,45
200900024811,9,8,1,600,2,1,1,1.0,6,45068,M,4.0,0,45
200900024812,9,8,14,1800,1,2,3,1.0,3,45004,M,4.0,0,45
200900024813,9,8,18,1100,1,1,1,1.0,7,45307,M,0.0,0,45
200900024814,9,8,5,1130,1,1,1,1.0,5,45249,M,4.0,0,45
200900024815,9,8,1,900,1,1,1,1.0,6,45306,M,0.0,0,45
200900024816,9,8,5,1015,1,1,1,1.0,3,45317,M,0.0,0,45
200900024817,9,8,5,1900,1,1,1,1.0,6,45307,M,0.0,0,45
200900024818,9,8,8,2245,3,1,1,1.0,6,45251,M,4.0,0,45
200900024819,9,8,10,1445,1,2,1,1.0,6,45050,M,4.0,0,45
200900024820,9,8,27,745,1,2,1,1.0,3,45279,M,0.0,0,45
200900024821,9,8,16,630,1,1,1,1.0,6,45089,M,4.0,0,45
200900024822,9,8,10,1630,1,2,3,1.0,3,45077,M,4.0,0,45
200900024823,9,8,29,2300,3,1,1,1.0,1,45146,M,0.0,0,45
200900024824,9,8,12,1300,1,2,2,1.0,6,45273,M,0.0,0,45
200900024825,9,8,12,1645,1,1,1,1.0,6,45332,M,0.0,0,45
200900024826,9,8,14,1830,1,2,1,1.0,3,45155,M,4.0,0,45
200900024827,9,8,16,1530,1,1,1,1.0,1,45173,M,4.0,0,45
200900024828,9,8,16,1715,1,2,3,1.0,3,45228,M,4.0,0,45
200900024829,9,8,17,1700,1,2,1,1.0,3,45155,M,0.0,0,45
200900024830,9,8,29,1930,1,1,1,1.0,6,45155,M,0.0,0,45
200900024831,9,8,18,1200,1,1,1,1.0,6,45098,M,0.0,0,45
200900024832,9,8,20,1845,1,2,2,1.0,3,45187,M,4.0,0,45
200900024833,9,8,21,930,1,1,1,1.0,6,45344,M,0.0,0,45
200900024834,9,8,22,1000,1,1,1,1.0,3,45085,M,0.0,0,45
200900024835,9,8,22,1230,1,1,1,1.0,3,45020,M,0.0,0,45
200900024836,9,8,26,1115,1,1,1,1.0,6,45332,M,0.0,0,45
200900024837,9,8,28,1500,1,1,1,1.0,6,45142,M,0.0,0,45
200900024838,9,8,29,1045,1,1,1,1.0,3,45154,M,0.0,0,45
200900024839,9,8,30,2045,1,1,2,1.0,3,45111,M,4.0,0,45
200900024840,9,8,8,1225,1,2,1,1.0,3,45234,M,4.0,0,45
200900024841,9,8,4,1645,1,2,3,1.0,3,45291,M,4.0,0,45
200900024842,9,8,4,940,1,2,1,1.0,1,45302,M,4.0,0,45
200900024843,9,8,1,1235,1,2,2,1.0,4,45232,M,4.0,0,45
200900024844,9,8,2,330,5,2,3,2.0,3,45234,M,4.0,0,45
200900024845,9,8,5,1315,1,2,1,1.0,1,45232,M,4.0,0,45
200900024846,9,8,7,2000,1,2,1,1.0,6,45234,M,4.0,0,45
200900024847,9,8,9,2120,3,1,1,1.0,2,45232,M,4.0,0,45
200900024848,9,8,13,1445,1,1,1,1.0,3,45286,M,4.0,0,45
200900024849,9,8,18,1830,1,1,1,1.0,1,45302,M,4.0,0,45
200900024850,9,8,19,1445,1,2,1,1.0,2,45234,M,4.0,0,45
200900024851,9,8,22,1110,1,2,3,1.0,3,45169,M,4.0,0,45
200900024852,9,8,28,415,5,1,1,1.0,3,45232,M,4.0,0,45
200900024853,9,8,26,715,1,2,4,1.0,3,45286,M,4.0,0,45
200900024854,9,8,27,720,1,2,2,1.0,3,45234,M,4.0,0,45
200900024855,9,8,28,2220,5,2,1,1.0,6,45234,M,4.0,0,45
200900024856,9,8,29,1425,1,2,3,1.0,6,45234,M,4.0,0,45
200900024857,9,8,29,1730,1,2,1,1.0,6,45234,M,4.0,0,45
200900024858,9,8,31,1220,1,2,3,1.0,3,45234,M,4.0,0,45
200900024859,9,8,22,1845,1,1,1,1.0,6,45338,M,4.0,0,45
200900024860,9,8,27,940,1,2,1,1.0,6,45338,M,4.0,0,45
200900024861,9,8,31,2038,2,2,3,1.0,3,45068,M,4.0,0,45
200900024862,9,8,31,2340,3,1,1,1.0,6,45004,M,4.0,0,45
200900024863,9,7,8,1848,1,2,2,1.0,7,37122,M,,,37
200900024864,9,7,8,2023,1,2,1,1.0,6,37261,M,,,37
200900024865,9,7,9,900,1,2,6,1.0,6,37261,M,,,37
200900024866,9,7,9,2050,1,2,1,1.0,6,37261,M,,,37
200900024867,9,7,10,305,5,2,1,1.0,7,37261,M,,,37
200900024868,9,7,1,1025,1,1,1,1.0,2,64483,M,4.0,-,64
200900024869,9,7,5,655,2,2,1,1.0,6,64545,M,4.0,-,64
200900024870,9,7,10,745,1,2,1,1.0,3,37261,M,,,37
200900024871,9,7,5,2330,5,2,1,1.0,4,64122,M,4.0,-,64
200900024872,9,7,10,1040,1,2,6,1.0,3,37122,M,,,37
200900024873,9,7,10,1653,1,2,1,9.0,7,37122,M,,,37
200900024874,9,7,6,1040,1,2,3,8.0,3,64483,M,4.0,-,64
200900024875,9,7,12,1155,1,2,1,1.0,4,64545,M,4.0,-,64
200900024876,9,7,11,123,5,2,6,1.0,3,37261,M,,,37
200900024877,9,7,13,1550,1,2,1,1.0,3,64483,M,4.0,-,64
200900024878,9,7,13,1655,1,1,1,8.0,5,64483,M,4.0,-,64
200900024879,9,7,15,1810,1,2,1,1.0,2,64483,M,4.0,-,64
200900024880,9,6,3,1140,1,2,1,1.0,6,28220,M,4.0,0,28
200900024881,9,6,18,1000,1,2,1,1.0,3,28085,M,4.0,0,28
200900024882,9,6,26,1740,1,2,1,1.0,3,28218,M,4.0,0,28
200900024883,9,6,27,1735,1,2,1,1.0,6,28085,M,4.0,0,28
200900024884,9,6,30,1300,1,2,1,1.0,1,28218,M,4.0,0,28
200900024885,9,7,11,1811,1,1,3,1.0,7,37195,M,,,37
200900024886,9,7,15,2300,5,2,1,1.0,4,64122,M,4.0,-,64
200900024887,9,7,16,1309,1,2,1,1.0,2,64102,M,4.0,-,64
200900024888,9,7,16,2025,1,1,1,1.0,3,64335,M,4.0,-,64
200900024889,9,7,17,600,5,2,1,1.0,2,64348,M,4.0,-,64
200900024890,9,7,17,1215,1,2,1,3.0,6,64024,M,4.0,-,64
200900024891,9,7,17,1525,1,2,1,2.0,2,64348,M,4.0,-,64
200900024892,9,7,17,1715,1,2,1,1.0,4,64445,M,4.0,-,64
200900024893,9,7,12,1119,1,2,1,2.0,3,37261,M,,,37
200900024894,9,7,18,1105,1,2,1,1.0,3,64483,M,4.0,-,64
200900024895,9,7,18,1520,1,2,1,7.0,3,64122,M,4.0,-,64
200900024896,9,7,18,1550,1,2,1,1.0,2,64483,M,4.0,-,64
200900024897,9,7,12,1745,1,2,1,1.0,6,37122,M,4.0,0,37
200900024898,9,7,18,2001,1,2,1,1.0,1,64024,M,4.0,-,64
200900024899,9,7,13,1810,1,2,2,1.0,1,37214,M,,,37
200900024900,9,7,18,2330,5,2,1,1.0,2,64125,M,4.0,-,64
200900024901,9,7,13,1811,1,2,3,1.0,7,37122,M,,,37
200900024902,9,7,19,1815,1,2,1,1.0,3,64122,M,4.0,-,64
200900024903,9,7,16,720,1,2,6,1.0,6,37122,M,,,37
200900024904,9,7,19,2045,1,2,1,1.0,6,64260,M,4.0,-,64
200900024905,9,7,16,1620,1,1,1,1.0,2,37261,M,,,37
200900024906,9,7,13,2145,3,1,1,8.0,7,28319,M,4.0,0,28
200900024907,9,7,16,1000,1,2,1,1.0,6,28086,M,4.0,0,28
200900024908,9,7,8,1815,1,2,9,1.0,7,28280,M,4.0,0,28
200900024909,9,7,24,2330,3,1,1,1.0,6,28167,M,4.0,0,28
200900024910,9,7,25,1745,1,1,1,1.0,6,28099,M,4.0,0,28
200900024911,9,7,22,1530,1,1,1,1.0,5,28032,M,4.0,0,28
200900024912,9,7,21,800,1,1,1,1.0,6,28026,M,4.0,0,28
200900024913,9,7,6,715,1,1,1,1.0,2,28171,M,4.0,0,28
200900024914,9,7,11,2145,3,1,1,2.0,7,28120,M,4.0,0,28
200900024915,9,7,25,1515,1,1,1,1.0,6,28247,M,4.0,0,28
200900024916,9,7,7,1623,1,1,1,1.0,7,28029,M,0.0,0,28
200900024917,9,7,7,1545,1,1,6,1.0,7,28422,M,4.0,0,28
200900024918,9,7,12,715,1,1,1,2.0,6,28226,M,4.0,0,28
200900024919,9,7,5,345,3,1,1,1.0,7,28092,M,4.0,0,28
200900024920,9,7,8,730,1,1,3,1.0,3,28311,M,4.0,0,28
200900024921,9,7,31,1845,1,1,1,1.0,6,28149,M,4.0,0,28
200900024922,9,7,5,2145,2,1,1,1.0,7,28355,M,4.0,0,28
200900024923,9,7,22,1630,1,1,1,1.0,7,28219,M,4.0,0,28
200900024924,9,7,30,1445,1,1,1,1.0,7,28373,M,4.0,0,28
200900024925,9,7,20,830,1,1,1,1.0,5,28388,M,4.0,0,28
200900024926,9,7,27,830,1,1,1,1.0,2,28123,M,4.0,0,28
200900024927,9,7,31,1230,1,1,1,1.0,1,28141,M,4.0,0,28
200900024928,9,7,7,2130,1,1,1,1.0,7,28073,M,4.0,0,28
200900024929,9,7,26,2245,3,1,1,1.0,6,28253,M,4.0,0,28
200900024930,9,7,18,1045,1,1,1,1.0,6,28092,M,4.0,0,28
200900024931,9,7,13,2315,5,2,1,1.0,6,28085,M,4.0,0,28
200900024932,9,7,2,1840,1,2,3,1.0,7,28085,M,4.0,0,28
200900024933,9,7,2,640,1,2,1,1.0,2,28218,M,4.0,0,28
200900024934,9,7,1,1855,1,2,1,1.0,6,28220,M,4.0,0,28
200900024935,9,7,7,810,1,2,2,1.0,7,28134,M,4.0,0,28
200900024936,9,7,5,25,5,2,1,1.0,5,28085,M,4.0,0,28
200900024937,9,7,1,2000,1,2,1,1.0,7,28218,M,4.0,0,28
200900024938,9,7,5,1505,1,2,1,1.0,1,28085,M,4.0,0,28