Num_Acc,an,mois,jour,hrmn,lum,agg,int,atm,col,com,gps,lat,long,dep
200900024939,9,7,30,1510,1,2,1,1.0,3,28404,M,4.0,0,28
200900024940,9,7,24,1715,1,2,1,1.0,3,28220,M,,,28
200900024941,9,7,26,1850,1,2,1,1.0,3,28134,M,4.0,0,28
200900024942,9,7,17,1130,1,2,1,1.0,6,28085,M,4.0,0,28
200900024943,9,7,27,1605,1,2,1,1.0,1,28229,M,4.0,0,28
200900024944,9,7,2,1530,1,2,1,1.0,2,28218,M,4.0,0,28
200900024945,9,7,7,910,1,1,1,1.0,1,28209,M,4.0,0,28
200900024946,9,7,8,1645,1,2,5,1.0,4,28134,M,4.0,0,28
200900024947,9,7,22,1345,1,2,1,1.0,3,28350,M,4.0,0,28
200900024948,9,7,20,940,1,2,1,1.0,3,64122,M,4.0,-,64
200900024949,9,7,21,1225,1,2,1,1.0,6,64260,M,4.0,-,64
200900024950,9,7,16,1855,1,2,3,1.0,3,37261,M,,,37
200900024951,9,7,21,1240,1,2,1,1.0,6,64445,M,4.0,-,64
200900024952,9,7,23,355,3,1,1,1.0,7,64260,M,4.0,-,64
200900024953,9,7,17,1751,1,2,1,1.0,7,37261,M,,,37
200900024954,9,7,23,1740,1,1,1,2.0,5,64483,M,4.0,-,64
200900024955,9,7,23,2230,5,2,3,1.0,3,64483,M,4.0,-,64
200900024956,9,7,21,23,5,2,1,1.0,7,37261,M,,,37
200900024957,9,7,24,250,5,2,1,1.0,6,64445,M,4.0,-,64
200900024958,9,7,24,1355,1,2,3,1.0,3,64445,M,4.0,-,64
200900024959,9,7,24,1920,1,2,1,1.0,6,64024,M,4.0,-,64
200900024960,9,7,21,1741,1,2,1,9.0,7,37122,M,,,37
200900024961,9,7,25,1405,1,2,1,1.0,3,64445,M,4.0,-,64
200900024962,9,7,27,1145,1,2,1,1.0,6,64519,M,4.0,-,64
200900024963,9,7,22,1903,1,2,2,3.0,2,37261,M,,,37
200900024964,9,7,27,1221,1,2,6,1.0,6,64024,M,4.0,-,64
200900024965,9,7,23,725,1,2,1,1.0,7,37261,M,,,37
200900024966,9,7,27,1355,1,2,1,1.0,2,64445,M,4.0,-,64
200900024967,9,7,23,1000,1,2,1,1.0,6,37261,M,,,37
200900024968,9,7,27,1620,1,2,1,1.0,3,64125,M,4.0,-,64
200900024969,9,7,23,1350,1,2,5,2.0,3,37261,M,,,37
200900024970,9,7,27,1705,1,2,1,1.0,3,64545,M,4.0,-,64
200900024971,9,7,23,1452,1,1,3,2.0,2,37261,M,,,37
200900024972,9,7,27,2250,5,2,2,1.0,1,64102,M,4.0,-,64
200900024973,9,7,23,1610,1,1,1,2.0,6,37261,M,,,37
200900024974,9,7,24,520,5,2,1,1.0,3,37261,M,,,37
200900024975,9,7,24,1345,1,2,1,1.0,3,37261,M,,,37
200900024976,9,7,28,15,3,1,1,1.0,7,64545,M,4.0,-,64
200900024977,9,7,25,1622,1,2,1,1.0,7,37208,M,,,37
200900024978,9,7,28,1113,1,2,3,1.0,3,64445,M,4.0,-,64
200900024979,9,7,25,2325,5,2,1,1.0,7,37261,M,,,37
200900024980,9,7,28,1700,1,2,1,1.0,6,64445,M,4.0,-,64
200900024981,9,7,26,2010,1,2,1,1.0,7,37261,M,,,37
200900024982,9,7,28,1730,1,2,1,1.0,6,64260,M,4.0,-,64
200900024983,9,7,26,2105,1,2,1,1.0,6,37261,M,,,37
200900024984,9,7,27,500,5,2,6,1.0,7,37261,M,,,37
200900024985,9,7,28,1850,1,2,1,1.0,6,64260,M,4.0,-,64
200900024986,9,7,27,905,1,2,6,1.0,3,37233,M,,,37
200900024987,9,7,28,1920,1,2,1,1.0,6,64260,M,4.0,-,64
200900024988,9,7,29,15,5,2,1,1.0,6,64445,M,4.0,-,64
200900024989,9,7,29,1350,1,2,1,1.0,5,64125,M,4.0,-,64
200900024990,9,7,28,900,1,2,3,1.0,3,37233,M,,,37
200900024991,9,7,29,1230,1,2,1,1.0,7,37261,M,,,37
200900024992,9,7,30,825,1,2,1,1.0,2,37233,M,,,37
200900024993,9,7,30,1347,1,2,2,1.0,3,37261,M,,,37
200900024994,9,7,29,1945,1,2,6,1.0,3,64102,M,4.0,-,64
200900024995,9,7,30,115,5,2,1,1.0,7,64102,M,4.0,-,64
200900024996,9,7,30,430,5,2,1,1.0,7,64102,M,4.0,-,64
200900024997,9,7,30,1125,1,2,2,1.0,3,64445,M,4.0,-,64
200900024998,9,7,30,1325,1,2,1,1.0,2,64284,M,4.0,-,64
200900024999,9,7,30,1603,1,2,1,1.0,7,64024,M,4.0,-,64
200900025000,9,7,30,1755,1,1,3,1.0,3,64545,M,4.0,-,64
200900025001,9,7,30,1800,1,2,1,1.0,6,64189,M,4.0,-,64
200900025002,9,7,31,327,5,1,6,1.0,7,64102,M,4.0,-,64
200900025003,9,7,31,1720,1,2,1,1.0,6,64024,M,4.0,-,64
200900025004,9,3,27,1830,2,2,1,1.0,1,34023,M,4.0,0,34
200900025005,9,3,31,920,1,2,2,1.0,3,34172,M,,,34
200900025006,9,3,19,1740,1,1,1,1.0,5,34108,M,4.0,0,34
200900025007,9,3,14,500,3,1,6,1.0,2,34031,M,4.0,0,34
200900025008,9,3,9,1400,1,2,6,1.0,1,34079,M,4.0,0,34
200900025009,9,3,21,1445,1,1,1,1.0,3,34058,M,4.0,0,34
200900025010,9,3,21,1725,1,1,6,1.0,3,34108,M,4.0,0,34
200900025011,9,3,23,1245,1,1,1,1.0,6,34094,M,4.0,0,34
200900025012,9,3,7,1800,1,1,1,1.0,7,34085,M,4.0,0,34
200900025013,9,3,1,515,3,1,1,1.0,6,34210,M,4.0,0,34
200900025014,9,3,4,545,2,1,1,2.0,6,34031,M,4.0,0,34
200900025015,9,3,3,1045,1,2,2,1.0,2,34172,M,4.0,0,34
200900025016,9,3,4,1315,1,1,1,1.0,7,34072,M,4.0,0,34
200900025017,9,3,5,715,1,1,1,9.0,6,34322,M,4.0,0,34
200900025018,9,3,5,1600,1,1,1,1.0,1,34270,M,4.0,0,34
200900025019,9,3,6,1130,1,2,1,1.0,6,34028,M,4.0,0,34
200900025020,9,3,6,1615,1,2,3,1.0,3,34324,M,4.0,0,34
200900025021,9,3,6,2130,5,2,3,1.0,3,34202,M,4.0,0,34
200900025022,9,3,2,1950,5,2,1,1.0,3,34032,M,4.0,0,34
200900025023,9,3,6,1730,1,2,1,6.0,6,34108,M,4.0,0,34
200900025024,9,3,7,2245,5,2,1,1.0,1,34327,M,4.0,0,34
200900025025,9,3,10,1545,1,2,1,1.0,3,34172,M,4.0,0,34
200900025026,9,3,20,805,1,2,1,1.0,3,34108,M,4.0,0,34
200900025027,9,3,16,1445,1,2,1,1.0,3,34172,M,4.0,0,34
200900025028,9,3,18,845,1,2,1,1.0,7,34172,M,4.0,0,34
200900025029,9,3,20,1230,1,1,6,1.0,7,34247,M,4.0,0,34
200900025030,9,3,20,1920,5,2,1,1.0,7,34032,M,4.0,0,34
200900025031,9,3,23,1730,2,1,1,1.0,4,34095,M,4.0,0,34
200900025032,9,3,25,2015,5,2,1,1.0,1,34032,M,4.0,0,34
200900025033,9,3,27,1835,1,2,6,1.0,2,34172,M,4.0,0,34
200900025034,9,3,27,1325,1,2,2,1.0,5,34172,M,4.0,0,34
200900025035,9,3,29,1715,1,2,1,1.0,3,34332,M,4.0,0,34
200900025036,9,3,10,1715,1,2,1,1.0,3,34172,M,4.0,0,34
200900025037,9,3,7,430,3,2,1,1.0,6,34172,M,4.0,0,34
200900025038,9,3,7,900,1,1,1,1.0,1,34157,M,4.0,0,34
200900025039,9,3,7,1115,1,1,1,6.0,6,34001,M,4.0,0,34
200900025040,9,3,11,2245,3,1,1,1.0,1,34016,M,4.0,0,34
200900025041,9,3,13,1210,1,2,1,1.0,7,34003,M,4.0,0,34
200900025042,9,3,14,1630,1,1,1,1.0,1,34201,M,4.0,0,34
200900025043,9,3,14,315,3,1,1,1.0,6,34336,M,4.0,0,34
200900025044,9,3,14,1715,1,2,1,1.0,7,34032,M,4.0,0,34
200900025045,9,3,15,1045,1,2,1,1.0,7,34172,M,4.0,0,34
200900025046,9,3,15,1230,1,1,1,1.0,5,34052,M,4.0,0,34
200900025047,9,3,16,1600,1,2,1,1.0,6,34032,M,4.0,0,34
200900025048,9,3,16,2015,5,2,1,1.0,6,34172,M,4.0,0,34
200900025049,9,3,17,831,1,2,1,1.0,6,34172,M,4.0,0,34
200900025050,9,3,17,1330,1,1,1,1.0,2,34003,M,,,34
200900025051,9,3,22,145,3,1,1,1.0,6,34209,M,4.0,0,34
200900025052,9,3,22,1500,1,2,1,1.0,6,34142,M,4.0,0,34
200900025053,9,3,22,2230,5,2,9,1.0,3,34033,M,4.0,0,34
200900025054,9,3,23,1815,1,1,1,1.0,1,34082,M,4.0,0,34
200900025055,9,3,25,1830,1,2,1,7.0,6,34332,M,4.0,0,34
200900025056,9,3,27,1335,1,2,1,1.0,2,34003,M,4.0,0,34
200900025057,9,3,27,1730,1,2,1,7.0,4,34172,M,4.0,0,34
200900025058,9,3,1,1415,1,2,3,8.0,3,34172,M,4.0,0,34
200900025059,9,3,2,530,3,1,1,1.0,5,34321,M,0.0,0,34
200900025060,9,3,2,1820,1,2,6,7.0,7,34032,M,,,34
200900025061,9,3,3,1710,1,2,1,1.0,7,34032,M,,,34
200900025062,9,3,6,1810,2,2,9,1.0,2,34172,M,4.0,0,34
200900025063,9,3,7,1715,1,1,1,1.0,6,34338,M,4.0,0,34
200900025064,9,3,4,945,1,2,1,2.0,2,34123,M,4.0,0,34
200900025065,9,3,4,1605,1,2,3,8.0,3,34172,M,4.0,0,34
200900025066,9,3,5,905,1,2,1,1.0,6,34172,M,4.0,0,34
200900025067,9,3,6,1400,1,2,1,8.0,7,34172,M,4.0,0,34
200900025068,9,3,8,2045,4,1,1,1.0,7,34163,M,4.0,0,34
200900025069,9,3,9,825,1,2,3,1.0,3,34172,M,4.0,0,34
200900025070,9,3,9,1305,1,2,1,1.0,3,34032,M,,,34
200900025071,9,3,10,745,1,2,1,1.0,7,34172,M,4.0,0,34
200900025072,9,3,10,945,1,2,1,1.0,7,34172,M,4.0,0,34
200900025073,9,3,10,1417,1,2,1,1.0,3,34172,M,4.0,0,34
200900025074,9,3,11,755,1,2,1,8.0,5,34172,M,4.0,0,34
200900025075,9,3,13,715,1,1,1,1.0,1,34151,M,0.0,0,34
200900025076,9,3,13,815,1,1,1,1.0,1,34114,M,0.0,0,34
200900025077,9,3,13,850,1,2,1,1.0,3,34172,M,4.0,0,34
200900025078,9,3,13,1230,1,2,1,1.0,5,34172,M,4.0,0,34
200900025079,9,3,14,745,1,1,6,1.0,1,34299,M,4.0,0,34
200900025080,9,3,15,1830,1,2,1,1.0,6,34172,M,4.0,0,34
200900025081,9,3,16,1745,1,2,2,1.0,3,34336,M,4.0,0,34
200900025082,9,3,16,1830,2,2,3,1.0,3,34172,M,4.0,0,34
200900025083,9,3,18,855,1,2,1,7.0,7,34032,M,,,34
200900025084,9,3,18,1705,1,2,1,1.0,3,34336,M,4.0,0,34
200900025085,9,3,18,1945,5,1,3,1.0,3,34172,M,4.0,0,34
200900025086,9,3,19,1830,2,1,1,1.0,3,34157,M,4.0,0,34
200900025087,9,3,19,1944,5,2,3,1.0,5,34172,M,4.0,0,34
200900025088,9,3,20,1651,1,2,2,1.0,3,34172,M,4.0,0,34
200900025089,9,3,20,1705,1,2,1,1.0,3,34172,M,4.0,0,34
200900025090,9,3,20,2110,5,2,1,1.0,7,34172,M,,,34
200900025091,9,3,20,1830,1,1,1,1.0,3,34032,M,4.0,0,34
200900025092,9,3,20,1853,1,2,2,1.0,7,34172,M,4.0,0,34
200900025093,9,3,21,1230,1,2,3,1.0,3,34037,M,4.0,0,34
200900025094,9,3,23,927,1,2,1,1.0,2,34172,M,,,34
200900025095,9,3,23,1300,1,1,1,1.0,1,34094,M,4.0,0,34
200900025096,9,3,23,1602,1,2,2,1.0,3,34172,M,4.0,0,34
200900025097,9,3,25,735,1,2,3,1.0,6,34172,M,4.0,0,34
200900025098,9,3,25,2020,5,2,2,1.0,1,34172,M,4.0,0,34
200900025099,9,3,26,1525,1,2,3,1.0,3,34172,M,4.0,0,34
200900025100,9,3,26,1945,5,2,2,1.0,1,34032,M,4.0,0,34
200900025101,9,3,26,221,5,2,1,1.0,7,34129,M,,,34
200900025102,9,3,29,945,1,1,1,9.0,6,34239,M,4.0,0,34
200900025103,9,3,26,1945,5,2,1,1.0,1,34140,M,4.0,0,34
200900025104,9,3,27,810,1,2,3,1.0,3,34172,M,4.0,0,34
200900025105,9,3,27,1040,1,2,2,1.0,6,34172,M,4.0,0,34
200900025106,9,3,27,1255,1,2,1,7.0,2,34172,M,4.0,0,34
200900025107,9,3,28,1020,1,1,1,8.0,2,34129,M,4.0,0,34
200900025108,9,3,30,510,3,1,1,1.0,6,34032,M,,,34
200900025109,9,3,30,2205,5,2,6,1.0,3,34129,M,4.0,0,34
200900025110,9,3,31,1845,1,1,9,1.0,1,34166,M,4.0,0,34
200900025111,9,3,31,935,1,2,1,8.0,2,34172,M,,,34
200900025112,9,3,31,1655,1,2,1,1.0,7,34032,M,4.0,0,34
200900025113,9,3,31,2000,2,2,1,8.0,7,34129,M,4.0,0,34
200900025114,9,3,1,650,5,2,1,1.0,2,34172,M,4.0,0,34
200900025115,9,6,20,1120,1,2,3,1.0,3,24053,M,,,24
200900025116,9,8,4,1500,1,1,1,1.0,1,60159,M,,,60
200900025117,9,8,28,1600,1,2,9,1.0,3,60439,M,0.0,0,60
200900025118,9,8,13,130,5,2,1,1.0,6,60513,M,0.0,0,60
200900025119,9,8,19,1600,1,2,2,1.0,3,60142,M,4.0,0,60
200900025120,9,8,30,1000,1,2,9,1.0,1,60577,M,4.0,0,60
200900025121,9,8,3,1045,1,2,1,1.0,6,60483,M,0.0,0,60
200900025122,9,8,10,1930,1,1,1,1.0,6,60194,M,0.0,0,60
200900025123,9,8,9,1145,1,2,1,1.0,4,60029,M,4.0,0,60
200900025124,9,8,14,615,2,1,1,1.0,1,60509,M,0.0,0,60
200900025125,9,8,3,1415,1,1,1,1.0,7,60096,M,0.0,0,60
200900025126,9,8,15,1915,1,2,1,1.0,3,60286,M,0.0,0,60
200900025127,9,8,26,945,1,1,1,1.0,7,60396,M,0.0,0,60
200900025128,9,8,18,1145,1,1,1,1.0,7,60628,M,0.0,0,60
200900025129,9,8,15,1830,1,1,2,1.0,3,60444,M,0.0,0,60
200900025130,9,8,28,2000,1,1,1,1.0,7,60370,M,4.0,0,60
200900025131,9,8,27,1900,1,2,1,1.0,3,60317,M,0.0,0,60
200900025132,9,8,19,1115,1,1,3,1.0,4,60646,M,0.0,0,60
200900025133,9,8,16,45,3,1,1,1.0,6,60257,M,0.0,0,60
200900025134,9,8,27,1300,1,1,1,1.0,3,60187,M,4.0,0,60
200900025135,9,8,4,1500,1,2,1,1.0,7,60042,M,4.0,0,60
200900025136,9,8,12,30,3,1,1,1.0,6,60531,M,0.0,0,60
200900025137,9,8,7,615,2,1,1,1.0,6,60181,M,4.0,0,60
200900025138,9,8,15,845,1,1,1,1.0,7,60372,M,0.0,0,60
200900025139,9,8,8,1,3,1,1,1.0,5,60558,M,0.0,0,60
200900025140,9,8,14,1230,1,1,1,1.0,4,60533,M,0.0,0,60
200900025141,9,8,2,1745,1,2,1,1.0,7,60601,M,0.0,0,60
200900025142,9,8,16,1845,1,1,3,1.0,2,60195,M,0.0,0,60
200900025143,9,8,19,2245,3,2,1,1.0,6,60508,M,0.0,0,60
200900025144,9,8,19,1730,1,2,1,1.0,7,60639,M,0.0,0,60
200900025145,9,8,4,2300,5,2,1,1.0,1,60429,M,0.0,0,60
200900025146,9,8,3,1600,1,1,1,1.0,7,60625,M,0.0,0,60
200900025147,9,8,24,615,1,1,1,1.0,7,60639,M,0.0,0,60
200900025148,9,8,10,1530,1,1,2,1.0,3,60410,M,0.0,0,60
200900025149,9,8,25,1630,1,1,1,1.0,7,60628,M,0.0,0,60
200900025150,9,8,24,2230,3,1,1,1.0,5,60134,M,4.0,0,60
200900025151,9,8,24,1830,1,1,1,2.0,1,60176,M,0.0,0,60
200900025152,9,8,24,1900,1,1,1,1.0,1,60147,M,0.0,0,60
200900025153,9,8,20,1845,1,1,3,1.0,2,60143,M,0.0,0,60
200900025154,9,8,24,1710,1,1,1,3.0,6,60159,M,,,60
200900025155,9,8,26,1730,1,2,1,1.0,5,60471,M,0.0,0,60
200900025156,9,8,28,1730,1,2,1,1.0,1,60058,M,0.0,0,60
200900025157,9,8,31,1830,1,1,1,1.0,6,60159,M,,,60
200900025158,9,8,25,1900,1,2,2,1.0,3,60159,M,,,60
200900025159,9,3,3,1500,1,2,1,1.0,7,85060,M,4.0,-,85
200900025160,9,3,6,2330,3,1,1,1.0,1,85166,M,,,85
200900025161,9,3,7,1455,1,2,3,1.0,3,85194,M,4.0,-,85
200900025162,9,3,14,1025,1,2,1,1.0,6,85194,M,4.0,-,85
200900025163,9,3,18,1915,2,2,3,1.0,3,85194,M,4.0,-,85
200900025164,9,3,23,1600,1,1,1,1.0,3,85194,M,4.0,-,85
200900025165,9,3,28,155,3,2,1,6.0,6,85060,M,4.0,-,85
200900025166,9,4,6,155,5,2,1,1.0,3,85194,M,4.0,-,85
200900025167,9,4,13,535,5,2,1,1.0,6,85060,M,,,85
200900025168,9,4,22,830,1,2,3,1.0,3,85060,M,4.0,-,85
200900025169,9,3,21,2310,5,2,2,1.0,3,85166,M,,,85
200900025170,9,4,11,1015,1,1,1,1.0,6,85166,M,,,85
200900025171,9,4,26,1135,1,2,1,1.0,4,85060,M,,,85
200900025172,9,3,26,1850,1,2,2,2.0,5,78165,M,4.0,0,78
200900025173,9,3,27,630,2,2,2,1.0,3,78423,M,4.0,0,78
200900025174,9,3,10,1510,1,2,3,2.0,3,78423,M,4.0,0,78
200900025175,9,3,12,820,1,2,7,2.0,2,78297,M,4.0,0,78
200900025176,9,3,28,1430,1,2,1,2.0,2,78423,M,4.0,0,78
200900025177,9,3,5,2055,5,2,5,1.0,7,78172,M,4.0,0,78
200900025178,9,3,19,2020,3,1,1,1.0,1,78402,M,4.0,0,78
200900025179,9,3,23,840,1,1,1,1.0,2,78238,M,4.0,0,78
200900025180,9,3,4,830,1,1,1,2.0,5,78043,M,4.0,0,78
200900025181,9,3,3,1220,1,1,1,1.0,3,78073,M,4.0,0,78
200900025182,9,3,27,645,1,1,1,1.0,7,78217,M,4.0,0,78
200900025183,9,3,7,2135,3,1,1,1.0,3,78490,M,4.0,0,78
200900025184,9,3,18,1020,1,1,1,1.0,2,78431,M,4.0,0,78
200900025185,9,3,11,1540,1,1,1,1.0,2,78524,M,4.0,0,78
200900025186,9,3,9,1000,1,1,1,1.0,6,78396,M,4.0,0,78
200900025187,9,3,2,1600,1,1,1,1.0,3,78242,M,4.0,0,78
200900025188,9,3,26,625,2,1,1,1.0,3,78466,M,4.0,0,78
200900025189,9,3,30,1800,1,1,1,1.0,2,78640,M,4.0,0,78
200900025190,9,3,19,825,1,2,1,1.0,6,78383,M,4.0,0,78
200900025191,9,3,8,2105,3,1,1,1.0,7,78206,M,4.0,0,78
200900025192,9,3,17,825,1,1,1,1.0,3,78423,M,4.0,0,78
200900025193,9,3,19,730,2,1,1,1.0,6,78238,M,4.0,0,78
200900025194,9,3,31,1345,1,1,4,1.0,3,78640,M,4.0,0,78
200900025195,9,3,8,1320,1,1,1,8.0,6,78646,M,4.0,0,78
200900025196,9,3,3,1340,1,1,1,1.0,2,78242,M,4.0,0,78
200900025197,9,3,30,1230,1,1,1,1.0,6,78646,M,4.0,0,78
200900025198,9,3,20,1845,1,1,1,1.0,2,78640,M,4.0,0,78
200900025199,9,3,15,2018,5,1,1,1.0,2,78158,M,4.0,0,78
200900025200,9,3,30,1920,1,2,1,1.0,4,78208,M,4.0,0,78
200900025201,9,3,27,815,1,2,2,1.0,7,78190,M,4.0,0,78
200900025202,9,3,16,1925,5,2,6,1.0,1,78644,M,4.0,0,78
200900025203,9,3,5,815,1,2,7,1.0,6,78005,M,4.0,0,78
200900025204,9,3,26,835,1,2,1,1.0,6,78335,M,4.0,0,78
200900025205,9,3,23,940,1,2,1,1.0,6,78335,M,4.0,0,78
200900025206,9,3,11,1700,1,2,1,1.0,6,78517,M,4.0,0,78
200900025207,9,3,19,1630,1,2,3,1.0,6,78517,M,4.0,0,78
200900025208,9,3,19,1105,1,2,2,1.0,3,78517,M,4.0,0,78
200900025209,9,3,23,1905,5,2,7,1.0,6,78642,M,4.0,0,78
200900025210,9,3,16,1605,1,2,2,1.0,1,78361,M,4.0,0,78
200900025211,9,3,14,2015,2,2,2,1.0,6,78335,M,4.0,0,78
200900025212,9,3,30,2140,5,2,2,1.0,2,78362,M,4.0,0,78
200900025213,9,3,3,1600,1,2,1,1.0,6,78517,M,4.0,0,78
200900025214,9,3,1,1650,1,2,9,1.0,6,78643,M,4.0,0,78
200900025215,9,3,20,1508,1,2,2,1.0,1,78498,M,4.0,0,78
200900025216,9,3,21,1550,1,2,3,1.0,6,78498,M,4.0,0,78
200900025217,9,3,10,715,1,2,1,2.0,6,78517,M,4.0,0,78
200900025218,9,3,25,900,1,2,3,2.0,6,78498,M,4.0,0,78
200900025219,9,3,20,2045,5,2,2,1.0,2,78361,M,4.0,0,78
200900025220,9,3,23,715,1,2,6,9.0,3,78242,M,4.0,0,78
200900025221,9,3,26,1140,1,2,1,1.0,6,78126,M,4.0,0,78
200900025222,9,3,3,910,1,2,1,1.0,3,78124,M,4.0,0,78
200900025223,9,3,27,1915,3,2,1,2.0,1,78082,M,4.0,0,78
200900025224,9,3,29,1915,1,1,1,1.0,7,78564,M,4.0,0,78
200900025225,9,3,8,1415,1,2,1,1.0,2,78466,M,4.0,0,78
200900025226,9,3,9,830,1,1,3,1.0,3,78090,M,4.0,0,78
200900025227,9,3,2,745,1,1,1,1.0,6,78431,M,4.0,0,78
200900025228,9,3,4,1000,1,2,1,3.0,3,78265,M,4.0,0,78
200900025229,9,3,18,1300,1,1,6,1.0,2,78381,M,4.0,0,78
200900025230,9,3,3,1530,1,1,1,1.0,1,78003,M,4.0,0,78
200900025231,9,3,2,1500,1,1,1,1.0,6,78349,M,4.0,0,78
200900025232,9,3,9,815,1,1,1,1.0,6,78466,M,4.0,0,78
200900025233,9,3,22,1730,1,1,1,1.0,1,78062,M,4.0,0,78
200900025234,9,3,6,1645,1,1,1,1.0,2,78443,M,4.0,0,78
200900025235,9,3,16,1900,3,1,1,1.0,1,78571,M,4.0,0,78
200900025236,9,3,11,645,1,1,2,1.0,2,78588,M,4.0,0,78
200900025237,9,3,16,1450,1,2,1,1.0,6,78586,M,4.0,0,78
200900025238,9,3,31,950,1,2,1,1.0,6,78551,M,4.0,0,78
200900025239,9,3,4,1500,1,2,1,1.0,6,78440,M,4.0,0,78
200900025240,9,3,17,1545,1,2,3,1.0,6,78640,M,4.0,0,78
200900025241,9,3,18,1220,1,2,1,1.0,6,78646,M,4.0,0,78
200900025242,9,3,13,1515,1,2,1,1.0,3,78646,M,4.0,0,78
200900025243,9,3,19,1200,1,2,1,1.0,6,78158,M,4.0,0,78
200900025244,9,3,7,1225,1,2,2,1.0,6,78646,M,4.0,0,78
200900025245,9,3,26,552,3,2,1,1.0,6,78401,M,4.0,0,78
200900025246,9,3,24,2140,5,2,3,1.0,3,78646,M,4.0,0,78
200900025247,9,3,13,1140,1,2,1,1.0,6,78646,M,4.0,0,78
200900025248,9,3,1,1250,1,2,1,1.0,3,78646,M,4.0,0,78
200900025249,9,3,2,725,1,2,6,1.0,3,78208,M,4.0,0,78
200900025250,9,3,5,825,1,2,1,1.0,6,78361,M,4.0,0,78
200900025251,9,3,5,1200,1,2,2,1.0,3,78646,M,4.0,0,78
200900025252,9,3,3,1200,1,2,2,1.0,2,78168,M,4.0,0,78
200900025253,9,3,5,530,5,2,1,9.0,3,78551,M,4.0,0,78
200900025254,9,3,5,755,2,1,1,1.0,6,78624,M,4.0,0,78
200900025255,9,3,6,845,1,2,2,1.0,2,78642,M,4.0,0,78
200900025256,9,3,6,1800,1,2,2,1.0,5,78381,M,4.0,0,78
200900025257,9,3,9,1920,5,2,1,1.0,2,78311,M,4.0,0,78
200900025258,9,3,7,1530,1,2,2,1.0,3,78168,M,4.0,0,78
200900025259,9,3,7,2015,3,1,1,1.0,3,78551,M,4.0,0,78
200900025260,9,3,16,1610,1,2,3,1.0,5,78220,M,4.0,0,78
200900025261,9,3,19,1755,2,2,6,1.0,3,78490,M,4.0,0,78
200900025262,9,3,12,1925,5,2,2,1.0,6,78440,M,4.0,0,78
200900025263,9,3,15,1240,1,2,1,1.0,3,78502,M,4.0,0,78
200900025264,9,3,15,1405,1,2,1,1.0,6,78146,M,4.0,0,78
200900025265,9,3,20,1320,1,2,1,1.0,2,78440,M,4.0,0,78
200900025266,9,3,20,1330,1,2,3,1.0,6,78361,M,4.0,0,78
200900025267,9,3,20,1410,1,1,6,1.0,3,78498,M,4.0,0,78
200900025268,9,3,20,1709,1,1,1,1.0,5,78624,M,4.0,0,78
200900025269,9,3,21,1240,1,2,3,1.0,3,78686,M,4.0,0,78
200900025270,9,3,21,1700,1,2,3,1.0,3,78624,M,4.0,0,78
200900025271,9,3,22,1745,1,2,2,1.0,1,78650,M,4.0,0,78
200900025272,9,3,23,1455,1,1,1,1.0,7,78674,M,4.0,0,78
200900025273,9,3,23,1730,1,2,2,8.0,3,78586,M,4.0,0,78
200900025274,9,3,26,1640,1,2,2,2.0,6,78354,M,4.0,0,78
200900025275,9,3,28,1930,5,2,2,2.0,6,78688,M,4.0,0,78
200900025276,9,3,29,1355,1,2,1,1.0,6,78609,M,4.0,0,78
200900025277,9,3,31,1735,1,2,2,1.0,1,78490,M,4.0,0,78
200900025278,9,1,22,1830,3,2,1,2.0,2,95277,M,4.0,0,95
200900025279,9,2,3,2010,5,2,1,1.0,6,95277,M,4.0,0,95
200900025280,9,5,4,630,1,2,1,1.0,4,95585,M,4.0,0,95
200900025281,9,5,4,1520,1,2,2,1.0,3,95585,M,4.0,0,95
200900025282,9,5,15,1530,1,1,9,1.0,2,95680,M,4.0,0,95
200900025283,9,5,15,1925,1,2,1,1.0,7,95585,M,4.0,0,95
200900025284,9,5,23,1710,1,2,1,1.0,3,95539,M,4.0,0,95
200900025285,9,5,28,1245,1,2,1,1.0,6,95280,M,4.0,0,95
200900025286,9,5,31,1225,1,2,1,1.0,7,95277,M,4.0,0,95
200900025287,9,8,3,1415,1,2,2,1.0,6,88160,M,4.0,0,88
200900025288,9,8,15,1200,1,1,1,1.0,3,88381,M,4.0,0,88
200900025289,9,8,30,1915,1,1,1,1.0,1,88075,M,4.0,0,88
200900025290,9,8,22,15,3,1,1,1.0,5,88487,M,4.0,0,88
200900025291,9,8,17,2200,3,1,1,1.0,7,88225,M,0.0,0,88
200900025292,9,8,7,1115,1,1,1,1.0,1,88196,M,4.0,0,88
200900025293,9,8,3,1015,1,1,1,1.0,6,88454,M,4.0,0,88
200900025294,9,8,12,1445,1,2,1,1.0,1,88009,M,4.0,0,88
200900025295,9,8,4,1445,1,1,1,1.0,7,88108,M,4.0,0,88
200900025296,9,8,15,1745,1,1,1,1.0,6,88136,M,0.0,0,88
200900025297,9,8,26,1900,1,1,1,1.0,7,88449,M,4.0,0,88
200900025298,9,8,6,2030,2,2,1,1.0,1,88330,M,4.0,0,88
200900025299,9,8,7,2215,5,2,4,1.0,1,88321,M,4.0,0,88
200900025300,9,8,20,1630,1,1,1,1.0,3,88112,M,4.0,0,88
200900025301,9,8,26,2330,3,1,1,1.0,7,88218,M,4.0,0,88
200900025302,9,8,6,400,3,1,1,1.0,6,88068,M,4.0,0,88
200900025303,9,8,23,1415,1,1,1,1.0,2,88198,M,4.0,0,88
200900025304,9,8,27,2045,3,1,1,1.0,1,88481,M,4.0,0,88
200900025305,9,8,14,1330,1,2,1,1.0,1,88321,M,4.0,0,88
200900025306,9,8,5,30,3,1,1,1.0,6,88014,M,4.0,0,88
200900025307,9,8,28,915,1,2,1,1.0,3,88160,M,4.0,0,88
200900025308,9,8,31,1605,1,2,1,1.0,2,88424,M,4.0,0,88
200900025309,9,8,1,1700,1,2,2,1.0,3,88160,M,4.0,0,88