Num_Acc,an,mois,jour,hrmn,lum,agg,int,atm,col,com,gps,lat,long,dep
200900026068,9,4,12,1945,2,1,1,1.0,7,60517,M,0.0,0,60
200900026069,9,4,14,2130,5,2,1,1.0,7,60110,M,0.0,0,60
200900026070,9,4,17,1845,1,2,1,8.0,7,60098,M,0.0,0,60
200900026071,9,4,19,1130,1,1,1,2.0,6,60597,M,4.0,0,60
200900026072,9,4,23,2045,1,1,3,1.0,3,60617,M,0.0,0,60
200900026073,9,4,25,2215,5,2,2,1.0,3,60103,M,4.0,0,60
200900026074,9,4,26,15,3,2,1,1.0,7,60176,M,0.0,0,60
200900026075,9,4,27,1200,1,2,3,1.0,3,60245,M,0.0,0,60
200900026076,9,4,27,1645,1,1,1,1.0,5,60282,M,4.0,0,60
200900026077,9,4,28,1400,1,1,1,1.0,6,60473,M,4.0,0,60
200900026078,9,4,30,1530,1,1,1,1.0,1,60154,M,0.0,0,60
200900026079,9,6,24,1820,1,2,1,1.0,6,60057,M,,,60
200900026080,9,6,26,705,1,2,1,1.0,7,60057,M,,,60
200900026081,9,6,29,1245,1,2,9,1.0,3,60159,M,,,60
200900026082,9,7,18,1625,1,2,2,1.0,3,60057,M,,,60
200900026083,9,7,22,920,1,2,1,1.0,6,60057,M,,,60
200900026084,9,7,31,1655,1,2,3,1.0,3,60159,M,,,60
200900026085,9,8,8,1219,1,2,1,1.0,2,31555,M,,,31
200900026086,9,8,7,1033,1,1,1,1.0,3,31555,M,4.0,0,31
200900026087,9,8,12,1705,1,2,1,1.0,2,31555,M,,,31
200900026088,9,8,3,1705,1,2,1,1.0,6,31555,M,,,31
200900026089,9,8,14,2315,5,2,1,1.0,6,31555,M,,,31
200900026090,9,8,7,2130,5,2,1,1.0,1,31555,M,,,31
200900026091,9,8,11,1945,1,2,1,1.0,2,31555,M,,,31
200900026092,9,8,10,1800,1,2,6,1.0,3,31555,M,,,31
200900026093,9,8,3,1632,1,2,1,1.0,3,31555,M,,,31
200900026094,9,8,11,205,5,2,1,1.0,1,31555,M,,,31
200900026095,9,8,12,2320,5,2,6,1.0,2,31555,M,,,31
200900026096,9,8,6,700,2,2,1,1.0,6,31555,M,,,31
200900026097,9,8,13,2140,5,2,1,1.0,3,31555,M,,,31
200900026098,9,8,10,1600,1,2,1,1.0,6,31555,M,,,31
200900026099,9,8,17,1945,1,2,1,1.0,6,31008,M,4.0,0,31
200900026100,9,8,10,1845,1,2,1,1.0,1,31574,M,4.0,0,31
200900026101,9,8,2,1045,1,1,1,1.0,3,31216,M,4.0,0,31
200900026102,9,8,13,30,3,1,1,1.0,6,31384,M,4.0,0,31
200900026103,9,8,8,1445,1,1,1,1.0,6,31079,M,4.0,0,31
200900026104,9,8,10,2200,5,1,1,1.0,3,31541,M,4.0,0,31
200900026105,9,8,26,1645,1,1,1,1.0,2,31390,M,4.0,0,31
200900026106,9,8,25,1100,1,2,1,2.0,7,31395,M,4.0,0,31
200900026107,9,8,27,1745,1,2,1,1.0,1,31561,M,4.0,0,31
200900026108,9,8,13,1145,1,1,1,1.0,1,31585,M,4.0,0,31
200900026109,9,8,29,1900,1,2,1,1.0,3,31033,M,4.0,0,31
200900026110,9,8,5,100,5,1,1,1.0,6,31118,M,4.0,0,31
200900026111,9,8,1,1900,1,1,1,6.0,7,31128,M,0.0,0,31
200900026112,9,8,20,2015,3,1,1,1.0,7,31193,M,4.0,0,31
200900026113,9,8,13,1830,1,1,1,1.0,6,31576,M,4.0,0,31
200900026114,9,8,27,245,5,2,1,1.0,7,31561,M,4.0,0,31
200900026115,9,8,28,1015,1,1,1,1.0,6,31454,M,4.0,0,31
200900026116,9,8,2,1130,1,1,2,1.0,1,31341,M,4.0,0,31
200900026117,9,8,18,645,1,1,1,1.0,6,31124,M,4.0,0,31
200900026118,9,8,14,1930,1,2,1,1.0,2,31150,M,4.0,0,31
200900026119,9,8,21,2215,3,2,1,1.0,6,31411,M,4.0,0,31
200900026120,9,8,4,2245,3,1,1,1.0,1,31145,M,4.0,0,31
200900026121,9,8,4,2115,3,1,1,1.0,6,31584,M,4.0,0,31
200900026122,9,8,12,1630,1,1,2,1.0,2,31324,M,4.0,0,31
200900026123,9,8,7,2345,3,1,1,2.0,5,31246,M,4.0,0,31
200900026124,9,8,7,1800,1,1,2,1.0,3,31583,M,4.0,0,31
200900026125,9,8,4,1245,1,1,1,1.0,3,31037,M,4.0,0,31
200900026126,9,8,10,645,1,1,1,1.0,6,31427,M,4.0,0,31
200900026127,9,8,6,1045,1,1,1,1.0,6,31091,M,4.0,0,31
200900026128,9,8,21,1030,1,2,3,1.0,3,31451,M,4.0,0,31
200900026129,9,8,12,1215,1,2,1,1.0,6,31233,M,4.0,0,31
200900026130,9,8,9,100,3,1,1,1.0,7,31371,M,4.0,0,31
200900026131,9,8,20,1845,1,2,6,1.0,1,31157,M,4.0,0,31
200900026132,9,8,30,730,2,1,1,1.0,7,31356,M,4.0,0,31
200900026133,9,8,10,15,3,1,1,1.0,7,31413,M,4.0,0,31
200900026134,9,8,23,2015,2,2,1,1.0,2,31555,M,,,31
200900026135,9,8,27,1940,1,2,1,1.0,3,31069,M,,,31
200900026136,9,8,25,2000,1,2,1,1.0,2,31555,M,,,31
200900026137,9,8,28,2150,5,2,1,1.0,3,31555,M,,,31
200900026138,9,8,26,1500,1,2,1,1.0,2,31555,M,,,31
200900026139,9,8,21,130,5,2,3,1.0,3,31555,M,,,31
200900026140,9,8,30,1402,1,1,1,1.0,2,31555,M,4.0,0,31
200900026141,9,8,27,820,1,2,1,1.0,3,31555,M,,,31
200900026142,9,8,21,915,1,2,1,1.0,2,31555,M,,,31
200900026143,9,8,28,1825,1,2,1,1.0,6,31555,M,,,31
200900026144,9,8,23,1100,1,2,1,1.0,6,31555,M,,,31
200900026145,9,8,19,923,1,2,1,1.0,2,31555,M,,,31
200900026146,9,8,20,1825,1,2,2,1.0,3,31555,M,,,31
200900026147,9,8,23,655,2,1,1,1.0,3,31555,M,4.0,0,31
200900026148,9,8,20,1305,1,2,1,1.0,6,31069,M,4.0,0,31
200900026149,9,8,11,2020,1,2,1,1.0,1,31557,M,,,31
200900026150,9,8,28,715,2,2,1,1.0,6,31557,M,4.0,0,31
200900026151,9,8,19,945,1,2,1,1.0,2,31483,M,4.0,0,31
200900026152,9,8,24,1400,1,2,2,1.0,3,31483,M,,,31
200900026153,9,8,17,1200,1,2,6,1.0,3,31483,M,,,31
200900026154,9,8,15,2300,5,2,1,1.0,1,31555,M,,,31
200900026155,9,8,15,300,5,2,3,1.0,3,31555,M,,,31
200900026156,9,8,14,1740,1,2,1,1.0,7,31555,M,,,31
200900026157,9,8,6,2300,5,2,2,2.0,7,31555,M,,,31
200900026158,9,8,5,1425,1,1,1,1.0,2,31069,M,4.0,0,31
200900026159,9,6,16,1925,1,2,1,1.0,6,88413,M,4.0,0,88
200900026160,9,7,8,1800,1,1,1,2.0,7,88463,M,4.0,0,88
200900026161,9,7,8,1930,1,1,1,8.0,7,88526,M,4.0,0,88
200900026162,9,7,24,127,3,2,1,1.0,7,88428,M,4.0,0,88
200900026163,9,7,25,1715,1,2,1,1.0,6,88413,M,4.0,0,88
200900026164,9,7,30,2355,5,2,1,1.0,6,88409,M,4.0,0,88
200900026165,9,3,14,715,1,2,1,1.0,6,57508,M,,,57
200900026166,9,8,13,2245,5,2,6,1.0,3,12202,M,,,12
200900026167,9,8,5,1115,1,2,1,1.0,2,12176,M,,,12
200900026168,9,8,29,1915,1,1,1,1.0,1,12244,M,4.0,0,12
200900026169,9,8,14,1200,1,1,1,1.0,2,12266,M,0.0,0,12
200900026170,9,8,5,1115,1,1,1,1.0,7,12220,M,0.0,0,12
200900026171,9,8,20,1500,1,1,1,1.0,1,12136,M,4.0,0,12
200900026172,9,8,28,1700,1,1,1,1.0,5,12290,M,4.0,0,12
200900026173,9,8,11,1715,1,1,1,1.0,3,12208,M,4.0,0,12
200900026174,9,8,7,915,1,1,1,9.0,5,12096,M,4.0,0,12
200900026175,9,8,15,45,5,2,1,1.0,6,12209,M,4.0,0,12
200900026176,9,8,28,1715,1,1,1,1.0,7,12194,M,4.0,0,12
200900026177,9,8,30,1300,1,1,1,1.0,5,12216,M,4.0,0,12
200900026178,9,8,10,1545,1,1,1,1.0,2,12154,M,4.0,0,12
200900026179,9,8,16,815,1,2,1,7.0,1,12208,M,4.0,0,12
200900026180,9,8,3,1730,1,1,1,1.0,3,12271,M,0.0,0,12
200900026181,9,8,17,1900,1,1,1,1.0,6,12267,M,4.0,0,12
200900026182,9,8,23,1015,1,1,1,1.0,1,12258,M,0.0,0,12
200900026183,9,8,23,1230,1,1,1,1.0,7,12077,M,4.0,0,12
200900026184,9,8,2,1200,1,1,1,1.0,6,12073,M,4.0,0,12
200900026185,9,8,24,1930,1,1,1,2.0,1,12241,M,4.0,0,12
200900026186,9,8,28,1605,1,2,1,1.0,2,12202,M,,,12
200900026187,9,8,4,655,1,2,1,1.0,3,12145,M,,,12
200900026188,9,8,22,2230,5,2,6,1.0,2,12145,M,,,12
200900026189,9,8,30,1500,1,1,1,1.0,1,12083,M,,,12
200900026190,9,9,19,1420,1,2,3,1.0,3,88160,M,4.0,0,88
200900026191,9,9,10,1500,1,2,1,1.0,7,88160,M,4.0,0,88
200900026192,9,9,12,1320,1,2,1,1.0,3,88160,M,4.0,0,88
200900026193,9,9,15,1400,1,1,2,1.0,2,88209,M,4.0,0,88
200900026194,9,9,24,2220,5,2,1,1.0,2,88160,M,4.0,0,88
200900026195,9,9,18,2100,5,2,1,1.0,6,88465,M,4.0,0,88
200900026196,9,9,23,1830,1,1,1,1.0,1,88378,M,0.0,0,88
200900026197,9,9,12,1530,1,1,3,1.0,3,88116,M,4.0,0,88
200900026198,9,9,6,100,5,1,1,1.0,1,88075,M,4.0,0,88
200900026199,9,9,16,800,1,1,1,1.0,6,88089,M,4.0,0,88
200900026200,9,9,12,1745,1,2,1,1.0,1,88408,M,4.0,0,88
200900026201,9,9,20,1600,1,2,3,1.0,6,88040,M,4.0,0,88
200900026202,9,9,10,1730,1,1,1,1.0,1,88483,M,4.0,0,88
200900026203,9,9,4,1800,1,1,1,2.0,6,88134,M,4.0,0,88
200900026204,9,9,1,1700,1,1,1,2.0,2,88063,M,4.0,0,88
200900026205,9,9,25,1015,1,1,1,5.0,7,88075,M,4.0,0,88
200900026206,9,9,12,1445,1,2,2,1.0,3,88184,M,4.0,0,88
200900026207,9,9,8,1700,1,2,1,1.0,6,88346,M,4.0,0,88
200900026208,9,9,27,245,3,1,4,1.0,1,88086,M,4.0,0,88
200900026209,9,9,9,1950,2,2,1,1.0,3,88209,M,4.0,0,88
200900026210,9,4,12,1105,1,2,1,1.0,6,95476,M,4.0,0,95
200900026211,9,4,2,930,1,2,1,1.0,4,95277,M,4.0,0,95
200900026212,9,4,29,1040,1,2,9,1.0,5,95539,M,4.0,0,95
200900026213,9,4,12,1820,1,2,4,1.0,1,95127,M,4.0,0,95
200900026214,9,4,24,2110,5,2,1,1.0,1,26362,M,,,26
200900026215,9,4,3,1011,1,2,1,1.0,7,26281,M,,,26
200900026216,9,4,11,2345,5,2,2,1.0,3,26058,M,,,26
200900026217,9,4,3,1730,1,2,2,1.0,6,26057,M,,,26
200900026218,9,4,4,2312,5,2,2,1.0,3,26362,M,,,26
200900026219,9,4,3,840,1,2,1,2.0,1,26281,M,,,26
200900026220,9,4,7,1815,1,2,1,1.0,1,26362,M,,,26
200900026221,9,4,28,1530,1,1,1,1.0,2,26072,M,0.0,0,26
200900026222,9,4,18,1730,1,1,1,1.0,2,26004,M,0.0,0,26
200900026223,9,4,13,2030,1,1,1,1.0,6,26338,M,0.0,0,26
200900026224,9,4,23,1200,1,2,1,1.0,2,26183,M,0.0,0,26
200900026225,9,4,26,1645,1,1,1,2.0,5,26320,M,4.0,0,26
200900026226,9,4,6,700,1,1,1,1.0,6,26192,M,4.0,0,26
200900026227,9,4,24,745,1,1,2,1.0,3,26165,M,4.0,0,26
200900026228,9,4,25,430,3,1,1,1.0,2,26138,M,4.0,0,26
200900026229,9,4,10,915,1,1,1,1.0,3,26106,M,0.0,0,26
200900026230,9,4,30,1900,1,1,1,1.0,1,26355,M,4.0,0,26
200900026231,9,4,12,2015,3,1,1,1.0,1,26182,M,0.0,0,26
200900026232,9,4,5,1630,1,2,9,1.0,6,26332,M,4.0,0,26
200900026233,9,4,25,1400,1,1,6,1.0,3,26323,M,4.0,0,26
200900026234,9,4,25,1800,1,1,1,1.0,1,26220,M,0.0,0,26
200900026235,9,4,14,745,1,2,1,1.0,1,26333,M,4.0,0,26
200900026236,9,4,26,400,3,1,1,2.0,6,26188,M,0.0,0,26
200900026237,9,4,16,2200,3,1,1,1.0,1,26231,M,4.0,0,26
200900026238,9,4,10,1015,1,1,1,1.0,6,26337,M,0.0,0,26
200900026239,9,4,13,1200,1,1,1,1.0,7,26264,M,0.0,0,26
200900026240,9,4,18,630,2,1,1,1.0,6,26322,M,0.0,0,26
200900026241,9,4,11,1400,1,1,1,8.0,2,26072,M,4.0,0,26
200900026242,9,4,1,1450,1,2,2,1.0,6,26252,M,,,26
200900026243,9,4,23,1550,1,2,1,1.0,6,26362,M,,,26
200900026244,9,4,18,850,1,2,1,1.0,6,26362,M,,,26
200900026245,9,4,18,905,1,2,3,1.0,3,26281,M,,,26
200900026246,9,4,19,1855,1,2,1,1.0,6,26362,M,,,26
200900026247,9,4,17,1855,1,2,6,1.0,6,26281,M,,,26
200900026248,9,4,28,1820,1,1,1,1.0,2,26058,M,,,26
200900026249,9,4,26,530,5,2,1,1.0,1,26362,M,,,26
200900026250,9,4,29,1534,1,2,1,1.0,3,26057,M,,,26
200900026251,9,4,30,1800,1,1,1,1.0,1,26258,M,0.0,0,26
200900026252,9,4,22,2245,3,1,1,1.0,3,26162,M,4.0,0,26
200900026253,9,4,18,1540,1,1,1,1.0,2,26198,M,,,26
200900026254,9,4,9,1730,1,2,6,1.0,6,26281,M,4.0,0,26
200900026255,9,4,7,1445,1,1,9,1.0,3,26166,M,4.0,0,26
200900026256,9,4,3,1627,1,2,1,1.0,2,26281,M,4.0,0,26
200900026257,9,4,3,2130,5,2,2,1.0,6,26057,M,4.0,0,26
200900026258,9,4,5,1725,1,2,1,1.0,6,26281,M,,,26
200900026259,9,4,25,120,3,1,1,1.0,6,26281,M,,,26
200900026260,9,4,28,1700,1,2,1,1.0,1,26362,M,,,26
200900026261,9,7,7,1400,1,1,1,1.0,6,40217,M,0.0,0,40
200900026262,9,7,1,515,3,1,1,5.0,6,40156,M,0.0,0,40
200900026263,9,7,1,1935,1,1,2,1.0,3,40187,M,,,40
200900026264,9,7,1,2320,4,2,1,1.0,7,40150,M,,,40
200900026265,9,7,4,300,3,1,1,1.0,6,40266,M,4.0,-,40
200900026266,9,7,20,2040,5,2,1,1.0,3,40192,M,,,40
200900026267,9,7,18,1010,1,1,1,1.0,6,40157,M,4.0,-,40
200900026268,9,7,14,2230,3,1,1,1.0,6,40264,M,0.0,0,40
200900026269,9,7,4,2150,2,2,1,1.0,6,40108,M,0.0,0,40
200900026270,9,7,7,1140,1,2,1,8.0,1,40004,M,,,40
200900026271,9,7,7,1830,1,2,1,1.0,2,40273,M,4.0,-,40
200900026272,9,7,10,2130,3,1,1,1.0,7,40250,M,0.0,0,40
200900026273,9,7,15,230,3,1,1,1.0,2,40261,M,0.0,0,40
200900026274,9,7,12,1100,1,2,1,1.0,1,40046,M,0.0,0,40
200900026275,9,7,15,1715,1,2,2,1.0,3,40065,M,0.0,0,40
200900026276,9,7,21,1015,1,2,1,1.0,6,40046,M,0.0,0,40
200900026277,9,7,24,1909,1,1,1,1.0,3,40192,M,,,40
200900026278,9,7,27,1615,1,1,1,1.0,1,40199,M,4.0,-,40
200900026279,9,7,16,1215,1,2,1,1.0,2,40088,M,,,40
200900026280,9,3,12,1205,1,2,1,1.0,1,16113,M,5.0,0,16
200900026281,9,9,3,2047,5,2,1,1.0,3,51108,M,,,51
200900026282,9,9,8,1810,1,2,3,1.0,3,51108,M,,,51
200900026283,9,9,10,2115,5,2,1,1.0,7,51108,M,,,51
200900026284,9,9,15,2105,5,2,1,1.0,2,51108,M,,,51
200900026285,9,9,15,1930,1,2,1,1.0,3,51230,M,,,51
200900026286,9,9,29,2005,5,2,1,1.0,7,51108,M,,,51
200900026287,9,9,5,1320,1,2,1,1.0,2,51108,M,,,51
200900026288,9,9,3,1118,1,2,1,1.0,2,51230,M,,,51
200900026289,9,9,10,1715,1,1,1,1.0,1,51012,M,0.0,0,51
200900026290,9,9,30,1700,1,2,1,1.0,7,51314,M,0.0,0,51
200900026291,9,9,18,1800,1,2,1,1.0,6,51281,M,0.0,0,51
200900026292,9,9,21,1545,1,1,1,1.0,3,51529,M,0.0,0,51
200900026293,9,9,18,1700,1,2,1,1.0,7,51614,M,0.0,0,51
200900026294,9,9,26,2130,3,1,1,1.0,2,51352,M,0.0,0,51
200900026295,9,9,17,1815,1,1,1,1.0,1,51535,M,0.0,0,51
200900026296,9,9,12,1500,1,1,1,1.0,7,51192,M,0.0,0,51
200900026297,9,9,12,1645,1,1,1,1.0,1,51386,M,0.0,0,51
200900026298,9,9,1,900,1,2,2,8.0,3,51656,M,0.0,0,51
200900026299,9,9,13,1745,1,1,1,1.0,1,51333,M,0.0,0,51
200900026300,9,9,17,1515,1,2,1,1.0,7,51019,M,0.0,0,51
200900026301,9,9,18,1745,1,1,1,1.0,5,51613,M,0.0,0,51
200900026302,9,9,5,1800,1,2,1,1.0,7,51299,M,0.0,0,51
200900026303,9,9,2,1915,1,1,1,1.0,7,51417,M,0.0,0,51
200900026304,9,9,11,1800,1,1,1,1.0,4,51535,M,0.0,0,51
200900026305,9,9,16,515,3,2,6,1.0,3,51113,M,0.0,0,51
200900026306,9,9,12,1745,1,1,1,1.0,7,51333,M,0.0,0,51
200900026307,9,9,13,2145,3,1,1,1.0,7,51636,M,0.0,0,51
200900026308,9,9,29,2030,3,1,1,1.0,2,51532,M,0.0,0,51
200900026309,9,9,6,2215,5,2,1,1.0,1,51649,M,0.0,0,51
200900026310,9,9,3,1145,1,1,1,8.0,7,51015,M,0.0,0,51
200900026311,9,9,9,1500,1,2,1,1.0,7,51595,M,0.0,0,51
200900026312,9,9,22,1000,1,2,1,7.0,1,51140,M,0.0,0,51
200900026313,9,9,13,1700,1,1,1,1.0,7,51496,M,0.0,0,51
200900026314,9,9,22,1140,1,2,2,1.0,3,51108,M,,,51
200900026315,9,3,12,1330,1,2,6,1.0,3,16015,M,4.0,0,16
200900026316,9,4,2,1720,1,2,3,1.0,3,16015,M,4.0,0,16
200900026317,9,4,5,1415,1,2,1,1.0,6,16015,M,4.0,0,16
200900026318,9,4,20,1645,1,1,1,1.0,6,16291,M,5.0,0,16
200900026319,9,5,3,1744,1,1,1,1.0,6,16113,M,5.0,0,16
200900026320,9,5,7,1430,1,2,3,1.0,6,16374,M,5.0,0,16
200900026321,9,5,22,1500,1,1,1,1.0,6,16113,M,5.0,0,16
200900026322,9,5,15,1845,1,2,3,1.0,6,16341,M,5.0,0,16
200900026323,9,9,5,2035,2,2,1,1.0,6,43157,M,,,43
200900026324,9,9,6,1620,1,2,1,1.0,6,43089,M,,,43
200900026325,9,9,2,930,3,1,1,1.0,6,43016,M,4.0,0,43
200900026326,9,9,2,1215,1,1,1,2.0,6,43061,M,0.0,0,43
200900026327,9,9,4,1600,1,2,1,1.0,1,43040,M,4.0,0,43
200900026328,9,9,8,1645,1,2,1,1.0,7,43185,M,4.0,0,43
200900026329,9,9,8,1715,1,1,1,1.0,1,43102,M,4.0,0,43
200900026330,9,9,13,515,5,1,1,1.0,6,43020,M,0.0,0,43
200900026331,9,9,13,1415,1,1,1,1.0,3,43227,M,4.0,0,43
200900026332,9,9,13,2100,5,2,1,1.0,3,43112,M,4.0,0,43
200900026333,9,9,14,745,1,1,1,1.0,7,43060,M,0.0,0,43
200900026334,9,9,16,1615,1,1,1,2.0,7,43126,M,0.0,0,43
200900026335,9,9,17,445,3,1,1,1.0,6,43017,M,4.0,0,43
200900026336,9,9,16,1145,1,1,1,5.0,1,43223,M,4.0,0,43
200900026337,9,9,17,730,2,1,1,2.0,3,43012,M,0.0,0,43
200900026338,9,9,19,845,1,2,1,1.0,3,43236,M,4.0,0,43
200900026339,9,9,19,1015,1,1,1,2.0,3,43166,M,4.0,0,43
200900026340,9,9,19,1215,1,1,2,8.0,3,43190,M,4.0,0,43
200900026341,9,9,21,1800,1,1,1,1.0,6,43044,M,4.0,0,43
200900026342,9,9,24,1015,1,1,1,1.0,7,43023,M,4.0,0,43
200900026343,9,9,24,1500,1,1,1,1.0,7,43244,M,4.0,0,43
200900026344,9,9,26,1715,1,1,2,1.0,3,43265,M,4.0,0,43
200900026345,9,9,25,1015,1,1,1,1.0,1,43234,M,4.0,0,43
200900026346,9,9,27,1715,1,1,1,1.0,7,43143,M,4.0,0,43
200900026347,9,9,25,1845,1,2,1,1.0,1,43154,M,4.0,0,43
200900026348,9,9,29,1615,1,1,1,1.0,7,43256,M,0.0,0,43
200900026349,9,8,2,1703,1,2,1,1.0,1,90010,M,,,90
200900026350,9,8,5,1725,1,2,1,1.0,7,90010,M,,,90
200900026351,9,8,6,1441,1,2,1,1.0,6,90032,M,,,90
200900026352,9,8,8,1832,1,2,1,8.0,1,90065,M,4.0,0,90
200900026353,9,8,9,109,5,2,3,1.0,3,90010,M,,,90
200900026354,9,8,9,2117,4,2,6,1.0,6,90053,M,0.0,0,90
200900026355,9,8,11,847,1,2,1,1.0,3,90081,M,0.0,0,90
200900026356,9,8,16,1117,1,1,1,1.0,3,90065,M,0.0,0,90
200900026357,9,8,17,1650,1,2,1,1.0,6,90010,M,,,90
200900026358,9,8,18,1104,1,2,1,1.0,1,90010,M,,,90
200900026359,9,8,19,1417,1,1,1,1.0,2,90012,M,0.0,0,90
200900026360,9,8,20,1603,1,1,1,1.0,7,90050,M,4.0,0,90
200900026361,9,8,20,1827,1,2,1,1.0,7,90001,M,,,90
200900026362,9,8,21,217,3,1,1,1.0,6,90076,M,0.0,0,90
200900026363,9,8,22,1800,1,2,3,1.0,3,90010,M,,,90
200900026364,9,8,22,1801,1,2,1,1.0,3,90010,M,,,90
200900026365,9,8,23,1402,1,1,1,1.0,6,90043,M,0.0,0,90
200900026366,9,8,23,1431,1,1,1,1.0,6,90037,M,0.0,0,90
200900026367,9,8,24,1542,1,2,1,1.0,2,90099,M,,,90
200900026368,9,8,27,1010,1,2,2,1.0,3,90010,M,,,90
200900026369,9,8,29,1517,1,2,1,1.0,2,90042,M,0.0,0,90
200900026370,9,8,30,1525,1,2,1,1.0,2,90001,M,,,90
200900026371,9,1,11,1015,1,2,1,1.0,3,31149,M,,,31
200900026372,9,1,14,1931,5,2,3,1.0,3,31149,M,4.0,0,31
200900026373,9,1,19,730,5,2,3,1.0,3,31149,M,,,31
200900026374,9,1,25,2250,5,2,3,2.0,6,31149,M,,,31
200900026375,9,1,28,2000,5,2,1,3.0,6,31149,M,4.0,0,31
200900026376,9,2,12,711,5,2,3,1.0,3,31149,M,,,31
200900026377,9,2,24,1630,1,2,3,1.0,3,31555,M,,,31
200900026378,9,2,26,836,1,2,1,1.0,6,31149,M,,,31
200900026379,9,8,4,1015,1,2,1,1.0,6,41045,M,4.0,0,41
200900026380,9,8,18,1215,1,2,2,1.0,3,41295,M,4.0,0,41
200900026381,9,8,26,2015,1,1,1,1.0,6,41223,M,4.0,0,41
200900026382,9,8,3,1000,1,1,1,1.0,2,41181,M,4.0,0,41
200900026383,9,8,21,2330,4,2,1,1.0,6,41009,M,4.0,0,41
200900026384,9,8,8,45,3,1,1,1.0,6,41155,M,4.0,0,41
200900026385,9,8,22,1730,1,1,1,1.0,7,41044,M,4.0,0,41
200900026386,9,8,7,1700,1,1,1,1.0,6,41017,M,4.0,0,41
200900026387,9,8,7,1700,1,1,1,1.0,6,41239,M,4.0,0,41
200900026388,9,8,19,15,5,1,1,1.0,6,41295,M,4.0,0,41
200900026389,9,8,9,1530,1,1,1,1.0,6,41271,M,4.0,0,41
200900026390,9,8,15,2045,1,1,1,1.0,6,41043,M,,,41
200900026391,9,8,26,1800,1,1,1,1.0,1,41110,M,4.0,0,41
200900026392,9,8,30,1145,1,1,2,1.0,3,41066,M,4.0,0,41
200900026393,9,8,19,1730,1,1,1,1.0,7,41149,M,4.0,0,41
200900026394,9,8,14,100,3,1,1,1.0,7,41055,M,,,41
200900026395,9,8,14,915,1,1,1,1.0,1,41207,M,,,41
200900026396,9,8,10,1900,1,2,1,1.0,1,41116,M,0.0,0,41
200900026397,9,8,8,1920,1,2,1,1.0,6,41018,M,4.0,0,41
200900026398,9,8,4,2330,5,2,1,1.0,3,41018,M,4.0,0,41
200900026399,9,8,5,1920,1,2,1,1.0,7,41269,M,,,41
200900026400,9,8,6,1720,1,2,1,1.0,6,41018,M,,,41
200900026401,9,8,3,1144,1,2,1,1.0,3,41018,M,,,41
200900026402,9,8,1,1125,1,2,1,1.0,6,41194,M,4.0,0,41
200900026403,9,8,26,1710,1,2,1,1.0,2,41018,M,,,41
200900026404,9,8,20,1525,1,2,1,1.0,2,41018,M,4.0,0,41
200900026405,9,8,18,725,1,2,1,1.0,3,41018,M,,,41
200900026406,9,8,10,2250,5,2,1,1.0,7,41295,M,4.0,0,41
200900026407,9,8,13,1808,1,1,1,1.0,1,41212,M,4.0,0,41
200900026408,9,8,11,1416,1,2,1,1.0,3,41047,M,4.0,0,41
200900026409,9,8,12,1150,1,2,1,1.0,4,41018,M,4.0,0,41
200900026410,9,7,1,1245,1,1,1,1.0,2,85011,M,0.0,0,85
200900026411,9,7,4,300,4,1,1,1.0,6,85242,M,0.0,0,85
200900026412,9,7,4,1430,1,1,1,1.0,1,85069,M,0.0,0,85
200900026413,9,7,4,1915,1,2,1,1.0,6,85294,M,4.0,-,85
200900026414,9,7,5,1645,1,1,1,1.0,1,85033,M,0.0,0,85
200900026415,9,7,5,415,3,1,1,1.0,7,85272,M,0.0,0,85
200900026416,9,7,5,445,3,1,1,1.0,6,85096,M,0.0,0,85
200900026417,9,7,6,800,1,1,1,1.0,7,85280,M,0.0,0,85
200900026418,9,7,10,2300,3,1,1,1.0,2,85003,M,0.0,0,85
200900026419,9,7,8,1030,1,1,1,1.0,1,85210,M,0.0,0,85
200900026420,9,7,11,1430,1,1,2,1.0,1,85277,M,0.0,0,85
200900026421,9,7,13,1800,1,1,1,1.0,2,85047,M,0.0,0,85
200900026422,9,7,13,1945,1,2,6,1.0,3,85113,M,0.0,0,85
200900026423,9,7,14,1530,1,1,1,1.0,3,85178,M,0.0,0,85
200900026424,9,7,15,1030,1,2,6,1.0,3,85226,M,4.0,-,85
200900026425,9,7,16,1245,1,2,6,1.0,3,85001,M,0.0,0,85
200900026426,9,7,18,2100,1,2,1,1.0,6,85047,M,0.0,0,85
200900026427,9,7,20,1245,1,1,1,1.0,2,85191,M,0.0,0,85
200900026428,9,7,17,2230,3,2,1,1.0,6,85105,M,4.0,-,85
200900026429,9,7,19,1600,2,1,1,1.0,6,85004,M,0.0,0,85
200900026430,9,7,20,1815,1,2,1,1.0,2,85243,M,0.0,0,85
200900026431,9,7,24,2100,1,1,1,1.0,7,85198,M,0.0,0,85
200900026432,9,7,25,900,1,2,1,1.0,3,85113,M,0.0,0,85
200900026433,9,7,26,630,2,1,1,1.0,6,85029,M,0.0,0,85
200900026434,9,7,30,1930,1,1,1,1.0,3,85047,M,0.0,0,85
200900026435,9,7,30,2215,3,1,1,1.0,1,85204,M,0.0,0,85
200900026436,9,3,19,1830,1,2,3,1.0,3,31149,M,,,31
200900026437,9,3,12,1055,1,2,6,1.0,7,31149,M,,,31
200900026438,9,3,19,1415,1,2,1,1.0,3,31555,M,,,31
200900026439,9,7,3,2015,1,1,1,7.0,7,79216,M,0.0,0,79
200900026440,9,7,4,1130,1,1,2,1.0,3,79188,M,0.0,0,79
200900026441,9,7,26,2030,1,2,1,1.0,1,79253,M,0.0,0,79
200900026442,9,7,28,1707,1,1,1,1.0,6,79048,M,0.0,0,79
200900026443,9,7,29,1330,1,1,1,1.0,6,79094,M,0.0,0,79