Num_Acc,an,mois,jour,hrmn,lum,agg,int,atm,col,com,gps,lat,long,dep
200900026829,9,10,6,1105,1,2,1,2.0,7,75101,M,,,75
200900026830,9,10,6,1130,1,2,2,1.0,3,75114,M,,,75
200900026831,9,10,6,1215,1,2,1,2.0,6,75119,M,,,75
200900026832,9,10,6,1240,1,2,2,2.0,6,75115,M,,,75
200900026833,9,10,6,1300,1,2,3,2.0,4,75101,M,,,75
200900026834,9,10,6,1310,1,2,1,2.0,3,75116,M,,,75
200900026835,9,10,6,1330,1,2,1,2.0,7,75107,M,,,75
200900026836,9,10,6,1350,1,2,2,2.0,7,75104,M,,,75
200900026837,9,10,6,1505,1,2,1,8.0,3,75108,M,,,75
200900026838,9,10,6,1510,1,2,1,8.0,7,75120,M,,,75
200900026839,9,10,6,1715,1,2,1,1.0,6,75111,M,,,75
200900026840,9,10,6,1730,1,2,3,1.0,7,75117,M,,,75
200900026841,9,10,6,1800,1,2,2,8.0,7,75115,M,,,75
200900026842,9,10,6,1850,2,2,1,1.0,6,75116,M,,,75
200900026843,9,10,6,1850,1,2,1,1.0,1,75117,M,,,75
200900026844,9,10,6,2330,5,2,1,1.0,7,75120,M,,,75
200900026845,9,10,6,2345,5,2,2,1.0,3,75117,M,,,75
200900026846,9,10,7,215,5,2,5,1.0,6,75107,M,,,75
200900026847,9,10,7,825,1,2,5,1.0,3,75113,M,,,75
200900026848,9,10,7,825,1,2,2,1.0,6,75115,M,,,75
200900026849,9,10,7,900,1,2,1,1.0,2,75117,M,,,75
200900026850,9,10,7,915,1,2,1,1.0,4,75113,M,,,75
200900026851,9,10,7,945,1,2,3,1.0,3,75108,M,,,75
200900026852,9,10,7,950,1,2,4,1.0,3,75115,M,,,75
200900026853,9,10,7,1005,1,2,2,1.0,3,75116,M,,,75
200900026854,9,10,7,1010,1,2,5,1.0,3,75101,M,,,75
200900026855,9,10,7,1015,1,2,3,1.0,2,75116,M,,,75
200900026856,9,10,7,1030,1,2,5,1.0,2,75108,M,,,75
200900026857,9,10,7,1130,1,2,1,1.0,4,75118,M,,,75
200900026858,9,10,7,1316,1,2,5,1.0,6,75114,M,,,75
200900026859,9,10,7,1320,1,2,4,1.0,6,75106,M,,,75
200900026860,9,10,7,1330,1,2,4,1.0,6,75113,M,,,75
200900026861,9,10,7,1410,1,2,1,1.0,6,75102,M,,,75
200900026862,9,10,7,1430,1,2,3,1.0,3,75119,M,,,75
200900026863,9,10,7,1505,1,2,1,1.0,6,75116,M,,,75
200900026864,9,10,7,1615,1,2,1,8.0,6,75116,M,,,75
200900026865,9,10,7,1700,1,2,1,1.0,6,75101,M,,,75
200900026866,9,10,7,1745,1,2,1,1.0,2,75120,M,,,75
200900026867,9,10,7,1830,1,2,2,1.0,3,75115,M,,,75
200900026868,9,10,7,1830,2,2,2,1.0,6,75103,M,,,75
200900026869,9,10,7,1900,5,2,1,2.0,2,75106,M,,,75
200900026870,9,10,7,1940,5,2,1,8.0,6,75118,M,,,75
200900026871,9,10,7,1945,5,2,2,8.0,6,75115,M,,,75
200900026872,9,10,7,2030,5,2,1,6.0,6,75117,M,,,75
200900026873,9,10,7,2055,5,2,3,3.0,6,75109,M,,,75
200900026874,9,10,7,2110,5,2,2,2.0,7,75107,M,,,75
200900026875,9,10,7,2115,5,2,5,3.0,6,75117,M,,,75
200900026876,9,10,7,2115,5,2,2,2.0,3,75112,M,,,75
200900026877,9,10,7,2325,5,2,3,1.0,3,75112,M,,,75
200900026878,9,10,7,2343,5,2,3,8.0,3,75120,M,,,75
200900026879,9,10,9,1630,1,2,1,2.0,4,75120,M,,,75
200900026880,9,10,9,1730,1,2,2,1.0,3,75114,M,,,75
200900026881,9,10,9,1740,1,2,2,1.0,5,75108,M,,,75
200900026882,9,10,9,1745,1,2,1,8.0,2,75113,M,,,75
200900026883,9,10,9,1845,5,2,5,1.0,6,75101,M,,,75
200900026884,9,10,9,1920,5,2,1,3.0,6,75111,M,,,75
200900026885,9,10,9,1925,5,2,1,3.0,3,75102,M,,,75
200900026886,9,10,9,2145,5,2,2,2.0,3,75117,M,,,75
200900026887,9,10,9,2205,5,2,2,8.0,3,75115,M,,,75
200900026888,9,10,9,2220,5,2,1,2.0,7,75105,M,,,75
200900026889,9,10,9,140,5,2,3,1.0,7,75120,M,,,75
200900026890,9,10,9,305,5,2,3,1.0,6,75115,M,,,75
200900026891,9,10,9,740,1,2,1,8.0,2,75117,M,,,75
200900026892,9,10,9,750,1,2,1,1.0,1,75120,M,,,75
200900026893,9,10,9,840,1,2,1,1.0,3,75120,M,,,75
200900026894,9,10,9,920,1,2,2,1.0,3,75119,M,,,75
200900026895,9,10,9,925,1,2,1,8.0,6,75101,M,,,75
200900026896,9,10,9,945,1,2,5,1.0,7,75102,M,,,75
200900026897,9,10,9,1130,1,2,3,2.0,3,75119,M,,,75
200900026898,9,10,9,1300,1,2,1,1.0,6,75115,M,,,75
200900026899,9,10,9,1350,1,2,2,1.0,3,75112,M,,,75
200900026900,9,10,9,1350,1,2,1,1.0,6,75107,M,,,75
200900026901,9,10,9,1400,1,2,3,8.0,6,75108,M,,,75
200900026902,9,10,9,1425,1,2,1,1.0,6,75118,M,,,75
200900026903,9,10,9,1450,1,2,5,1.0,3,75117,M,,,75
200900026904,9,10,9,1500,1,2,2,2.0,6,75109,M,,,75
200900026905,9,10,9,1545,1,2,1,1.0,3,75119,M,,,75
200900026906,9,10,9,1615,1,2,5,1.0,6,75109,M,,,75
200900026907,9,10,9,1620,1,2,1,1.0,6,75116,M,,,75
200900026908,9,10,9,1625,1,2,1,1.0,4,75113,M,,,75
200900026909,9,10,8,235,5,2,2,8.0,3,75119,M,,,75
200900026910,9,10,8,340,5,2,1,1.0,3,75101,M,,,75
200900026911,9,10,8,750,1,2,2,1.0,3,75110,M,,,75
200900026912,9,10,8,800,1,2,1,8.0,7,75112,M,,,75
200900026913,9,10,8,950,1,2,1,1.0,2,75107,M,,,75
200900026914,9,10,8,1035,1,2,3,1.0,5,75117,M,,,75
200900026915,9,10,8,1040,1,2,5,1.0,7,75117,M,,,75
200900026916,9,10,8,1100,1,2,1,1.0,4,75106,M,,,75
200900026917,9,10,8,1130,1,2,2,1.0,6,75108,M,,,75
200900026918,9,10,8,1215,1,2,3,1.0,3,75113,M,,,75
200900026919,9,10,8,1300,1,2,1,8.0,3,75110,M,,,75
200900026920,9,10,8,1300,1,2,2,1.0,7,75108,M,,,75
200900026921,9,10,8,1330,1,2,1,1.0,2,75111,M,,,75
200900026922,9,10,8,1450,1,2,1,1.0,4,75116,M,,,75
200900026923,9,10,8,1635,1,2,1,8.0,3,75104,M,,,75
200900026924,9,10,8,1750,1,2,1,1.0,6,75113,M,,,75
200900026925,9,10,8,1810,1,2,3,2.0,2,75115,M,,,75
200900026926,9,10,8,1815,1,2,1,2.0,6,75101,M,,,75
200900026927,9,10,8,1820,2,2,5,3.0,7,75118,M,,,75
200900026928,9,10,8,1955,5,2,3,2.0,7,75116,M,,,75
200900026929,9,10,8,2025,5,2,3,1.0,3,75101,M,,,75
200900026930,9,10,8,2150,5,2,5,2.0,6,75119,M,,,75
200900026931,9,10,8,2205,5,2,2,2.0,7,75111,M,,,75
200900026932,9,10,11,237,5,2,3,1.0,3,75112,M,,,75
200900026933,9,10,11,825,1,2,1,1.0,6,75116,M,,,75
200900026934,9,10,11,1350,1,2,2,1.0,3,75104,M,,,75
200900026935,9,10,11,1640,1,2,2,1.0,2,75104,M,,,75
200900026936,9,10,11,1950,5,2,1,2.0,7,75112,M,,,75
200900026937,9,10,11,2000,5,2,2,2.0,3,75105,M,,,75
200900026938,9,10,11,2030,5,2,1,2.0,7,75112,M,,,75
200900026939,9,10,11,2030,5,2,3,2.0,3,75113,M,,,75
200900026940,9,10,11,2106,5,2,1,2.0,6,75109,M,,,75
200900026941,9,10,11,2250,5,2,2,3.0,6,75112,M,,,75
200900026942,9,10,11,2340,5,2,2,1.0,3,75118,M,,,75
200900026943,9,10,10,45,5,2,5,2.0,6,75117,M,,,75
200900026944,9,10,10,55,5,2,5,3.0,3,75108,M,,,75
200900026945,9,10,10,115,5,2,2,2.0,7,75105,M,,,75
200900026946,9,10,10,210,5,2,1,2.0,6,75116,M,,,75
200900026947,9,10,10,215,5,2,5,2.0,3,75117,M,,,75
200900026948,9,10,10,335,5,2,1,2.0,6,75112,M,,,75
200900026949,9,10,10,350,5,2,5,2.0,6,75118,M,,,75
200900026950,9,10,10,410,5,2,2,1.0,3,75110,M,,,75
200900026951,9,10,10,430,5,2,2,1.0,3,75107,M,,,75
200900026952,9,10,10,620,5,2,1,2.0,1,75117,M,,,75
200900026953,9,10,10,945,1,2,1,2.0,7,75112,M,,,75
200900026954,9,10,10,950,1,2,2,8.0,3,75116,M,,,75
200900026955,9,10,10,1200,1,2,4,1.0,3,75116,M,,,75
200900026956,9,10,10,1210,1,2,1,2.0,3,75120,M,,,75
200900026957,9,10,10,1230,1,2,1,1.0,4,75120,M,,,75
200900026958,9,10,10,1330,1,2,1,1.0,6,75118,M,,,75
200900026959,9,10,10,1412,1,2,1,1.0,2,75112,M,,,75
200900026960,9,10,10,1435,1,2,1,1.0,7,75120,M,,,75
200900026961,9,10,10,1455,1,2,1,1.0,2,75113,M,,,75
200900026962,9,10,10,1455,1,2,2,1.0,6,75103,M,,,75
200900026963,9,10,10,1545,1,2,1,1.0,3,75118,M,,,75
200900026964,9,10,10,1635,1,2,2,1.0,6,75120,M,,,75
200900026965,9,10,10,1650,1,2,5,8.0,7,75106,M,,,75
200900026966,9,10,10,1738,1,2,1,1.0,2,75119,M,,,75
200900026967,9,10,10,1740,1,2,5,1.0,6,75112,M,,,75
200900026968,9,10,10,1815,1,2,5,1.0,6,75107,M,,,75
200900026969,9,10,10,1943,5,2,1,1.0,6,75105,M,,,75
200900026970,9,10,10,2100,5,2,2,1.0,3,75117,M,,,75
200900026971,9,10,10,2217,5,2,1,1.0,2,75113,M,,,75
200900026972,9,10,10,2315,5,2,3,1.0,3,75112,M,,,75
200900026973,9,10,10,2345,5,2,1,1.0,6,75119,M,,,75
200900026974,9,10,12,10,5,2,3,2.0,2,75104,M,,,75
200900026975,9,10,12,1730,1,2,1,1.0,4,75113,M,,,75
200900026976,9,10,12,45,5,2,2,6.0,3,75108,M,,,75
200900026977,9,10,12,115,5,2,2,1.0,6,75109,M,,,75
200900026978,9,10,12,835,1,2,1,1.0,6,75120,M,,,75
200900026979,9,10,12,910,1,2,5,1.0,2,75114,M,,,75
200900026980,9,10,12,945,1,2,1,1.0,6,75105,M,,,75
200900026981,9,10,12,945,1,2,2,1.0,2,75108,M,,,75
200900026982,9,10,12,1000,1,2,5,1.0,2,75116,M,,,75
200900026983,9,10,12,1115,1,2,1,1.0,1,75111,M,,,75
200900026984,9,10,12,1125,1,2,1,1.0,2,75112,M,,,75
200900026985,9,10,12,1150,1,2,1,1.0,3,75116,M,,,75
200900026986,9,10,12,1255,1,2,1,1.0,6,75101,M,,,75
200900026987,9,10,12,1424,1,2,3,1.0,3,75106,M,,,75
200900026988,9,10,12,1425,1,2,1,1.0,3,75119,M,,,75
200900026989,9,10,12,1440,1,2,1,1.0,6,75110,M,,,75
200900026990,9,10,12,1445,1,2,1,1.0,7,75112,M,,,75
200900026991,9,10,12,1520,1,2,2,1.0,3,75113,M,,,75
200900026992,9,10,12,1544,1,2,1,1.0,6,75116,M,,,75
200900026993,9,10,12,1620,1,2,5,1.0,6,75116,M,,,75
200900026994,9,10,12,1625,2,2,1,1.0,3,75106,M,,,75
200900026995,9,10,12,1635,1,2,5,1.0,3,75117,M,,,75
200900026996,9,10,12,1730,1,2,2,1.0,3,75108,M,,,75
200900026997,9,10,12,1735,1,2,1,1.0,3,75112,M,,,75
200900026998,9,10,12,1815,3,2,3,1.0,2,75113,M,,,75
200900026999,9,10,12,1845,1,2,1,8.0,6,75117,M,,,75
200900027000,9,10,12,1850,5,2,1,1.0,6,75111,M,,,75
200900027001,9,10,13,1750,1,2,1,1.0,6,75106,M,,,75
200900027002,9,10,13,130,5,2,1,1.0,6,75113,M,,,75
200900027003,9,10,13,845,1,2,1,1.0,6,75113,M,,,75
200900027004,9,10,13,850,1,2,4,1.0,6,75114,M,,,75
200900027005,9,10,13,850,1,2,1,1.0,6,75116,M,,,75
200900027006,9,10,13,920,1,2,1,1.0,6,75113,M,,,75
200900027007,9,10,13,932,1,2,1,1.0,2,75114,M,,,75
200900027008,9,10,13,935,1,2,1,1.0,3,75120,M,,,75
200900027009,9,10,13,945,1,2,1,1.0,7,75116,M,,,75
200900027010,9,10,13,945,1,2,2,1.0,3,75111,M,,,75
200900027011,9,10,13,945,1,2,1,1.0,6,75105,M,,,75
200900027012,9,10,13,1000,1,2,3,1.0,3,75113,M,,,75
200900027013,9,10,13,1020,1,2,1,1.0,6,75114,M,,,75
200900027014,9,10,13,1133,1,2,3,1.0,3,75109,M,,,75
200900027015,9,10,13,1140,1,2,1,7.0,6,75116,M,,,75
200900027016,9,10,13,1140,1,2,1,1.0,2,75112,M,,,75
200900027017,9,10,13,1210,1,2,1,1.0,6,75111,M,,,75
200900027018,9,10,13,1250,1,2,1,1.0,6,75112,M,,,75
200900027019,9,10,13,1335,1,2,1,1.0,7,75108,M,,,75
200900027020,9,10,13,1335,1,2,3,1.0,6,75118,M,,,75
200900027021,9,10,13,1435,1,2,2,1.0,6,75111,M,,,75
200900027022,9,10,13,1545,1,2,1,1.0,2,75120,M,,,75
200900027023,9,10,13,1600,1,2,1,1.0,3,75116,M,,,75
200900027024,9,10,13,1700,1,2,2,1.0,6,75116,M,,,75
200900027025,9,10,13,1750,1,2,1,1.0,7,75111,M,,,75
200900027026,9,10,13,1815,2,2,1,1.0,6,75118,M,,,75
200900027027,9,10,13,1930,2,2,3,1.0,3,75111,M,,,75
200900027028,9,10,13,1941,5,2,2,1.0,6,75110,M,,,75
200900027029,9,10,13,1945,5,2,4,1.0,2,75117,M,,,75
200900027030,9,10,13,2030,5,2,1,1.0,3,75103,M,,,75
200900027031,9,10,13,2100,5,2,1,1.0,2,75116,M,,,75
200900027032,9,10,13,2155,5,2,3,1.0,3,75106,M,,,75
200900027033,9,10,14,1010,1,2,1,1.0,3,75119,M,,,75
200900027034,9,10,14,213,5,2,1,1.0,6,75108,M,,,75
200900027035,9,10,14,805,1,2,2,1.0,6,75112,M,,,75
200900027036,9,10,14,835,1,2,5,1.0,3,75119,M,,,75
200900027037,9,10,14,855,1,2,2,1.0,3,75111,M,,,75
200900027038,9,10,14,855,1,2,3,1.0,3,75117,M,,,75
200900027039,9,10,14,930,1,2,1,1.0,2,75112,M,,,75
200900027040,9,10,14,930,1,2,2,1.0,6,75116,M,,,75
200900027041,9,10,14,1035,1,2,5,1.0,6,75117,M,,,75
200900027042,9,10,14,1212,1,2,3,1.0,3,75110,M,,,75
200900027043,9,10,14,1215,1,2,1,1.0,4,75105,M,,,75
200900027044,9,10,14,1225,1,2,1,1.0,6,75107,M,,,75
200900027045,9,10,14,1245,1,2,2,1.0,3,75112,M,,,75
200900027046,9,10,14,1245,1,2,2,1.0,3,75115,M,,,75
200900027047,9,10,14,1246,1,2,2,1.0,6,75115,M,,,75
200900027048,9,10,14,1305,1,2,2,1.0,3,75103,M,,,75
200900027049,9,10,14,1435,1,2,1,1.0,7,75120,M,,,75
200900027050,9,10,14,1445,1,2,1,1.0,7,75118,M,,,75
200900027051,9,10,14,1445,1,2,2,1.0,3,75116,M,,,75
200900027052,9,10,14,1614,1,2,2,1.0,6,75116,M,,,75
200900027053,9,10,14,1630,1,2,1,1.0,6,75119,M,,,75
200900027054,9,10,14,1640,1,2,2,1.0,6,75113,M,,,75
200900027055,9,10,14,1645,1,2,5,1.0,3,75118,M,,,75
200900027056,9,10,14,1840,5,2,4,1.0,7,75107,M,,,75
200900027057,9,10,14,1905,5,2,4,1.0,3,75107,M,,,75
200900027058,9,10,14,1920,2,2,2,1.0,6,75109,M,,,75
200900027059,9,10,14,2125,5,2,2,1.0,6,75103,M,,,75
200900027060,9,10,14,2125,5,2,1,1.0,6,75115,M,,,75
200900027061,9,10,14,2205,5,2,3,1.0,7,75107,M,,,75
200900027062,9,10,14,2335,5,2,1,1.0,6,75108,M,,,75
200900027063,9,10,15,120,5,2,5,1.0,6,75102,M,,,75
200900027064,9,10,15,730,1,2,2,1.0,3,75103,M,,,75
200900027065,9,10,15,745,1,2,1,1.0,3,75118,M,,,75
200900027066,9,10,15,810,1,2,1,1.0,3,75120,M,,,75
200900027067,9,10,15,910,1,2,2,1.0,3,75116,M,,,75
200900027068,9,10,15,920,1,2,1,1.0,6,75116,M,,,75
200900027069,9,10,15,945,1,2,1,1.0,6,75110,M,,,75
200900027070,9,10,15,620,2,2,1,1.0,7,75115,M,,,75
200900027071,9,10,15,805,1,2,1,1.0,6,75120,M,,,75
200900027072,9,10,15,910,1,2,1,1.0,3,75115,M,,,75
200900027073,9,10,15,1450,1,2,1,1.0,2,75114,M,,,75
200900027074,9,10,15,1740,2,2,4,1.0,3,75111,M,,,75
200900027075,9,10,15,950,1,2,1,1.0,7,75101,M,,,75
200900027076,9,10,15,1020,1,2,2,1.0,4,75103,M,,,75
200900027077,9,10,15,1120,1,2,5,1.0,3,75106,M,,,75
200900027078,9,10,15,1125,1,2,1,1.0,3,75117,M,,,75
200900027079,9,10,15,1140,1,2,5,1.0,6,75109,M,,,75
200900027080,9,10,15,1225,1,2,2,1.0,3,75101,M,,,75
200900027081,9,10,15,1335,1,2,5,1.0,6,75109,M,,,75
200900027082,9,10,15,1340,1,2,5,1.0,6,75105,M,,,75
200900027083,9,10,15,1345,1,2,3,1.0,3,75120,M,,,75
200900027084,9,10,15,1415,1,2,1,1.0,3,75105,M,,,75
200900027085,9,10,15,1425,1,2,2,1.0,3,75110,M,,,75
200900027086,9,10,15,1520,1,2,1,1.0,1,75116,M,,,75
200900027087,9,10,15,1530,1,2,5,1.0,3,75116,M,,,75
200900027088,9,10,15,1540,1,2,5,1.0,3,75108,M,,,75
200900027089,9,10,15,1550,1,2,1,1.0,7,75114,M,,,75
200900027090,9,10,15,1610,1,2,3,1.0,6,75110,M,,,75
200900027091,9,10,15,1700,1,2,4,1.0,3,75110,M,,,75
200900027092,9,10,15,1700,1,2,3,1.0,6,75108,M,,,75
200900027093,9,10,15,1845,2,2,1,1.0,2,75119,M,,,75
200900027094,9,10,15,1930,5,2,1,1.0,6,75116,M,,,75
200900027095,9,10,15,1940,5,2,1,1.0,7,75113,M,,,75
200900027096,9,10,15,1945,3,2,1,1.0,4,75108,M,,,75
200900027097,9,10,15,2100,4,2,1,1.0,6,75119,M,,,75
200900027098,9,10,15,2333,5,2,1,1.0,6,75119,M,,,75
200900027099,9,10,15,2335,5,2,1,1.0,3,75115,M,,,75
200900027100,9,10,18,335,5,2,1,1.0,4,75118,M,,,75
200900027101,9,10,18,350,5,2,2,1.0,3,75109,M,,,75
200900027102,9,10,18,455,5,2,1,1.0,7,75106,M,,,75
200900027103,9,10,18,600,5,2,1,1.0,6,75112,M,,,75
200900027104,9,10,18,600,5,2,7,1.0,3,75112,M,,,75
200900027105,9,10,18,755,1,2,2,1.0,3,75101,M,,,75
200900027106,9,10,18,1010,1,2,2,1.0,3,75116,M,,,75
200900027107,9,10,18,1015,1,2,1,1.0,6,75113,M,,,75
200900027108,9,10,18,1,5,2,2,1.0,2,75110,M,,,75
200900027109,9,10,18,30,5,2,1,1.0,2,75116,M,,,75
200900027110,9,10,18,241,5,2,2,1.0,5,75108,M,,,75
200900027111,9,10,18,250,5,2,2,1.0,1,75118,M,,,75
200900027112,9,10,18,300,5,2,1,1.0,6,75119,M,,,75
200900027113,9,10,18,1020,1,2,1,1.0,6,75110,M,,,75
200900027114,9,10,18,1310,1,2,2,1.0,1,75115,M,,,75
200900027115,9,10,18,1410,1,2,2,1.0,1,75111,M,,,75
200900027116,9,10,18,1430,1,2,1,1.0,4,75113,M,,,75
200900027117,9,10,18,1620,1,2,3,1.0,6,75116,M,,,75
200900027118,9,10,18,1640,1,2,5,1.0,3,75108,M,,,75
200900027119,9,10,18,1640,1,2,1,1.0,6,75118,M,,,75
200900027120,9,10,18,1700,1,2,3,1.0,6,75104,M,,,75
200900027121,9,10,18,1835,2,2,1,1.0,2,75105,M,,,75
200900027122,9,10,18,2000,5,2,2,1.0,3,75120,M,,,75
200900027123,9,10,18,2050,3,2,2,1.0,2,75116,M,,,75
200900027124,9,10,18,2100,5,2,3,1.0,7,75111,M,,,75
200900027125,9,10,16,200,4,2,1,1.0,6,75111,M,,,75
200900027126,9,10,16,225,3,2,1,1.0,6,75118,M,,,75
200900027127,9,10,16,820,1,2,3,1.0,6,75117,M,,,75
200900027128,9,10,16,850,1,2,1,1.0,2,75114,M,,,75
200900027129,9,10,16,855,1,2,1,1.0,3,75120,M,,,75
200900027130,9,10,16,855,1,2,3,8.0,2,75115,M,,,75
200900027131,9,10,16,920,1,2,2,8.0,6,75110,M,,,75
200900027132,9,10,16,927,1,2,3,1.0,3,75101,M,,,75
200900027133,9,10,16,940,1,2,2,1.0,3,75109,M,,,75
200900027134,9,10,16,955,1,2,1,1.0,7,75114,M,,,75
200900027135,9,10,16,1015,1,2,1,1.0,6,75116,M,,,75
200900027136,9,10,16,1055,1,2,2,1.0,3,75108,M,,,75
200900027137,9,10,16,1140,1,2,1,8.0,6,75112,M,,,75
200900027138,9,10,16,1200,1,2,1,2.0,6,75120,M,,,75
200900027139,9,10,16,1205,1,2,5,2.0,2,75108,M,,,75
200900027140,9,10,16,1300,1,2,3,8.0,2,75119,M,,,75
200900027141,9,10,16,1405,1,2,1,8.0,4,75106,M,,,75
200900027142,9,10,16,1415,1,2,3,8.0,6,75104,M,,,75
200900027143,9,10,16,1500,1,2,2,2.0,3,75101,M,,,75
200900027144,9,10,16,1513,1,2,1,1.0,6,75114,M,,,75
200900027145,9,10,16,1620,1,2,1,1.0,4,75115,M,,,75
200900027146,9,10,16,1635,1,2,1,1.0,2,75102,M,,,75
200900027147,9,10,16,1700,1,2,3,1.0,3,75117,M,,,75
200900027148,9,10,16,1705,1,2,3,1.0,3,75118,M,,,75
200900027149,9,10,16,1720,1,2,5,1.0,6,75103,M,,,75
200900027150,9,10,16,1720,1,2,1,1.0,4,75112,M,,,75
200900027151,9,10,16,1745,1,2,2,1.0,3,75119,M,,,75
200900027152,9,10,16,1940,4,2,1,1.0,2,75116,M,,,75
200900027153,9,10,16,1955,2,2,1,1.0,2,75120,M,,,75
200900027154,9,10,16,2045,5,2,3,1.0,3,75109,M,,,75
200900027155,9,10,16,2050,5,2,2,1.0,3,75110,M,,,75
200900027156,9,10,16,2140,5,2,2,8.0,3,75113,M,,,75
200900027157,9,10,16,2210,5,2,2,1.0,2,75117,M,,,75
200900027158,9,10,16,2215,3,2,3,1.0,3,75111,M,,,75
200900027159,9,10,17,115,3,2,1,2.0,1,75118,M,,,75
200900027160,9,10,17,200,5,2,1,2.0,6,75116,M,,,75
200900027161,9,10,17,1308,1,2,1,1.0,7,75117,M,,,75
200900027162,9,10,17,2010,5,2,1,1.0,3,75116,M,,,75
200900027163,9,10,17,205,5,2,2,2.0,4,75104,M,,,75
200900027164,9,10,17,235,5,2,5,9.0,3,75116,M,,,75
200900027165,9,10,17,415,5,2,3,8.0,7,75110,M,,,75
200900027166,9,10,17,430,5,2,3,1.0,5,75102,M,,,75
200900027167,9,10,17,755,1,2,5,1.0,6,75113,M,,,75
200900027168,9,10,17,950,1,2,4,8.0,3,75112,M,,,75
200900027169,9,10,17,1155,1,2,1,1.0,3,75115,M,,,75
200900027170,9,10,17,1200,1,2,5,1.0,3,75118,M,,,75
200900027171,9,10,17,1240,1,2,2,1.0,3,75110,M,,,75
200900027172,9,10,17,1325,1,2,1,2.0,6,75115,M,,,75
200900027173,9,10,17,1340,1,2,5,2.0,6,75116,M,,,75
200900027174,9,10,17,1410,1,2,2,1.0,3,75118,M,,,75
200900027175,9,10,17,1420,1,2,5,2.0,7,75110,M,,,75
200900027176,9,10,17,1435,1,2,4,2.0,3,75116,M,,,75
200900027177,9,10,17,1445,1,2,1,1.0,2,75118,M,,,75
200900027178,9,10,17,1450,1,2,1,1.0,2,75120,M,,,75
200900027179,9,10,17,1600,1,2,1,8.0,6,75107,M,,,75
200900027180,9,10,17,1640,1,2,1,8.0,3,75109,M,,,75
200900027181,9,10,17,1710,1,2,1,2.0,6,75118,M,,,75
200900027182,9,10,17,1730,1,2,3,1.0,3,75113,M,,,75
200900027183,9,10,17,1805,1,2,1,2.0,2,75116,M,,,75
200900027184,9,10,17,1900,5,2,5,8.0,3,75117,M,,,75
200900027185,9,10,17,1915,5,2,1,1.0,4,75120,M,,,75
200900027186,9,10,17,1920,5,2,1,1.0,4,75114,M,,,75
200900027187,9,10,17,2000,5,2,1,2.0,3,75112,M,,,75
200900027188,9,10,17,2000,5,2,5,1.0,3,75117,M,,,75
200900027189,9,10,17,2045,5,2,1,8.0,2,75119,M,,,75
200900027190,9,10,17,2105,5,2,5,1.0,6,75120,M,,,75
200900027191,9,10,17,2106,5,2,5,1.0,3,75108,M,,,75
200900027192,9,10,17,2210,5,2,1,1.0,6,75115,M,,,75
200900027193,9,10,20,720,5,2,3,1.0,3,75118,M,,,75
200900027194,9,10,20,845,1,2,1,1.0,2,75116,M,,,75
200900027195,9,10,20,900,1,2,5,1.0,3,75114,M,,,75
200900027196,9,10,20,910,1,2,4,1.0,7,75116,M,,,75
200900027197,9,10,20,910,1,2,2,8.0,6,75109,M,,,75
200900027198,9,10,20,915,1,2,1,1.0,3,75112,M,,,75
200900027199,9,10,20,950,1,2,4,1.0,6,75111,M,,,75
200900027200,9,10,20,1010,1,2,1,1.0,6,75116,M,,,75
200900027201,9,10,20,1045,1,2,5,8.0,3,75118,M,,,75
200900027202,9,10,20,1345,1,2,2,1.0,6,75111,M,,,75
200900027203,9,10,20,1628,1,2,2,1.0,3,75114,M,,,75
200900027204,9,10,20,1640,1,2,1,1.0,3,75113,M,,,75
200900027205,9,10,20,1700,1,2,1,1.0,6,75106,M,,,75
200900027206,9,10,20,1720,1,2,3,8.0,3,75115,M,,,75
200900027207,9,10,20,1835,5,2,1,1.0,7,75120,M,,,75
200900027208,9,10,20,1835,1,2,1,1.0,6,75114,M,,,75
200900027209,9,10,20,1845,5,2,1,1.0,3,75116,M,,,75
200900027210,9,10,20,1910,5,2,1,1.0,3,75112,M,,,75
200900027211,9,10,20,1940,5,2,5,1.0,2,75120,M,,,75
200900027212,9,10,20,1940,5,2,2,8.0,3,75118,M,,,75
200900027213,9,10,20,2015,5,2,1,1.0,2,75118,M,,,75
200900027214,9,10,20,2105,5,2,2,1.0,3,75119,M,,,75
200900027215,9,10,19,1100,1,2,1,1.0,4,75112,M,,,75
200900027216,9,10,19,1900,5,2,4,1.0,2,75102,M,,,75
200900027217,9,10,19,535,5,2,7,1.0,3,75115,M,,,75
200900027218,9,10,19,625,5,2,1,1.0,3,75104,M,,,75