Num_Acc,an,mois,jour,hrmn,lum,agg,int,atm,col,com,gps,lat,long,dep
200900027605,9,9,26,1948,1,2,1,1.0,6,82121,M,,,82
200900027606,9,9,27,40,3,1,1,1.0,6,82121,M,,,82
200900027607,9,9,27,1700,1,2,6,1.0,6,82121,M,,,82
200900027608,9,9,27,1905,1,2,6,1.0,3,82121,M,,,82
200900027609,9,9,28,1825,1,2,3,1.0,6,82121,M,,,82
200900027610,9,9,17,645,2,1,1,1.0,6,82188,M,4.0,0,82
200900027611,9,9,19,545,3,1,1,1.0,6,82085,M,4.0,0,82
200900027612,9,9,19,1215,1,1,1,2.0,3,82072,M,4.0,0,82
200900027613,9,9,19,1530,1,1,1,1.0,6,82184,M,4.0,0,82
200900027614,9,9,20,1830,1,1,1,2.0,3,82136,M,4.0,0,82
200900027615,9,9,20,2045,3,1,1,2.0,1,82119,M,4.0,0,82
200900027616,9,9,20,2130,3,1,1,2.0,6,82121,M,,,82
200900027617,9,9,24,1050,1,2,3,1.0,3,82121,M,,,82
200900027618,9,9,24,1140,1,2,6,1.0,6,82121,M,,,82
200900027619,9,9,25,745,1,2,3,1.0,3,82121,M,,,82
200900027620,9,9,28,1610,1,2,6,1.0,3,82121,M,,,82
200900027621,9,3,22,130,5,2,1,1.0,4,31555,M,,,31
200900027622,9,2,15,1745,1,1,1,1.0,7,29031,M,0.0,0,29
200900027623,9,2,26,745,2,1,1,8.0,3,29259,M,4.0,-,29
200900027624,9,2,1,1445,1,1,1,1.0,1,29045,M,4.0,-,29
200900027625,9,2,21,1900,2,1,1,1.0,1,29043,M,4.0,-,29
200900027626,9,2,12,1115,1,2,1,1.0,6,29124,M,4.0,-,29
200900027627,9,2,4,1515,1,1,1,3.0,3,29044,M,4.0,-,29
200900027628,9,2,9,900,1,2,1,3.0,6,29058,M,4.0,-,29
200900027629,9,2,2,1645,1,2,1,4.0,6,29019,M,0.0,0,29
200900027630,9,2,14,900,1,2,1,1.0,5,29042,M,0.0,0,29
200900027631,9,2,14,515,4,2,1,1.0,6,29042,M,0.0,0,29
200900027632,9,2,2,1430,1,1,1,8.0,2,29122,M,0.0,0,29
200900027633,9,2,21,1900,5,2,1,1.0,3,29162,M,0.0,0,29
200900027634,9,2,4,1415,1,1,1,3.0,3,29024,M,0.0,0,29
200900027635,9,2,27,2145,5,1,1,1.0,6,29161,M,4.0,-,29
200900027636,9,2,4,1100,1,2,1,2.0,3,29274,M,0.0,0,29
200900027637,9,2,20,2115,3,1,1,1.0,7,29049,M,4.0,-,29
200900027638,9,2,16,1800,1,2,1,1.0,2,29119,M,4.0,-,29
200900027639,9,2,2,1345,1,1,1,1.0,1,29298,M,4.0,-,29
200900027640,9,2,4,800,2,2,1,1.0,2,29019,M,,,29
200900027641,9,2,9,825,2,2,2,1.0,6,29019,M,,,29
200900027642,9,2,7,142,5,2,2,1.0,3,29019,M,,,29
200900027643,9,2,6,805,5,2,2,2.0,6,29019,M,,,29
200900027644,9,2,7,745,2,2,1,9.0,7,29019,M,,,29
200900027645,9,2,11,1915,5,2,1,1.0,6,29019,M,,,29
200900027646,9,2,15,1615,1,2,1,1.0,7,29019,M,,,29
200900027647,9,2,11,1610,1,2,2,1.0,6,29019,M,,,29
200900027648,9,2,9,1845,5,2,2,3.0,2,29019,M,,,29
200900027649,9,2,3,1020,1,2,1,4.0,4,29019,M,,,29
200900027650,9,2,9,1600,1,2,3,2.0,2,29019,M,,,29
200900027651,9,2,6,1855,5,2,1,1.0,3,29039,M,,,29
200900027652,9,2,14,2255,5,2,1,1.0,7,29151,M,,,29
200900027653,9,2,27,805,2,2,2,1.0,3,29019,M,,,29
200900027654,9,2,27,1755,1,2,2,1.0,3,29019,M,,,29
200900027655,9,2,23,700,5,2,2,1.0,7,29019,M,,,29
200900027656,9,2,27,1355,1,1,1,1.0,6,29019,M,,,29
200900027657,9,2,27,1835,1,2,1,1.0,6,29019,M,,,29
200900027658,9,2,23,1550,1,2,1,1.0,6,29019,M,,,29
200900027659,9,2,21,2100,3,1,3,1.0,5,29051,M,,,29
200900027660,9,2,23,1345,1,2,1,1.0,3,29019,M,,,29
200900027661,9,2,18,1328,1,2,1,1.0,6,29019,M,,,29
200900027662,9,2,28,1915,3,2,1,1.0,3,29254,M,,,29
200900027663,9,2,22,940,1,1,9,1.0,7,29254,M,,,29
200900027664,9,3,30,1900,1,2,2,1.0,3,29232,M,,,29
200900027665,9,3,19,1850,1,2,2,1.0,1,29232,M,,,29
200900027666,9,3,27,1044,1,2,1,1.0,6,29232,M,,,29
200900027667,9,3,26,1900,1,2,2,1.0,2,29232,M,,,29
200900027668,9,3,16,1655,1,2,3,1.0,3,29019,M,,,29
200900027669,9,3,18,2311,5,2,2,1.0,2,29019,M,,,29
200900027670,9,3,20,1230,1,2,3,1.0,3,29019,M,,,29
200900027671,9,3,30,1705,1,2,3,1.0,3,29019,M,,,29
200900027672,9,3,18,1220,1,2,2,1.0,3,29019,M,,,29
200900027673,9,3,12,755,1,2,1,1.0,6,29232,M,,,29
200900027674,9,3,17,802,1,2,2,1.0,3,29019,M,,,29
200900027675,9,3,13,920,1,2,1,1.0,6,29019,M,,,29
200900027676,9,3,9,1700,1,2,1,1.0,6,29019,M,,,29
200900027677,9,3,19,1350,1,2,2,1.0,3,29019,M,,,29
200900027678,9,3,26,1200,1,2,2,2.0,6,29019,M,,,29
200900027679,9,3,12,1525,1,2,1,1.0,3,29232,M,,,29
200900027680,9,3,11,1615,1,2,2,8.0,6,29019,M,,,29
200900027681,9,3,25,1750,1,2,3,1.0,6,29019,M,,,29
200900027682,9,3,7,1800,2,1,2,1.0,3,29122,M,0.0,0,29
200900027683,9,3,13,1115,1,2,1,1.0,6,29293,M,0.0,0,29
200900027684,9,3,29,1845,1,2,1,7.0,1,29212,M,4.0,-,29
200900027685,9,3,31,1730,1,1,3,1.0,3,29181,M,4.0,-,29
200900027686,9,3,26,1530,1,1,1,3.0,7,29163,M,0.0,0,29
200900027687,9,3,4,2330,3,1,1,1.0,6,29250,M,0.0,0,29
200900027688,9,3,31,1530,1,1,1,1.0,1,29189,M,4.0,-,29
200900027689,9,3,22,1330,1,1,1,1.0,7,29067,M,0.0,0,29
200900027690,9,3,3,1245,1,1,1,1.0,5,29179,M,4.0,-,29
200900027691,9,3,11,1115,1,2,1,1.0,3,29113,M,0.0,0,29
200900027692,9,3,11,815,1,1,1,1.0,1,29044,M,4.0,-,29
200900027693,9,3,8,700,3,1,1,2.0,7,29206,M,0.0,0,29
200900027694,9,3,7,1815,1,2,6,1.0,3,29165,M,0.0,0,29
200900027695,9,3,22,515,3,1,1,5.0,6,29087,M,4.0,-,29
200900027696,9,3,19,2145,5,2,1,1.0,7,29219,M,4.0,-,29
200900027697,9,3,26,1530,1,1,1,2.0,1,29069,M,4.0,-,29
200900027698,9,3,27,1645,1,2,1,3.0,3,29206,M,0.0,0,29
200900027699,9,3,20,1945,3,1,1,1.0,7,29197,M,0.0,0,29
200900027700,9,3,21,1715,1,1,5,1.0,5,29125,M,4.0,-,29
200900027701,9,3,7,1745,1,1,1,1.0,2,29220,M,0.0,0,29
200900027702,9,3,7,1800,1,2,1,1.0,6,29151,M,,,29
200900027703,9,3,27,810,5,2,3,1.0,3,29151,M,,,29
200900027704,9,3,3,855,1,2,1,8.0,6,29151,M,,,29
200900027705,9,3,13,1115,1,2,3,1.0,3,29254,M,,,29
200900027706,9,3,25,1535,1,2,1,1.0,6,29232,M,,,29
200900027707,9,3,25,1930,1,1,1,1.0,6,29232,M,,,29
200900027708,9,3,31,2235,3,1,1,1.0,6,29232,M,,,29
200900027709,9,4,3,1133,1,2,1,1.0,3,29019,M,,,29
200900027710,9,4,22,750,1,2,7,1.0,3,29019,M,,,29
200900027711,9,4,12,39,5,2,3,1.0,6,29019,M,,,29
200900027712,9,4,9,1545,1,2,1,2.0,3,29019,M,,,29
200900027713,9,4,18,1450,1,2,3,1.0,3,29019,M,,,29
200900027714,9,4,18,2040,1,2,2,1.0,3,29019,M,,,29
200900027715,9,4,4,1725,1,2,1,1.0,4,29232,M,,,29
200900027716,9,4,25,1510,1,2,3,1.0,6,29019,M,,,29
200900027717,9,4,9,1955,1,2,1,8.0,6,29019,M,,,29
200900027718,9,4,23,1700,1,2,2,1.0,3,29019,M,,,29
200900027719,9,4,21,800,1,2,1,1.0,2,29019,M,,,29
200900027720,9,4,12,212,5,2,1,1.0,6,29019,M,,,29
200900027721,9,4,10,1552,1,2,2,1.0,7,29232,M,,,29
200900027722,9,4,8,143,5,2,1,3.0,6,29232,M,,,29
200900027723,9,4,14,2010,5,2,1,3.0,6,29019,M,,,29
200900027724,9,4,19,1904,1,2,3,1.0,3,29019,M,,,29
200900027725,9,4,20,1415,1,2,2,1.0,6,29019,M,,,29
200900027726,9,4,4,530,4,2,1,1.0,1,29124,M,4.0,-,29
200900027727,9,4,23,630,3,1,1,5.0,6,29260,M,4.0,-,29
200900027728,9,4,26,215,3,1,1,2.0,7,29201,M,4.0,-,29
200900027729,9,4,22,1345,1,1,1,1.0,3,29177,M,4.0,-,29
200900027730,9,4,4,400,3,1,1,1.0,7,29247,M,4.0,-,29
200900027731,9,4,1,1145,1,2,9,1.0,1,29108,M,0.0,0,29
200900027732,9,4,26,1,3,1,1,1.0,6,29165,M,0.0,0,29
200900027733,9,4,7,1130,1,1,1,1.0,1,29199,M,4.0,-,29
200900027734,9,4,19,330,3,1,1,1.0,1,29078,M,4.0,-,29
200900027735,9,4,24,1515,1,1,1,1.0,3,29128,M,4.0,-,29
200900027736,9,4,18,1700,1,1,1,5.0,2,29209,M,0.0,0,29
200900027737,9,4,23,1335,1,2,1,1.0,6,29232,M,,,29
200900027738,9,4,25,40,5,2,6,1.0,3,29232,M,,,29
200900027739,9,4,11,1135,1,2,1,1.0,6,29151,M,,,29
200900027740,9,4,29,1020,1,2,1,1.0,6,29151,M,,,29
200900027741,9,5,20,1700,1,2,1,1.0,6,29019,M,,,29
200900027742,9,5,28,1640,1,1,1,1.0,6,29232,M,,,29
200900027743,9,5,23,35,5,2,2,1.0,3,29019,M,,,29
200900027744,9,5,8,1030,1,2,1,1.0,1,29232,M,,,29
200900027745,9,5,30,1700,1,2,2,1.0,3,29019,M,,,29
200900027746,9,5,6,1325,1,2,1,1.0,1,29039,M,,,29
200900027747,9,5,9,1130,1,2,6,1.0,2,29232,M,,,29
200900027748,9,5,15,1640,1,2,1,1.0,6,29232,M,,,29
200900027749,9,5,26,1820,1,2,1,1.0,6,29019,M,,,29
200900027750,9,5,18,2230,5,2,2,1.0,3,29019,M,,,29
200900027751,9,5,6,1410,1,2,7,1.0,6,29039,M,,,29
200900027752,9,5,22,1925,1,2,2,1.0,6,29019,M,,,29
200900027753,9,5,12,1840,1,2,2,1.0,3,29019,M,,,29
200900027754,9,5,11,1355,1,2,1,1.0,6,29019,M,,,29
200900027755,9,5,15,1435,1,2,2,1.0,6,29019,M,,,29
200900027756,9,5,1,1431,1,2,1,1.0,3,29019,M,,,29
200900027757,9,5,5,1740,1,2,4,1.0,6,29019,M,,,29
200900027758,9,5,11,1730,1,2,1,1.0,4,29019,M,,,29
200900027759,9,5,8,1840,1,2,2,1.0,3,29019,M,,,29
200900027760,9,5,8,1745,1,2,2,1.0,3,29019,M,,,29
200900027761,9,5,7,1658,1,2,1,1.0,6,29019,M,,,29
200900027762,9,5,12,2140,2,2,2,8.0,6,29019,M,,,29
200900027763,9,5,6,2045,1,2,6,1.0,3,29019,M,,,29
200900027764,9,5,16,145,3,1,1,2.0,6,29212,M,4.0,-,29
200900027765,9,5,3,930,1,1,1,1.0,6,29119,M,4.0,-,29
200900027766,9,5,31,1430,1,2,1,1.0,6,29008,M,4.0,-,29
200900027767,9,5,29,1030,1,1,1,1.0,1,29150,M,0.0,0,29
200900027768,9,5,14,1615,1,2,1,1.0,6,29080,M,4.0,-,29
200900027769,9,5,15,900,1,1,6,1.0,1,29105,M,4.0,-,29
200900027770,9,5,22,1515,1,1,1,1.0,6,29163,M,4.0,-,29
200900027771,9,5,28,815,1,1,1,1.0,3,29213,M,0.0,0,29
200900027772,9,5,28,1415,1,2,6,1.0,3,29210,M,0.0,0,29
200900027773,9,5,28,1745,1,2,1,1.0,6,29098,M,4.0,-,29
200900027774,9,5,26,1845,1,2,9,1.0,1,29221,M,4.0,-,29
200900027775,9,5,14,500,3,1,1,1.0,6,29020,M,4.0,-,29
200900027776,9,5,30,300,3,1,1,1.0,7,29069,M,4.0,-,29
200900027777,9,5,31,2200,2,2,1,1.0,6,29153,M,0.0,0,29
200900027778,9,5,6,1530,1,2,1,1.0,3,29027,M,4.0,-,29
200900027779,9,5,25,920,1,2,1,1.0,2,29151,M,,,29
200900027780,9,5,21,105,5,2,1,1.0,6,29019,M,,,29
200900027781,9,5,21,1530,1,1,1,1.0,6,29254,M,,,29
200900027782,9,5,24,1545,1,1,1,1.0,6,29254,M,,,29
200900027783,9,5,29,1215,1,2,1,1.0,4,29232,M,,,29
200900027784,9,5,2,2350,5,2,2,1.0,5,29019,M,,,29
200900027785,9,2,1,1545,1,1,3,1.0,3,55556,M,0.0,0,55
200900027786,9,2,4,1215,1,1,1,1.0,3,55156,M,4.0,0,55
200900027787,9,2,5,945,1,1,1,9.0,6,55066,M,4.0,0,55
200900027788,9,2,7,345,5,2,1,1.0,7,55545,M,,,55
200900027789,9,2,7,1730,1,1,1,3.0,1,55533,M,4.0,0,55
200900027790,9,2,17,1800,1,2,3,2.0,3,55463,M,4.0,0,55
200900027791,9,2,18,900,1,1,1,1.0,7,55545,M,,,55
200900027792,9,2,3,1155,1,2,1,4.0,6,55029,M,,,55
200900027793,9,2,18,1730,1,2,1,1.0,2,55186,M,,,55
200900027794,9,2,22,400,5,2,1,1.0,6,55167,M,0.0,0,55
200900027795,9,2,27,1145,1,1,1,8.0,1,55551,M,4.0,0,55
200900027796,9,2,28,1545,1,2,1,1.0,6,55149,M,4.0,0,55
200900027797,9,6,22,1715,1,2,1,1.0,3,31555,M,,,31
200900027798,9,7,11,40,5,2,1,1.0,3,31555,M,,,31
200900027799,9,8,2,830,1,1,1,1.0,7,27375,M,4.0,0,27
200900027800,9,8,3,1410,1,1,1,1.0,5,27701,M,4.0,0,27
200900027801,9,8,11,900,1,1,1,2.0,5,27243,M,4.0,0,27
200900027802,9,8,8,1515,1,1,1,1.0,2,27320,M,4.0,0,27
200900027803,9,8,9,2300,5,2,1,1.0,6,27422,M,4.0,0,27
200900027804,9,8,2,845,1,1,2,1.0,3,27329,M,4.0,0,27
200900027805,9,8,2,1445,1,1,1,1.0,1,27448,M,4.0,0,27
200900027806,9,8,3,1645,1,1,1,1.0,7,27608,M,4.0,0,27
200900027807,9,8,4,800,1,1,1,1.0,2,27107,M,4.0,0,27
200900027808,9,8,5,745,1,1,1,1.0,6,27140,M,4.0,0,27
200900027809,9,8,5,1800,1,2,1,1.0,3,27678,M,4.0,0,27
200900027810,9,8,8,400,3,1,1,1.0,7,27348,M,4.0,0,27
200900027811,9,8,5,1530,1,2,1,1.0,6,27285,M,4.0,0,27
200900027812,9,8,4,830,1,1,2,1.0,1,27457,M,4.0,0,27
200900027813,9,8,7,2000,1,1,2,1.0,3,27192,M,4.0,0,27
200900027814,9,8,5,900,1,2,1,1.0,6,27275,M,4.0,0,27
200900027815,9,8,4,1725,1,2,1,1.0,6,27229,M,4.0,0,27
200900027816,9,8,5,45,3,1,1,1.0,6,27229,M,4.0,0,27
200900027817,9,8,12,1715,1,2,1,1.0,5,27091,M,4.0,0,27
200900027818,9,8,13,1715,1,1,1,1.0,1,27320,M,4.0,0,27
200900027819,9,8,14,1730,1,2,1,1.0,6,27385,M,4.0,0,27
200900027820,9,8,15,1115,1,1,2,1.0,1,27135,M,4.0,0,27
200900027821,9,8,15,1900,1,1,2,1.0,3,27331,M,4.0,0,27
200900027822,9,8,16,645,1,1,1,1.0,2,27656,M,4.0,0,27
200900027823,9,8,16,2230,5,2,9,1.0,6,27023,M,4.0,0,27
200900027824,9,8,22,930,1,1,1,1.0,6,27674,M,4.0,0,27
200900027825,9,8,22,2000,1,1,1,1.0,6,27589,M,4.0,0,27
200900027826,9,8,21,2220,3,2,1,1.0,7,27375,M,4.0,0,27
200900027827,9,8,24,1215,1,2,1,8.0,1,27322,M,4.0,0,27
200900027828,9,8,23,1300,1,2,1,1.0,6,27697,M,4.0,0,27
200900027829,9,8,29,545,5,2,1,1.0,6,27003,M,4.0,0,27
200900027830,9,8,23,1700,1,1,1,1.0,6,27039,M,4.0,0,27
200900027831,9,8,31,745,1,1,1,1.0,7,27177,M,4.0,0,27
200900027832,9,8,21,300,3,1,1,1.0,6,27229,M,4.0,0,27
200900027833,9,8,28,1315,1,2,2,1.0,3,27056,M,4.0,0,27
200900027834,9,8,30,330,5,2,1,1.0,6,27230,M,4.0,0,27
200900027835,9,8,26,1,3,1,1,1.0,6,27358,M,4.0,0,27
200900027836,9,8,6,510,2,2,1,1.0,7,27229,M,4.0,0,27
200900027837,9,8,8,155,5,2,1,1.0,3,27229,M,4.0,0,27
200900027838,9,8,23,2100,2,1,2,1.0,3,27491,M,4.0,0,27
200900027839,9,8,27,1820,1,2,1,1.0,6,27229,M,4.0,0,27
200900027840,9,8,31,840,1,2,1,1.0,5,27229,M,4.0,0,27
200900027841,9,8,30,750,1,2,1,1.0,7,27299,M,4.0,0,27
200900027842,9,8,29,2215,3,1,1,1.0,6,27505,M,4.0,0,27
200900027843,9,8,18,410,4,2,1,1.0,7,27375,M,4.0,0,27
200900027844,9,8,29,2230,3,2,1,1.0,6,27582,M,4.0,0,27
200900027845,9,8,31,1900,1,2,1,1.0,3,27478,M,4.0,0,27
200900027846,9,7,2,1210,1,2,1,1.0,3,19031,M,4.0,0,19
200900027847,9,7,2,1845,1,1,1,1.0,7,19124,M,4.0,0,19
200900027848,9,7,3,1830,1,2,1,1.0,2,19031,M,4.0,0,19
200900027849,9,7,4,700,1,2,1,1.0,6,19229,M,4.0,0,19
200900027850,9,7,5,1600,1,1,1,1.0,6,19262,M,4.0,0,19
200900027851,9,7,6,1440,1,2,6,1.0,3,19031,M,4.0,0,19
200900027852,9,7,8,1815,1,1,1,1.0,6,19235,M,4.0,0,19
200900027853,9,7,9,1640,1,2,2,1.0,3,19031,M,4.0,0,19
200900027854,9,7,10,2310,5,2,2,1.0,3,19031,M,4.0,0,19
200900027855,9,7,10,1115,1,1,1,1.0,6,19218,M,4.0,0,19
200900027856,9,7,11,1400,1,1,1,1.0,6,19148,M,4.0,0,19
200900027857,9,7,12,1600,1,1,2,1.0,3,19250,M,4.0,0,19
200900027858,9,7,11,2000,1,2,3,1.0,1,19275,M,4.0,0,19
200900027859,9,7,14,5,5,2,2,3.0,1,19031,M,4.0,0,19
200900027860,9,7,15,1030,1,2,7,1.0,6,19250,M,4.0,0,19
200900027861,9,7,15,1115,1,1,2,1.0,2,19211,M,4.0,0,19
200900027862,9,7,15,1745,1,2,1,1.0,5,19121,M,4.0,0,19
200900027863,9,7,20,1745,1,2,3,1.0,3,19135,M,4.0,0,19
200900027864,9,7,20,1625,1,2,1,1.0,6,19031,M,4.0,0,19
200900027865,9,7,23,228,5,2,4,1.0,6,19272,M,4.0,0,19
200900027866,9,7,24,1830,1,1,1,1.0,6,19066,M,4.0,0,19
200900027867,9,7,26,2100,1,1,1,1.0,1,19060,M,4.0,0,19
200900027868,9,7,27,1225,1,2,1,1.0,6,19031,M,4.0,0,19
200900027869,9,7,27,1645,1,2,1,1.0,3,19031,M,4.0,0,19
200900027870,9,7,27,1930,1,1,1,1.0,7,19252,M,4.0,0,19
200900027871,9,7,30,1900,1,1,2,1.0,1,19091,M,4.0,0,19
200900027872,9,7,31,1830,1,1,6,1.0,7,19124,M,4.0,0,19
200900027873,9,7,28,1800,1,2,1,1.0,6,19031,M,4.0,0,19
200900027874,9,7,1,1215,1,2,1,1.0,3,68166,M,,,68
200900027875,9,7,1,1430,1,2,2,1.0,6,68224,M,,,68
200900027876,9,7,1,2345,5,2,5,1.0,3,68224,M,,,68
200900027877,9,7,2,1600,1,2,1,1.0,2,68201,M,4.0,0,68
200900027878,9,7,3,758,1,2,3,1.0,3,68066,M,,,68
200900027879,9,7,3,1245,1,1,6,2.0,3,68295,M,4.0,0,68
200900027880,9,7,5,1216,1,2,1,1.0,6,68256,M,,,68
200900027881,9,7,3,1515,1,2,1,1.0,3,68297,M,,,68
200900027882,9,7,3,1530,1,2,1,1.0,6,68374,M,4.0,0,68
200900027883,9,7,4,1830,1,2,1,1.0,7,68224,M,,,68
200900027884,9,7,4,2015,1,2,4,1.0,6,68209,M,4.0,0,68
200900027885,9,7,13,1730,1,1,1,1.0,3,68366,M,0.0,0,68
200900027886,9,7,6,1354,1,2,2,1.0,6,68224,M,,,68
200900027887,9,7,6,1543,1,2,4,1.0,1,68066,M,,,68
200900027888,9,7,6,1730,1,1,1,1.0,6,68022,M,4.0,0,68
200900027889,9,7,7,600,1,2,1,2.0,7,68182,M,0.0,0,68
200900027890,9,7,7,757,1,2,3,1.0,3,68224,M,,,68
200900027891,9,7,7,1753,1,2,1,1.0,6,68224,M,,,68
200900027892,9,7,8,1405,1,2,3,1.0,3,68376,M,,,68
200900027893,9,7,8,1730,1,1,1,1.0,6,68347,M,4.0,0,68
200900027894,9,7,9,1315,1,2,2,1.0,1,68224,M,,,68
200900027895,9,7,10,1011,1,2,2,2.0,3,68066,M,,,68
200900027896,9,7,10,1420,1,2,3,1.0,6,68224,M,,,68
200900027897,9,7,13,1144,1,2,1,1.0,6,68224,M,,,68
200900027898,9,7,13,1812,1,2,1,1.0,6,68224,M,,,68
200900027899,9,7,13,1945,1,2,1,1.0,6,68373,M,4.0,0,68
200900027900,9,7,14,1828,1,2,2,1.0,6,68224,M,,,68
200900027901,9,7,14,2220,5,2,3,1.0,3,68066,M,,,68
200900027902,9,7,15,1620,1,2,6,1.0,6,68224,M,,,68
200900027903,9,7,27,1015,1,1,9,1.0,7,68297,M,0.0,0,68
200900027904,9,7,27,1552,1,1,1,1.0,2,68066,M,,,68
200900027905,9,7,30,1645,1,2,1,1.0,6,68321,M,0.0,0,68
200900027906,9,7,31,1409,1,2,9,1.0,6,68224,M,,,68
200900027907,9,7,17,1033,1,2,1,1.0,3,68066,M,,,68
200900027908,9,7,20,1242,1,2,3,1.0,3,68224,M,,,68
200900027909,9,7,19,1814,1,2,1,1.0,5,68066,M,,,68
200900027910,9,7,19,2000,1,2,1,1.0,1,68226,M,4.0,0,68
200900027911,9,7,18,1715,1,1,1,8.0,2,68044,M,4.0,0,68
200900027912,9,7,23,2200,5,2,1,1.0,6,68166,M,,,68
200900027913,9,7,21,1810,1,2,1,1.0,3,68066,M,,,68
200900027914,9,7,24,746,1,2,3,1.0,3,68066,M,,,68
200900027915,9,7,26,1845,1,2,1,1.0,3,68152,M,4.0,0,68
200900027916,9,7,24,1204,1,1,1,1.0,2,68224,M,,,68
200900027917,9,7,24,2330,3,1,1,1.0,6,68247,M,4.0,0,68
200900027918,9,6,24,1725,1,1,1,1.0,3,65251,M,,,65
200900027919,9,6,20,2105,2,2,1,7.0,3,65440,M,,,65
200900027920,9,6,22,1744,1,2,6,1.0,3,65440,M,,,65
200900027921,9,6,24,2000,1,2,1,1.0,3,65440,M,,,65
200900027922,9,7,19,745,1,2,1,1.0,3,38175,M,0.0,0,38
200900027923,9,7,7,1845,1,2,1,3.0,3,38474,M,0.0,0,38
200900027924,9,7,15,1700,1,1,1,1.0,2,38226,M,4.0,0,38
200900027925,9,7,14,315,5,2,1,1.0,3,38547,M,4.0,0,38
200900027926,9,7,5,1830,1,1,1,1.0,7,38553,M,0.0,0,38
200900027927,9,7,12,2245,3,1,1,1.0,1,38095,M,4.0,0,38
200900027928,9,7,26,315,5,2,1,1.0,7,38052,M,0.0,0,38
200900027929,9,7,9,1745,1,1,1,7.0,2,38065,M,4.0,0,38
200900027930,9,7,16,1845,1,1,1,1.0,3,38522,M,4.0,0,38
200900027931,9,7,12,330,3,1,1,1.0,6,38381,M,0.0,0,38
200900027932,9,7,26,945,1,1,1,1.0,2,38072,M,4.0,0,38
200900027933,9,7,17,1845,1,1,6,1.0,7,38184,M,4.0,0,38
200900027934,9,7,13,1300,1,1,1,1.0,1,38534,M,0.0,0,38
200900027935,9,7,12,415,3,1,1,1.0,6,38055,M,0.0,0,38
200900027936,9,7,24,1,3,2,1,1.0,6,38247,M,0.0,0,38
200900027937,9,7,5,15,5,2,1,1.0,6,38547,M,4.0,0,38
200900027938,9,7,5,1730,1,1,1,1.0,1,38018,M,4.0,0,38
200900027939,9,7,27,1530,1,2,1,1.0,3,38193,M,0.0,0,38
200900027940,9,7,15,1700,1,1,1,1.0,7,38555,M,4.0,0,38
200900027941,9,7,18,1045,1,1,1,1.0,1,38363,M,0.0,0,38
200900027942,9,7,2,1115,1,1,1,1.0,3,38359,M,0.0,0,38
200900027943,9,7,5,1615,1,1,1,1.0,6,38053,M,4.0,0,38
200900027944,9,7,23,1430,1,2,1,1.0,1,38315,M,0.0,0,38
200900027945,9,7,13,1630,1,1,1,1.0,7,38013,M,4.0,0,38
200900027946,9,7,28,2345,3,1,1,1.0,6,38392,M,0.0,0,38
200900027947,9,7,12,1645,1,1,1,1.0,3,38357,M,0.0,0,38
200900027948,9,7,30,330,3,2,1,1.0,7,38323,M,0.0,0,38
200900027949,9,7,20,400,5,1,1,1.0,3,38063,M,4.0,0,38
200900027950,9,7,27,2245,3,1,1,1.0,3,38449,M,0.0,0,38
200900027951,9,7,27,1730,1,2,1,1.0,6,38378,M,4.0,0,38
200900027952,9,7,31,630,1,2,1,1.0,1,38270,M,0.0,0,38
200900027953,9,7,18,745,1,1,1,1.0,7,38072,M,4.0,0,38
200900027954,9,7,6,1445,1,1,1,1.0,2,38392,M,0.0,0,38
200900027955,9,7,16,1600,1,2,6,1.0,1,38474,M,0.0,0,38
200900027956,9,7,17,1645,1,1,1,3.0,1,38014,M,4.0,0,38
200900027957,9,7,29,945,1,1,1,1.0,1,38556,M,4.0,0,38
200900027958,9,7,16,1100,1,2,1,1.0,7,38184,M,4.0,0,38
200900027959,9,7,25,1415,1,1,1,1.0,1,38505,M,4.0,0,38
200900027960,9,7,8,1700,1,2,1,1.0,1,38558,M,4.0,0,38
200900027961,9,7,18,900,1,1,1,2.0,3,38490,M,0.0,0,38
200900027962,9,7,30,745,1,1,1,1.0,5,38153,M,0.0,0,38
200900027963,9,7,24,1745,1,1,1,1.0,6,38399,M,4.0,0,38
200900027964,9,7,13,1820,1,2,1,1.0,6,38185,M,,,38
200900027965,9,7,14,1610,1,2,6,1.0,3,38169,M,,,38
200900027966,9,7,9,2206,5,2,2,1.0,7,38185,M,,,38
200900027967,9,7,8,1030,1,2,1,1.0,3,38563,M,,,38
200900027968,9,7,15,1445,1,2,1,1.0,2,38185,M,,,38
200900027969,9,7,8,1230,1,2,1,1.0,3,38516,M,,,38
200900027970,9,7,12,1930,1,2,2,1.0,3,38185,M,,,38
200900027971,9,7,27,2130,1,2,7,1.0,3,38185,M,,,38
200900027972,9,7,26,1110,1,2,1,1.0,3,38185,M,,,38
200900027973,9,7,29,1015,1,2,1,1.0,6,38053,M,,,38
200900027974,9,7,30,1600,1,2,3,1.0,3,38421,M,,,38
200900027975,9,7,25,2200,2,2,1,1.0,6,38544,M,,,38
200900027976,9,7,10,1140,1,2,2,1.0,6,38169,M,,,38
200900027977,9,7,8,1805,1,1,1,1.0,7,38544,M,,,38
200900027978,9,7,25,40,3,1,1,1.0,2,38184,M,,,38
200900027979,9,7,8,1800,1,1,9,1.0,3,38544,M,,,38
200900027980,9,7,3,20,3,1,1,8.0,6,38336,M,,,38
200900027981,9,7,24,1340,1,2,2,1.0,3,38053,M,,,38
200900027982,9,7,23,1250,1,1,1,1.0,4,38151,M,,,38
200900027983,9,7,17,1019,1,2,1,2.0,3,38544,M,,,38
200900027984,9,7,15,1930,1,2,1,1.0,1,38071,M,0.0,0,38
200900027985,9,7,13,1030,1,2,1,1.0,2,38185,M,,,38