Num_Acc,an,mois,jour,hrmn,lum,agg,int,atm,col,com,gps,lat,long,dep
200900027986,9,7,20,930,1,1,1,1.0,6,38015,M,0.0,0,38
200900027987,9,7,17,1430,1,1,3,3.0,5,38287,M,4.0,0,38
200900027988,9,5,20,1715,1,2,2,1.0,3,54371,M,,,54
200900027989,9,5,29,1815,1,2,1,1.0,7,54136,M,,,54
200900027990,9,9,1,1700,1,1,1,2.0,7,89344,M,4.0,0,89
200900027991,9,9,2,730,1,1,1,1.0,6,89167,M,0.0,0,89
200900027992,9,9,2,1900,1,1,1,1.0,6,89028,M,4.0,0,89
200900027993,9,9,6,1200,1,1,1,1.0,2,89120,M,0.0,0,89
200900027994,9,9,6,1400,1,1,1,1.0,6,89218,M,0.0,0,89
200900027995,9,9,8,745,1,2,1,1.0,1,89469,M,0.0,0,89
200900027996,9,9,8,1115,1,1,1,1.0,2,89221,M,4.0,0,89
200900027997,9,9,9,755,1,2,2,1.0,3,89387,M,,,89
200900027998,9,9,12,1515,1,2,1,1.0,1,89439,M,0.0,0,89
200900027999,9,9,9,1315,1,1,1,1.0,3,89336,M,0.0,0,89
200900028000,9,9,11,2100,5,2,1,1.0,6,89439,M,4.0,0,89
200900028001,9,9,15,1900,1,2,1,1.0,6,89206,M,4.0,0,89
200900028002,9,9,16,2345,5,2,1,2.0,3,89345,M,0.0,0,89
200900028003,9,9,18,2100,5,2,1,1.0,6,89206,M,4.0,0,89
200900028004,9,9,19,645,3,1,1,8.0,6,89277,M,4.0,0,89
200900028005,9,9,16,1735,1,2,1,1.0,3,89342,M,,,89
200900028006,9,9,19,2015,2,1,1,1.0,6,89013,M,0.0,0,89
200900028007,9,9,20,1515,1,1,1,1.0,2,89468,M,0.0,0,89
200900028008,9,9,25,1745,1,2,1,1.0,3,89013,M,0.0,0,89
200900028009,9,9,27,1015,1,2,1,1.0,3,89150,M,4.0,0,89
200900028010,9,9,30,1145,1,2,1,1.0,3,89337,M,0.0,0,89
200900028011,9,5,31,1925,1,2,2,1.0,3,87085,M,,,87
200900028012,9,5,13,1630,1,2,1,2.0,6,22278,M,,,22
200900028013,9,5,1,2215,3,1,1,1.0,1,22174,M,0.0,0,22
200900028014,9,5,30,230,3,1,1,1.0,1,22113,M,0.0,0,22
200900028015,9,5,30,1715,1,1,1,7.0,1,22222,M,0.0,0,22
200900028016,9,5,21,1700,1,2,3,1.0,1,22214,M,0.0,0,22
200900028017,9,5,12,1500,1,2,1,1.0,3,22198,M,4.0,-,22
200900028018,9,5,31,1630,1,1,1,1.0,6,22316,M,4.0,-,22
200900028019,9,5,29,2300,3,1,1,1.0,6,22004,M,4.0,-,22
200900028020,9,5,10,2145,3,1,1,1.0,2,22030,M,0.0,0,22
200900028021,9,5,23,1400,1,2,1,1.0,6,22220,M,0.0,0,22
200900028022,9,5,27,1630,1,2,1,8.0,3,22168,M,4.0,-,22
200900028023,9,5,24,1030,1,2,1,1.0,7,22106,M,,,22
200900028024,9,5,20,1840,1,2,6,1.0,3,22360,M,,,22
200900028025,9,5,2,1530,1,1,1,1.0,7,22323,M,0.0,0,22
200900028026,9,5,4,1040,1,2,4,1.0,3,22050,M,,,22
200900028027,9,5,5,1230,1,1,2,1.0,3,22307,M,0.0,0,22
200900028028,9,5,7,2300,3,1,3,1.0,3,22277,M,0.0,0,22
200900028029,9,5,12,730,1,2,6,1.0,3,22136,M,0.0,0,22
200900028030,9,5,20,1445,1,2,2,1.0,3,22002,M,0.0,0,22
200900028031,9,5,30,1400,1,1,1,1.0,5,22187,M,0.0,0,22
200900028032,9,5,30,1330,1,1,3,1.0,1,22155,M,0.0,0,22
200900028033,9,5,15,2140,2,2,2,2.0,3,22050,M,,,22
200900028034,9,5,19,1000,1,2,6,1.0,3,22050,M,,,22
200900028035,9,5,21,1,3,2,6,1.0,3,22190,M,0.0,0,22
200900028036,9,5,9,1730,1,1,1,1.0,1,22214,M,0.0,0,22
200900028037,9,5,17,230,3,1,1,1.0,7,22196,M,0.0,0,22
200900028038,9,5,31,615,2,1,1,1.0,7,22093,M,0.0,0,22
200900028039,9,5,19,1915,1,2,1,1.0,7,22113,M,,,22
200900028040,9,5,1,2245,5,2,1,1.0,7,22353,M,0.0,0,22
200900028041,9,5,30,1700,1,1,1,1.0,7,22214,M,0.0,0,22
200900028042,9,5,2,1250,1,2,2,1.0,3,22278,M,,,22
200900028043,9,5,1,240,5,2,1,1.0,6,22278,M,,,22
200900028044,9,5,3,1545,1,1,1,1.0,2,22278,M,,,22
200900028045,9,5,4,805,1,2,2,1.0,3,22278,M,,,22
200900028046,9,5,12,745,1,2,1,3.0,7,22278,M,,,22
200900028047,9,5,20,2300,5,2,2,1.0,3,22278,M,,,22
200900028048,9,5,22,1400,1,2,6,1.0,7,22278,M,,,22
200900028049,9,5,9,1445,1,2,1,1.0,3,22106,M,,,22
200900028050,9,5,22,1415,1,2,2,1.0,3,22278,M,,,22
200900028051,9,5,25,1745,1,2,3,2.0,3,22278,M,,,22
200900028052,9,5,4,905,1,2,2,1.0,7,22278,M,,,22
200900028053,9,5,5,745,1,2,3,2.0,7,22278,M,,,22
200900028054,9,5,4,1710,1,2,6,1.0,3,22278,M,,,22
200900028055,9,5,7,1410,1,2,3,1.0,6,22278,M,,,22
200900028056,9,5,13,740,1,1,1,1.0,7,22278,M,,,22
200900028057,9,5,5,1555,1,2,1,1.0,3,22278,M,,,22
200900028058,9,5,6,705,1,2,3,1.0,3,22278,M,,,22
200900028059,9,5,26,1050,1,2,6,1.0,6,22278,M,,,22
200900028060,9,5,7,1655,1,2,2,1.0,3,22278,M,,,22
200900028061,9,5,29,405,5,2,1,1.0,6,22278,M,,,22
200900028062,9,5,15,1305,1,2,6,1.0,3,22278,M,,,22
200900028063,9,5,27,1400,1,1,2,1.0,3,22002,M,0.0,0,22
200900028064,9,5,25,745,1,2,6,1.0,3,22136,M,0.0,0,22
200900028065,9,5,22,1800,1,1,1,1.0,1,22109,M,0.0,0,22
200900028066,9,5,1,1515,1,1,3,1.0,3,22014,M,0.0,0,22
200900028067,9,5,24,1900,1,1,2,1.0,3,22205,M,0.0,0,22
200900028068,9,5,26,815,1,1,1,1.0,1,22268,M,0.0,0,22
200900028069,9,7,1,530,2,2,1,1.0,3,89055,M,0.0,0,89
200900028070,9,7,2,1015,1,2,1,1.0,1,89321,M,0.0,0,89
200900028071,9,7,4,2040,1,2,1,1.0,3,89387,M,,,89
200900028072,9,7,5,615,1,1,1,1.0,6,89155,M,4.0,0,89
200900028073,9,7,5,645,1,1,1,1.0,6,89108,M,0.0,0,89
200900028074,9,7,7,1640,1,1,1,1.0,5,89387,M,,,89
200900028075,9,7,9,1500,1,1,1,1.0,2,89236,M,0.0,0,89
200900028076,9,7,12,1700,1,1,1,8.0,7,89210,M,4.0,0,89
200900028077,9,7,9,1730,1,2,1,1.0,6,89387,M,,,89
200900028078,9,7,10,530,2,2,1,1.0,1,89025,M,0.0,0,89
200900028079,9,7,13,200,3,1,1,1.0,7,89382,M,4.0,0,89
200900028080,9,7,14,430,3,1,1,2.0,5,89378,M,4.0,0,89
200900028081,9,7,15,1745,1,1,1,1.0,7,89445,M,4.0,0,89
200900028082,9,7,16,1600,1,1,1,1.0,7,89365,M,4.0,0,89
200900028083,9,7,16,1200,1,1,1,1.0,2,89208,M,0.0,0,89
200900028084,9,7,16,1730,1,2,1,1.0,6,89206,M,0.0,0,89
200900028085,9,7,17,1400,1,1,1,2.0,2,89341,M,0.0,0,89
200900028086,9,7,17,1805,1,2,1,1.0,3,89387,M,,,89
200900028087,9,7,18,30,3,1,1,3.0,6,89276,M,0.0,0,89
200900028088,9,7,18,1800,1,1,1,1.0,6,89202,M,0.0,0,89
200900028089,9,7,21,1500,1,2,1,1.0,6,89046,M,4.0,0,89
200900028090,9,7,21,1745,1,1,1,1.0,7,89167,M,0.0,0,89
200900028091,9,7,23,1,5,2,1,2.0,6,89439,M,4.0,0,89
200900028092,9,7,23,1145,1,1,1,1.0,2,89237,M,0.0,0,89
200900028093,9,7,24,1715,1,2,6,1.0,3,89257,M,4.0,0,89
200900028094,9,7,24,1015,1,2,1,1.0,2,89387,M,,,89
200900028095,9,7,26,630,2,2,6,1.0,6,89418,M,0.0,0,89
200900028096,9,7,26,1745,1,1,1,7.0,1,89153,M,0.0,0,89
200900028097,9,7,27,1434,1,2,1,1.0,3,89387,M,,,89
200900028098,9,7,28,1445,1,1,1,1.0,7,89311,M,4.0,0,89
200900028099,9,7,28,1930,1,2,1,1.0,6,89206,M,0.0,0,89
200900028100,9,7,28,2030,1,1,1,1.0,6,89160,M,4.0,0,89
200900028101,9,7,29,830,1,2,1,1.0,6,89066,M,0.0,0,89
200900028102,9,7,30,730,1,1,1,1.0,6,89080,M,0.0,0,89
200900028103,9,7,20,1200,1,1,1,1.0,3,89345,M,0.0,0,89
200900028104,9,7,24,2045,3,1,1,9.0,6,89324,M,4.0,0,89
200900028105,9,7,27,1230,1,1,1,1.0,2,89459,M,0.0,0,89
200900028106,9,7,30,1415,1,1,1,1.0,7,89080,M,4.0,0,89
200900028107,9,7,30,1845,1,2,1,1.0,3,89206,M,4.0,0,89
200900028108,9,7,31,1145,1,1,1,1.0,2,89013,M,0.0,0,89
200900028109,9,8,3,30,4,1,1,1.0,2,89208,M,4.0,0,89
200900028110,9,8,5,1900,1,2,1,1.0,1,89248,M,0.0,0,89
200900028111,9,8,5,1915,1,2,1,7.0,6,89206,M,4.0,0,89
200900028112,9,8,8,2300,3,1,1,1.0,7,89337,M,4.0,0,89
200900028113,9,8,9,1930,1,1,1,1.0,6,89255,M,0.0,0,89
200900028114,9,8,10,1715,1,2,1,1.0,7,89167,M,0.0,0,89
200900028115,9,8,10,1830,1,1,1,1.0,7,89197,M,4.0,0,89
200900028116,9,8,12,1820,1,2,2,1.0,6,89387,M,,,89
200900028117,9,8,13,1230,1,1,1,1.0,2,89409,M,0.0,0,89
200900028118,9,8,14,1115,1,1,1,1.0,3,89343,M,0.0,0,89
200900028119,9,8,14,1800,1,2,1,1.0,7,89234,M,0.0,0,89
200900028120,9,8,16,1200,1,1,1,1.0,3,89378,M,0.0,0,89
200900028121,9,8,16,1445,1,1,1,1.0,1,89317,M,0.0,0,89
200900028122,9,8,21,1830,1,1,1,1.0,1,89364,M,0.0,0,89
200900028123,9,8,17,815,1,1,1,1.0,7,89466,M,0.0,0,89
200900028124,9,8,17,1430,1,1,1,1.0,6,89483,M,4.0,0,89
200900028125,9,8,20,645,1,1,1,1.0,5,89339,M,4.0,0,89
200900028126,9,8,23,1615,1,2,1,1.0,1,89201,M,0.0,0,89
200900028127,9,8,23,1700,1,1,1,1.0,6,89420,M,0.0,0,89
200900028128,9,8,2,520,5,2,1,3.0,6,89338,M,,,89
200900028129,9,8,26,2340,5,2,2,1.0,3,89387,M,,,89
200900028130,9,8,27,1600,1,1,1,1.0,6,89139,M,0.0,0,89
200900028131,9,8,27,1700,1,1,1,1.0,3,89072,M,4.0,0,89
200900028132,9,8,27,1900,1,1,1,1.0,6,89463,M,4.0,0,89
200900028133,9,8,29,115,3,1,1,1.0,6,89370,M,0.0,0,89
200900028134,9,8,30,130,4,2,1,1.0,6,89130,M,0.0,0,89
200900028135,9,8,30,245,3,1,1,1.0,1,89366,M,0.0,0,89
200900028136,9,8,30,1420,1,2,2,1.0,3,89387,M,,,89
200900028137,9,8,28,1115,1,1,1,1.0,3,89268,M,0.0,0,89
200900028138,9,8,1,1545,1,2,1,1.0,3,89206,M,4.0,0,89
200900028139,9,8,8,1815,1,1,1,1.0,7,89419,M,4.0,0,89
200900028140,9,3,9,1745,2,1,1,1.0,6,55514,M,4.0,0,55
200900028141,9,3,13,1335,1,2,1,1.0,2,55476,M,,,55
200900028142,9,3,14,1030,1,1,1,1.0,1,55122,M,4.0,0,55
200900028143,9,3,14,1515,1,1,1,1.0,6,55296,M,4.0,0,55
200900028144,9,3,17,830,1,2,3,1.0,6,55351,M,4.0,0,55
200900028145,9,3,21,30,3,1,1,1.0,6,55104,M,4.0,0,55
200900028146,9,3,1,2040,5,2,1,2.0,7,55029,M,,,55
200900028147,9,3,7,245,5,2,1,1.0,3,55545,M,,,55
200900028148,9,3,7,1145,1,2,1,1.0,5,55545,M,,,55
200900028149,9,3,8,1500,1,1,1,2.0,6,55010,M,4.0,0,55
200900028150,9,3,25,1350,1,1,1,1.0,7,55545,M,,,55
200900028151,9,3,25,1630,1,1,1,3.0,6,55509,M,4.0,0,55
200900028152,9,3,27,500,3,1,1,3.0,2,55291,M,0.0,0,55
200900028153,9,3,27,1340,1,2,1,1.0,2,55043,M,,,55
200900028154,9,3,29,715,2,2,1,1.0,7,55043,M,,,55
200900028155,9,3,29,1350,1,2,1,1.0,3,55476,M,,,55
200900028156,9,3,31,1745,1,2,3,1.0,7,55545,M,,,55
200900028157,9,4,4,930,1,1,1,1.0,1,55078,M,4.0,0,55
200900028158,9,4,4,1215,1,2,1,1.0,1,55492,M,4.0,0,55
200900028159,9,4,6,2245,5,2,1,1.0,7,55545,M,,,55
200900028160,9,4,10,1230,1,1,6,1.0,3,55520,M,4.0,0,55
200900028161,9,4,16,2345,3,1,1,3.0,6,55348,M,4.0,0,55
200900028162,9,4,17,1345,1,2,1,2.0,6,55351,M,4.0,0,55
200900028163,9,4,28,1315,1,1,1,8.0,7,55122,M,4.0,0,55
200900028164,9,7,18,1400,1,1,1,1.0,5,80546,M,0.0,0,80
200900028165,9,7,2,1415,1,1,1,1.0,1,80565,M,0.0,0,80
200900028166,9,7,6,2115,1,2,1,1.0,6,80402,M,0.0,0,80
200900028167,9,7,7,1400,1,1,2,1.0,3,80832,M,0.0,0,80
200900028168,9,7,9,1712,1,2,1,1.0,6,80001,M,,,80
200900028169,9,7,3,100,3,1,1,3.0,1,80307,M,0.0,0,80
200900028170,9,7,5,1145,1,1,1,1.0,6,80578,M,0.0,0,80
200900028171,9,7,11,115,5,2,1,1.0,6,80106,M,0.0,0,80
200900028172,9,7,11,1900,1,1,8,1.0,6,80421,M,0.0,0,80
200900028173,9,7,14,945,1,1,1,1.0,2,80637,M,0.0,0,80
200900028174,9,7,15,745,1,1,1,1.0,2,80718,M,0.0,0,80
200900028175,9,7,26,1100,1,1,1,1.0,3,80779,M,0.0,0,80
200900028176,9,7,28,2045,1,1,2,1.0,3,80583,M,0.0,0,80
200900028177,9,7,29,1415,1,1,1,1.0,3,80386,M,0.0,0,80
200900028178,9,7,15,1345,1,1,2,1.0,3,80638,M,0.0,0,80
200900028179,9,7,15,2135,1,2,1,1.0,1,80096,M,0.0,0,80
200900028180,9,7,15,1715,1,1,1,1.0,3,80223,M,0.0,0,80
200900028181,9,7,16,1815,1,2,1,1.0,6,80570,M,0.0,0,80
200900028182,9,7,17,230,3,1,1,2.0,3,80521,M,0.0,0,80
200900028183,9,7,18,2030,1,1,1,1.0,3,80383,M,0.0,0,80
200900028184,9,7,19,1200,1,1,1,1.0,6,80614,M,0.0,0,80
200900028185,9,7,19,1230,1,1,1,1.0,6,80815,M,0.0,0,80
200900028186,9,7,21,1630,1,2,1,1.0,6,80253,M,0.0,0,80
200900028187,9,7,23,2130,1,1,1,1.0,6,80670,M,0.0,0,80
200900028188,9,7,25,2015,1,1,1,1.0,3,80313,M,0.0,0,80
200900028189,9,7,27,1900,1,2,1,7.0,3,80802,M,0.0,0,80
200900028190,9,7,30,1645,1,2,1,1.0,3,80721,M,0.0,0,80
200900028191,9,7,31,2245,3,1,1,1.0,2,80685,M,0.0,0,80
200900028192,9,7,7,1510,1,2,1,1.0,7,80021,M,,,80
200900028193,9,7,13,2345,5,2,1,1.0,7,80021,M,,,80
200900028194,9,7,13,240,4,1,1,1.0,7,80131,M,,,80
200900028195,9,7,14,1340,1,1,2,1.0,3,80131,M,,,80
200900028196,9,7,31,1930,1,2,6,1.0,3,80001,M,,,80
200900028197,9,7,1,1145,1,2,1,1.0,7,80021,M,,,80
200900028198,9,7,1,2100,1,2,1,1.0,2,80253,M,0.0,0,80
200900028199,9,7,3,1820,1,2,4,1.0,3,80021,M,,,80
200900028200,9,7,4,1320,1,2,1,1.0,3,80021,M,,,80
200900028201,9,7,2,2200,3,1,2,1.0,3,80740,M,0.0,0,80
200900028202,9,7,4,1855,1,2,1,1.0,3,80021,M,,,80
200900028203,9,7,5,1635,1,2,3,1.0,3,80632,M,,,80
200900028204,9,7,7,1320,1,2,1,2.0,7,80021,M,,,80
200900028205,9,7,6,855,1,2,1,1.0,3,80021,M,,,80
200900028206,9,7,7,1640,1,2,1,2.0,3,80021,M,,,80
200900028207,9,7,8,2030,1,2,1,1.0,3,80021,M,,,80
200900028208,9,7,10,1320,1,2,1,1.0,3,80021,M,,,80
200900028209,9,7,13,1125,1,2,1,1.0,1,80021,M,,,80
200900028210,9,7,14,1925,1,2,1,1.0,2,80725,M,,,80
200900028211,9,7,15,1815,1,2,1,1.0,7,80021,M,,,80
200900028212,9,7,18,2000,1,2,1,1.0,7,80561,M,0.0,0,80
200900028213,9,8,1,1915,1,2,1,8.0,1,85152,M,0.0,0,85
200900028214,9,8,1,2000,1,1,1,2.0,4,85287,M,0.0,0,85
200900028215,9,8,2,2000,1,1,1,1.0,6,85300,M,4.0,-,85
200900028216,9,8,3,1430,1,2,1,1.0,6,85182,M,4.0,-,85
200900028217,9,8,6,1900,1,2,1,1.0,2,85215,M,0.0,0,85
200900028218,9,8,10,1415,1,2,1,1.0,1,85243,M,4.0,-,85
200900028219,9,8,13,1515,1,2,2,1.0,3,85222,M,4.0,-,85
200900028220,9,8,13,1900,1,2,6,1.0,3,85047,M,4.0,-,85
200900028221,9,8,14,930,1,1,1,1.0,3,85073,M,0.0,0,85
200900028222,9,8,14,1115,1,1,1,1.0,3,85182,M,0.0,0,85
200900028223,9,8,14,1345,1,1,1,1.0,7,85277,M,0.0,0,85
200900028224,9,8,14,1515,1,2,6,1.0,3,85092,M,4.0,-,85
200900028225,9,8,14,1745,1,2,6,7.0,1,85234,M,0.0,0,85
200900028226,9,8,15,1815,1,1,1,1.0,5,85047,M,0.0,0,85
200900028227,9,8,16,630,2,1,1,1.0,6,85070,M,0.0,0,85
200900028228,9,8,17,1515,1,1,1,1.0,1,85029,M,4.0,-,85
200900028229,9,8,19,1830,1,1,1,1.0,3,85143,M,0.0,0,85
200900028230,9,8,20,1300,1,1,1,1.0,1,85143,M,4.0,-,85
200900028231,9,8,21,1745,1,1,1,1.0,7,85221,M,0.0,0,85
200900028232,9,8,22,1945,1,2,1,1.0,1,85297,M,4.0,-,85
200900028233,9,8,23,45,3,1,1,1.0,5,85213,M,0.0,0,85
200900028234,9,8,23,315,3,1,1,1.0,6,85276,M,0.0,0,85
200900028235,9,8,24,1945,2,1,1,7.0,3,85181,M,4.0,-,85
200900028236,9,8,25,915,1,2,1,1.0,1,85164,M,4.0,-,85
200900028237,9,8,25,1200,1,2,1,1.0,3,85092,M,4.0,-,85
200900028238,9,8,25,1500,1,2,1,1.0,6,85092,M,4.0,-,85
200900028239,9,8,25,1558,1,2,1,1.0,5,85191,M,4.0,-,85
200900028240,9,8,28,2215,3,1,1,1.0,3,85297,M,4.0,-,85
200900028241,9,8,27,415,3,1,1,2.0,2,85152,M,0.0,0,85
200900028242,9,8,27,1515,1,1,3,1.0,3,85260,M,0.0,0,85
200900028243,9,8,28,1830,1,1,1,1.0,1,85252,M,4.0,-,85
200900028244,9,8,28,1900,1,2,1,1.0,3,85113,M,4.0,-,85
200900028245,9,8,29,300,3,1,1,1.0,6,85019,M,4.0,-,85
200900028246,9,8,29,1745,1,1,1,1.0,6,85196,M,0.0,0,85
200900028247,9,8,30,2045,1,1,1,1.0,1,85269,M,4.0,-,85
200900028248,9,8,31,1445,1,1,1,1.0,7,85017,M,0.0,0,85
200900028249,9,6,1,1140,1,2,1,1.0,6,26281,M,,,26
200900028250,9,6,12,1335,1,2,3,1.0,3,26362,M,,,26
200900028251,9,6,11,1740,1,2,1,1.0,6,26281,M,,,26
200900028252,9,6,2,2050,1,2,2,1.0,3,26281,M,,,26
200900028253,9,6,10,1925,1,2,6,1.0,7,26362,M,,,26
200900028254,9,6,7,905,1,2,1,1.0,6,26362,M,,,26
200900028255,9,6,30,815,1,2,1,1.0,6,26010,M,0.0,0,26
200900028256,9,6,11,1200,1,1,1,1.0,6,26182,M,0.0,0,26
200900028257,9,6,14,1845,1,1,1,1.0,2,26166,M,4.0,0,26
200900028258,9,6,4,1915,1,1,1,1.0,7,26287,M,0.0,0,26
200900028259,9,6,9,600,1,1,1,1.0,6,26235,M,0.0,0,26
200900028260,9,6,19,1830,1,1,1,1.0,3,26166,M,4.0,0,26
200900028261,9,6,22,815,1,1,9,1.0,3,26063,M,4.0,0,26
200900028262,9,6,8,1015,1,1,1,1.0,7,26116,M,4.0,0,26
200900028263,9,6,19,315,3,1,1,1.0,6,26337,M,4.0,0,26
200900028264,9,6,19,1715,1,1,1,1.0,6,26211,M,0.0,0,26
200900028265,9,6,18,15,3,1,1,1.0,2,26332,M,4.0,0,26
200900028266,9,6,5,2230,3,1,1,2.0,3,26166,M,0.0,0,26
200900028267,9,6,27,115,3,1,1,1.0,3,26138,M,0.0,0,26
200900028268,9,6,11,1415,1,1,3,1.0,3,26113,M,4.0,0,26
200900028269,9,6,17,1515,1,2,3,1.0,3,26325,M,4.0,0,26
200900028270,9,6,22,800,1,1,1,1.0,2,26002,M,4.0,0,26
200900028271,9,6,5,1315,1,1,3,1.0,3,26380,M,0.0,0,26
200900028272,9,6,25,1745,1,1,9,1.0,3,26313,M,4.0,0,26
200900028273,9,6,20,400,3,1,1,1.0,1,26339,M,4.0,0,26
200900028274,9,6,13,1900,1,1,1,1.0,7,26305,M,4.0,0,26
200900028275,9,6,19,930,1,1,1,1.0,3,26041,M,4.0,0,26
200900028276,9,6,5,1430,1,1,1,1.0,3,26183,M,0.0,0,26
200900028277,9,6,3,1515,1,2,1,1.0,6,26165,M,0.0,0,26
200900028278,9,6,2,1615,2,1,1,1.0,1,26323,M,0.0,0,26
200900028279,9,6,27,2145,5,2,1,8.0,6,26281,M,,,26
200900028280,9,6,28,1935,1,2,1,1.0,1,26057,M,,,26
200900028281,9,6,23,1530,1,2,7,1.0,6,26281,M,,,26
200900028282,9,6,26,1120,1,2,3,1.0,3,26362,M,,,26
200900028283,9,6,18,815,1,2,3,1.0,3,26362,M,,,26
200900028284,9,6,28,1540,1,2,1,1.0,3,26281,M,,,26
200900028285,9,6,17,1405,1,2,1,1.0,6,26281,M,,,26
200900028286,9,6,28,2020,1,2,1,1.0,6,26362,M,,,26
200900028287,9,6,22,1015,1,2,1,1.0,6,26057,M,,,26
200900028288,9,6,30,1525,1,2,1,1.0,1,26198,M,4.0,0,26
200900028289,9,6,27,1700,1,2,1,1.0,3,26010,M,4.0,0,26
200900028290,9,6,26,915,1,1,1,1.0,3,26362,M,,,26
200900028291,9,6,12,1645,1,2,1,1.0,3,26058,M,4.0,0,26
200900028292,9,6,17,2327,3,1,1,1.0,7,26252,M,,,26
200900028293,9,9,4,1830,1,2,2,1.0,3,85069,M,0.0,0,85
200900028294,9,9,5,430,2,1,1,1.0,6,85162,M,4.0,-,85
200900028295,9,9,6,115,5,2,1,1.0,6,85088,M,0.0,0,85
200900028296,9,9,12,800,1,2,1,1.0,1,85001,M,4.0,-,85
200900028297,9,9,12,2130,5,2,1,1.0,6,85143,M,0.0,0,85
200900028298,9,9,12,2145,2,1,1,1.0,6,85096,M,0.0,0,85
200900028299,9,9,7,1800,1,1,1,1.0,1,85064,M,0.0,0,85
200900028300,9,9,8,1830,1,1,1,1.0,3,85102,M,0.0,0,85
200900028301,9,9,9,1815,1,1,1,1.0,6,85026,M,4.0,-,85
200900028302,9,9,10,1200,1,2,6,1.0,3,85234,M,4.0,-,85
200900028303,9,9,11,1845,1,1,1,1.0,3,85094,M,0.0,0,85
200900028304,9,9,21,1715,1,1,1,1.0,1,85252,M,0.0,0,85
200900028305,9,9,22,630,3,1,1,1.0,6,85282,M,0.0,0,85
200900028306,9,9,22,1700,1,2,1,1.0,1,85019,M,0.0,0,85
200900028307,9,9,14,1845,1,1,1,1.0,3,85026,M,0.0,0,85
200900028308,9,9,16,800,1,1,1,1.0,7,85011,M,0.0,0,85
200900028309,9,9,19,1700,1,1,1,1.0,1,85224,M,0.0,0,85
200900028310,9,9,20,1700,1,1,1,1.0,7,85130,M,0.0,0,85
200900028311,9,9,10,1815,1,2,1,1.0,3,85047,M,4.0,-,85
200900028312,9,9,20,2045,3,1,1,1.0,7,85147,M,0.0,0,85
200900028313,9,9,21,1545,1,1,1,1.0,7,85178,M,0.0,0,85
200900028314,9,9,21,1615,1,2,1,1.0,1,85118,M,0.0,0,85
200900028315,9,9,25,1815,1,2,1,1.0,1,85092,M,0.0,0,85
200900028316,9,9,26,1400,1,1,1,1.0,6,85234,M,4.0,-,85
200900028317,9,9,27,15,5,1,1,1.0,1,85289,M,0.0,0,85
200900028318,9,9,29,1545,1,1,1,1.0,7,85008,M,4.0,-,85
200900028319,9,9,28,815,2,2,1,7.0,4,85051,M,0.0,0,85
200900028320,9,3,23,740,2,2,6,1.0,3,85166,M,,,85
200900028321,9,9,1,1430,1,1,1,1.0,1,04192,M,4.0,0,04
200900028322,9,9,2,1545,1,1,1,1.0,3,04242,M,4.0,0,04
200900028323,9,9,4,1215,1,1,1,1.0,6,04135,M,0.0,0,04
200900028324,9,9,9,1400,1,1,1,1.0,7,04100,M,4.0,0,04
200900028325,9,9,5,1045,1,1,1,1.0,7,04045,M,0.0,0,04
200900028326,9,9,6,1645,1,1,1,1.0,2,04116,M,4.0,0,04
200900028327,9,9,18,1230,1,1,1,3.0,1,04088,M,4.0,0,04
200900028328,9,9,12,1525,1,2,1,1.0,7,79191,M,,,79
200900028329,9,9,3,1120,1,1,6,2.0,7,79191,M,,,79
200900028330,9,9,4,1755,1,2,1,1.0,6,79191,M,,,79
200900028331,9,9,5,1923,1,2,3,1.0,7,79329,M,,,79
200900028332,9,9,8,1235,1,1,4,1.0,3,79081,M,,,79
200900028333,9,9,13,38,5,2,3,1.0,1,79191,M,,,79
200900028334,9,9,13,1130,1,2,1,1.0,2,79191,M,,,79
200900028335,9,9,13,1840,1,2,1,8.0,7,79300,M,,,79
200900028336,9,9,18,1905,1,2,2,1.0,2,79191,M,,,79
200900028337,9,9,18,2155,5,2,1,1.0,1,79191,M,,,79
200900028338,9,9,23,1512,1,2,6,1.0,2,79191,M,,,79
200900028339,9,9,25,1605,1,2,9,1.0,6,79329,M,,,79
200900028340,9,9,30,1315,1,2,2,1.0,3,79300,M,,,79
200900028341,9,9,30,1350,1,2,1,1.0,6,79191,M,,,79
200900028342,9,9,30,1550,1,2,2,1.0,1,79191,M,,,79
200900028343,9,9,5,1845,1,1,1,1.0,6,79339,M,0.0,0,79
200900028344,9,9,6,1100,1,1,1,1.0,7,79100,M,0.0,0,79
200900028345,9,9,12,1815,1,1,1,1.0,1,79080,M,0.0,0,79
200900028346,9,9,13,600,3,1,1,1.0,1,79006,M,0.0,0,79
200900028347,9,9,19,700,3,1,1,1.0,1,79202,M,0.0,0,79
200900028348,9,9,19,1730,1,1,1,1.0,6,79049,M,0.0,0,79
200900028349,9,9,25,1900,1,1,1,1.0,3,79048,M,0.0,0,79
200900028350,9,9,25,2330,3,1,1,1.0,6,79079,M,0.0,0,79
200900028351,9,2,7,1428,1,1,1,4.0,2,91477,M,,,91
200900028352,9,2,3,1005,1,2,1,4.0,7,91477,M,,,91
200900028353,9,2,3,835,1,2,1,1.0,7,91312,M,,,91
200900028354,9,2,3,1010,1,2,1,1.0,2,91691,M,,,91
200900028355,9,2,4,840,1,1,1,1.0,6,91421,M,,,91
200900028356,9,2,6,1740,1,2,1,1.0,7,91645,M,,,91
200900028357,9,2,4,1100,1,2,1,1.0,6,91521,M,,,91
200900028358,9,2,4,1245,1,2,1,4.0,7,91122,M,,,91
200900028359,9,2,6,1725,1,2,3,2.0,3,91570,M,,,91
200900028360,9,2,6,2100,5,2,2,1.0,3,91228,M,,,91
200900028361,9,2,10,830,1,2,1,1.0,7,91064,M,,,91