Num_Acc,an,mois,jour,hrmn,lum,agg,int,atm,col,com,gps,lat,long,dep
200900028362,9,2,7,1450,1,2,1,1.0,6,91114,M,,,91
200900028363,9,2,7,1910,2,2,2,1.0,1,91201,M,,,91
200900028364,9,2,7,2035,5,2,1,2.0,3,91549,M,,,91
200900028365,9,2,9,845,1,2,1,2.0,2,91228,M,,,91
200900028366,9,2,9,1900,5,2,1,1.0,7,91122,M,,,91
200900028367,9,2,10,755,2,2,1,2.0,6,91228,M,,,91
200900028368,9,2,10,830,1,1,1,2.0,2,91421,M,,,91
200900028369,9,2,10,925,1,2,3,2.0,5,91228,M,,,91
200900028370,9,2,10,1900,5,2,4,1.0,3,91228,M,,,91
200900028371,9,2,11,930,1,2,1,1.0,3,91477,M,,,91
200900028372,9,2,11,1101,1,2,1,1.0,7,91477,M,,,91
200900028373,9,2,11,850,1,2,2,4.0,7,91477,M,,,91
200900028374,9,2,11,910,1,2,1,1.0,2,91521,M,,,91
200900028375,9,2,11,1750,2,2,2,1.0,1,91691,M,,,91
200900028376,9,2,13,1300,1,1,1,8.0,3,91421,M,,,91
200900028377,9,2,12,2155,1,2,1,1.0,3,91174,M,,,91
200900028378,9,2,16,735,2,2,6,1.0,3,91549,M,,,91
200900028379,9,2,16,1630,1,2,1,1.0,2,91201,M,,,91
200900028380,9,2,17,945,1,1,1,2.0,6,91421,M,,,91
200900028381,9,2,19,730,1,2,1,1.0,3,91114,M,,,91
200900028382,9,2,19,1830,2,2,1,1.0,6,91114,M,,,91
200900028383,9,2,25,1440,1,2,4,1.0,2,91216,M,,,91
200900028384,9,2,19,2030,3,2,2,1.0,3,91064,M,,,91
200900028385,9,2,20,1230,1,2,1,1.0,6,91114,M,,,91
200900028386,9,2,21,1120,1,2,1,1.0,3,91421,M,,,91
200900028387,9,2,21,1600,1,2,3,1.0,1,91657,M,,,91
200900028388,9,2,23,2010,5,2,1,2.0,6,91691,M,,,91
200900028389,9,2,24,1500,1,2,1,1.0,2,91174,M,,,91
200900028390,9,2,25,2025,2,2,1,1.0,3,91114,M,,,91
200900028391,9,2,26,955,1,2,1,1.0,7,91477,M,,,91
200900028392,9,2,27,1915,2,2,1,1.0,6,91286,M,,,91
200900028393,9,2,27,2005,5,2,1,1.0,3,91692,M,,,91
200900028394,9,2,28,1535,1,2,3,1.0,2,91064,M,,,91
200900028395,9,2,13,600,2,1,1,4.0,1,91679,M,0.0,0,91
200900028396,9,2,13,1025,1,1,1,2.0,6,91689,M,,,91
200900028397,9,2,2,1040,1,1,1,9.0,6,91228,M,,,91
200900028398,9,2,1,2000,3,2,9,1.0,1,91207,M,0.0,0,91
200900028399,9,2,2,2045,5,2,1,2.0,6,91665,M,0.0,0,91
200900028400,9,2,2,1500,1,2,1,4.0,6,91560,M,0.0,0,91
200900028401,9,2,6,701,2,1,1,1.0,2,91182,M,,,91
200900028402,9,2,7,1940,4,1,1,1.0,2,91689,M,,,91
200900028403,9,2,8,2345,3,1,1,4.0,6,91363,M,,,91
200900028404,9,2,8,1100,1,1,1,1.0,1,91132,M,0.0,0,91
200900028405,9,2,9,745,2,1,1,8.0,3,91521,M,,,91
200900028406,9,2,9,840,1,1,1,2.0,3,91377,M,,,91
200900028407,9,2,11,551,3,1,1,9.0,6,91661,M,,,91
200900028408,9,2,14,2220,3,1,1,1.0,3,91363,M,,,91
200900028409,9,2,12,1948,3,1,1,1.0,3,91161,M,,,91
200900028410,9,2,15,1605,1,1,1,1.0,7,91340,M,,,91
200900028411,9,2,16,1525,1,1,1,1.0,6,91434,M,,,91
200900028412,9,2,16,1717,1,1,1,1.0,3,91689,M,,,91
200900028413,9,2,16,1349,1,1,1,1.0,3,91064,M,,,91
200900028414,9,2,17,1455,1,1,1,8.0,6,91064,M,,,91
200900028415,9,2,10,745,4,2,1,2.0,6,91587,M,0.0,0,91
200900028416,9,2,15,1630,1,1,1,1.0,3,91132,M,4.0,0,91
200900028417,9,2,22,1836,3,1,1,1.0,7,91235,M,,,91
200900028418,9,2,17,2043,3,1,1,1.0,2,91377,M,,,91
200900028419,9,2,19,830,1,2,1,7.0,6,91136,M,4.0,0,91
200900028420,9,2,21,122,3,1,1,1.0,7,91340,M,,,91
200900028421,9,2,23,40,3,1,1,1.0,7,91064,M,,,91
200900028422,9,2,21,700,2,1,1,1.0,3,91689,M,,,91
200900028423,9,2,23,853,1,1,1,2.0,6,91161,M,,,91
200900028424,9,2,23,952,1,1,1,1.0,2,91086,M,,,91
200900028425,9,2,23,1245,1,2,1,1.0,2,91272,M,0.0,0,91
200900028426,9,2,24,751,1,1,1,1.0,3,91689,M,,,91
200900028427,9,2,25,1134,1,1,1,1.0,2,91136,M,,,91
200900028428,9,2,27,1830,2,2,1,1.0,1,91340,M,4.0,0,91
200900028429,9,2,27,730,3,2,1,5.0,6,91035,M,4.0,0,91
200900028430,9,2,22,315,3,1,1,1.0,6,91534,M,,,91
200900028431,9,2,28,1211,1,1,1,1.0,3,91549,M,,,91
200900028432,9,2,21,1630,1,1,1,1.0,7,91340,M,,,91
200900028433,9,3,16,1800,1,1,1,1.0,2,91659,M,,,91
200900028434,9,3,13,1400,1,2,1,1.0,1,91589,M,,,91
200900028435,9,3,27,2100,3,1,1,1.0,5,91568,M,,,91
200900028436,9,3,31,730,1,2,2,1.0,3,91687,M,,,91
200900028437,9,3,25,1950,5,2,2,1.0,3,91687,M,,,91
200900028438,9,3,6,1,5,2,6,1.0,6,91589,M,,,91
200900028439,9,3,6,650,3,1,1,1.0,7,91223,M,,,91
200900028440,9,3,6,815,1,2,1,1.0,7,91645,M,,,91
200900028441,9,3,11,1645,1,1,2,1.0,3,91095,M,4.0,0,91
200900028442,9,3,2,1345,1,1,1,1.0,2,91661,M,0.0,0,91
200900028443,9,3,4,800,2,1,1,3.0,7,91347,M,,,91
200900028444,9,3,4,1820,2,1,1,2.0,7,91617,M,,,91
200900028445,9,3,6,2300,3,1,1,1.0,7,91411,M,4.0,0,91
200900028446,9,3,5,800,1,1,1,5.0,7,91086,M,,,91
200900028447,9,3,6,1155,1,1,1,1.0,7,91468,M,,,91
200900028448,9,3,7,2150,3,1,1,1.0,2,91340,M,,,91
200900028449,9,3,8,1346,1,1,1,2.0,7,91064,M,,,91
200900028450,9,3,8,1530,1,2,4,1.0,3,91577,M,4.0,0,91
200900028451,9,3,10,1645,1,1,1,1.0,2,91553,M,,,91
200900028452,9,3,8,1700,1,1,1,1.0,7,91617,M,,,91
200900028453,9,3,10,910,1,1,1,2.0,6,91286,M,,,91
200900028454,9,3,10,1215,1,2,1,2.0,3,91272,M,0.0,0,91
200900028455,9,3,11,845,1,1,1,1.0,2,91521,M,,,91
200900028456,9,3,1,1300,1,2,1,1.0,7,91692,M,,,91
200900028457,9,3,2,2009,5,2,1,1.0,7,91645,M,,,91
200900028458,9,3,3,825,1,2,1,1.0,3,91345,M,,,91
200900028459,9,3,3,1220,1,2,1,1.0,7,91692,M,,,91
200900028460,9,3,3,1240,1,2,1,1.0,1,91421,M,,,91
200900028461,9,3,3,1625,1,2,1,1.0,4,91570,M,,,91
200900028462,9,3,3,1750,1,2,1,1.0,6,91201,M,,,91
200900028463,9,3,11,1800,1,2,1,1.0,6,91105,M,0.0,0,91
200900028464,9,3,4,1815,1,2,1,2.0,3,91182,M,,,91
200900028465,9,3,5,1630,1,2,1,1.0,7,91645,M,,,91
200900028466,9,3,3,1830,1,2,1,1.0,3,91471,M,,,91
200900028467,9,3,3,1810,1,2,3,1.0,7,91689,M,,,91
200900028468,9,3,5,1750,2,2,1,1.0,3,91216,M,,,91
200900028469,9,3,12,820,1,2,2,8.0,1,91225,M,4.0,0,91
200900028470,9,3,14,2000,5,1,1,1.0,6,91161,M,,,91
200900028471,9,3,6,2345,5,1,9,1.0,4,91421,M,,,91
200900028472,9,3,15,500,3,1,1,1.0,6,91617,M,,,91
200900028473,9,3,15,1700,1,1,1,1.0,2,91064,M,,,91
200900028474,9,3,16,1700,1,2,1,1.0,1,91538,M,0.0,0,91
200900028475,9,3,16,1800,1,2,3,1.0,1,91226,M,0.0,0,91
200900028476,9,3,19,2250,3,1,1,1.0,2,91477,M,,,91
200900028477,9,3,17,500,2,1,1,1.0,2,91659,M,,,91
200900028478,9,3,18,1809,1,1,1,1.0,3,91340,M,,,91
200900028479,9,3,20,1450,1,1,1,1.0,2,91161,M,,,91
200900028480,9,3,20,2035,3,1,1,1.0,6,91136,M,,,91
200900028481,9,3,21,1700,1,1,1,1.0,5,91589,M,,,91
200900028482,9,3,21,1100,1,2,2,1.0,1,91294,M,0.0,0,91
200900028483,9,3,22,330,3,2,1,1.0,6,91600,M,4.0,0,91
200900028484,9,3,23,1540,1,1,1,1.0,2,91377,M,,,91
200900028485,9,3,24,630,3,1,1,2.0,7,91659,M,,,91
200900028486,9,3,24,745,2,1,1,2.0,6,91179,M,,,91
200900028487,9,3,26,842,1,1,1,1.0,3,91377,M,,,91
200900028488,9,3,7,1920,5,2,1,1.0,6,91216,M,,,91
200900028489,9,3,7,330,3,1,1,2.0,1,91347,M,,,91
200900028490,9,3,9,1840,5,2,6,1.0,3,91223,M,,,91
200900028491,9,3,10,1520,1,2,1,2.0,7,91692,M,,,91
200900028492,9,3,30,1400,1,1,1,1.0,2,91533,M,0.0,0,91
200900028493,9,3,7,2115,3,2,4,2.0,2,91223,M,,,91
200900028494,9,3,28,1605,1,1,1,8.0,2,91617,M,,,91
200900028495,9,3,28,1730,1,1,1,2.0,7,91689,M,,,91
200900028496,9,3,29,705,2,1,1,1.0,2,91689,M,,,91
200900028497,9,3,7,2130,3,2,3,1.0,3,91182,M,,,91
200900028498,9,3,9,20,5,2,1,1.0,7,91114,M,,,91
200900028499,9,3,11,1520,1,2,3,1.0,3,91570,M,,,91
200900028500,9,3,11,845,1,2,1,1.0,6,91549,M,,,91
200900028501,9,3,11,1630,1,2,1,1.0,3,91201,M,,,91
200900028502,9,3,12,615,5,2,1,1.0,6,91228,M,,,91
200900028503,9,3,12,630,5,2,2,1.0,3,91228,M,,,91
200900028504,9,3,12,945,1,2,1,1.0,2,91064,M,,,91
200900028505,9,3,12,1145,1,2,1,1.0,2,91201,M,,,91
200900028506,9,3,13,1440,1,2,1,1.0,3,91021,M,,,91
200900028507,9,3,14,805,1,2,1,1.0,7,91645,M,,,91
200900028508,9,3,14,1230,1,2,1,1.0,3,91064,M,,,91
200900028509,9,3,16,831,1,2,3,1.0,1,91223,M,,,91
200900028510,9,3,16,1610,1,2,4,1.0,6,91223,M,,,91
200900028511,9,3,17,1045,1,2,1,1.0,2,91201,M,,,91
200900028512,9,3,17,1230,1,2,1,1.0,1,91657,M,,,91
200900028513,9,3,17,1400,1,2,1,1.0,5,91589,M,,,91
200900028514,9,3,17,1545,1,1,1,1.0,7,91223,M,,,91
200900028515,9,3,30,1930,1,2,4,1.0,3,91573,M,4.0,0,91
200900028516,9,3,31,446,3,1,1,1.0,2,91589,M,,,91
200900028517,9,3,31,2100,5,2,1,1.0,6,91232,M,4.0,0,91
200900028518,9,3,19,840,1,2,1,1.0,6,91377,M,,,91
200900028519,9,3,20,910,1,2,2,1.0,3,91191,M,,,91
200900028520,9,3,20,1145,1,2,1,1.0,6,91549,M,,,91
200900028521,9,3,20,1350,1,2,1,1.0,2,91549,M,,,91
200900028522,9,3,20,1615,1,2,2,1.0,2,91549,M,,,91
200900028523,9,3,20,1640,1,2,1,1.0,7,91223,M,,,91
200900028524,9,3,25,650,2,2,1,2.0,2,91114,M,,,91
200900028525,9,3,20,1830,2,2,1,1.0,6,91228,M,,,91
200900028526,9,3,20,2020,2,2,1,1.0,1,91657,M,,,91
200900028527,9,3,23,710,1,2,3,1.0,7,91471,M,,,91
200900028528,9,3,23,1655,1,2,2,1.0,6,91479,M,,,91
200900028529,9,3,24,130,5,2,1,1.0,6,91228,M,,,91
200900028530,9,3,25,1440,1,2,1,1.0,5,91191,M,,,91
200900028531,9,3,27,1610,1,2,3,1.0,1,91223,M,,,91
200900028532,9,3,28,740,1,2,1,2.0,2,91549,M,,,91
200900028533,9,3,24,740,1,2,2,2.0,3,91477,M,,,91
200900028534,9,3,24,830,1,2,2,1.0,3,91657,M,,,91
200900028535,9,3,30,850,1,2,1,1.0,3,91114,M,,,91
200900028536,9,3,30,1810,1,2,1,1.0,3,91377,M,,,91
200900028537,9,3,30,1755,1,2,1,1.0,4,91182,M,,,91
200900028538,9,3,31,1730,1,2,1,1.0,6,91657,M,,,91
200900028539,9,3,30,1500,1,2,1,1.0,3,91114,M,,,91
200900028540,9,3,24,810,1,2,1,1.0,6,91471,M,,,91
200900028541,9,3,23,2024,5,2,1,1.0,4,91122,M,,,91
200900028542,9,1,26,1550,1,1,1,1.0,7,52448,M,4.0,0,52
200900028543,9,8,3,1425,1,2,3,1.0,3,01283,M,4.0,0,01
200900028544,9,8,16,1845,1,1,3,1.0,3,01450,M,,,01
200900028545,9,8,5,1730,1,1,1,1.0,7,01216,M,4.0,0,01
200900028546,9,8,2,815,1,1,1,1.0,7,01088,M,4.0,0,01
200900028547,9,8,22,1545,1,1,6,7.0,3,01275,M,,,01
200900028548,9,8,28,1430,1,1,1,1.0,5,01301,M,4.0,0,01
200900028549,9,8,5,1945,1,1,3,1.0,2,01301,M,4.0,0,01
200900028550,9,8,11,1830,1,1,2,1.0,3,01068,M,4.0,0,01
200900028551,9,8,2,1530,1,2,2,1.0,1,01267,M,4.0,0,01
200900028552,9,8,23,1500,1,1,1,1.0,2,01300,M,4.0,0,01
200900028553,9,8,14,1500,1,2,1,1.0,2,01092,M,4.0,0,01
200900028554,9,8,30,1545,1,2,1,1.0,7,01060,M,,,01
200900028555,9,8,24,745,2,1,1,1.0,5,01096,M,4.0,0,01
200900028556,9,8,19,1845,1,2,3,1.0,3,01058,M,,,01
200900028557,9,8,14,1515,1,1,4,1.0,3,01071,M,4.0,0,01
200900028558,9,8,19,1900,1,1,9,9.0,3,01445,M,4.0,0,01
200900028559,9,8,12,2130,3,1,1,1.0,6,01372,M,4.0,0,01
200900028560,9,8,22,215,3,1,1,1.0,1,01449,M,4.0,0,01
200900028561,9,8,16,1745,1,1,1,2.0,3,01351,M,4.0,0,01
200900028562,9,8,14,1800,1,2,2,1.0,3,01184,M,4.0,0,01
200900028563,9,8,22,1430,1,2,6,1.0,3,01194,M,4.0,0,01
200900028564,9,8,11,1015,1,2,1,1.0,3,01283,M,,,01
200900028565,9,8,18,1345,1,2,2,1.0,3,01283,M,,,01
200900028566,9,8,23,1200,1,1,1,1.0,7,01299,M,4.0,0,01
200900028567,9,8,29,1400,1,2,3,7.0,3,01033,M,4.0,0,01
200900028568,9,8,28,2110,5,2,2,1.0,3,01344,M,4.0,0,01
200900028569,9,8,14,1145,1,2,3,1.0,2,01451,M,4.0,0,01
200900028570,9,8,1,1245,1,2,1,1.0,6,01173,M,,,01
200900028571,9,8,29,935,1,2,2,1.0,6,01053,M,4.0,0,01
200900028572,9,9,24,1835,2,1,1,1.0,7,01451,M,,,01
200900028573,9,9,25,1415,1,2,1,1.0,3,01053,M,,,01
200900028574,9,9,10,900,1,2,1,1.0,6,01053,M,,,01
200900028575,9,9,13,1530,1,2,1,1.0,6,01421,M,0.0,0,01
200900028576,9,9,5,1800,1,2,2,1.0,3,01196,M,0.0,0,01
200900028577,9,9,28,945,1,1,1,1.0,2,01303,M,0.0,0,01
200900028578,9,9,10,2130,3,2,1,1.0,6,01138,M,4.0,0,01
200900028579,9,9,27,1145,1,1,1,1.0,6,01203,M,0.0,0,01
200900028580,9,9,24,330,3,1,1,5.0,6,01303,M,0.0,0,01
200900028581,9,9,23,1800,1,1,1,1.0,6,01437,M,0.0,0,01
200900028582,9,9,2,2000,3,1,9,1.0,1,01004,M,0.0,0,01
200900028583,9,9,23,1100,1,1,1,1.0,7,01213,M,0.0,0,01
200900028584,9,9,18,530,5,1,1,1.0,3,01089,M,4.0,0,01
200900028585,9,9,28,1715,1,2,1,1.0,2,01043,M,0.0,0,01
200900028586,9,9,13,1045,1,1,1,1.0,1,01095,M,4.0,0,01
200900028587,9,9,2,645,2,1,1,9.0,6,01165,M,0.0,0,01
200900028588,9,9,22,1700,1,2,1,1.0,2,01049,M,0.0,0,01
200900028589,9,9,16,1745,1,1,1,1.0,1,01207,M,4.0,0,01
200900028590,9,9,20,1815,1,1,1,1.0,3,01064,M,0.0,0,01
200900028591,9,9,11,1745,1,2,1,1.0,3,01053,M,,,01
200900028592,9,9,28,755,1,2,2,1.0,5,01053,M,,,01
200900028593,9,9,12,1845,1,1,1,1.0,3,01061,M,0.0,0,01
200900028594,9,9,30,1915,1,1,6,1.0,3,01451,M,,,01
200900028595,9,9,12,2315,3,2,1,1.0,1,01281,M,0.0,0,01
200900028596,9,1,1,640,2,2,2,1.0,6,13201,M,,,13
200900028597,9,1,9,2020,5,2,1,1.0,5,13214,M,,,13
200900028598,9,1,10,2230,5,2,1,1.0,2,13055,M,4.0,0,13
200900028599,9,1,1,345,5,2,1,1.0,1,13214,M,,,13
200900028600,9,1,27,1020,1,2,1,1.0,6,13055,M,,,13
200900028601,9,1,1,400,5,2,1,1.0,6,13207,M,,,13
200900028602,9,1,1,1400,1,2,1,1.0,1,13055,M,,,13
200900028603,9,1,2,1935,5,2,1,1.0,3,13205,M,,,13
200900028604,9,1,2,2120,5,2,1,1.0,3,13206,M,,,13
200900028605,9,8,30,1745,1,1,1,1.0,6,81219,M,4.0,0,81
200900028606,9,8,2,45,3,1,1,2.0,6,81040,M,4.0,0,81
200900028607,9,8,15,1545,1,1,1,1.0,1,81097,M,4.0,0,81
200900028608,9,8,17,1030,1,1,2,1.0,3,81090,M,4.0,0,81
200900028609,9,8,5,1900,1,1,1,1.0,6,81036,M,4.0,0,81
200900028610,9,8,29,400,3,1,1,1.0,6,81219,M,4.0,0,81
200900028611,9,8,19,1830,1,1,1,1.0,6,81040,M,4.0,0,81
200900028612,9,8,26,1930,1,1,1,1.0,1,81114,M,4.0,0,81
200900028613,9,8,20,845,1,2,1,7.0,6,81074,M,4.0,0,81
200900028614,9,8,11,130,3,1,1,1.0,6,81229,M,4.0,0,81
200900028615,9,8,1,1130,1,2,1,1.0,6,81220,M,4.0,0,81
200900028616,9,8,20,1,3,1,1,1.0,6,81260,M,4.0,0,81
200900028617,9,8,17,635,2,1,1,1.0,1,81065,M,,,81
200900028618,9,3,6,1900,3,1,1,1.0,2,95445,M,,,95
200900028619,9,2,28,2215,3,1,1,1.0,1,69267,M,0.0,0,69
200900028620,9,2,20,930,1,2,1,1.0,6,69069,M,0.0,0,69
200900028621,9,2,26,1700,1,1,1,7.0,1,69268,M,4.0,0,69
200900028622,9,2,25,315,5,1,6,1.0,1,69168,M,4.0,0,69
200900028623,9,2,25,1600,2,2,4,1.0,3,69293,M,4.0,0,69
200900028624,9,2,25,1245,1,1,1,1.0,1,69077,M,4.0,0,69
200900028625,9,2,22,1300,1,1,1,2.0,1,69045,M,0.0,0,69
200900028626,9,2,21,1045,1,2,9,1.0,6,69244,M,0.0,0,69
200900028627,9,2,21,2230,3,2,1,1.0,6,69194,M,0.0,0,69
200900028628,9,2,17,1445,1,1,1,1.0,3,69206,M,0.0,0,69
200900028629,9,2,15,1500,1,1,1,1.0,1,69214,M,0.0,0,69
200900028630,9,2,15,300,5,1,1,1.0,3,69086,M,0.0,0,69
200900028631,9,2,14,1615,1,2,2,1.0,1,69028,M,0.0,0,69
200900028632,9,2,6,800,1,1,1,1.0,5,69249,M,0.0,0,69
200900028633,9,2,9,1248,1,2,1,1.0,6,69381,M,,,69
200900028634,9,2,1,300,3,1,1,1.0,7,69106,M,4.0,0,69
200900028635,9,2,4,715,5,2,1,2.0,2,69009,M,0.0,0,69
200900028636,9,2,25,1120,1,2,2,1.0,6,69266,M,,,69
200900028637,9,2,13,1400,1,2,1,1.0,6,69266,M,,,69
200900028638,9,2,6,1130,1,2,3,3.0,6,69266,M,,,69
200900028639,9,2,22,1215,1,2,4,2.0,6,69384,M,,,69
200900028640,9,2,20,1700,1,2,1,1.0,3,69259,M,,,69
200900028641,9,2,20,1415,1,2,3,1.0,2,69034,M,,,69
200900028642,9,2,2,620,5,2,2,2.0,1,69385,M,,,69
200900028643,9,2,2,1050,1,2,1,1.0,7,69259,M,,,69
200900028644,9,2,4,1045,1,2,1,8.0,6,69149,M,,,69
200900028645,9,2,4,2025,5,2,2,1.0,3,69290,M,,,69
200900028646,9,2,4,1340,1,1,1,1.0,5,69290,M,,,69
200900028647,9,2,4,2200,5,2,3,1.0,3,69384,M,,,69
200900028648,9,2,4,645,3,1,1,1.0,2,69282,M,,,69
200900028649,9,2,5,835,5,1,1,3.0,2,69256,M,,,69
200900028650,9,2,5,1335,1,2,1,2.0,3,69389,M,,,69
200900028651,9,2,5,2115,3,1,1,2.0,6,69282,M,,,69
200900028652,9,2,6,1545,1,1,1,3.0,2,69029,M,,,69
200900028653,9,2,5,1430,1,2,1,2.0,2,69259,M,,,69
200900028654,9,2,6,1700,2,2,3,3.0,3,69202,M,,,69
200900028655,9,2,7,1745,2,1,1,2.0,7,69297,M,,,69
200900028656,9,2,10,820,1,2,1,1.0,6,69256,M,,,69
200900028657,9,2,7,2040,5,2,1,2.0,2,69388,M,,,69
200900028658,9,2,8,2330,5,1,1,1.0,6,69266,M,,,69
200900028659,9,2,10,1655,1,2,1,1.0,3,69259,M,,,69
200900028660,9,2,13,815,1,2,1,1.0,1,69290,M,,,69
200900028661,9,2,14,949,1,1,1,4.0,3,69272,M,,,69
200900028662,9,2,14,1900,5,2,1,1.0,6,69034,M,,,69
200900028663,9,2,11,1735,2,2,3,1.0,7,69264,M,,,69
200900028664,9,2,11,1815,5,2,1,1.0,6,69381,M,,,69
200900028665,9,2,15,410,5,1,1,1.0,2,69199,M,,,69
200900028666,9,2,16,1335,1,2,3,1.0,5,69256,M,,,69
200900028667,9,2,16,235,5,1,1,1.0,7,69091,M,,,69
200900028668,9,2,16,730,2,2,1,1.0,6,69290,M,,,69
200900028669,9,2,3,1920,5,2,1,1.0,6,69386,M,,,69
200900028670,9,2,2,630,5,2,2,1.0,6,69383,M,,,69
200900028671,9,2,2,855,1,2,2,2.0,6,69266,M,,,69
200900028672,9,2,3,830,1,2,1,1.0,6,69149,M,,,69
200900028673,9,2,5,750,2,2,1,1.0,6,69383,M,,,69
200900028674,9,2,6,320,5,2,1,1.0,4,69383,M,,,69
200900028675,9,2,7,1315,1,2,1,1.0,2,69386,M,,,69
200900028676,9,2,7,320,5,2,2,1.0,3,69386,M,,,69
200900028677,9,2,7,1745,2,1,1,2.0,3,69297,M,,,69
200900028678,9,2,7,1935,5,2,1,4.0,6,69275,M,,,69
200900028679,9,2,8,700,2,2,1,4.0,1,69382,M,,,69
200900028680,9,2,13,1630,1,2,1,1.0,6,69386,M,,,69
200900028681,9,2,14,1330,1,2,1,1.0,7,69382,M,,,69
200900028682,9,2,16,1610,1,1,1,1.0,4,69142,M,,,69
200900028683,9,2,16,1835,5,1,1,1.0,4,69072,M,,,69
200900028684,9,2,17,1745,1,2,1,2.0,7,69091,M,,,69
200900028685,9,2,20,1315,1,2,2,1.0,3,69383,M,,,69
200900028686,9,2,19,1645,1,2,1,1.0,6,69029,M,,,69
200900028687,9,2,19,1245,1,2,1,1.0,2,69259,M,,,69
200900028688,9,2,20,740,1,2,2,1.0,6,69290,M,,,69
200900028689,9,2,20,825,1,2,1,1.0,4,69029,M,,,69
200900028690,9,2,20,850,1,2,2,1.0,3,69290,M,,,69
200900028691,9,2,20,1200,1,2,1,1.0,6,69382,M,,,69
200900028692,9,2,20,1330,1,1,1,1.0,7,69271,M,,,69
200900028693,9,2,20,1730,1,2,2,1.0,6,69381,M,,,69
200900028694,9,2,21,1835,5,1,1,1.0,3,69199,M,,,69
200900028695,9,2,22,1330,1,1,1,1.0,2,69027,M,,,69
200900028696,9,2,22,1510,1,1,1,2.0,7,69382,M,,,69
200900028697,9,2,22,1925,5,2,2,2.0,3,69383,M,,,69
200900028698,9,2,22,1945,5,2,3,1.0,3,69389,M,,,69
200900028699,9,2,23,659,2,1,1,2.0,6,69029,M,,,69
200900028700,9,2,24,1510,1,2,1,1.0,6,69290,M,,,69
200900028701,9,2,24,1800,5,2,2,1.0,3,69382,M,,,69
200900028702,9,2,25,720,1,2,2,1.0,3,69386,M,,,69
200900028703,9,2,25,1245,1,2,1,1.0,6,69034,M,,,69
200900028704,9,2,25,1720,1,1,1,1.0,4,69081,M,,,69
200900028705,9,2,26,1420,1,2,2,1.0,3,69383,M,,,69
200900028706,9,2,26,1830,2,2,1,1.0,6,69029,M,,,69
200900028707,9,2,27,130,5,2,1,1.0,6,69290,M,,,69
200900028708,9,2,27,1450,1,2,1,1.0,6,69383,M,,,69
200900028709,9,2,27,2040,5,2,1,1.0,2,69383,M,,,69
200900028710,9,2,27,2150,3,2,1,1.0,3,69259,M,,,69
200900028711,9,2,28,505,5,1,1,1.0,6,69272,M,,,69
200900028712,9,2,28,1610,1,2,1,1.0,7,69385,M,,,69
200900028713,9,2,27,1600,1,2,3,1.0,3,69199,M,,,69
200900028714,9,2,18,1625,1,1,1,1.0,2,69256,M,,,69
200900028715,9,2,19,630,3,2,9,1.0,7,69259,M,,,69
200900028716,9,2,19,1444,1,2,2,1.0,3,69386,M,,,69
200900028717,9,2,21,320,5,2,1,1.0,6,69275,M,,,69
200900028718,9,2,28,350,5,2,3,1.0,3,69382,M,,,69
200900028719,9,2,14,1945,5,2,1,1.0,1,69089,M,0.0,0,69
200900028720,9,2,19,2115,1,2,1,1.0,3,69244,M,0.0,0,69
200900028721,9,2,15,1745,1,2,1,1.0,6,69288,M,0.0,0,69
200900028722,9,2,27,830,1,2,3,1.0,3,69141,M,0.0,0,69
200900028723,9,2,28,2100,5,2,6,1.0,1,69121,M,0.0,0,69
200900028724,9,2,27,1845,3,1,1,1.0,4,69028,M,0.0,0,69
200900028725,9,2,15,1320,1,1,1,1.0,7,69029,M,,,69
200900028726,9,2,19,2000,3,1,1,1.0,2,69090,M,0.0,0,69
200900028727,9,2,25,1545,1,1,3,1.0,2,69097,M,,,69
200900028728,9,2,11,825,1,2,3,1.0,7,69231,M,,,69
200900028729,9,2,19,855,1,2,3,1.0,2,69072,M,,,69
200900028730,9,2,10,1640,1,1,1,1.0,4,69055,M,,,69
200900028731,9,2,28,2356,3,1,1,1.0,5,69287,M,,,69
200900028732,9,7,3,1325,1,2,2,1.0,6,95018,M,4.0,0,95
200900028733,9,7,12,1545,1,2,2,1.0,3,95252,M,4.0,0,95
200900028734,9,7,1,1655,1,2,2,1.0,2,95018,M,4.0,0,95
200900028735,9,7,1,2330,4,2,1,1.0,6,95306,M,4.0,0,95
200900028736,9,7,1,1850,1,2,1,1.0,6,95306,M,4.0,0,95
200900028737,9,7,2,905,1,2,1,1.0,3,95018,M,4.0,0,95
200900028738,9,7,2,1400,1,2,2,1.0,3,95197,M,4.0,0,95
200900028739,9,7,11,2100,1,2,2,1.0,3,95052,M,4.0,0,95
200900028740,9,7,9,1915,1,2,1,1.0,6,95018,M,4.0,0,95
200900028741,9,7,10,1615,1,2,3,1.0,3,95252,M,4.0,0,95
200900028742,9,7,4,1830,1,2,2,1.0,3,95219,M,4.0,0,95
200900028743,9,7,13,545,1,2,3,1.0,3,95063,M,4.0,0,95
200900028744,9,7,2,1630,1,2,3,1.0,3,95018,M,4.0,0,95
200900028745,9,7,3,630,1,1,1,1.0,1,95641,M,4.0,0,95
200900028746,9,7,4,855,1,2,2,1.0,3,95426,M,4.0,0,95
200900028747,9,7,8,805,1,2,1,8.0,2,95607,M,4.0,0,95
200900028748,9,7,9,1025,1,2,3,1.0,6,95203,M,4.0,0,95
200900028749,9,7,11,2010,1,2,1,1.0,2,95426,M,4.0,0,95
200900028750,9,7,11,2340,5,2,1,1.0,6,95424,M,4.0,0,95