Num_Acc,an,mois,jour,hrmn,lum,agg,int,atm,col,com,gps,lat,long,dep
200900028751,9,7,15,845,1,2,1,1.0,6,95306,M,4.0,0,95
200900028752,9,7,9,1245,1,2,1,1.0,6,95018,M,4.0,0,95
200900028753,9,7,12,2350,5,2,1,1.0,6,95306,M,4.0,0,95
200900028754,9,7,13,1000,1,2,1,1.0,6,95219,M,4.0,0,95
200900028755,9,7,13,1120,1,2,1,1.0,4,95018,M,4.0,0,95
200900028756,9,7,13,1945,1,2,1,1.0,6,95424,M,4.0,0,95
200900028757,9,7,13,2055,1,2,1,1.0,7,95018,M,4.0,0,95
200900028758,9,7,15,1530,1,2,6,1.0,3,95582,M,4.0,0,95
200900028759,9,7,27,1020,1,2,3,1.0,3,95018,M,4.0,0,95
200900028760,9,7,29,645,1,2,2,1.0,3,95424,M,4.0,0,95
200900028761,9,7,17,730,1,2,1,1.0,6,95219,M,4.0,0,95
200900028762,9,7,20,1815,1,1,1,1.0,2,95504,M,4.0,0,95
200900028763,9,7,25,1900,1,1,1,1.0,3,95094,M,4.0,0,95
200900028764,9,7,26,1700,1,2,1,1.0,3,95199,M,4.0,0,95
200900028765,9,7,17,30,5,2,1,2.0,2,95555,M,4.0,0,95
200900028766,9,7,24,720,1,2,1,1.0,2,95306,M,4.0,0,95
200900028767,9,7,16,1105,1,2,1,1.0,2,95607,M,4.0,0,95
200900028768,9,7,16,1550,1,2,2,1.0,3,95018,M,4.0,0,95
200900028769,9,7,18,1515,1,2,1,1.0,2,95563,M,4.0,0,95
200900028770,9,7,19,1505,1,2,2,1.0,3,95018,M,4.0,0,95
200900028771,9,7,19,1900,1,2,1,1.0,1,95555,M,4.0,0,95
200900028772,9,7,20,1815,1,2,1,1.0,3,95607,M,4.0,0,95
200900028773,9,7,21,1500,1,2,1,1.0,6,95306,M,4.0,0,95
200900028774,9,7,21,2115,1,2,1,1.0,6,95306,M,4.0,0,95
200900028775,9,7,22,1810,1,2,1,1.0,7,95500,M,4.0,0,95
200900028776,9,7,23,1655,1,2,1,1.0,6,95424,M,4.0,0,95
200900028777,9,7,27,2215,5,2,1,1.0,6,95018,M,4.0,0,95
200900028778,9,7,27,2315,5,2,1,1.0,6,95426,M,4.0,0,95
200900028779,9,7,28,100,5,2,1,1.0,6,95563,M,4.0,0,95
200900028780,9,7,28,2020,1,2,2,1.0,1,95203,M,4.0,0,95
200900028781,9,7,29,430,5,2,9,1.0,6,95607,M,4.0,0,95
200900028782,9,7,2,1430,1,1,1,1.0,5,95572,M,4.0,0,95
200900028783,9,7,21,1825,1,1,1,1.0,3,95256,M,4.0,0,95
200900028784,9,7,12,1905,1,2,3,1.0,3,95176,M,4.0,0,95
200900028785,9,7,19,1405,1,2,6,1.0,7,95176,M,4.0,0,95
200900028786,9,7,25,35,5,2,1,1.0,3,95018,M,4.0,0,95
200900028787,9,7,30,1715,1,2,2,1.0,3,95268,M,4.0,0,95
200900028788,9,7,6,1810,1,1,1,1.0,7,95500,M,4.0,0,95
200900028789,9,7,2,1645,1,2,3,1.0,6,95585,M,4.0,0,95
200900028790,9,7,3,40,5,2,1,1.0,3,95268,M,4.0,0,95
200900028791,9,7,6,1700,1,2,1,1.0,6,95500,M,4.0,0,95
200900028792,9,7,7,1720,1,2,1,1.0,1,95585,M,4.0,0,95
200900028793,9,7,27,1900,1,1,1,1.0,7,95370,M,4.0,0,95
200900028794,9,7,1,1815,1,1,1,1.0,7,61464,M,4.0,0,61
200900028795,9,7,4,1,3,1,1,1.0,7,61145,M,4.0,-,61
200900028796,9,7,10,2345,3,1,1,1.0,6,61435,M,4.0,0,61
200900028797,9,7,10,845,1,1,2,1.0,3,61179,M,4.0,-,61
200900028798,9,7,17,1815,1,1,2,2.0,3,61376,M,4.0,-,61
200900028799,9,7,19,1200,1,1,2,1.0,3,61309,M,4.0,0,61
200900028800,9,7,19,1940,1,1,1,1.0,7,61205,M,4.0,0,61
200900028801,9,7,20,1045,1,2,2,1.0,3,61145,M,4.0,-,61
200900028802,9,7,20,1545,1,1,2,2.0,3,61070,M,4.0,-,61
200900028803,9,7,21,915,1,1,1,1.0,3,61168,M,4.0,-,61
200900028804,9,7,21,1230,1,1,1,1.0,6,61301,M,4.0,0,61
200900028805,9,7,26,1630,1,1,1,1.0,7,61247,M,4.0,0,61
200900028806,9,7,29,1500,1,2,1,1.0,7,61342,M,0.0,0,61
200900028807,9,7,29,2030,1,1,1,1.0,7,61297,M,4.0,0,61
200900028808,9,7,30,1800,1,1,1,1.0,1,61116,M,4.0,0,61
200900028809,9,7,24,1030,1,1,1,1.0,5,61116,M,4.0,0,61
200900028810,9,7,28,700,1,1,1,5.0,1,74168,M,0.0,0,74
200900028811,9,7,31,2130,3,1,1,1.0,1,74224,M,0.0,0,74
200900028812,9,7,18,2045,2,2,1,1.0,6,74212,M,0.0,0,74
200900028813,9,7,23,2030,1,1,1,1.0,7,74301,M,0.0,0,74
200900028814,9,7,7,1800,1,2,1,8.0,1,74185,M,0.0,0,74
200900028815,9,7,1,1315,1,1,1,1.0,1,74264,M,0.0,0,74
200900028816,9,7,1,1700,1,2,1,1.0,1,74272,M,0.0,0,74
200900028817,9,7,4,2300,5,1,1,1.0,3,74267,M,0.0,0,74
200900028818,9,7,5,1130,1,1,1,1.0,2,74261,M,4.0,0,74
200900028819,9,7,5,615,2,1,1,1.0,5,74286,M,0.0,0,74
200900028820,9,7,6,1600,1,2,3,1.0,3,74256,M,0.0,0,74
200900028821,9,7,5,1250,1,2,3,,1,74281,M,,,74
200900028822,9,7,7,1000,1,2,1,1.0,7,74076,M,0.0,0,74
200900028823,9,7,4,1630,1,2,1,1.0,4,74267,M,0.0,0,74
200900028824,9,7,2,1950,1,2,1,1.0,6,74010,M,,,74
200900028825,9,7,9,1100,1,2,1,1.0,7,74113,M,,,74
200900028826,9,7,9,1930,1,1,1,1.0,6,74083,M,0.0,0,74
200900028827,9,7,11,1515,1,1,1,1.0,1,74295,M,4.0,0,74
200900028828,9,7,11,1530,1,2,1,1.0,2,74112,M,4.0,0,74
200900028829,9,7,12,725,1,2,1,1.0,6,74010,M,,,74
200900028830,9,7,12,1050,1,2,9,1.0,6,74012,M,,,74
200900028831,9,7,12,2115,1,1,1,1.0,3,74070,M,4.0,0,74
200900028832,9,7,13,45,4,1,6,1.0,6,74068,M,0.0,0,74
200900028833,9,7,13,1030,1,1,1,1.0,3,74205,M,0.0,0,74
200900028834,9,7,16,815,1,1,1,1.0,1,74229,M,0.0,0,74
200900028835,9,7,15,930,1,2,1,,6,74113,M,,,74
200900028836,9,7,16,1930,1,2,1,1.0,6,74264,M,0.0,0,74
200900028837,9,7,17,2345,3,1,1,1.0,7,74212,M,4.0,0,74
200900028838,9,7,18,245,3,1,1,2.0,6,74309,M,0.0,0,74
200900028839,9,7,18,1445,1,1,1,7.0,2,74143,M,4.0,0,74
200900028840,9,7,19,1230,1,1,1,1.0,1,74148,M,0.0,0,74
200900028841,9,7,19,1715,1,1,9,1.0,1,74073,M,0.0,0,74
200900028842,9,7,19,1745,1,2,3,1.0,3,74268,M,4.0,0,74
200900028843,9,7,20,815,1,2,1,1.0,1,74242,M,0.0,0,74
200900028844,9,7,20,1300,1,2,1,1.0,6,74081,M,0.0,0,74
200900028845,9,7,20,1945,2,2,1,1.0,5,74056,M,0.0,0,74
200900028846,9,7,23,1130,1,1,1,1.0,1,74122,M,4.0,0,74
200900028847,9,7,21,1600,1,2,1,1.0,6,74267,M,0.0,0,74
200900028848,9,7,23,2330,3,1,1,1.0,7,74024,M,4.0,0,74
200900028849,9,7,24,1845,1,2,1,1.0,3,74010,M,,,74
200900028850,9,7,26,145,3,1,1,1.0,7,74173,M,4.0,0,74
200900028851,9,7,24,1850,1,2,1,1.0,6,74008,M,,,74
200900028852,9,7,26,1045,1,1,1,1.0,2,74041,M,0.0,0,74
200900028853,9,7,26,1330,1,1,1,1.0,6,74117,M,4.0,0,74
200900028854,9,7,26,2000,1,2,1,1.0,3,74081,M,0.0,0,74
200900028855,9,7,26,2015,1,1,1,1.0,6,74229,M,0.0,0,74
200900028856,9,7,27,1100,1,2,1,1.0,6,74176,M,0.0,0,74
200900028857,9,7,27,1945,1,1,3,1.0,1,74042,M,4.0,0,74
200900028858,9,7,28,815,1,2,1,1.0,1,74173,M,4.0,0,74
200900028859,9,7,29,1745,1,1,1,1.0,6,74143,M,4.0,0,74
200900028860,9,7,30,2045,1,1,1,1.0,3,74024,M,0.0,0,74
200900028861,9,7,16,1815,1,2,1,1.0,1,74236,M,0.0,0,74
200900028862,9,7,26,1110,1,2,6,1.0,6,74218,M,,,74
200900028863,9,7,30,1040,1,2,1,1.0,7,74281,M,,,74
200900028864,9,7,31,1330,1,1,1,1.0,1,74166,M,4.0,0,74
200900028865,9,7,14,1200,1,1,1,7.0,3,81046,M,0.0,0,81
200900028866,9,7,12,215,3,1,1,1.0,6,81038,M,4.0,0,81
200900028867,9,7,4,530,3,1,1,1.0,6,81076,M,4.0,0,81
200900028868,9,7,14,200,3,1,1,1.0,7,81253,M,0.0,0,81
200900028869,9,7,30,1200,1,1,1,1.0,3,81104,M,4.0,0,81
200900028870,9,7,3,1845,1,1,1,1.0,6,81281,M,4.0,0,81
200900028871,9,7,2,445,3,1,1,1.0,6,81140,M,4.0,0,81
200900028872,9,7,4,1930,1,1,1,1.0,6,81227,M,0.0,0,81
200900028873,9,7,4,1137,1,2,1,1.0,3,81060,M,,,81
200900028874,9,7,28,1545,1,2,9,1.0,6,81065,M,,,81
200900028875,9,7,7,2025,1,2,1,1.0,3,81065,M,,,81
200900028876,9,7,28,915,1,1,2,1.0,2,81065,M,,,81
200900028877,9,7,4,1810,1,1,1,1.0,7,81105,M,,,81
200900028878,9,7,31,1800,1,2,2,7.0,6,81060,M,,,81
200900028879,9,2,21,1810,2,2,9,1.0,7,81021,M,,,81
200900028880,9,2,22,1905,5,2,3,1.0,3,81163,M,,,81
200900028881,9,6,8,2030,1,1,1,2.0,6,81065,M,,,81
200900028882,9,6,11,1145,1,1,1,1.0,6,81065,M,,,81
200900028883,9,6,22,1735,1,2,1,1.0,3,81065,M,,,81
200900028884,9,8,14,1900,1,1,1,1.0,7,32050,M,4.0,0,32
200900028885,9,8,7,2345,5,1,3,1.0,1,32208,M,4.0,0,32
200900028886,9,8,5,245,3,2,2,1.0,6,32126,M,4.0,0,32
200900028887,9,8,5,1700,1,2,1,1.0,3,32013,M,4.0,0,32
200900028888,9,8,5,1830,1,1,1,1.0,6,32246,M,4.0,-,32
200900028889,9,8,6,1645,1,2,2,7.0,3,32269,M,4.0,0,32
200900028890,9,8,8,2030,1,1,1,1.0,7,32437,M,4.0,-,32
200900028891,9,8,12,2330,3,1,2,1.0,3,32162,M,4.0,0,32
200900028892,9,8,15,1600,1,1,1,1.0,6,32233,M,4.0,0,32
200900028893,9,8,15,1700,1,1,1,1.0,1,32123,M,4.0,0,32
200900028894,9,8,18,930,1,1,2,1.0,1,32132,M,4.0,0,32
200900028895,9,8,21,1100,1,1,1,1.0,6,32172,M,4.0,0,32
200900028896,9,8,16,1140,1,1,1,1.0,2,32013,M,4.0,0,32
200900028897,9,8,17,745,1,1,1,2.0,1,32301,M,4.0,0,32
200900028898,9,8,27,2235,3,1,1,1.0,3,32013,M,4.0,0,32
200900028899,9,8,28,1700,1,1,1,1.0,7,32307,M,4.0,0,32
200900028900,9,8,29,930,2,1,1,1.0,6,32412,M,4.0,0,32
200900028901,9,8,31,745,1,2,3,1.0,2,32459,M,4.0,0,32
200900028902,9,8,30,100,3,2,1,1.0,7,32156,M,4.0,0,32
200900028903,9,8,23,30,5,2,1,1.0,6,32331,M,4.0,0,32
200900028904,9,3,23,1853,1,2,3,1.0,3,13001,M,4.0,0,13
200900028905,9,3,13,1625,1,2,1,1.0,2,13043,M,4.0,0,13
200900028906,9,3,17,1155,1,2,1,1.0,6,13001,M,,,13
200900028907,9,3,3,1150,1,2,1,1.0,6,13071,M,,,13
200900028908,9,3,22,1846,1,1,1,1.0,1,13001,M,,,13
200900028909,9,3,23,1730,1,2,1,1.0,3,13001,M,,,13
200900028910,9,3,22,1740,1,1,1,1.0,1,13043,M,,,13
200900028911,9,3,16,1950,5,2,1,1.0,6,13054,M,,,13
200900028912,9,3,22,1115,1,2,3,1.0,6,13001,M,4.0,0,13
200900028913,9,3,24,1310,1,2,1,1.0,2,13001,M,,,13
200900028914,9,3,16,1525,1,1,3,1.0,3,13117,M,,,13
200900028915,9,3,31,1710,1,2,1,1.0,2,13001,M,,,13
200900028916,9,3,26,910,1,2,1,7.0,6,13001,M,,,13
200900028917,9,3,20,2230,4,1,9,1.0,3,13117,M,,,13
200900028918,9,3,18,1745,1,2,1,1.0,6,13043,M,,,13
200900028919,9,3,17,850,1,2,1,1.0,2,13117,M,,,13
200900028920,9,3,24,1400,1,2,1,9.0,6,13001,M,,,13
200900028921,9,3,26,2245,5,1,1,1.0,1,13071,M,,,13
200900028922,9,3,5,1135,1,2,1,1.0,3,13117,M,,,13
200900028923,9,3,9,940,1,2,1,1.0,2,13054,M,,,13
200900028924,9,3,29,1515,1,2,1,1.0,2,13077,M,,,13
200900028925,9,3,19,1020,1,1,1,1.0,2,13039,M,4.0,0,13
200900028926,9,3,28,415,3,1,1,1.0,2,13071,M,4.0,0,13
200900028927,9,3,12,905,1,1,1,1.0,7,13056,M,4.0,0,13
200900028928,9,3,7,1840,2,1,1,1.0,2,13026,M,4.0,0,13
200900028929,9,3,23,1000,1,1,1,1.0,4,13117,M,4.0,0,13
200900028930,9,3,1,1348,1,1,1,1.0,6,13022,M,4.0,0,13
200900028931,9,3,12,915,1,1,1,1.0,3,13043,M,4.0,0,13
200900028932,9,3,8,1735,1,1,1,1.0,2,13055,M,4.0,0,13
200900028933,9,3,12,1615,1,1,1,1.0,2,13055,M,4.0,0,13
200900028934,9,3,12,1920,3,1,1,1.0,2,13071,M,4.0,0,13
200900028935,9,3,12,1740,1,1,1,1.0,2,13055,M,4.0,0,13
200900028936,9,3,29,1413,1,1,1,2.0,7,13055,M,,,13
200900028937,9,3,17,845,1,1,1,1.0,7,13056,M,4.0,0,13
200900028938,9,3,5,2258,3,1,1,1.0,2,13088,M,4.0,0,13
200900028939,9,3,11,1628,1,1,1,1.0,3,13015,M,4.0,0,13
200900028940,9,3,7,1200,1,2,1,1.0,2,13056,M,,,13
200900028941,9,3,6,2115,3,1,1,1.0,6,13015,M,4.0,0,13
200900028942,9,3,25,640,2,1,1,1.0,6,13055,M,4.0,0,13
200900028943,9,3,3,1919,3,1,1,1.0,7,13071,M,4.0,0,13
200900028944,9,3,3,2210,5,2,3,1.0,1,13056,M,,,13
200900028945,9,3,11,1725,1,1,1,1.0,6,13055,M,4.0,0,13
200900028946,9,3,16,345,3,1,1,1.0,6,13071,M,4.0,0,13
200900028947,9,3,25,1320,1,1,1,1.0,2,13055,M,4.0,0,13
200900028948,9,3,2,1935,3,1,1,1.0,6,13026,M,4.0,0,13
200900028949,9,3,10,1230,1,1,1,1.0,2,13055,M,4.0,0,13
200900028950,9,3,1,100,3,1,1,1.0,2,13106,M,4.0,0,13
200900028951,9,3,21,500,3,1,1,1.0,3,13071,M,4.0,0,13
200900028952,9,3,3,1210,1,2,1,1.0,7,13056,M,,,13
200900028953,9,3,2,1700,1,2,3,1.0,2,13103,M,,,13
200900028954,9,3,12,1210,1,2,9,1.0,7,13056,M,,,13
200900028955,9,3,6,1420,1,1,1,1.0,5,13055,M,4.0,0,13
200900028956,9,3,1,1845,2,1,1,2.0,5,13055,M,4.0,0,13
200900028957,9,3,31,910,1,1,1,1.0,2,13055,M,4.0,0,13
200900028958,9,3,10,1635,1,2,1,1.0,4,13077,M,,,13
200900028959,9,3,9,908,1,2,3,1.0,3,13056,M,,,13
200900028960,9,3,31,2300,5,2,6,2.0,7,13117,M,,,13
200900028961,9,3,11,1525,1,2,1,1.0,6,13056,M,,,13
200900028962,9,3,6,920,1,2,1,1.0,3,13001,M,,,13
200900028963,9,3,11,1645,1,2,1,1.0,6,13001,M,,,13
200900028964,9,3,16,1415,1,2,9,1.0,6,13078,M,,,13
200900028965,9,3,16,2010,2,2,1,1.0,1,13028,M,,,13
200900028966,9,3,9,912,1,2,1,1.0,6,13028,M,,,13
200900028967,9,3,26,1920,1,2,6,1.0,6,13103,M,,,13
200900028968,9,3,19,2140,5,2,1,1.0,2,13103,M,,,13
200900028969,9,3,8,1700,1,1,1,1.0,7,13028,M,,,13
200900028970,9,3,2,746,1,2,1,2.0,6,13001,M,,,13
200900028971,9,3,20,1250,1,2,2,1.0,3,13004,M,,,13
200900028972,9,3,4,1350,1,2,6,2.0,3,13001,M,,,13
200900028973,9,3,12,1800,1,2,1,1.0,6,13001,M,,,13
200900028974,9,3,11,1415,1,2,1,1.0,3,13001,M,,,13
200900028975,9,3,1,1755,1,2,1,1.0,6,13004,M,,,13
200900028976,9,3,13,830,1,2,1,1.0,6,13004,M,,,13
200900028977,9,3,19,1250,1,2,2,1.0,2,13004,M,,,13
200900028978,9,3,4,1930,5,2,2,3.0,6,13001,M,,,13
200900028979,9,3,19,1930,2,2,1,1.0,6,13004,M,,,13
200900028980,9,3,11,2130,5,1,1,1.0,2,13001,M,,,13
200900028981,9,3,14,1115,1,1,1,1.0,2,13048,M,4.0,0,13
200900028982,9,3,27,1015,1,2,1,1.0,6,13104,M,4.0,0,13
200900028983,9,3,30,2330,3,2,1,1.0,7,13015,M,0.0,0,13
200900028984,9,3,28,2115,5,2,2,2.0,3,13076,M,4.0,0,13
200900028985,9,3,1,1545,1,1,1,1.0,6,13067,M,4.0,0,13
200900028986,9,3,22,500,3,1,1,1.0,5,13105,M,4.0,0,13
200900028987,9,3,23,715,1,1,3,1.0,3,13022,M,4.0,0,13
200900028988,9,3,27,1715,1,1,1,1.0,3,13100,M,4.0,0,13
200900028989,9,3,24,1200,1,2,1,1.0,3,13041,M,0.0,0,13
200900028990,9,3,13,1300,1,2,1,1.0,6,13106,M,4.0,0,13
200900028991,9,3,27,1130,1,2,1,1.0,3,13062,M,0.0,0,13
200900028992,9,3,15,1800,2,1,1,7.0,1,13084,M,4.0,0,13
200900028993,9,3,21,630,1,1,9,1.0,1,13014,M,0.0,0,13
200900028994,9,3,8,1945,5,2,3,1.0,3,13051,M,,,13
200900028995,9,3,30,830,1,1,1,1.0,5,13001,M,0.0,0,13
200900028996,9,3,4,1200,1,1,1,3.0,1,13017,M,,,13
200900028997,9,3,9,930,1,2,1,1.0,3,13027,M,4.0,0,13
200900028998,9,3,28,2000,3,1,1,3.0,2,13059,M,,,13
200900028999,9,3,20,815,1,1,1,1.0,2,13004,M,4.0,0,13
200900029000,9,3,14,1845,1,2,1,1.0,2,13010,M,4.0,0,13
200900029001,9,3,22,845,1,1,1,1.0,1,13030,M,4.0,0,13
200900029002,9,3,28,315,3,1,1,1.0,1,13097,M,,,13
200900029003,9,3,14,1345,1,1,1,1.0,2,13049,M,,,13
200900029004,9,3,16,1810,1,2,3,1.0,3,13039,M,,,13
200900029005,9,3,7,1300,1,2,9,1.0,2,13028,M,,,13
200900029006,9,3,10,1630,1,1,1,1.0,2,13039,M,4.0,0,13
200900029007,9,3,14,907,1,2,1,1.0,6,13103,M,,,13
200900029008,9,3,18,1425,1,1,1,1.0,1,13056,M,4.0,0,13
200900029009,9,3,21,130,3,1,1,1.0,7,13103,M,,,13
200900029010,9,3,20,1410,1,1,1,1.0,2,13071,M,,,13
200900029011,9,3,21,822,2,1,1,1.0,6,13028,M,4.0,0,13
200900029012,9,3,26,735,1,2,3,1.0,7,13028,M,,,13
200900029013,9,3,29,1200,1,2,3,8.0,2,13117,M,4.0,0,13
200900029014,9,3,30,635,3,1,1,1.0,3,13004,M,4.0,0,13
200900029015,9,3,31,1750,1,1,1,1.0,2,13117,M,,,13
200900029016,9,3,30,1055,1,2,1,1.0,6,13005,M,,,13
200900029017,9,3,4,2130,5,2,1,2.0,2,13070,M,,,13
200900029018,9,3,6,2145,5,2,2,1.0,3,13005,M,,,13
200900029019,9,3,31,2216,5,1,1,2.0,6,13055,M,4.0,0,13
200900029020,9,3,15,127,5,2,2,1.0,5,13005,M,,,13
200900029021,9,3,17,1905,1,2,1,1.0,3,13210,M,,,13
200900029022,9,3,18,1730,1,2,2,1.0,3,13208,M,,,13
200900029023,9,3,16,1925,5,2,1,1.0,2,13210,M,,,13
200900029024,9,3,30,935,1,2,1,1.0,6,13211,M,,,13
200900029025,9,3,27,830,1,2,1,1.0,2,13203,M,,,13
200900029026,9,3,13,1630,1,2,1,1.0,3,13206,M,,,13
200900029027,9,3,4,1240,1,2,1,2.0,1,13213,M,,,13
200900029028,9,3,26,1745,1,2,1,1.0,6,13211,M,,,13
200900029029,9,3,17,1400,1,2,1,1.0,6,13211,M,,,13
200900029030,9,3,12,930,1,2,1,1.0,2,13207,M,,,13
200900029031,9,3,14,545,5,2,1,1.0,6,13209,M,,,13
200900029032,9,3,27,2000,5,2,1,1.0,2,13205,M,,,13
200900029033,9,3,20,1305,1,2,1,8.0,6,13205,M,,,13
200900029034,9,3,3,955,1,2,1,1.0,3,13208,M,,,13
200900029035,9,3,20,1445,1,2,1,1.0,1,13210,M,,,13
200900029036,9,3,11,1510,1,2,1,1.0,3,13055,M,,,13
200900029037,9,3,27,1830,2,2,1,1.0,2,13214,M,,,13
200900029038,9,3,11,645,2,2,3,1.0,6,13055,M,,,13
200900029039,9,3,17,1210,1,2,1,1.0,3,13211,M,,,13
200900029040,9,3,19,1737,2,2,1,1.0,3,13214,M,,,13
200900029041,9,3,17,1800,1,2,6,1.0,3,13211,M,,,13
200900029042,9,3,23,730,1,2,3,1.0,1,13002,M,,,13
200900029043,9,3,24,2235,5,2,1,1.0,3,13209,M,,,13
200900029044,9,3,30,1245,1,2,9,1.0,6,13208,M,,,13
200900029045,9,3,6,650,1,2,1,1.0,2,13055,M,,,13
200900029046,9,3,16,900,1,2,1,1.0,3,13212,M,,,13
200900029047,9,3,3,910,1,2,1,1.0,6,13055,M,,,13
200900029048,9,3,25,1000,1,2,1,1.0,7,13055,M,,,13
200900029049,9,3,2,1820,1,2,1,1.0,3,13211,M,,,13
200900029050,9,3,31,1130,1,2,6,1.0,3,13215,M,,,13
200900029051,9,3,22,1225,1,2,2,1.0,3,13210,M,,,13
200900029052,9,3,19,1415,1,2,1,1.0,6,13210,M,,,13
200900029053,9,3,11,1135,1,2,1,1.0,6,13204,M,,,13
200900029054,9,3,1,1345,1,2,1,1.0,3,13055,M,4.0,0,13
200900029055,9,3,15,1850,5,2,2,1.0,3,13211,M,,,13
200900029056,9,3,24,1015,1,2,1,1.0,6,13203,M,,,13
200900029057,9,3,27,1515,1,2,2,1.0,6,13206,M,,,13
200900029058,9,3,31,715,1,2,1,1.0,6,13213,M,,,13
200900029059,9,3,31,1445,1,2,1,1.0,6,13201,M,,,13
200900029060,9,3,1,200,5,2,6,1.0,7,13055,M,4.0,0,13
200900029061,9,3,10,1815,2,2,1,1.0,6,13216,M,,,13
200900029062,9,3,27,715,1,2,1,1.0,2,13211,M,,,13
200900029063,9,3,21,1645,1,2,2,1.0,3,13205,M,,,13
200900029064,9,3,1,1710,1,2,1,2.0,2,13212,M,,,13
200900029065,9,3,13,1200,1,2,3,1.0,3,13055,M,,,13
200900029066,9,3,30,805,1,2,9,1.0,3,13211,M,,,13
200900029067,9,3,19,740,1,2,1,1.0,4,13208,M,,,13
200900029068,9,3,9,1335,1,2,1,1.0,2,13055,M,,,13
200900029069,9,3,7,1620,1,2,1,1.0,1,13206,M,,,13
200900029070,9,3,2,1645,1,2,1,1.0,6,13201,M,,,13
200900029071,9,3,18,1730,1,2,1,1.0,3,13216,M,,,13
200900029072,9,3,24,1108,1,2,1,1.0,6,13206,M,,,13
200900029073,9,3,30,1245,1,2,1,1.0,1,13213,M,,,13
200900029074,9,3,9,1335,1,2,1,1.0,3,13210,M,,,13
200900029075,9,3,26,1220,1,2,1,1.0,3,13212,M,,,13
200900029076,9,3,27,1000,1,2,1,1.0,1,13207,M,,,13
200900029077,9,3,9,755,1,2,1,1.0,3,13055,M,,,13
200900029078,9,3,9,1045,1,2,1,6.0,7,13215,M,,,13
200900029079,9,3,26,1815,2,2,1,1.0,3,13202,M,,,13
200900029080,9,3,28,1910,5,2,1,3.0,6,13055,M,,,13
200900029081,9,3,25,1600,1,2,1,1.0,3,13209,M,,,13
200900029082,9,3,6,1930,2,2,1,1.0,2,13207,M,,,13
200900029083,9,3,16,1715,1,2,1,1.0,4,13211,M,,,13
200900029084,9,3,28,1415,1,2,1,1.0,3,13214,M,,,13
200900029085,9,3,18,1635,1,2,1,1.0,4,13214,M,,,13
200900029086,9,3,19,1900,1,2,1,1.0,3,13207,M,,,13
200900029087,9,3,14,1900,5,2,1,1.0,6,13206,M,,,13
200900029088,9,3,23,1600,1,2,3,1.0,3,13206,M,,,13
200900029089,9,3,12,2305,5,2,2,1.0,3,13214,M,,,13
200900029090,9,3,2,750,1,2,1,1.0,6,13055,M,4.0,0,13
200900029091,9,3,22,1900,2,2,1,1.0,6,13055,M,,,13
200900029092,9,3,7,1220,1,2,1,1.0,6,13201,M,,,13
200900029093,9,3,19,1300,1,2,1,1.0,3,13205,M,,,13
200900029094,9,3,28,2130,5,2,4,3.0,7,13203,M,,,13
200900029095,9,3,14,1430,1,2,1,1.0,1,13202,M,,,13
200900029096,9,3,10,1230,1,2,2,1.0,2,13204,M,,,13
200900029097,9,3,4,1400,1,2,1,2.0,6,13207,M,,,13
200900029098,9,3,11,715,1,2,1,1.0,1,13212,M,,,13
200900029099,9,3,21,1020,1,2,1,1.0,3,13055,M,4.0,0,13
200900029100,9,3,18,1645,1,2,1,1.0,6,13215,M,,,13
200900029101,9,3,6,1540,1,2,1,1.0,1,13204,M,,,13
200900029102,9,3,20,1230,1,2,1,1.0,3,13201,M,,,13
200900029103,9,3,23,910,1,2,1,1.0,3,13204,M,,,13
200900029104,9,3,25,830,1,2,1,1.0,6,13205,M,,,13
200900029105,9,3,11,1400,1,2,1,6.0,6,13202,M,,,13
200900029106,9,3,30,1445,1,2,1,1.0,3,13208,M,,,13
200900029107,9,3,26,2000,2,2,1,9.0,6,13055,M,,,13
200900029108,9,3,29,415,5,2,5,2.0,3,13209,M,,,13
200900029109,9,3,10,850,1,2,1,1.0,3,13215,M,,,13
200900029110,9,3,20,1130,1,2,1,1.0,3,13055,M,,,13
200900029111,9,3,24,800,1,2,9,1.0,3,13205,M,,,13
200900029112,9,3,13,1940,1,2,3,1.0,6,13201,M,,,13
200900029113,9,3,27,900,1,2,3,1.0,3,13055,M,,,13
200900029114,9,3,11,1215,1,2,1,1.0,6,13209,M,,,13
200900029115,9,3,23,1755,1,2,1,1.0,6,13207,M,,,13
200900029116,9,3,9,1550,1,2,9,1.0,6,13002,M,,,13
200900029117,9,3,20,1930,1,2,1,1.0,7,13208,M,,,13
200900029118,9,3,23,1150,1,2,1,1.0,6,13201,M,,,13
200900029119,9,3,25,2045,5,2,1,1.0,3,13055,M,,,13
200900029120,9,3,12,1230,1,2,1,1.0,6,13213,M,,,13
200900029121,9,3,16,1930,5,2,1,1.0,3,13214,M,,,13
200900029122,9,3,15,1630,1,2,1,1.0,3,13208,M,,,13
200900029123,9,3,13,1215,1,2,2,1.0,1,13213,M,,,13
200900029124,9,3,9,1000,1,2,1,1.0,4,13205,M,,,13
200900029125,9,3,29,1450,1,2,1,3.0,6,13055,M,,,13
200900029126,9,3,28,1730,1,2,1,2.0,7,13215,M,,,13
200900029127,9,3,5,1350,1,2,1,1.0,6,13055,M,,,13
200900029128,9,3,23,1610,1,2,1,1.0,6,13208,M,,,13
200900029129,9,3,7,1436,1,2,1,1.0,1,13211,M,,,13
200900029130,9,3,13,1930,5,2,1,1.0,1,13055,M,,,13
200900029131,9,3,28,2100,5,2,3,3.0,3,13206,M,,,13
200900029132,9,3,4,1530,1,2,1,2.0,2,13205,M,,,13