Num_Acc,an,mois,jour,hrmn,lum,agg,int,atm,col,com,gps,lat,long,dep
200900029133,9,3,13,1610,1,2,1,1.0,6,13205,M,,,13
200900029134,9,3,9,1230,1,2,1,1.0,2,13209,M,,,13
200900029135,9,3,31,1310,1,2,1,1.0,6,13055,M,,,13
200900029136,9,3,4,2000,5,2,1,3.0,2,13204,M,,,13
200900029137,9,3,1,600,5,2,1,1.0,6,13212,M,,,13
200900029138,9,3,16,1750,1,2,7,1.0,6,13208,M,,,13
200900029139,9,3,25,1530,1,2,1,1.0,3,13203,M,,,13
200900029140,9,3,10,1945,2,2,1,1.0,6,13055,M,,,13
200900029141,9,3,13,1430,1,2,6,1.0,6,13055,M,,,13
200900029142,9,3,5,1215,1,2,1,1.0,3,13211,M,,,13
200900029143,9,3,19,1720,1,2,1,1.0,3,13075,M,4.0,0,13
200900029144,9,3,23,1700,1,2,3,1.0,3,13206,M,,,13
200900029145,9,3,19,1930,3,2,1,1.0,6,13213,M,,,13
200900029146,9,3,22,1710,1,2,1,1.0,2,13211,M,,,13
200900029147,9,3,9,900,1,2,1,1.0,5,13206,M,,,13
200900029148,9,3,29,510,5,2,2,2.0,3,13002,M,,,13
200900029149,9,3,25,1815,1,2,1,1.0,6,13212,M,,,13
200900029150,9,3,26,715,1,2,1,1.0,2,13214,M,,,13
200900029151,9,3,28,500,5,2,1,1.0,7,13201,M,,,13
200900029152,9,3,12,845,1,2,1,1.0,6,13207,M,,,13
200900029153,9,3,27,1645,2,2,2,1.0,3,13204,M,,,13
200900029154,9,3,31,1900,2,2,2,1.0,3,13205,M,,,13
200900029155,9,3,17,335,5,2,1,1.0,6,13055,M,,,13
200900029156,9,3,19,1530,1,2,1,1.0,2,13208,M,,,13
200900029157,9,3,14,1230,1,2,1,1.0,6,13213,M,,,13
200900029158,9,3,9,1200,1,2,1,1.0,2,13208,M,,,13
200900029159,9,3,21,1100,1,2,1,1.0,6,13203,M,,,13
200900029160,9,3,28,1700,1,2,1,1.0,3,13210,M,,,13
200900029161,9,3,24,1830,1,2,1,1.0,6,13211,M,,,13
200900029162,9,3,17,830,1,2,1,7.0,1,13204,M,,,13
200900029163,9,3,17,1310,1,2,1,1.0,2,13210,M,,,13
200900029164,9,3,12,1130,1,2,6,1.0,6,13208,M,,,13
200900029165,9,3,3,630,2,2,1,1.0,7,13075,M,4.0,0,13
200900029166,9,3,5,2000,5,2,3,1.0,6,13206,M,,,13
200900029167,9,3,10,825,1,2,1,1.0,3,13212,M,,,13
200900029168,9,3,9,1225,1,2,1,1.0,2,13201,M,,,13
200900029169,9,3,10,1320,1,2,1,1.0,5,13055,M,,,13
200900029170,9,3,14,1430,1,2,1,1.0,6,13206,M,,,13
200900029171,9,3,13,1615,1,2,1,1.0,2,13055,M,,,13
200900029172,9,3,24,1300,1,2,1,6.0,3,13208,M,,,13
200900029173,9,3,21,2130,5,2,1,1.0,6,13206,M,,,13
200900029174,9,3,30,1130,1,2,3,1.0,3,13206,M,,,13
200900029175,9,3,13,1130,1,2,2,1.0,3,13205,M,,,13
200900029176,9,3,14,2100,5,2,1,1.0,3,13055,M,,,13
200900029177,9,3,28,1130,1,2,2,2.0,3,13206,M,,,13
200900029178,9,3,13,1030,1,2,4,1.0,3,13203,M,,,13
200900029179,9,3,25,1300,1,2,1,1.0,6,13208,M,,,13
200900029180,9,3,11,1700,1,2,1,1.0,3,13212,M,,,13
200900029181,9,3,2,1045,1,2,1,1.0,6,13213,M,,,13
200900029182,9,3,3,1830,5,2,1,1.0,3,13055,M,4.0,0,13
200900029183,9,3,16,1730,1,2,1,1.0,3,13002,M,4.0,0,13
200900029184,9,3,27,1530,1,2,1,1.0,3,13208,M,,,13
200900029185,9,3,10,1000,1,2,1,1.0,2,13206,M,,,13
200900029186,9,3,16,945,1,2,9,1.0,6,13215,M,,,13
200900029187,9,3,4,1330,1,2,3,2.0,3,13055,M,,,13
200900029188,9,3,31,1615,1,2,1,1.0,3,13208,M,,,13
200900029189,9,3,9,1130,1,2,2,1.0,7,13206,M,,,13
200900029190,9,3,16,2100,5,2,3,1.0,3,13216,M,,,13
200900029191,9,3,24,1000,1,2,1,2.0,7,13202,M,,,13
200900029192,9,3,1,540,5,2,1,1.0,1,13055,M,4.0,0,13
200900029193,9,3,13,1245,1,2,1,1.0,2,13209,M,,,13
200900029194,9,3,25,845,1,2,1,1.0,6,13215,M,,,13
200900029195,9,3,29,1120,1,2,1,2.0,5,13207,M,,,13
200900029196,9,3,13,2000,5,2,1,1.0,3,13055,M,,,13
200900029197,9,3,31,1100,1,2,1,1.0,6,13215,M,,,13
200900029198,9,3,6,1345,1,2,1,1.0,2,13204,M,,,13
200900029199,9,3,10,55,5,2,1,1.0,6,13215,M,,,13
200900029200,9,3,14,1110,1,2,1,1.0,6,13055,M,,,13
200900029201,9,3,17,2220,5,2,3,1.0,3,13202,M,,,13
200900029202,9,3,18,2000,3,2,1,1.0,6,13214,M,,,13
200900029203,9,3,19,1830,2,2,1,1.0,6,13207,M,,,13
200900029204,9,3,20,1730,1,2,1,1.0,6,13210,M,,,13
200900029205,9,3,20,1750,1,2,1,1.0,2,13055,M,4.0,0,13
200900029206,9,3,23,800,1,2,1,1.0,6,13209,M,,,13
200900029207,9,3,23,1830,1,2,1,1.0,6,13213,M,,,13
200900029208,9,3,24,730,1,2,1,1.0,6,13055,M,,,13
200900029209,9,3,24,2000,5,2,3,6.0,3,13055,M,,,13
200900029210,9,3,27,845,1,2,1,1.0,3,13212,M,,,13
200900029211,9,3,12,120,5,2,2,1.0,3,13201,M,,,13
200900029212,9,3,19,855,1,2,3,1.0,3,69388,M,,,69
200900029213,9,3,12,1625,1,2,3,1.0,6,69386,M,,,69
200900029214,9,3,2,620,5,2,4,2.0,6,69266,M,,,69
200900029215,9,3,1,545,5,2,1,1.0,2,69388,M,,,69
200900029216,9,3,15,1530,1,2,1,1.0,3,69266,M,,,69
200900029217,9,3,21,1510,1,2,3,1.0,6,69388,M,,,69
200900029218,9,3,10,1550,1,2,3,2.0,7,69266,M,,,69
200900029219,9,3,17,905,1,2,1,1.0,7,69266,M,,,69
200900029220,9,3,11,655,2,2,1,1.0,6,69266,M,,,69
200900029221,9,3,13,1920,5,2,3,1.0,3,69388,M,,,69
200900029222,9,3,16,1355,1,2,1,1.0,3,69389,M,,,69
200900029223,9,3,18,1150,1,2,4,1.0,3,69388,M,,,69
200900029224,9,3,19,1350,1,2,9,1.0,6,69266,M,,,69
200900029225,9,3,11,925,1,2,1,1.0,6,69266,M,,,69
200900029226,9,3,17,1745,1,2,1,1.0,6,69381,M,,,69
200900029227,9,3,7,930,1,2,1,1.0,6,69266,M,,,69
200900029228,9,3,15,1640,1,2,2,1.0,2,69266,M,,,69
200900029229,9,3,26,1325,1,2,1,1.0,2,69389,M,,,69
200900029230,9,3,26,900,1,2,2,1.0,3,69389,M,,,69
200900029231,9,3,24,1342,1,2,2,1.0,3,69382,M,,,69
200900029232,9,3,1,545,3,1,1,1.0,3,69297,M,,,69
200900029233,9,3,1,2000,5,2,1,2.0,7,69299,M,4.0,0,69
200900029234,9,3,1,2025,5,2,1,1.0,6,69386,M,,,69
200900029235,9,3,2,600,3,1,1,2.0,7,69285,M,0.0,0,69
200900029236,9,3,2,650,2,1,1,2.0,7,69081,M,,,69
200900029237,9,3,2,700,1,1,1,2.0,2,69297,M,,,69
200900029238,9,3,2,745,1,1,1,8.0,1,69099,M,4.0,0,69
200900029239,9,3,2,1530,1,2,1,1.0,6,69029,M,,,69
200900029240,9,3,2,1710,1,2,1,1.0,6,69149,M,,,69
200900029241,9,3,2,1230,1,1,1,1.0,7,69034,M,,,69
200900029242,9,3,3,1230,1,2,2,1.0,2,69029,M,,,69
200900029243,9,3,3,810,1,2,1,1.0,6,69149,M,,,69
200900029244,9,3,3,1815,1,2,2,1.0,3,69259,M,,,69
200900029245,9,3,3,1240,1,2,1,1.0,2,69386,M,,,69
200900029246,9,3,4,830,1,2,1,1.0,6,69383,M,,,69
200900029247,9,3,4,1310,1,2,1,2.0,4,69389,M,,,69
200900029248,9,3,4,1545,1,2,1,2.0,6,69290,M,,,69
200900029249,9,3,4,2030,5,2,1,2.0,6,69383,M,,,69
200900029250,9,3,5,1400,1,2,1,1.0,7,69382,M,,,69
200900029251,9,3,6,830,1,2,1,1.0,6,69383,M,,,69
200900029252,9,3,5,1800,2,2,1,1.0,6,69259,M,,,69
200900029253,9,3,5,1830,5,2,2,1.0,6,69382,M,,,69
200900029254,9,3,5,1920,2,2,1,1.0,6,69383,M,,,69
200900029255,9,3,6,1115,1,2,1,1.0,3,69034,M,,,69
200900029256,9,3,7,2155,5,1,1,2.0,3,69029,M,,,69
200900029257,9,3,6,1500,1,1,1,1.0,1,69141,M,0.0,0,69
200900029258,9,3,6,1710,1,1,1,1.0,2,69266,M,,,69
200900029259,9,3,8,730,1,2,6,1.0,3,69152,M,,,69
200900029260,9,3,8,1140,1,2,3,1.0,6,69290,M,,,69
200900029261,9,3,9,1200,1,1,1,2.0,1,69092,M,,,69
200900029262,9,3,9,1505,1,2,2,1.0,1,69389,M,,,69
200900029263,9,3,9,700,1,1,1,1.0,3,69288,M,,,69
200900029264,9,3,9,1730,1,2,2,1.0,2,69383,M,,,69
200900029265,9,3,10,1720,1,2,1,2.0,6,69386,M,,,69
200900029266,9,3,10,600,1,1,1,1.0,2,69077,M,0.0,0,69
200900029267,9,3,10,850,1,2,1,1.0,6,69029,M,,,69
200900029268,9,3,10,1225,1,2,3,1.0,6,69382,M,,,69
200900029269,9,3,11,1030,1,2,1,1.0,6,69389,M,,,69
200900029270,9,3,11,1400,1,2,2,1.0,5,69383,M,,,69
200900029271,9,3,11,745,1,2,3,1.0,3,69259,M,,,69
200900029272,9,3,11,1510,1,2,2,1.0,6,69264,M,,,69
200900029273,9,3,11,2044,5,2,3,1.0,3,69389,M,,,69
200900029274,9,3,12,1815,1,1,1,1.0,6,69100,M,0.0,0,69
200900029275,9,3,12,800,1,2,1,1.0,6,69279,M,0.0,0,69
200900029276,9,3,12,914,1,2,2,1.0,6,69383,M,,,69
200900029277,9,3,12,1215,1,2,1,1.0,2,69389,M,,,69
200900029278,9,3,12,1750,1,2,1,1.0,6,69259,M,,,69
200900029279,9,3,12,1830,2,2,2,1.0,6,69389,M,,,69
200900029280,9,3,12,1840,1,1,1,1.0,4,69199,M,,,69
200900029281,9,3,13,740,1,2,1,1.0,2,69259,M,,,69
200900029282,9,3,13,1645,1,2,2,1.0,3,69081,M,0.0,0,69
200900029283,9,3,13,1115,1,2,1,1.0,6,69386,M,,,69
200900029284,9,3,13,1645,1,2,1,1.0,6,69204,M,0.0,0,69
200900029285,9,3,13,1656,1,2,2,1.0,3,69389,M,,,69
200900029286,9,3,13,1910,5,1,1,1.0,2,69072,M,,,69
200900029287,9,3,13,2000,1,2,1,1.0,6,69290,M,,,69
200900029288,9,3,14,1645,1,1,1,1.0,3,69152,M,,,69
200900029289,9,3,14,1800,1,2,1,1.0,3,69382,M,,,69
200900029290,9,3,14,2045,5,2,1,1.0,7,69385,M,,,69
200900029291,9,3,15,730,2,2,1,1.0,6,69386,M,,,69
200900029292,9,3,15,1555,1,2,3,7.0,6,69385,M,,,69
200900029293,9,3,15,1815,1,1,2,1.0,5,69234,M,4.0,0,69
200900029294,9,3,15,1845,1,2,1,1.0,3,69115,M,,,69
200900029295,9,3,15,2211,5,2,1,1.0,7,69202,M,,,69
200900029296,9,3,16,915,1,2,1,1.0,3,69386,M,,,69
200900029297,9,3,16,1330,1,2,1,7.0,2,69382,M,,,69
200900029298,9,3,16,926,1,2,1,1.0,6,69290,M,,,69
200900029299,9,3,16,1430,1,2,1,1.0,1,69382,M,,,69
200900029300,9,3,16,1700,1,1,3,7.0,1,69127,M,4.0,0,69
200900029301,9,3,16,1740,1,1,1,1.0,4,69259,M,,,69
200900029302,9,3,16,1900,5,2,1,1.0,6,69386,M,,,69
200900029303,9,3,16,2050,5,1,1,1.0,2,69266,M,,,69
200900029304,9,3,17,1220,1,1,1,1.0,6,69297,M,,,69
200900029305,9,3,17,1045,1,2,7,1.0,6,69044,M,0.0,0,69
200900029306,9,3,17,2215,3,1,1,1.0,6,69005,M,4.0,0,69
200900029307,9,3,18,1430,1,2,2,1.0,3,69259,M,,,69
200900029308,9,3,19,115,5,2,1,1.0,6,69202,M,,,69
200900029309,9,3,19,800,1,2,2,1.0,3,69383,M,,,69
200900029310,9,3,19,1010,1,2,1,1.0,2,69290,M,,,69
200900029311,9,3,20,930,1,2,2,1.0,3,69386,M,,,69
200900029312,9,3,19,1650,1,2,2,1.0,3,69386,M,,,69
200900029313,9,3,20,1115,1,2,1,1.0,3,69290,M,,,69
200900029314,9,3,20,1815,1,2,9,1.0,6,69266,M,,,69
200900029315,9,3,20,1735,1,2,1,1.0,6,69386,M,,,69
200900029316,9,3,21,1430,1,2,2,1.0,6,69383,M,,,69
200900029317,9,3,21,1800,1,2,1,1.0,2,69383,M,,,69
200900029318,9,3,18,1130,1,1,1,1.0,2,69389,M,,,69
200900029319,9,3,19,1745,1,1,1,1.0,2,69029,M,,,69
200900029320,9,3,20,200,3,1,1,1.0,6,69206,M,0.0,0,69
200900029321,9,3,20,1815,1,2,1,1.0,6,69088,M,0.0,0,69
200900029322,9,3,20,830,1,1,1,1.0,3,69100,M,0.0,0,69
200900029323,9,3,21,315,5,1,1,1.0,7,69266,M,,,69
200900029324,9,3,21,830,1,1,1,1.0,7,69288,M,0.0,0,69
200900029325,9,3,22,930,1,1,1,1.0,6,69074,M,4.0,0,69
200900029326,9,3,22,215,3,1,1,1.0,7,69165,M,0.0,0,69
200900029327,9,3,22,2245,4,2,1,1.0,7,69034,M,,,69
200900029328,9,3,22,1335,1,2,1,1.0,6,69259,M,,,69
200900029329,9,3,22,2235,5,2,1,1.0,6,69149,M,,,69
200900029330,9,3,23,1145,1,2,2,1.0,6,69386,M,,,69
200900029331,9,3,23,1205,1,2,1,1.0,6,69259,M,,,69
200900029332,9,3,23,1415,1,2,3,1.0,3,69382,M,,,69
200900029333,9,3,23,900,1,2,4,1.0,6,69103,M,0.0,0,69
200900029334,9,3,23,1215,1,2,1,1.0,3,69049,M,0.0,0,69
200900029335,9,3,23,1520,1,2,9,1.0,2,69199,M,,,69
200900029336,9,3,26,1615,1,2,1,1.0,6,69290,M,,,69
200900029337,9,3,27,1515,1,2,1,1.0,6,69091,M,,,69
200900029338,9,3,24,1020,1,2,1,1.0,6,69034,M,,,69
200900029339,9,3,24,1245,1,2,1,2.0,2,69290,M,,,69
200900029340,9,3,24,1300,1,2,1,2.0,6,69266,M,,,69
200900029341,9,3,24,2030,5,2,1,1.0,3,69383,M,,,69
200900029342,9,3,25,730,1,2,2,1.0,5,69383,M,,,69
200900029343,9,3,25,920,1,2,1,1.0,6,69202,M,,,69
200900029344,9,3,25,1135,1,2,1,1.0,6,69290,M,,,69
200900029345,9,3,25,2235,5,2,3,9.0,3,69259,M,,,69
200900029346,9,3,27,1600,1,2,3,1.0,6,69388,M,,,69
200900029347,9,3,18,1145,1,2,1,1.0,3,69029,M,,,69
200900029348,9,3,10,1203,1,2,1,1.0,3,69029,M,,,69
200900029349,9,3,28,1500,1,2,1,9.0,6,69381,M,,,69
200900029350,9,3,29,1750,1,2,2,1.0,3,69259,M,,,69
200900029351,9,3,28,2045,5,2,2,1.0,4,69386,M,,,69
200900029352,9,3,30,1135,1,2,1,1.0,2,69034,M,,,69
200900029353,9,3,30,945,1,2,2,1.0,3,69383,M,,,69
200900029354,9,3,30,1150,1,2,7,1.0,6,69266,M,,,69
200900029355,9,3,30,1415,1,2,2,1.0,3,69383,M,,,69
200900029356,9,3,24,1745,1,1,1,1.0,3,69297,M,,,69
200900029357,9,3,31,1610,1,2,1,1.0,3,69290,M,,,69
200900029358,9,3,25,1530,1,1,1,1.0,3,69297,M,,,69
200900029359,9,3,26,2240,5,1,1,1.0,2,69382,M,,,69
200900029360,9,3,28,1415,1,1,1,2.0,6,69199,M,,,69
200900029361,9,3,28,2030,5,1,1,2.0,6,69382,M,,,69
200900029362,9,3,23,1930,5,2,1,1.0,6,69235,M,4.0,0,69
200900029363,9,3,24,800,1,2,1,9.0,6,69018,M,0.0,0,69
200900029364,9,3,24,815,1,1,1,2.0,6,69039,M,0.0,0,69
200900029365,9,3,27,1445,1,2,1,1.0,6,69168,M,0.0,0,69
200900029366,9,3,26,1645,1,2,6,1.0,6,69112,M,0.0,0,69
200900029367,9,3,30,1645,1,1,2,1.0,2,69288,M,0.0,0,69
200900029368,9,3,11,1650,1,2,1,1.0,1,69091,M,,,69
200900029369,9,3,5,910,1,2,4,1.0,6,69387,M,,,69
200900029370,9,3,23,1000,2,1,1,1.0,7,69299,M,,,69
200900029371,9,8,3,1735,1,2,1,1.0,1,64129,M,4.0,-,64
200900029372,9,8,3,2055,1,2,1,1.0,5,64260,M,4.0,-,64
200900029373,9,8,4,1500,1,2,9,1.0,6,64445,M,4.0,-,64
200900029374,9,8,4,1755,1,2,6,1.0,3,64445,M,4.0,-,64
200900029375,9,8,5,1930,1,2,1,1.0,3,64125,M,4.0,-,64
200900029376,9,8,8,1830,1,2,1,2.0,4,64024,M,4.0,-,64
200900029377,9,8,6,940,1,2,1,1.0,6,64483,M,4.0,-,64
200900029378,9,8,6,1250,1,2,1,1.0,3,64122,M,4.0,-,64
200900029379,9,8,1,935,1,2,1,1.0,1,64260,M,4.0,-,64
200900029380,9,8,7,505,5,2,6,2.0,3,64445,M,4.0,-,64
200900029381,9,8,3,1850,1,2,1,1.0,2,64445,M,4.0,-,64
200900029382,9,8,1,1405,1,2,1,1.0,3,64445,M,4.0,-,64
200900029383,9,8,1,1755,1,2,1,1.0,3,64122,M,4.0,-,64
200900029384,9,8,2,25,3,2,1,2.0,6,64483,M,4.0,-,64
200900029385,9,8,3,1020,1,1,3,1.0,3,64483,M,4.0,-,64
200900029386,9,8,3,1710,1,1,1,1.0,3,64545,M,4.0,-,64
200900029387,9,8,7,1900,1,2,3,1.0,2,64102,M,4.0,-,64
200900029388,9,8,4,1815,1,2,1,1.0,3,64260,M,4.0,-,64
200900029389,9,8,5,1600,1,1,1,1.0,3,64230,M,4.0,-,64
200900029390,9,8,7,1435,1,1,1,1.0,3,64189,M,,,64
200900029391,9,8,7,1620,1,2,4,1.0,3,64122,M,4.0,-,64
200900029392,9,8,7,1725,1,2,1,1.0,5,64445,M,4.0,-,64
200900029393,9,8,8,1010,1,2,6,1.0,3,64348,M,4.0,-,64
200900029394,9,8,8,1900,1,2,1,1.0,6,64495,M,4.0,-,64
200900029395,9,8,8,2000,1,2,3,1.0,3,64122,M,4.0,-,64
200900029396,9,8,10,1430,1,2,1,1.0,6,64102,M,4.0,-,64
200900029397,9,8,9,1730,3,1,1,2.0,6,64422,M,4.0,-,64
200900029398,9,8,9,1923,1,2,3,1.0,3,64122,M,4.0,-,64
200900029399,9,8,9,1944,1,2,1,1.0,6,64125,M,4.0,-,64
200900029400,9,8,10,1245,1,1,1,1.0,7,64422,M,4.0,-,64
200900029401,9,8,12,1230,1,1,1,1.0,3,64495,M,4.0,-,64
200900029402,9,8,12,1900,1,1,1,1.0,1,64147,M,4.0,-,64
200900029403,9,8,11,1930,1,2,1,1.0,3,64129,M,4.0,-,64
200900029404,9,8,13,1440,1,2,3,1.0,3,64024,M,4.0,-,64
200900029405,9,8,13,1615,1,1,1,1.0,6,64547,M,4.0,-,64
200900029406,9,8,13,1545,1,2,2,1.0,3,64445,M,4.0,-,64
200900029407,9,8,14,945,1,1,1,1.0,2,64450,M,4.0,-,64
200900029408,9,8,14,1040,1,2,1,1.0,6,64102,M,4.0,-,64
200900029409,9,8,14,25,5,2,1,1.0,2,64284,M,4.0,-,64
200900029410,9,8,14,550,2,1,1,1.0,7,64483,M,4.0,-,64
200900029411,9,8,14,1930,2,2,1,1.0,6,64545,M,4.0,-,64
200900029412,9,8,15,1015,1,2,1,1.0,6,64260,M,4.0,-,64
200900029413,9,8,15,1100,1,2,1,1.0,6,64122,M,4.0,-,64
200900029414,9,8,15,1400,1,2,1,1.0,3,64125,M,4.0,-,64
200900029415,9,8,15,1545,1,1,1,1.0,3,64124,M,4.0,-,64
200900029416,9,8,15,1745,1,2,1,1.0,6,64260,M,4.0,-,64
200900029417,9,8,16,140,5,2,1,1.0,6,64445,M,4.0,-,64
200900029418,9,8,16,800,1,1,1,1.0,7,64122,M,4.0,-,64
200900029419,9,8,16,1615,1,1,1,1.0,3,64549,M,4.0,-,64
200900029420,9,8,16,1715,1,1,1,1.0,3,64483,M,4.0,-,64
200900029421,9,8,18,1425,1,1,6,1.0,3,64260,M,4.0,-,64
200900029422,9,8,18,1850,1,2,3,1.0,3,64122,M,4.0,-,64
200900029423,9,8,18,2000,1,2,1,1.0,3,64538,M,4.0,-,64
200900029424,9,8,17,720,1,2,3,1.0,1,64102,M,4.0,-,64
200900029425,9,8,17,1100,1,2,6,2.0,3,64445,M,4.0,-,64
200900029426,9,8,18,1200,1,2,1,1.0,7,64496,M,4.0,-,64
200900029427,9,8,18,2210,5,2,1,1.0,3,64483,M,4.0,-,64
200900029428,9,8,19,1700,1,2,9,1.0,6,64122,M,4.0,-,64
200900029429,9,8,20,115,3,1,1,1.0,2,64102,M,4.0,-,64
200900029430,9,8,20,1545,1,1,1,1.0,2,64396,M,4.0,-,64
200900029431,9,8,20,1700,1,1,3,1.0,6,64102,M,4.0,-,64
200900029432,9,8,20,1955,1,1,3,1.0,7,64024,M,4.0,-,64
200900029433,9,8,21,715,2,2,1,2.0,6,64445,M,4.0,-,64
200900029434,9,8,21,1150,1,1,1,1.0,3,64483,M,4.0,-,64
200900029435,9,8,21,2005,1,2,2,1.0,3,64335,M,4.0,-,64
200900029436,9,8,22,1635,1,2,1,1.0,6,64445,M,4.0,-,64
200900029437,9,8,23,1040,1,2,1,1.0,3,64122,M,4.0,-,64
200900029438,9,8,23,1520,1,2,1,1.0,3,64483,M,4.0,-,64
200900029439,9,8,23,1611,1,2,6,7.0,6,64024,M,4.0,-,64
200900029440,9,8,23,1905,1,2,1,1.0,3,64483,M,4.0,-,64
200900029441,9,8,24,145,4,2,1,1.0,6,64301,M,4.0,-,64
200900029442,9,8,24,1225,1,2,1,1.0,6,64102,M,4.0,-,64
200900029443,9,8,24,1100,1,1,1,1.0,7,64542,M,4.0,-,64
200900029444,9,8,25,1820,1,2,1,3.0,3,64125,M,4.0,-,64
200900029445,9,8,24,1432,1,2,3,1.0,3,64024,M,4.0,-,64
200900029446,9,8,24,2300,5,1,1,1.0,3,64125,M,4.0,-,64
200900029447,9,8,25,30,5,2,1,2.0,7,64059,M,0.0,0,64
200900029448,9,8,26,1320,1,2,3,1.0,3,64024,M,4.0,-,64
200900029449,9,8,27,1430,1,2,1,1.0,7,64122,M,4.0,-,64
200900029450,9,8,26,1835,1,2,1,1.0,6,64122,M,4.0,-,64
200900029451,9,8,28,1350,1,2,1,2.0,3,64445,M,4.0,-,64
200900029452,9,8,29,1015,1,2,1,1.0,2,64125,M,4.0,-,64
200900029453,9,8,29,1115,1,2,1,1.0,2,64445,M,4.0,-,64
200900029454,9,8,29,2135,2,2,1,1.0,3,64125,M,4.0,-,64
200900029455,9,8,31,1150,1,2,1,1.0,2,64445,M,4.0,-,64
200900029456,9,8,19,1545,1,2,9,7.0,7,64102,M,4.0,-,64
200900029457,9,8,25,1150,1,2,1,2.0,6,64102,M,4.0,-,64
200900029458,9,8,27,1452,1,2,1,1.0,5,64024,M,4.0,-,64
200900029459,9,9,7,1605,1,2,2,1.0,4,64122,M,4.0,-,64
200900029460,9,9,13,1900,1,2,1,1.0,3,64122,M,4.0,-,64
200900029461,9,9,15,825,1,2,6,1.0,3,64122,M,4.0,-,64
200900029462,9,9,15,1800,1,2,1,1.0,6,64122,M,4.0,-,64
200900029463,9,9,1,1330,1,2,1,1.0,6,64445,M,4.0,-,64
200900029464,9,9,1,1300,1,2,1,2.0,2,64122,M,4.0,-,64
200900029465,9,9,1,1315,1,2,1,2.0,3,64024,M,4.0,-,64
200900029466,9,9,1,1730,1,1,1,2.0,1,64025,M,4.0,-,64
200900029467,9,9,1,1750,1,2,1,1.0,6,64445,M,4.0,-,64
200900029468,9,9,2,1430,1,2,1,1.0,3,64335,M,4.0,-,64
200900029469,9,9,2,1955,1,2,1,1.0,6,64445,M,4.0,-,64
200900029470,9,9,3,1125,1,2,1,1.0,2,64129,M,4.0,-,64
200900029471,9,9,3,1330,1,1,1,1.0,1,64528,M,4.0,-,64
200900029472,9,9,3,1805,1,2,1,1.0,3,64125,M,4.0,-,64
200900029473,9,9,4,830,1,2,1,1.0,6,64445,M,4.0,-,64
200900029474,9,9,6,130,3,1,1,1.0,6,64499,M,4.0,-,64
200900029475,9,9,6,1140,1,2,1,1.0,2,64132,M,4.0,-,64
200900029476,9,9,6,1205,1,2,1,1.0,2,64125,M,4.0,-,64
200900029477,9,9,4,1335,1,2,1,1.0,2,64445,M,4.0,-,64
200900029478,9,9,9,700,3,1,1,1.0,6,64400,M,4.0,-,64
200900029479,9,9,11,650,5,2,1,1.0,6,64129,M,4.0,-,64
200900029480,9,9,12,2240,5,2,1,1.0,1,64445,M,4.0,-,64
200900029481,9,9,16,1635,1,2,1,1.0,3,64445,M,4.0,-,64
200900029482,9,9,11,755,1,2,1,2.0,2,64445,M,4.0,-,64
200900029483,9,9,13,520,2,2,1,1.0,6,64284,M,4.0,-,64
200900029484,9,9,30,2035,3,1,1,1.0,6,64165,M,4.0,-,64
200900029485,9,9,30,1745,1,2,2,1.0,3,64122,M,4.0,-,64
200900029486,9,9,16,755,1,2,3,1.0,3,64445,M,4.0,-,64
200900029487,9,9,17,1715,1,2,1,1.0,3,64122,M,4.0,-,64
200900029488,9,9,18,755,2,2,1,1.0,3,64445,M,4.0,-,64
200900029489,9,9,18,1530,1,1,1,2.0,5,64415,M,4.0,-,64
200900029490,9,9,18,1830,1,2,1,3.0,3,64445,M,4.0,-,64
200900029491,9,9,16,1730,1,1,1,1.0,7,64495,M,4.0,-,64
200900029492,9,9,19,1100,1,1,1,8.0,6,64527,M,4.0,-,64
200900029493,9,9,19,1215,1,2,1,2.0,1,64445,M,4.0,-,64
200900029494,9,9,19,1845,1,1,1,1.0,7,64477,M,4.0,-,64
200900029495,9,9,20,1320,1,2,1,1.0,6,64445,M,4.0,-,64
200900029496,9,9,21,735,2,2,1,2.0,6,64132,M,4.0,-,64
200900029497,9,9,21,2017,1,2,1,8.0,3,64122,M,4.0,-,64
200900029498,9,9,22,945,1,1,1,5.0,6,64454,M,4.0,-,64
200900029499,9,9,20,1545,1,1,1,2.0,1,64043,M,4.0,-,64
200900029500,9,9,21,1400,1,2,1,8.0,3,64062,M,4.0,-,64
200900029501,9,9,21,1410,1,2,6,1.0,2,64445,M,4.0,-,64
200900029502,9,9,22,1315,1,2,1,1.0,3,64335,M,4.0,-,64
200900029503,9,9,22,1625,1,2,3,1.0,3,64445,M,4.0,-,64
200900029504,9,9,25,515,5,2,1,1.0,6,64540,M,4.0,-,64
200900029505,9,9,22,1500,1,1,9,1.0,6,64359,M,4.0,-,64
200900029506,9,9,22,1630,1,2,3,1.0,3,64348,M,4.0,-,64
200900029507,9,9,23,2100,5,2,1,1.0,1,64122,M,4.0,-,64
200900029508,9,9,24,645,2,1,1,1.0,3,64445,M,4.0,-,64
200900029509,9,9,25,2115,5,2,3,1.0,3,64445,M,4.0,-,64
200900029510,9,9,25,1230,1,2,3,1.0,3,64445,M,4.0,-,64
200900029511,9,9,25,1740,1,2,3,1.0,4,64445,M,4.0,-,64
200900029512,9,9,27,1805,1,2,3,1.0,3,64122,M,4.0,-,64
200900029513,9,9,28,2030,3,1,1,1.0,6,64424,M,4.0,-,64
200900029514,9,9,26,1300,1,2,3,1.0,6,64122,M,4.0,-,64
200900029515,9,9,29,2025,5,2,2,1.0,3,64445,M,4.0,-,64