Num_Acc,an,mois,jour,hrmn,lum,agg,int,atm,col,com,gps,lat,long,dep
200900029516,9,9,30,1645,1,2,2,1.0,3,64445,M,4.0,-,64
200900029517,9,9,30,1820,1,2,1,1.0,3,64348,M,4.0,-,64
200900029518,9,9,12,955,1,2,1,1.0,3,64102,M,4.0,-,64
200900029519,9,9,9,1525,1,2,3,1.0,3,64335,M,4.0,-,64
200900029520,9,9,11,2015,1,2,1,1.0,6,64102,M,4.0,-,64
200900029521,9,3,2,800,1,1,1,2.0,5,69256,M,,,69
200900029522,9,3,24,2020,5,1,1,1.0,6,69297,M,,,69
200900029523,9,6,12,1640,1,1,1,1.0,3,84007,M,,,84
200900029524,9,6,15,506,1,2,1,1.0,2,84007,M,,,84
200900029525,9,6,5,735,1,2,1,1.0,3,84007,M,,,84
200900029526,9,6,15,1215,1,2,1,1.0,7,84007,M,,,84
200900029527,9,6,2,2030,1,2,1,1.0,3,84007,M,,,84
200900029528,9,6,13,1930,1,2,1,1.0,4,84007,M,,,84
200900029529,9,6,11,750,1,2,1,1.0,6,84007,M,,,84
200900029530,9,6,15,1610,1,2,3,1.0,3,84007,M,,,84
200900029531,9,6,15,835,1,1,1,1.0,1,84031,M,,,84
200900029532,9,6,3,1800,1,2,1,1.0,4,84007,M,,,84
200900029533,9,6,14,930,1,1,1,1.0,6,84030,M,0.0,0,84
200900029534,9,6,21,900,1,1,1,1.0,1,84072,M,4.0,0,84
200900029535,9,6,26,2130,3,1,1,1.0,6,84118,M,4.0,0,84
200900029536,9,6,19,715,1,1,1,1.0,2,84132,M,0.0,0,84
200900029537,9,6,11,2215,5,1,1,1.0,2,84092,M,0.0,0,84
200900029538,9,6,4,730,1,1,1,1.0,6,84129,M,0.0,0,84
200900029539,9,6,27,1015,1,1,9,1.0,2,84093,M,4.0,0,84
200900029540,9,6,15,2230,1,1,1,1.0,6,84063,M,0.0,0,84
200900029541,9,6,4,1330,1,1,1,1.0,5,84040,M,0.0,0,84
200900029542,9,6,1,1845,1,1,1,1.0,7,84072,M,0.0,0,84
200900029543,9,6,4,1745,1,1,1,1.0,3,84054,M,4.0,0,84
200900029544,9,6,22,2330,3,1,6,1.0,7,84019,M,4.0,0,84
200900029545,9,6,17,1415,1,1,1,1.0,3,84141,M,4.0,0,84
200900029546,9,6,17,1330,1,1,2,1.0,3,84057,M,0.0,0,84
200900029547,9,6,18,1745,1,1,1,1.0,6,84013,M,4.0,0,84
200900029548,9,6,2,1455,1,2,1,1.0,6,84087,M,,,84
200900029549,9,6,12,2345,3,1,1,1.0,1,84088,M,4.0,0,84
200900029550,9,6,19,1745,1,2,1,2.0,3,84031,M,,,84
200900029551,9,6,22,745,1,2,1,1.0,3,84119,M,0.0,0,84
200900029552,9,6,14,2130,3,1,1,1.0,7,84072,M,0.0,0,84
200900029553,9,6,24,1245,1,1,1,1.0,7,84028,M,0.0,0,84
200900029554,9,6,30,830,1,2,1,1.0,6,84071,M,0.0,0,84
200900029555,9,6,17,1610,1,2,1,1.0,3,84007,M,,,84
200900029556,9,6,19,1725,1,1,1,1.0,2,84007,M,,,84
200900029557,9,6,29,1410,1,2,1,1.0,2,84007,M,,,84
200900029558,9,6,19,1155,1,2,1,1.0,3,84007,M,,,84
200900029559,9,6,22,1745,1,2,2,1.0,3,84007,M,,,84
200900029560,9,6,30,1125,1,2,1,1.0,6,84007,M,,,84
200900029561,9,6,21,1540,1,2,1,6.0,2,84007,M,,,84
200900029562,9,6,17,2210,5,2,2,1.0,3,84035,M,,,84
200900029563,9,6,16,1410,1,1,3,1.0,3,84035,M,,,84
200900029564,9,6,25,2340,3,1,1,1.0,5,84035,M,,,84
200900029565,9,6,16,1230,1,1,2,1.0,5,84035,M,,,84
200900029566,9,6,22,1710,1,2,1,6.0,2,84007,M,,,84
200900029567,9,6,26,1706,1,2,1,1.0,6,84007,M,,,84
200900029568,9,6,26,1705,1,2,1,1.0,3,84007,M,,,84
200900029569,9,7,30,2015,1,1,1,1.0,5,84034,M,0.0,0,84
200900029570,9,7,29,715,1,1,1,1.0,2,84132,M,0.0,0,84
200900029571,9,7,5,900,1,1,1,1.0,1,84143,M,4.0,0,84
200900029572,9,7,10,1900,1,1,1,1.0,6,84092,M,0.0,0,84
200900029573,9,7,16,145,3,1,1,1.0,1,84122,M,0.0,0,84
200900029574,9,7,5,2045,2,1,1,1.0,6,84116,M,0.0,0,84
200900029575,9,7,4,2045,5,1,6,1.0,7,84129,M,0.0,0,84
200900029576,9,7,23,1215,1,2,1,7.0,6,84138,M,4.0,0,84
200900029577,9,7,1,1615,1,1,1,1.0,5,84133,M,0.0,0,84
200900029578,9,7,29,1945,1,2,1,1.0,3,84129,M,4.0,0,84
200900029579,9,7,30,1530,1,2,1,1.0,1,84019,M,0.0,0,84
200900029580,9,7,28,2130,5,2,1,1.0,3,84092,M,0.0,0,84
200900029581,9,7,16,1730,1,2,6,1.0,1,84099,M,0.0,0,84
200900029582,9,7,19,130,5,2,6,1.0,5,84141,M,4.0,0,84
200900029583,9,7,31,2330,3,1,3,1.0,3,84132,M,0.0,0,84
200900029584,9,7,13,530,2,1,1,1.0,6,84142,M,4.0,0,84
200900029585,9,7,27,1545,1,1,1,1.0,1,84050,M,0.0,0,84
200900029586,9,7,31,1000,1,2,1,1.0,1,84099,M,0.0,0,84
200900029587,9,7,12,1915,1,1,1,1.0,6,84056,M,0.0,0,84
200900029588,9,7,17,1400,1,1,1,1.0,3,84122,M,0.0,0,84
200900029589,9,7,25,15,5,2,1,1.0,3,84141,M,0.0,0,84
200900029590,9,7,14,1700,1,1,1,1.0,6,84088,M,4.0,0,84
200900029591,9,7,16,1015,1,2,1,1.0,6,84129,M,0.0,0,84
200900029592,9,7,10,230,5,2,6,1.0,6,84019,M,0.0,0,84
200900029593,9,7,25,1730,1,1,1,1.0,4,84137,M,0.0,0,84
200900029594,9,7,11,630,1,1,1,1.0,6,84024,M,0.0,0,84
200900029595,9,7,20,1745,1,1,1,1.0,6,84088,M,0.0,0,84
200900029596,9,7,31,1600,1,2,1,1.0,6,84091,M,0.0,0,84
200900029597,9,7,7,645,1,1,1,1.0,1,84019,M,0.0,0,84
200900029598,9,7,25,2015,2,2,1,1.0,7,84077,M,0.0,0,84
200900029599,9,7,26,1045,1,1,1,1.0,3,84015,M,0.0,0,84
200900029600,9,7,21,1430,1,1,1,1.0,1,84129,M,4.0,0,84
200900029601,9,7,4,2345,5,2,6,1.0,6,84025,M,0.0,0,84
200900029602,9,7,13,1730,1,1,1,1.0,7,84099,M,0.0,0,84
200900029603,9,7,15,30,5,2,1,1.0,6,84007,M,,,84
200900029604,9,7,14,650,1,2,1,1.0,3,84007,M,,,84
200900029605,9,7,6,1600,1,2,1,1.0,6,84007,M,,,84
200900029606,9,7,8,835,1,2,1,1.0,6,84007,M,,,84
200900029607,9,7,6,1820,1,2,1,1.0,3,84007,M,,,84
200900029608,9,7,14,2050,2,2,1,1.0,2,84007,M,,,84
200900029609,9,7,3,1715,1,1,1,1.0,6,84007,M,,,84
200900029610,9,7,8,1425,1,2,1,1.0,6,84007,M,,,84
200900029611,9,7,2,1200,1,2,1,1.0,7,84007,M,,,84
200900029612,9,7,10,2000,1,2,1,1.0,2,84007,M,,,84
200900029613,9,7,2,930,1,2,1,1.0,4,84007,M,,,84
200900029614,9,7,24,815,1,1,6,1.0,1,84088,M,4.0,0,84
200900029615,9,7,24,1405,1,1,1,1.0,2,84007,M,,,84
200900029616,9,7,19,2030,1,2,1,1.0,6,84007,M,,,84
200900029617,9,7,30,1900,1,2,6,1.0,3,84035,M,,,84
200900029618,9,7,22,1845,1,2,1,1.0,2,84007,M,,,84
200900029619,9,7,31,2043,1,2,1,1.0,1,84035,M,,,84
200900029620,9,7,31,1130,1,2,1,1.0,3,84007,M,,,84
200900029621,9,7,24,1755,1,2,2,1.0,3,84007,M,,,84
200900029622,9,7,20,1945,1,2,1,1.0,2,84007,M,,,84
200900029623,9,7,29,530,5,1,1,1.0,6,84007,M,,,84
200900029624,9,7,24,1800,1,1,1,7.0,6,84089,M,,,84
200900029625,9,7,25,2110,5,2,1,1.0,3,84007,M,,,84
200900029626,9,7,1,1650,1,2,1,1.0,2,84007,M,,,84
200900029627,9,7,3,1530,1,2,1,1.0,2,84007,M,,,84
200900029628,9,7,10,1230,1,1,1,1.0,7,84062,M,0.0,0,84
200900029629,9,7,10,1535,1,2,1,1.0,3,84007,M,,,84
200900029630,9,7,15,1115,1,2,1,1.0,2,84007,M,,,84
200900029631,9,7,21,1740,1,2,1,1.0,2,84007,M,,,84
200900029632,9,9,18,1730,1,1,1,8.0,3,81145,M,4.0,0,81
200900029633,9,9,27,30,3,1,1,1.0,6,81273,M,0.0,0,81
200900029634,9,9,27,15,5,2,1,1.0,6,81048,M,4.0,0,81
200900029635,9,9,4,430,3,1,1,1.0,7,81093,M,0.0,0,81
200900029636,9,9,11,800,1,1,1,1.0,6,81140,M,4.0,0,81
200900029637,9,9,1,1100,1,2,1,2.0,1,81284,M,0.0,0,81
200900029638,9,9,3,1400,1,1,1,1.0,3,81036,M,4.0,0,81
200900029639,9,9,1,2230,3,1,1,2.0,6,81239,M,4.0,0,81
200900029640,9,9,14,1900,1,1,1,1.0,5,81062,M,4.0,0,81
200900029641,9,9,2,1815,1,2,1,1.0,6,81192,M,4.0,0,81
200900029642,9,9,20,700,3,1,1,2.0,5,81076,M,4.0,0,81
200900029643,9,9,26,130,3,1,1,1.0,7,81319,M,4.0,0,81
200900029644,9,9,18,1030,1,1,1,1.0,5,81298,M,0.0,0,81
200900029645,9,9,29,1545,1,1,1,1.0,6,81052,M,4.0,0,81
200900029646,9,9,3,915,1,1,1,1.0,7,81140,M,4.0,0,81
200900029647,9,3,13,1915,1,2,6,1.0,6,61001,M,4.0,0,61
200900029648,9,5,24,945,1,2,4,1.0,3,61006,M,4.0,-,61
200900029649,9,3,27,1630,1,1,1,1.0,3,69297,M,,,69
200900029650,9,3,20,1520,1,1,1,1.0,3,69277,M,,,69
200900029651,9,9,1,1430,1,1,1,2.0,1,64545,M,4.0,-,64
200900029652,9,9,3,745,1,2,1,2.0,6,64260,M,4.0,-,64
200900029653,9,9,5,1035,1,2,1,1.0,2,64260,M,4.0,-,64
200900029654,9,9,6,1855,1,2,1,1.0,2,64260,M,4.0,-,64
200900029655,9,9,15,800,1,2,3,1.0,3,64102,M,4.0,-,64
200900029656,9,9,15,1215,1,2,6,1.0,6,64102,M,4.0,-,64
200900029657,9,9,20,1840,1,1,1,1.0,6,64260,M,4.0,-,64
200900029658,9,9,20,2250,5,2,1,1.0,6,64260,M,4.0,-,64
200900029659,9,9,23,1150,1,2,3,1.0,3,64102,M,4.0,-,64
200900029660,9,9,23,1755,1,2,1,1.0,2,64024,M,4.0,-,64
200900029661,9,9,25,935,1,2,1,1.0,1,64260,M,4.0,-,64
200900029662,9,9,26,1125,1,2,1,1.0,3,64102,M,4.0,-,64
200900029663,9,9,27,2200,5,2,3,1.0,6,64102,M,4.0,-,64
200900029664,9,9,30,1725,1,2,1,1.0,1,64260,M,4.0,-,64
200900029665,9,3,17,900,1,2,1,1.0,7,35281,M,,,35
200900029666,9,3,25,815,2,2,1,1.0,3,35115,M,,,35
200900029667,9,3,13,1555,1,2,1,1.0,6,35288,M,,,35
200900029668,9,3,24,1625,1,2,1,1.0,3,35115,M,,,35
200900029669,9,3,13,2125,5,2,1,1.0,7,35278,M,,,35
200900029670,9,3,5,2055,3,2,1,8.0,6,35278,M,,,35
200900029671,9,3,3,1100,1,1,1,8.0,1,35118,M,4.0,-,35
200900029672,9,3,16,1100,1,2,1,1.0,3,35095,M,0.0,0,35
200900029673,9,3,13,1845,1,1,1,1.0,3,35123,M,4.0,-,35
200900029674,9,3,22,345,3,1,1,5.0,1,35143,M,0.0,0,35
200900029675,9,3,29,2030,4,2,9,1.0,7,35133,M,0.0,0,35
200900029676,9,3,10,1000,1,2,1,2.0,6,35337,M,0.0,0,35
200900029677,9,3,21,1930,1,1,1,1.0,7,35151,M,0.0,0,35
200900029678,9,3,13,1300,1,1,1,1.0,3,35155,M,4.0,-,35
200900029679,9,3,6,830,1,1,1,1.0,3,35280,M,0.0,0,35
200900029680,9,3,20,1530,1,1,1,1.0,1,35219,M,4.0,-,35
200900029681,9,3,5,1115,1,2,2,1.0,1,35180,M,0.0,0,35
200900029682,9,3,29,2000,1,1,1,1.0,6,35136,M,4.0,-,35
200900029683,9,3,29,1615,1,1,1,1.0,7,35284,M,0.0,0,35
200900029684,9,3,18,815,1,1,1,1.0,1,35076,M,0.0,0,35
200900029685,9,3,28,2045,3,1,1,1.0,7,35139,M,0.0,0,35
200900029686,9,3,22,1515,1,2,3,1.0,3,35126,M,4.0,-,35
200900029687,9,3,9,1345,1,2,6,1.0,1,35047,M,0.0,0,35
200900029688,9,3,7,1930,3,1,1,2.0,3,35168,M,0.0,0,35
200900029689,9,3,25,1730,1,2,3,1.0,3,35288,M,,,35
200900029690,9,3,30,1615,1,2,1,1.0,6,35288,M,,,35
200900029691,9,3,5,1849,1,2,3,1.0,3,35288,M,,,35
200900029692,9,3,3,1340,1,2,6,8.0,3,35238,M,,,35
200900029693,9,3,2,45,5,2,2,1.0,3,35238,M,,,35
200900029694,9,3,2,850,1,2,1,7.0,6,35238,M,,,35
200900029695,9,3,2,1710,1,2,1,1.0,2,35238,M,,,35
200900029696,9,3,7,2050,5,2,1,2.0,1,35238,M,,,35
200900029697,9,3,3,1830,1,2,2,8.0,3,35238,M,,,35
200900029698,9,3,4,1620,1,2,6,1.0,4,35238,M,,,35
200900029699,9,3,5,835,1,2,2,1.0,3,35238,M,,,35
200900029700,9,3,7,2105,5,2,1,2.0,3,35238,M,,,35
200900029701,9,3,8,1140,1,2,6,2.0,6,35238,M,,,35
200900029702,9,3,16,1855,1,2,2,1.0,3,35238,M,,,35
200900029703,9,3,17,1540,1,2,1,1.0,6,35238,M,,,35
200900029704,9,3,16,1330,1,2,1,1.0,6,35238,M,,,35
200900029705,9,3,17,2005,3,2,3,1.0,4,35238,M,,,35
200900029706,9,3,31,1645,1,1,1,1.0,4,35021,M,,,35
200900029707,9,3,19,1420,1,2,2,1.0,6,35238,M,,,35
200900029708,9,3,19,2200,4,2,1,1.0,6,35238,M,,,35
200900029709,9,3,22,1425,1,2,1,9.0,7,35238,M,,,35
200900029710,9,3,23,1220,1,2,2,7.0,6,35238,M,,,35
200900029711,9,3,23,2100,2,2,5,1.0,7,35238,M,,,35
200900029712,9,3,23,2350,5,2,6,1.0,7,35238,M,,,35
200900029713,9,3,24,1645,1,2,1,1.0,6,35238,M,,,35
200900029714,9,3,27,1840,1,2,2,2.0,3,35238,M,,,35
200900029715,9,3,27,2007,5,2,6,8.0,3,35238,M,,,35
200900029716,9,3,14,1455,1,2,3,1.0,2,35238,M,,,35
200900029717,9,3,18,1520,1,2,2,1.0,3,35238,M,,,35
200900029718,9,3,8,1920,2,2,1,1.0,2,35238,M,,,35
200900029719,9,3,1,1910,1,2,1,1.0,4,35238,M,,,35
200900029720,9,3,2,2000,3,1,8,1.0,3,35068,M,0.0,0,35
200900029721,9,3,26,722,2,2,1,1.0,7,35115,M,,,35
200900029722,9,3,2,840,1,2,1,1.0,4,35238,M,,,35
200900029723,9,3,18,1910,1,2,1,1.0,2,35278,M,,,35
200900029724,9,3,16,910,1,2,1,7.0,4,35238,M,,,35
200900029725,9,3,21,1825,1,2,6,1.0,2,35238,M,,,35
200900029726,9,3,27,545,3,1,1,8.0,6,35238,M,,,35
200900029727,9,3,27,1630,1,2,1,1.0,7,35278,M,,,35
200900029728,9,3,25,1300,1,2,2,1.0,6,35278,M,,,35
200900029729,9,3,2,830,1,1,1,1.0,2,35238,M,,,35
200900029730,9,3,31,1800,1,2,1,1.0,3,35288,M,,,35
200900029731,9,3,14,2145,3,1,1,1.0,1,35024,M,0.0,0,35
200900029732,9,4,7,1620,1,2,1,1.0,3,35278,M,,,35
200900029733,9,4,30,2030,2,1,1,1.0,2,35280,M,0.0,0,35
200900029734,9,4,8,1815,1,1,1,2.0,6,35033,M,4.0,-,35
200900029735,9,4,19,530,3,1,1,1.0,7,35227,M,0.0,0,35
200900029736,9,4,29,145,3,1,1,2.0,6,35236,M,0.0,0,35
200900029737,9,4,26,1730,1,1,1,1.0,1,35306,M,0.0,0,35
200900029738,9,4,15,1700,1,1,1,1.0,1,35279,M,0.0,0,35
200900029739,9,4,26,1915,1,2,1,1.0,6,35286,M,0.0,0,35
200900029740,9,4,12,115,3,1,1,1.0,5,35360,M,0.0,0,35
200900029741,9,4,17,1145,1,1,6,1.0,1,35122,M,0.0,0,35
200900029742,9,4,28,900,1,1,1,1.0,4,35284,M,0.0,0,35
200900029743,9,4,26,100,3,1,1,1.0,6,35168,M,4.0,-,35
200900029744,9,4,25,1715,4,1,1,1.0,6,35226,M,0.0,0,35
200900029745,9,4,7,2330,3,1,1,1.0,6,35283,M,0.0,0,35
200900029746,9,4,6,730,2,1,1,5.0,5,35047,M,0.0,0,35
200900029747,9,4,9,1400,1,1,3,1.0,3,35024,M,4.0,-,35
200900029748,9,4,24,1915,1,2,1,1.0,3,35107,M,4.0,-,35
200900029749,9,4,11,1830,1,1,1,1.0,6,35194,M,0.0,0,35
200900029750,9,4,22,1615,1,1,1,1.0,1,35245,M,4.0,-,35
200900029751,9,4,18,1645,1,1,1,1.0,2,35247,M,0.0,0,35
200900029752,9,4,14,1615,1,1,1,1.0,3,35178,M,0.0,0,35
200900029753,9,4,23,715,2,1,1,5.0,7,35023,M,0.0,0,35
200900029754,9,4,6,1745,1,1,1,1.0,3,35013,M,0.0,0,35
200900029755,9,4,5,900,1,2,1,1.0,3,35095,M,0.0,0,35
200900029756,9,4,2,1715,1,1,1,1.0,1,35066,M,4.0,-,35
200900029757,9,4,8,1625,1,2,1,1.0,6,35115,M,,,35
200900029758,9,4,24,1630,1,1,2,1.0,5,35093,M,,,35
200900029759,9,4,7,758,1,2,9,1.0,3,35115,M,,,35
200900029760,9,4,19,700,3,1,1,2.0,7,35150,M,,,35
200900029761,9,4,21,1550,1,2,6,1.0,3,35288,M,,,35
200900029762,9,4,10,1755,1,2,1,1.0,6,35288,M,,,35
200900029763,9,4,17,1520,1,2,1,1.0,6,35115,M,,,35
200900029764,9,4,17,1435,1,2,6,1.0,3,35288,M,,,35
200900029765,9,4,13,1700,1,2,3,1.0,3,35288,M,,,35
200900029766,9,4,21,1711,1,2,3,1.0,6,35288,M,,,35
200900029767,9,4,28,1405,1,2,2,2.0,2,35288,M,,,35
200900029768,9,4,30,1815,1,1,1,2.0,3,35359,M,0.0,0,35
200900029769,9,4,14,1320,1,2,3,1.0,6,35238,M,,,35
200900029770,9,4,1,2020,2,2,1,1.0,6,35238,M,,,35
200900029771,9,4,2,2310,5,2,2,1.0,6,35238,M,,,35
200900029772,9,4,3,950,1,2,2,8.0,5,35238,M,,,35
200900029773,9,4,4,1700,1,2,2,2.0,3,35238,M,,,35
200900029774,9,4,8,2340,5,2,2,8.0,3,35238,M,,,35
200900029775,9,4,4,940,1,2,1,2.0,7,35238,M,,,35
200900029776,9,4,10,1500,1,2,2,1.0,6,35238,M,,,35
200900029777,9,4,14,830,1,1,1,1.0,6,35152,M,0.0,0,35
200900029778,9,4,15,1710,1,2,1,2.0,2,35238,M,,,35
200900029779,9,4,1,2215,5,1,6,1.0,7,35055,M,,,35
200900029780,9,4,9,1420,1,2,2,1.0,3,35238,M,,,35
200900029781,9,4,9,1520,1,2,1,1.0,7,35238,M,,,35
200900029782,9,4,21,1625,1,2,1,1.0,2,35238,M,,,35
200900029783,9,4,24,905,1,2,3,1.0,6,35238,M,,,35
200900029784,9,4,25,1315,1,2,6,1.0,4,35238,M,,,35
200900029785,9,4,26,125,5,2,2,1.0,3,35238,M,,,35
200900029786,9,4,15,1730,1,2,2,2.0,3,35238,M,,,35
200900029787,9,4,15,1920,1,1,1,2.0,6,35238,M,,,35
200900029788,9,4,18,2010,1,2,5,1.0,3,35238,M,,,35
200900029789,9,4,19,2110,2,2,3,1.0,6,35238,M,,,35
200900029790,9,4,19,2125,5,2,1,1.0,6,35238,M,,,35
200900029791,9,4,20,1620,1,1,1,1.0,6,35238,M,,,35
200900029792,9,4,23,940,1,2,1,1.0,6,35281,M,,,35
200900029793,9,4,26,1930,1,2,3,1.0,4,35238,M,,,35
200900029794,9,4,28,1000,1,2,4,1.0,2,35238,M,,,35
200900029795,9,4,29,1950,1,2,2,1.0,3,35238,M,,,35
200900029796,9,4,18,1540,1,2,1,1.0,2,35281,M,,,35
200900029797,9,4,8,1920,1,2,2,1.0,3,35150,M,,,35
200900029798,9,4,3,1800,1,1,1,1.0,7,35096,M,0.0,0,35
200900029799,9,5,14,1658,1,1,1,1.0,7,18033,M,,,18
200900029800,9,5,20,810,1,2,1,1.0,6,18033,M,,,18
200900029801,9,5,2,1250,1,2,1,1.0,2,18279,M,,,18
200900029802,9,5,29,1157,1,2,1,1.0,6,18033,M,,,18
200900029803,9,5,12,1820,1,2,3,1.0,3,18279,M,,,18
200900029804,9,5,7,1140,1,2,1,1.0,3,18033,M,,,18
200900029805,9,5,12,1805,1,2,1,1.0,5,18033,M,,,18
200900029806,9,5,7,755,1,2,1,1.0,2,18033,M,,,18
200900029807,9,5,10,2055,2,2,1,1.0,3,18033,M,,,18
200900029808,9,5,3,50,5,2,2,1.0,7,18033,M,,,18
200900029809,9,5,1,540,5,1,1,1.0,1,18033,M,,,18
200900029810,9,5,9,1425,1,1,1,1.0,7,18033,M,,,18
200900029811,9,5,29,1800,1,2,1,1.0,7,18015,M,4.0,0,18
200900029812,9,5,11,515,1,1,1,1.0,7,18212,M,4.0,0,18
200900029813,9,5,30,1800,1,1,1,1.0,3,18061,M,4.0,0,18
200900029814,9,5,8,2200,5,2,1,1.0,7,18141,M,0.0,0,18
200900029815,9,5,15,730,1,2,1,1.0,6,18148,M,0.0,0,18
200900029816,9,5,16,1900,1,1,3,1.0,3,18108,M,4.0,0,18
200900029817,9,5,29,1200,1,2,1,1.0,3,18049,M,4.0,0,18
200900029818,9,5,24,1745,1,2,1,1.0,6,18126,M,0.0,0,18
200900029819,9,5,24,900,1,1,1,1.0,6,18032,M,0.0,0,18
200900029820,9,5,27,715,1,1,1,7.0,4,18281,M,0.0,0,18
200900029821,9,5,9,2115,2,1,1,1.0,7,18229,M,0.0,0,18
200900029822,9,5,21,1600,1,1,1,3.0,6,18028,M,0.0,0,18
200900029823,9,5,13,1845,1,2,9,1.0,1,18207,M,0.0,0,18
200900029824,9,5,21,1255,1,2,2,8.0,3,18033,M,,,18
200900029825,9,5,22,2008,1,2,3,1.0,3,18033,M,,,18
200900029826,9,5,26,1610,1,1,1,1.0,7,18267,M,,,18
200900029827,9,5,27,1750,1,2,1,1.0,1,18033,M,,,18
200900029828,9,5,27,1830,1,2,1,1.0,6,18033,M,,,18
200900029829,9,5,29,1520,1,2,1,1.0,6,18033,M,,,18
200900029830,9,5,18,1025,1,2,1,1.0,3,18279,M,,,18
200900029831,9,4,2,1455,1,2,1,1.0,6,69389,M,,,69
200900029832,9,4,1,1210,1,2,1,1.0,2,69199,M,,,69
200900029833,9,4,1,730,1,1,3,1.0,3,69204,M,0.0,0,69
200900029834,9,4,1,1810,1,2,1,1.0,6,69383,M,,,69
200900029835,9,4,2,1715,1,2,3,1.0,2,69259,M,,,69
200900029836,9,4,3,1020,1,2,2,1.0,3,69389,M,,,69
200900029837,9,4,2,2030,2,2,2,1.0,3,69383,M,,,69
200900029838,9,4,3,1730,1,2,2,1.0,3,69383,M,,,69
200900029839,9,4,3,1810,1,2,2,1.0,3,69382,M,,,69
200900029840,9,4,4,545,3,1,1,1.0,7,69071,M,0.0,0,69
200900029841,9,4,4,1415,1,2,1,1.0,6,69006,M,0.0,0,69
200900029842,9,4,4,2345,5,2,1,1.0,7,69089,M,0.0,0,69
200900029843,9,4,5,300,3,1,1,1.0,6,69141,M,0.0,0,69
200900029844,9,4,5,420,5,2,1,1.0,3,69383,M,,,69
200900029845,9,4,4,1550,1,2,1,1.0,6,69383,M,,,69
200900029846,9,4,4,1815,1,2,1,1.0,6,69388,M,,,69
200900029847,9,4,6,930,1,2,1,1.0,6,69383,M,,,69
200900029848,9,4,6,1735,1,2,1,1.0,6,69388,M,,,69
200900029849,9,4,6,2045,5,2,1,1.0,6,69389,M,,,69
200900029850,9,4,6,2200,3,1,1,1.0,1,69141,M,0.0,0,69
200900029851,9,4,7,10,5,2,1,1.0,2,69386,M,,,69
200900029852,9,4,8,120,5,2,1,1.0,6,69383,M,,,69
200900029853,9,4,7,745,1,2,1,1.0,3,69383,M,,,69
200900029854,9,4,7,915,1,1,1,8.0,3,69084,M,0.0,0,69
200900029855,9,4,26,1100,1,2,2,2.0,3,69165,M,,,69
200900029856,9,4,1,2232,5,2,2,1.0,3,69382,M,,,69
200900029857,9,4,2,330,5,1,1,1.0,6,69389,M,,,69
200900029858,9,4,3,755,1,1,1,1.0,4,69271,M,,,69
200900029859,9,4,6,1402,1,2,1,1.0,2,69029,M,,,69
200900029860,9,4,7,710,1,2,2,1.0,3,69266,M,,,69
200900029861,9,4,7,1210,1,2,1,2.0,6,69266,M,,,69
200900029862,9,4,8,1110,1,2,1,1.0,7,69259,M,,,69
200900029863,9,4,8,1650,1,2,1,1.0,1,69034,M,,,69
200900029864,9,4,8,1710,1,1,1,1.0,3,69256,M,,,69
200900029865,9,4,8,1125,1,2,4,1.0,3,69385,M,,,69
200900029866,9,4,8,1210,1,2,3,1.0,6,69266,M,,,69
200900029867,9,4,8,1920,1,2,1,1.0,2,69259,M,,,69
200900029868,9,4,8,2315,5,2,5,1.0,3,69290,M,,,69
200900029869,9,4,5,940,1,1,1,1.0,2,69117,M,,,69
200900029870,9,4,9,2020,5,2,1,1.0,2,69388,M,,,69
200900029871,9,4,10,915,1,1,1,1.0,2,69276,M,,,69
200900029872,9,4,10,2205,3,1,1,1.0,2,69276,M,,,69
200900029873,9,4,11,130,4,1,1,1.0,7,69266,M,,,69
200900029874,9,4,10,1240,1,2,1,1.0,7,69256,M,,,69
200900029875,9,4,10,1740,1,2,2,1.0,3,69383,M,,,69
200900029876,9,4,11,1400,1,2,1,1.0,1,69256,M,,,69
200900029877,9,4,12,1815,1,1,1,8.0,6,69214,M,0.0,0,69
200900029878,9,4,11,1400,1,2,2,1.0,1,69385,M,,,69
200900029879,9,4,11,1440,1,2,3,1.0,3,69388,M,,,69
200900029880,9,4,12,1110,1,2,1,1.0,2,69199,M,,,69
200900029881,9,4,12,2200,4,1,9,2.0,7,69259,M,,,69
200900029882,9,4,13,915,1,1,1,1.0,7,69029,M,,,69
200900029883,9,4,14,640,1,2,1,1.0,6,69034,M,,,69
200900029884,9,4,14,840,1,2,1,1.0,6,69383,M,,,69
200900029885,9,4,17,1415,1,2,2,1.0,6,69266,M,,,69
200900029886,9,4,14,900,1,2,2,1.0,3,69386,M,,,69
200900029887,9,4,14,1150,1,2,2,1.0,2,69266,M,,,69
200900029888,9,4,14,1500,1,2,9,1.0,1,69100,M,0.0,0,69
200900029889,9,4,14,1930,1,1,4,1.0,2,69081,M,,,69
200900029890,9,4,15,1610,1,2,2,1.0,3,69383,M,,,69
200900029891,9,4,15,1800,1,2,1,1.0,1,69194,M,0.0,0,69
200900029892,9,4,15,800,1,1,1,1.0,3,69029,M,,,69
200900029893,9,4,16,115,5,2,1,1.0,2,69382,M,,,69
200900029894,9,4,16,1130,1,1,1,2.0,6,69121,M,0.0,0,69
200900029895,9,4,16,315,5,2,1,2.0,6,69259,M,,,69
200900029896,9,4,16,1800,1,2,1,1.0,6,69204,M,0.0,0,69
200900029897,9,4,16,2030,2,2,2,1.0,3,69386,M,,,69
200900029898,9,4,16,2250,5,2,2,2.0,3,69386,M,,,69
200900029899,9,4,18,1445,1,2,1,1.0,3,69069,M,0.0,0,69