Num_Acc,an,mois,jour,hrmn,lum,agg,int,atm,col,com,gps,lat,long,dep
200900029900,9,4,18,1430,1,1,9,1.0,1,69039,M,0.0,0,69
200900029901,9,4,18,1515,1,2,1,1.0,3,69176,M,0.0,0,69
200900029902,9,4,18,1700,1,1,2,7.0,3,69145,M,0.0,0,69
200900029903,9,4,18,1913,1,2,2,1.0,6,69149,M,,,69
200900029904,9,4,19,645,1,1,9,1.0,6,69091,M,,,69
200900029905,9,4,20,745,1,2,2,1.0,6,69386,M,,,69
200900029906,9,4,20,950,1,2,1,1.0,7,69266,M,,,69
200900029907,9,4,19,1215,1,1,1,1.0,6,69077,M,0.0,0,69
200900029908,9,4,19,1500,1,1,1,1.0,7,69034,M,,,69
200900029909,9,4,19,1815,1,1,1,1.0,7,69266,M,,,69
200900029910,9,4,20,1700,1,1,1,1.0,7,69112,M,0.0,0,69
200900029911,9,4,20,2050,2,2,1,1.0,6,69266,M,,,69
200900029912,9,4,20,2205,3,1,1,1.0,2,69296,M,,,69
200900029913,9,4,20,1200,1,2,1,1.0,6,69383,M,,,69
200900029914,9,4,20,1430,1,2,1,1.0,6,69266,M,,,69
200900029915,9,4,21,735,1,1,1,1.0,4,69276,M,,,69
200900029916,9,4,21,815,1,1,4,1.0,3,69259,M,,,69
200900029917,9,4,21,845,1,2,2,1.0,1,69149,M,,,69
200900029918,9,4,21,1130,1,2,1,1.0,6,69383,M,,,69
200900029919,9,4,21,1545,1,2,1,8.0,5,69389,M,,,69
200900029920,9,4,21,1700,1,1,1,1.0,5,69200,M,0.0,0,69
200900029921,9,4,21,1800,1,2,1,1.0,6,69271,M,0.0,0,69
200900029922,9,4,22,845,1,2,2,1.0,6,69385,M,,,69
200900029923,9,4,22,955,1,2,1,1.0,6,69259,M,,,69
200900029924,9,4,22,1155,1,2,1,1.0,6,69383,M,,,69
200900029925,9,4,22,1450,1,2,3,1.0,5,69149,M,,,69
200900029926,9,4,22,1645,1,2,1,1.0,7,69259,M,,,69
200900029927,9,4,22,1826,1,2,2,1.0,3,69259,M,,,69
200900029928,9,4,23,1,5,2,1,1.0,3,69385,M,,,69
200900029929,9,4,23,800,1,2,1,1.0,2,69202,M,,,69
200900029930,9,4,23,1200,1,2,1,1.0,6,69034,M,,,69
200900029931,9,4,23,1400,1,2,2,1.0,3,69383,M,,,69
200900029932,9,4,23,850,1,1,1,1.0,3,69382,M,,,69
200900029933,9,4,23,915,1,2,1,1.0,6,69279,M,4.0,0,69
200900029934,9,4,23,1015,1,1,1,1.0,3,69256,M,,,69
200900029935,9,4,23,1135,1,2,1,1.0,6,69389,M,,,69
200900029936,9,4,23,2325,5,2,2,1.0,3,69383,M,,,69
200900029937,9,4,24,810,1,1,1,1.0,3,69275,M,,,69
200900029938,9,4,23,1950,1,2,2,1.0,6,69386,M,,,69
200900029939,9,4,23,2230,5,2,6,1.0,3,69003,M,0.0,0,69
200900029940,9,4,24,815,1,2,1,1.0,3,69010,M,0.0,0,69
200900029941,9,4,24,1115,1,2,9,1.0,6,69244,M,0.0,0,69
200900029942,9,4,24,1445,1,1,1,1.0,3,69169,M,4.0,0,69
200900029943,9,4,24,1630,1,1,1,1.0,6,69255,M,4.0,0,69
200900029944,9,4,24,1650,1,2,2,1.0,3,69383,M,,,69
200900029945,9,4,25,240,3,1,1,1.0,5,69287,M,,,69
200900029946,9,4,25,850,1,2,1,1.0,2,69383,M,,,69
200900029947,9,4,24,1850,1,2,2,1.0,3,69029,M,,,69
200900029948,9,4,24,1950,2,2,1,1.0,2,69385,M,,,69
200900029949,9,4,24,2000,2,2,2,1.0,6,69387,M,,,69
200900029950,9,4,25,230,5,2,1,1.0,6,69244,M,0.0,0,69
200900029951,9,4,26,150,5,2,1,2.0,3,69384,M,,,69
200900029952,9,4,26,1130,1,1,1,3.0,1,69036,M,4.0,0,69
200900029953,9,4,26,1330,1,1,1,3.0,3,69136,M,0.0,0,69
200900029954,9,4,26,1645,1,2,2,2.0,3,69383,M,,,69
200900029955,9,4,26,1904,1,1,1,2.0,7,69256,M,,,69
200900029956,9,4,26,2220,5,2,1,2.0,2,69383,M,,,69
200900029957,9,4,27,1815,1,2,1,1.0,2,69381,M,,,69
200900029958,9,4,28,915,5,1,1,1.0,4,69389,M,,,69
200900029959,9,4,28,1425,1,2,2,8.0,1,69029,M,,,69
200900029960,9,4,28,1520,1,2,2,1.0,6,69266,M,,,69
200900029961,9,4,28,1620,1,2,3,1.0,3,69029,M,,,69
200900029962,9,4,28,1905,1,1,1,1.0,4,69029,M,,,69
200900029963,9,4,28,1710,1,2,9,1.0,6,69266,M,,,69
200900029964,9,4,28,1920,1,1,1,1.0,2,69029,M,,,69
200900029965,9,4,28,2015,2,1,1,1.0,1,69284,M,0.0,0,69
200900029966,9,4,28,2045,5,2,1,1.0,4,69286,M,4.0,0,69
200900029967,9,4,29,1110,1,2,4,1.0,3,69386,M,,,69
200900029968,9,4,29,1230,1,2,2,1.0,3,69383,M,,,69
200900029969,9,4,29,1305,1,2,1,1.0,7,69385,M,,,69
200900029970,9,4,29,1400,1,2,2,1.0,1,69194,M,0.0,0,69
200900029971,9,4,29,2050,1,2,2,1.0,6,69266,M,,,69
200900029972,9,4,29,1645,1,1,1,1.0,3,69259,M,,,69
200900029973,9,4,29,1855,1,2,2,1.0,3,69266,M,,,69
200900029974,9,4,30,700,1,2,2,1.0,3,69386,M,,,69
200900029975,9,4,30,555,5,2,1,1.0,2,69384,M,,,69
200900029976,9,4,30,650,2,2,1,1.0,6,69091,M,,,69
200900029977,9,4,30,1355,1,2,2,1.0,6,69386,M,,,69
200900029978,9,4,30,1545,1,2,1,1.0,7,69089,M,0.0,0,69
200900029979,9,4,30,1710,1,1,1,1.0,6,69282,M,,,69
200900029980,9,4,30,2350,5,2,1,1.0,3,69385,M,,,69
200900029981,9,4,30,1740,1,2,3,1.0,3,69385,M,,,69
200900029982,9,4,30,2135,5,2,3,1.0,6,69266,M,,,69
200900029983,9,4,27,745,1,1,1,1.0,2,69901,M,,,69
200900029984,9,4,4,1330,1,1,1,1.0,2,69282,M,,,69
200900029985,9,4,18,230,5,1,1,1.0,2,69152,M,,,69
200900029986,9,4,16,1130,1,1,1,2.0,3,69121,M,,,69
200900029987,9,4,24,1600,1,1,1,1.0,3,69136,M,,,69
200900029988,9,4,5,1645,1,1,1,1.0,6,69094,M,,,69
200900029989,9,4,8,1600,1,2,1,1.0,6,69143,M,,,69
200900029990,9,4,12,1725,1,2,1,1.0,3,69055,M,,,69
200900029991,9,4,23,200,3,1,1,1.0,7,69267,M,,,69
200900029992,9,9,2,733,1,2,1,1.0,3,85191,M,4.0,-,85
200900029993,9,9,11,2305,5,2,2,1.0,3,85191,M,4.0,-,85
200900029994,9,4,1,1750,1,2,1,1.0,1,18033,M,,,18
200900029995,9,4,1,2005,2,2,1,1.0,1,18033,M,,,18
200900029996,9,4,10,2133,5,2,2,2.0,3,18279,M,,,18
200900029997,9,4,12,900,1,1,1,8.0,7,18002,M,0.0,0,18
200900029998,9,4,12,2145,5,2,1,1.0,6,18056,M,4.0,0,18
200900029999,9,4,23,2311,5,2,1,1.0,6,18033,M,,,18
200900030000,9,4,4,1400,1,2,3,1.0,2,18033,M,,,18
200900030001,9,4,11,2245,5,1,6,8.0,7,18213,M,,,18
200900030002,9,4,2,1400,1,2,3,1.0,3,18279,M,,,18
200900030003,9,4,3,710,1,2,1,1.0,1,18205,M,,,18
200900030004,9,4,3,935,1,2,1,1.0,6,18205,M,,,18
200900030005,9,4,3,715,1,1,1,1.0,1,18149,M,0.0,0,18
200900030006,9,4,4,1000,1,1,1,1.0,6,18126,M,4.0,0,18
200900030007,9,4,10,500,3,1,1,1.0,6,18206,M,0.0,0,18
200900030008,9,4,4,1930,1,2,1,1.0,6,18219,M,0.0,0,18
200900030009,9,4,4,2200,3,1,1,1.0,7,18184,M,4.0,0,18
200900030010,9,4,14,1730,1,2,1,1.0,3,18160,M,0.0,0,18
200900030011,9,4,16,830,1,1,1,1.0,3,18018,M,4.0,0,18
200900030012,9,4,16,2015,1,2,1,1.0,6,18172,M,0.0,0,18
200900030013,9,4,17,1550,1,2,1,1.0,5,18033,M,,,18
200900030014,9,4,17,2145,5,2,2,1.0,3,18033,M,,,18
200900030015,9,4,20,700,1,1,1,1.0,1,18004,M,0.0,0,18
200900030016,9,4,20,1640,1,2,2,1.0,3,18033,M,,,18
200900030017,9,4,19,1830,1,2,1,1.0,1,18015,M,0.0,0,18
200900030018,9,4,23,1200,1,1,2,1.0,3,18017,M,4.0,0,18
200900030019,9,4,24,1845,1,2,1,1.0,7,18279,M,,,18
200900030020,9,4,20,1645,1,1,1,1.0,6,18053,M,4.0,0,18
200900030021,9,4,22,700,1,1,1,1.0,6,18129,M,4.0,0,18
200900030022,9,4,24,1710,1,2,3,1.0,3,18279,M,,,18
200900030023,9,4,28,1320,1,2,1,1.0,5,18033,M,,,18
200900030024,9,4,29,2117,2,2,1,1.0,6,18033,M,,,18
200900030025,9,9,17,1345,1,2,6,1.0,3,85191,M,0.0,0,85
200900030026,9,9,23,810,1,2,3,1.0,3,85191,M,4.0,-,85
200900030027,9,9,28,748,1,2,1,1.0,6,85191,M,4.0,-,85
200900030028,9,10,1,1100,1,2,1,1.0,2,72181,M,,,72
200900030029,9,10,2,810,1,2,3,1.0,3,72181,M,,,72
200900030030,9,10,5,1620,1,2,3,2.0,3,72181,M,,,72
200900030031,9,10,5,1810,1,2,1,1.0,6,72003,M,,,72
200900030032,9,10,2,1400,1,2,6,1.0,3,72181,M,,,72
200900030033,9,10,2,1850,1,2,2,1.0,3,72181,M,,,72
200900030034,9,10,3,2315,5,2,1,1.0,2,72181,M,,,72
200900030035,9,10,5,1850,1,2,1,1.0,6,72181,M,,,72
200900030036,9,10,8,1345,1,2,1,1.0,3,72181,M,,,72
200900030037,9,10,9,815,1,2,1,1.0,3,72003,M,,,72
200900030038,9,10,8,1415,1,2,1,1.0,2,72181,M,,,72
200900030039,9,10,9,1730,1,2,1,1.0,3,72181,M,,,72
200900030040,9,10,10,1220,1,2,3,1.0,7,72181,M,,,72
200900030041,9,10,11,46,3,1,1,1.0,3,72181,M,,,72
200900030042,9,10,15,745,2,2,1,1.0,2,72181,M,,,72
200900030043,9,9,2,745,1,2,3,1.0,3,85191,M,0.0,0,85
200900030044,9,4,2,830,1,2,3,1.0,2,33318,M,,,33
200900030045,9,4,8,1145,1,2,3,1.0,5,33063,M,,,33
200900030046,9,4,1,1310,1,2,3,1.0,3,33069,M,,,33
200900030047,9,4,21,1620,1,2,2,1.0,6,33063,M,,,33
200900030048,9,4,7,1750,1,2,1,1.0,3,33063,M,,,33
200900030049,9,4,22,1820,1,2,2,1.0,3,33063,M,,,33
200900030050,9,4,20,1735,1,2,2,1.0,3,33318,M,,,33
200900030051,9,4,15,1835,1,2,1,1.0,1,33167,M,,,33
200900030052,9,4,6,1355,1,2,1,1.0,3,33249,M,,,33
200900030053,9,4,14,1630,1,2,3,1.0,1,33063,M,,,33
200900030054,9,4,10,2040,2,2,1,2.0,1,33039,M,,,33
200900030055,9,4,20,1508,1,2,6,1.0,6,33281,M,,,33
200900030056,9,4,4,435,5,2,7,1.0,6,33063,M,,,33
200900030057,9,4,18,1530,1,2,2,1.0,3,33063,M,,,33
200900030058,9,4,22,2145,1,2,3,1.0,3,33119,M,,,33
200900030059,9,4,7,620,5,2,1,2.0,3,33069,M,,,33
200900030060,9,4,16,1730,1,2,1,1.0,2,33318,M,,,33
200900030061,9,4,7,1220,1,2,2,1.0,3,33281,M,,,33
200900030062,9,4,2,1150,1,2,2,1.0,3,33063,M,,,33
200900030063,9,4,23,1230,1,2,6,1.0,2,33063,M,,,33
200900030064,9,4,24,1920,1,2,1,1.0,6,33063,M,,,33
200900030065,9,4,5,1940,1,2,2,1.0,6,33063,M,,,33
200900030066,9,4,29,745,1,2,1,2.0,3,33063,M,,,33
200900030067,9,4,23,1220,1,2,1,1.0,4,33281,M,,,33
200900030068,9,4,21,1910,1,2,2,1.0,6,33063,M,,,33
200900030069,9,4,2,840,1,2,1,5.0,2,33281,M,,,33
200900030070,9,4,17,1645,1,2,1,1.0,3,33318,M,,,33
200900030071,9,4,16,825,1,2,6,1.0,2,33281,M,,,33
200900030072,9,4,7,100,5,2,3,3.0,3,33522,M,,,33
200900030073,9,4,9,655,5,2,1,1.0,6,33318,M,,,33
200900030074,9,4,6,1930,1,2,6,1.0,3,33318,M,,,33
200900030075,9,4,27,745,1,2,3,2.0,3,33069,M,,,33
200900030076,9,4,30,745,1,2,3,1.0,6,33063,M,,,33
200900030077,9,4,6,705,5,2,6,1.0,3,33318,M,,,33
200900030078,9,4,28,850,1,2,1,2.0,2,33063,M,,,33
200900030079,9,4,18,1100,1,2,3,1.0,3,33167,M,,,33
200900030080,9,4,9,855,1,2,2,1.0,3,33063,M,,,33
200900030081,9,4,14,1620,1,2,2,1.0,3,33281,M,,,33
200900030082,9,4,10,1035,1,2,4,2.0,6,33063,M,,,33
200900030083,9,4,30,2145,5,2,3,8.0,6,33063,M,,,33
200900030084,9,4,22,1000,1,2,2,1.0,3,33063,M,,,33
200900030085,9,4,16,1630,1,2,3,1.0,6,33119,M,,,33
200900030086,9,4,24,1320,1,2,2,1.0,3,33063,M,,,33
200900030087,9,4,22,2330,5,2,1,1.0,3,33522,M,,,33
200900030088,9,4,7,550,5,2,2,1.0,3,33281,M,,,33
200900030089,9,4,3,2145,5,2,3,1.0,2,33063,M,,,33
200900030090,9,4,24,1125,1,2,1,1.0,2,33249,M,,,33
200900030091,9,4,24,1837,1,2,1,1.0,6,33069,M,,,33
200900030092,9,4,9,1050,1,2,2,1.0,2,33063,M,,,33
200900030093,9,4,30,1205,1,2,1,2.0,6,33063,M,,,33
200900030094,9,4,30,1355,1,2,2,2.0,6,33063,M,,,33
200900030095,9,4,8,1650,1,2,3,1.0,3,33063,M,,,33
200900030096,9,4,2,50,5,2,1,1.0,2,33063,M,,,33
200900030097,9,4,24,2005,1,2,1,1.0,6,33063,M,,,33
200900030098,9,4,8,1615,1,2,1,1.0,2,33281,M,,,33
200900030099,9,4,4,1820,1,2,2,1.0,1,33069,M,,,33
200900030100,9,4,4,2000,1,2,3,1.0,3,33039,M,,,33
200900030101,9,4,16,1640,1,2,2,1.0,3,33069,M,,,33
200900030102,9,4,7,1700,1,2,3,1.0,3,33281,M,,,33
200900030103,9,4,1,1220,1,2,3,1.0,1,33063,M,,,33
200900030104,9,4,18,1850,1,2,3,1.0,1,33318,M,,,33
200900030105,9,4,29,1250,1,2,3,2.0,6,33063,M,,,33
200900030106,9,4,29,1350,1,2,2,6.0,1,33281,M,,,33
200900030107,9,4,17,820,1,2,1,1.0,2,33063,M,,,33
200900030108,9,4,11,1600,1,2,3,2.0,3,33318,M,,,33
200900030109,9,4,4,940,1,2,2,1.0,3,33063,M,,,33
200900030110,9,4,21,1850,1,2,2,1.0,3,33281,M,,,33
200900030111,9,4,7,815,1,2,2,1.0,3,33281,M,,,33
200900030112,9,4,2,1850,1,2,1,1.0,6,33063,M,,,33
200900030113,9,4,23,848,1,2,1,1.0,6,33032,M,,,33
200900030114,9,4,7,1215,1,2,1,8.0,2,33063,M,,,33
200900030115,9,4,19,2020,1,2,1,1.0,3,33039,M,,,33
200900030116,9,4,16,2005,1,2,2,1.0,3,33063,M,,,33
200900030117,9,4,13,1210,1,2,2,1.0,3,33063,M,,,33
200900030118,9,4,1,1415,1,2,2,1.0,3,33063,M,,,33
200900030119,9,4,16,1215,1,2,6,1.0,6,33063,M,,,33
200900030120,9,4,5,1214,1,2,3,1.0,3,33281,M,,,33
200900030121,9,4,16,900,1,2,2,1.0,3,33281,M,,,33
200900030122,9,4,17,1900,1,2,3,1.0,6,33063,M,,,33
200900030123,9,4,9,1735,1,2,4,1.0,3,33075,M,,,33
200900030124,9,4,6,1900,1,2,1,1.0,3,33063,M,,,33
200900030125,9,4,6,1745,1,2,2,2.0,3,33281,M,,,33
200900030126,9,4,23,1705,1,2,1,1.0,3,33069,M,,,33
200900030127,9,4,6,1810,1,2,2,1.0,6,33119,M,,,33
200900030128,9,4,6,1722,1,2,3,1.0,3,33063,M,,,33
200900030129,9,4,7,1830,1,2,3,1.0,3,33063,M,,,33
200900030130,9,4,2,1945,1,2,2,1.0,6,33063,M,,,33
200900030131,9,4,6,1451,1,2,1,1.0,3,33063,M,,,33
200900030132,9,4,5,2030,2,2,3,1.0,3,33243,M,,,33
200900030133,9,4,10,815,1,2,3,2.0,6,33063,M,,,33
200900030134,9,4,8,1900,1,2,3,1.0,3,33063,M,,,33
200900030135,9,4,2,850,1,2,3,1.0,3,33550,M,,,33
200900030136,9,4,15,2010,1,2,2,1.0,3,33318,M,,,33
200900030137,9,4,20,1405,1,2,2,1.0,3,33063,M,,,33
200900030138,9,4,30,1000,1,2,2,1.0,2,33039,M,,,33
200900030139,9,4,17,1230,1,2,3,1.0,1,33063,M,,,33
200900030140,9,4,25,1630,1,2,6,2.0,3,33032,M,,,33
200900030141,9,4,29,728,1,2,1,2.0,1,33318,M,,,33
200900030142,9,4,21,1845,1,2,1,1.0,6,33236,M,0.0,0,33
200900030143,9,4,4,1030,1,2,1,1.0,3,33084,M,4.0,-,33
200900030144,9,4,10,100,3,1,1,1.0,6,33122,M,4.0,-,33
200900030145,9,4,20,1315,1,1,1,1.0,1,33001,M,0.0,0,33
200900030146,9,4,24,1700,1,2,1,1.0,2,33483,M,4.0,-,33
200900030147,9,4,28,1500,1,1,1,3.0,1,33179,M,4.0,-,33
200900030148,9,4,11,1600,1,1,1,2.0,1,33006,M,4.0,-,33
200900030149,9,4,19,945,1,1,1,1.0,6,33033,M,0.0,0,33
200900030150,9,4,26,1730,1,1,1,1.0,6,33250,M,0.0,0,33
200900030151,9,4,4,1445,1,1,1,1.0,1,33519,M,4.0,-,33
200900030152,9,4,6,145,3,1,1,1.0,2,33260,M,4.0,-,33
200900030153,9,4,20,1245,1,2,1,1.0,1,33448,M,0.0,0,33
200900030154,9,4,9,1845,1,1,1,1.0,1,33519,M,0.0,0,33
200900030155,9,4,8,1,3,1,1,1.0,1,33284,M,4.0,-,33
200900030156,9,4,27,230,3,1,1,2.0,2,33267,M,0.0,0,33
200900030157,9,4,9,1745,1,2,6,1.0,7,33227,M,4.0,-,33
200900030158,9,4,6,1000,1,1,1,1.0,6,33178,M,0.0,0,33
200900030159,9,4,26,500,3,1,1,1.0,7,33545,M,4.0,-,33
200900030160,9,4,14,1200,1,1,1,1.0,1,33433,M,0.0,0,33
200900030161,9,4,15,1700,1,1,1,1.0,6,33378,M,4.0,0,33
200900030162,9,4,4,1700,1,1,2,1.0,3,33290,M,4.0,-,33
200900030163,9,4,15,1900,1,1,1,1.0,3,33106,M,4.0,-,33
200900030164,9,4,30,1915,1,2,1,2.0,1,33013,M,4.0,-,33
200900030165,9,4,11,1700,1,1,2,2.0,1,33452,M,0.0,0,33
200900030166,9,4,6,1145,1,2,1,1.0,1,33162,M,0.0,0,33
200900030167,9,4,21,1515,1,1,1,1.0,6,33012,M,0.0,0,33
200900030168,9,4,11,1800,1,2,1,2.0,3,33320,M,4.0,-,33
200900030169,9,4,18,800,1,2,1,1.0,6,33229,M,4.0,-,33
200900030170,9,4,30,1900,1,1,1,1.0,3,33284,M,4.0,-,33
200900030171,9,4,12,2130,3,1,1,1.0,3,33449,M,4.0,-,33
200900030172,9,4,28,845,1,1,1,8.0,1,33138,M,0.0,0,33
200900030173,9,4,25,1230,1,1,1,1.0,5,33227,M,0.0,0,33
200900030174,9,4,26,730,2,1,1,8.0,6,33205,M,0.0,0,33
200900030175,9,4,12,300,3,1,1,2.0,7,33382,M,0.0,0,33
200900030176,9,4,2,1700,1,1,1,1.0,1,33333,M,0.0,0,33
200900030177,9,4,11,615,3,1,1,2.0,1,33366,M,4.0,-,33
200900030178,9,4,28,830,1,2,1,2.0,6,33240,M,4.0,-,33
200900030179,9,4,27,300,3,1,1,3.0,6,33502,M,0.0,0,33
200900030180,9,4,25,1830,1,1,1,1.0,7,33405,M,0.0,0,33
200900030181,9,4,17,800,1,1,1,1.0,5,33406,M,0.0,0,33
200900030182,9,4,1,1115,1,2,1,1.0,6,33289,M,0.0,0,33
200900030183,9,4,6,800,1,1,2,1.0,3,33322,M,0.0,0,33
200900030184,9,4,14,1030,1,2,9,1.0,6,33529,M,,,33
200900030185,9,4,20,840,1,1,1,1.0,3,33529,M,,,33
200900030186,9,4,26,440,3,1,1,1.0,1,33529,M,,,33
200900030187,9,4,14,1425,1,2,9,1.0,2,33529,M,,,33
200900030188,9,4,27,1210,1,1,1,2.0,6,33039,M,,,33
200900030189,9,4,25,1210,1,1,1,2.0,6,33550,M,,,33
200900030190,9,4,28,1427,1,1,1,2.0,6,33063,M,,,33
200900030191,9,4,25,1030,1,1,1,2.0,6,33318,M,,,33
200900030192,9,4,1,1010,1,1,1,1.0,6,33550,M,,,33
200900030193,9,4,28,1200,1,1,1,2.0,6,33318,M,,,33
200900030194,9,4,30,730,2,1,1,2.0,4,33448,M,,,33
200900030195,9,4,9,840,1,1,1,1.0,4,33281,M,,,33
200900030196,9,4,27,740,1,1,1,2.0,6,33318,M,,,33
200900030197,9,4,9,1100,1,1,1,1.0,3,33065,M,,,33
200900030198,9,4,29,1055,1,1,1,2.0,3,33550,M,,,33
200900030199,9,4,2,925,1,1,1,5.0,2,33249,M,,,33
200900030200,9,4,12,1140,1,1,1,2.0,7,33065,M,,,33
200900030201,9,4,27,1940,1,1,1,2.0,6,33550,M,,,33
200900030202,9,4,28,710,1,1,1,2.0,6,33318,M,,,33
200900030203,9,4,25,1700,1,1,1,2.0,6,33039,M,,,33
200900030204,9,4,27,1435,1,1,1,2.0,6,33318,M,,,33
200900030205,9,4,5,1415,1,1,1,1.0,7,33249,M,,,33
200900030206,9,4,30,1640,1,1,1,1.0,2,33039,M,,,33
200900030207,9,4,25,940,1,1,1,2.0,6,33318,M,,,33
200900030208,9,4,9,1515,1,1,1,1.0,5,33167,M,,,33
200900030209,9,4,28,1750,1,1,1,3.0,4,33075,M,,,33
200900030210,9,4,18,1135,1,1,1,1.0,5,33318,M,,,33
200900030211,9,4,9,908,1,1,1,1.0,4,33550,M,,,33
200900030212,9,4,8,720,1,1,1,1.0,4,33075,M,,,33
200900030213,9,4,3,635,5,1,1,1.0,5,33249,M,,,33
200900030214,9,4,25,40,5,1,1,1.0,2,33122,M,,,33
200900030215,9,4,11,740,1,1,1,2.0,6,33318,M,,,33
200900030216,9,4,26,405,3,1,1,1.0,7,33080,M,,,33
200900030217,9,4,28,1000,1,2,1,3.0,3,33056,M,0.0,0,33
200900030218,9,4,20,1415,1,1,1,1.0,6,33053,M,4.0,-,33
200900030219,9,4,14,1740,2,1,1,2.0,2,33529,M,,,33
200900030220,9,4,20,1500,1,1,1,1.0,3,33529,M,,,33
200900030221,9,4,22,1250,1,1,1,1.0,3,33529,M,,,33
200900030222,9,4,30,1730,1,1,1,1.0,1,33529,M,,,33
200900030223,9,4,5,500,5,2,1,1.0,7,33167,M,,,33
200900030224,9,4,19,950,1,2,2,1.0,6,33039,M,,,33
200900030225,9,4,18,5,5,2,2,1.0,3,33063,M,,,33
200900030226,9,4,17,820,1,2,3,1.0,3,33063,M,,,33
200900030227,9,4,14,1625,1,2,1,1.0,7,33063,M,,,33
200900030228,9,4,30,1255,1,2,4,2.0,6,33063,M,,,33
200900030229,9,4,6,730,1,1,1,1.0,7,33389,M,4.0,-,33
200900030230,9,4,21,1730,1,2,3,1.0,3,33318,M,,,33
200900030231,9,4,5,2030,1,1,1,1.0,6,33488,M,4.0,-,33
200900030232,9,4,23,1825,1,2,1,1.0,4,33063,M,,,33
200900030233,9,4,30,1350,1,2,1,3.0,3,33039,M,,,33
200900030234,9,4,30,810,1,2,2,2.0,3,33063,M,,,33
200900030235,9,5,15,1705,1,2,1,1.0,3,33063,M,,,33
200900030236,9,5,22,950,1,2,3,1.0,6,33063,M,,,33
200900030237,9,5,5,1640,1,2,1,1.0,3,33550,M,,,33
200900030238,9,5,29,951,1,2,1,1.0,3,33522,M,,,33
200900030239,9,5,29,1705,1,2,1,1.0,6,33063,M,,,33
200900030240,9,5,14,2250,5,2,3,1.0,4,33063,M,,,33
200900030241,9,5,23,1700,1,2,2,1.0,3,33522,M,,,33
200900030242,9,5,19,1435,1,2,3,1.0,3,33063,M,,,33
200900030243,9,5,9,540,5,2,3,2.0,3,33281,M,,,33
200900030244,9,5,27,1820,1,2,1,1.0,3,33039,M,,,33
200900030245,9,5,28,1010,1,2,1,1.0,6,33063,M,,,33
200900030246,9,5,11,710,1,2,1,1.0,3,33063,M,,,33
200900030247,9,5,23,330,5,2,6,1.0,1,33063,M,,,33
200900030248,9,5,12,1730,1,2,1,1.0,6,33249,M,,,33
200900030249,9,5,19,10,5,2,1,1.0,6,33063,M,,,33
200900030250,9,5,26,1605,1,2,1,1.0,4,33063,M,,,33
200900030251,9,5,14,1015,1,2,1,2.0,6,33039,M,,,33
200900030252,9,5,25,1550,1,2,1,2.0,1,33063,M,,,33
200900030253,9,5,20,820,1,2,2,1.0,3,33281,M,,,33
200900030254,9,5,22,1320,1,2,2,1.0,2,33063,M,,,33
200900030255,9,5,21,1307,1,2,1,1.0,4,33522,M,,,33
200900030256,9,5,13,805,1,2,2,1.0,2,33318,M,,,33
200900030257,9,5,19,750,1,2,6,1.0,6,33032,M,,,33
200900030258,9,5,19,2050,1,2,1,1.0,6,33075,M,,,33
200900030259,9,5,16,2105,1,2,1,1.0,1,33063,M,,,33
200900030260,9,5,20,735,1,2,3,1.0,3,33281,M,,,33
200900030261,9,5,28,1715,1,2,2,1.0,1,33063,M,,,33
200900030262,9,5,7,1920,1,2,1,1.0,5,33318,M,,,33
200900030263,9,5,5,1705,1,2,2,1.0,6,33167,M,,,33
200900030264,9,5,7,1020,1,2,1,1.0,6,33063,M,,,33
200900030265,9,5,28,2211,5,2,1,1.0,6,33167,M,,,33
200900030266,9,5,5,1715,1,2,3,1.0,4,33318,M,,,33
200900030267,9,5,5,1110,1,2,1,1.0,2,33063,M,,,33
200900030268,9,5,20,915,1,2,1,1.0,3,33119,M,,,33
200900030269,9,5,8,2205,5,2,1,2.0,3,33063,M,,,33
200900030270,9,5,16,410,5,2,2,1.0,6,33522,M,,,33
200900030271,9,5,29,1500,1,2,4,1.0,2,33063,M,,,33
200900030272,9,5,2,1050,1,2,1,1.0,3,33063,M,,,33
200900030273,9,5,30,1850,1,2,3,1.0,2,33281,M,,,33
200900030274,9,5,25,2252,5,2,1,1.0,3,33281,M,,,33
200900030275,9,5,7,740,1,2,4,1.0,3,33192,M,,,33
200900030276,9,5,25,1810,1,2,1,3.0,6,33063,M,,,33
200900030277,9,5,11,1310,1,2,2,1.0,3,33063,M,,,33
200900030278,9,5,20,1325,1,2,3,1.0,3,33192,M,,,33
200900030279,9,5,4,1030,1,2,2,1.0,6,33063,M,,,33
200900030280,9,5,30,1620,1,2,1,1.0,3,33075,M,,,33
200900030281,9,5,10,425,5,2,1,1.0,6,33063,M,,,33
200900030282,9,5,1,540,5,2,2,2.0,6,33063,M,,,33
200900030283,9,5,6,2030,1,2,4,1.0,3,33063,M,,,33
200900030284,9,5,11,930,1,2,1,1.0,6,33063,M,,,33
200900030285,9,5,12,1733,1,2,3,1.0,1,33075,M,,,33
200900030286,9,5,30,1900,1,2,1,1.0,2,33281,M,,,33
200900030287,9,5,18,1325,1,2,1,1.0,1,33167,M,,,33
200900030288,9,5,29,1136,1,2,6,1.0,6,33063,M,,,33
200900030289,9,5,10,1325,1,2,1,2.0,6,33281,M,,,33
200900030290,9,5,22,1708,1,2,1,1.0,3,33281,M,,,33