Num_Acc,an,mois,jour,hrmn,lum,agg,int,atm,col,com,gps,lat,long,dep
200900031066,9,7,10,645,1,1,1,1.0,6,36123,M,4.0,0,36
200900031067,9,7,12,1615,1,1,1,1.0,6,36006,M,4.0,0,36
200900031068,9,7,3,2055,2,2,2,8.0,3,36063,M,4.0,0,36
200900031069,9,7,4,1220,1,2,3,1.0,3,36044,M,4.0,0,36
200900031070,9,7,5,245,3,1,1,1.0,6,36018,M,4.0,0,36
200900031071,9,7,16,1844,1,1,1,1.0,4,36063,M,,,36
200900031072,9,7,17,155,3,1,1,1.0,7,36202,M,4.0,0,36
200900031073,9,7,17,817,1,1,3,1.0,3,36202,M,4.0,0,36
200900031074,9,7,18,1915,1,1,1,1.0,6,36198,M,4.0,0,36
200900031075,9,7,19,1506,1,2,1,1.0,7,36044,M,4.0,0,36
200900031076,9,7,19,2205,3,1,1,1.0,6,36202,M,4.0,0,36
200900031077,9,7,21,1445,1,2,3,1.0,1,36031,M,4.0,0,36
200900031078,9,7,26,2130,1,2,3,1.0,3,36070,M,4.0,0,36
200900031079,9,7,26,2135,2,2,1,1.0,6,36044,M,4.0,0,36
200900031080,9,7,24,1300,1,1,1,1.0,6,36230,M,4.0,0,36
200900031081,9,7,25,1615,1,1,1,1.0,7,36204,M,4.0,0,36
200900031082,9,7,30,2245,5,2,2,1.0,3,36101,M,4.0,0,36
200900031083,9,7,29,1113,1,2,1,1.0,3,36063,M,4.0,0,36
200900031084,9,8,28,1845,1,1,2,1.0,3,36117,M,4.0,0,36
200900031085,9,8,1,1443,1,2,1,1.0,3,36159,M,4.0,0,36
200900031086,9,8,3,2215,5,2,2,1.0,1,36044,M,4.0,0,36
200900031087,9,8,4,1800,1,2,1,1.0,1,36155,M,4.0,0,36
200900031088,9,8,5,1015,1,1,3,1.0,3,36200,M,4.0,0,36
200900031089,9,8,9,355,5,2,1,1.0,7,36044,M,4.0,0,36
200900031090,9,8,10,1530,1,1,1,1.0,2,36202,M,,,36
200900031091,9,8,11,815,1,2,3,1.0,3,36044,M,4.0,0,36
200900031092,9,8,11,1945,1,1,1,1.0,6,36166,M,4.0,0,36
200900031093,9,8,14,1920,1,2,2,1.0,1,36044,M,4.0,0,36
200900031094,9,8,15,1955,1,1,1,1.0,3,36202,M,,,36
200900031095,9,8,17,940,1,1,2,1.0,3,36044,M,4.0,0,36
200900031096,9,8,18,1515,1,2,1,1.0,6,36141,M,4.0,0,36
200900031097,9,8,22,1225,1,2,2,1.0,5,36044,M,4.0,0,36
200900031098,9,8,22,1923,1,2,3,1.0,1,36159,M,4.0,0,36
200900031099,9,8,26,1900,1,2,3,1.0,3,36044,M,4.0,0,36
200900031100,9,8,23,930,1,2,3,1.0,1,36046,M,4.0,0,36
200900031101,9,8,24,1200,1,1,1,7.0,1,36005,M,4.0,0,36
200900031102,9,8,25,1525,1,2,1,1.0,3,36044,M,4.0,0,36
200900031103,9,8,28,2215,5,2,1,1.0,7,36044,M,4.0,0,36
200900031104,9,8,31,1232,1,2,1,1.0,2,36044,M,4.0,0,36
200900031105,9,8,31,2016,1,2,1,1.0,2,36044,M,4.0,0,36
200900031106,9,9,8,1347,1,2,1,1.0,1,20353,M,,,202
200900031107,9,9,4,900,1,2,1,1.0,1,20033,M,,,202
200900031108,9,9,4,1210,1,2,1,1.0,2,20033,M,,,202
200900031109,9,9,4,1920,1,2,1,1.0,7,20033,M,,,202
200900031110,9,9,5,1013,1,2,1,1.0,2,20033,M,,,202
200900031111,9,9,7,1433,1,2,3,1.0,3,20033,M,,,202
200900031112,9,9,10,1400,1,2,1,1.0,6,20033,M,,,202
200900031113,9,9,14,2010,1,2,1,1.0,6,20033,M,,,202
200900031114,9,9,14,1540,1,2,1,1.0,6,20033,M,,,202
200900031115,9,9,10,1900,2,1,1,1.0,7,20188,M,0.0,0,202
200900031116,9,9,2,1830,1,1,1,1.0,5,20148,M,0.0,0,202
200900031117,9,9,12,1615,1,1,1,1.0,6,20009,M,0.0,0,202
200900031118,9,9,11,1400,1,1,1,1.0,1,20093,M,0.0,0,202
200900031119,9,9,20,630,5,1,1,8.0,1,20239,M,0.0,0,202
200900031120,9,9,22,2045,3,1,1,1.0,6,20169,M,0.0,0,202
200900031121,9,9,23,800,1,2,6,1.0,3,20033,M,,,202
200900031122,9,9,21,220,5,2,1,1.0,6,20033,M,,,202
200900031123,9,9,21,1900,1,1,1,8.0,3,20010,M,0.0,0,202
200900031124,9,9,26,1145,1,1,1,1.0,3,20251,M,0.0,0,202
200900031125,9,9,24,2130,3,1,1,1.0,6,20205,M,0.0,0,202
200900031126,9,9,29,515,3,1,1,1.0,6,20049,M,0.0,0,202
200900031127,9,9,30,1300,1,2,1,1.0,3,20033,M,,,202
200900031128,9,9,30,900,1,2,1,1.0,2,20033,M,,,202
200900031129,9,9,30,1130,1,1,1,1.0,4,20037,M,,,202
200900031130,9,9,30,1245,1,2,1,1.0,2,20033,M,,,202
200900031131,9,9,14,2300,5,2,1,1.0,3,20346,M,0.0,0,202
200900031132,9,9,19,2310,5,2,1,1.0,6,20033,M,,,202
200900031133,9,9,20,1524,1,1,1,1.0,2,20037,M,,,202
200900031134,9,9,28,941,1,1,1,1.0,2,20120,M,,,202
200900031135,9,9,11,1930,1,2,1,1.0,6,36172,M,4.0,0,36
200900031136,9,9,1,1215,1,1,1,2.0,1,36070,M,4.0,0,36
200900031137,9,9,30,1100,1,1,1,1.0,6,36225,M,4.0,0,36
200900031138,9,9,3,530,2,2,2,1.0,6,36063,M,4.0,0,36
200900031139,9,9,4,739,2,1,1,3.0,4,36063,M,,,36
200900031140,9,9,5,1230,1,2,1,1.0,2,36202,M,,,36
200900031141,9,9,5,1630,1,1,1,1.0,1,36089,M,4.0,0,36
200900031142,9,9,5,1637,1,2,1,1.0,3,36159,M,4.0,0,36
200900031143,9,9,7,1621,1,2,2,1.0,6,36044,M,4.0,0,36
200900031144,9,9,8,1006,1,2,1,1.0,7,36044,M,4.0,0,36
200900031145,9,9,11,1915,1,1,1,1.0,6,36142,M,4.0,0,36
200900031146,9,9,12,635,5,2,1,1.0,3,36044,M,4.0,0,36
200900031147,9,9,13,1315,1,1,1,1.0,7,36141,M,4.0,0,36
200900031148,9,9,15,1214,1,2,1,1.0,2,36044,M,4.0,0,36
200900031149,9,9,15,1554,1,2,1,1.0,7,36202,M,4.0,0,36
200900031150,9,9,16,1600,1,2,1,2.0,2,36044,M,4.0,0,36
200900031151,9,9,16,1746,1,2,1,2.0,1,36044,M,4.0,0,36
200900031152,9,9,17,1546,1,2,1,1.0,7,36044,M,,,36
200900031153,9,9,22,1525,1,2,2,1.0,3,36044,M,4.0,0,36
200900031154,9,9,21,1730,1,2,1,1.0,2,36044,M,4.0,0,36
200900031155,9,9,24,1745,1,2,3,1.0,7,36088,M,4.0,0,36
200900031156,9,9,29,2100,3,1,1,1.0,6,36012,M,4.0,0,36
200900031157,9,9,30,750,1,2,3,1.0,5,36063,M,4.0,0,36
200900031158,9,5,3,1915,1,2,2,1.0,7,69383,M,,,69
200900031159,9,5,3,1915,1,2,1,1.0,6,69266,M,,,69
200900031160,9,5,4,935,1,2,2,1.0,5,69383,M,,,69
200900031161,9,5,5,1800,1,2,1,1.0,6,69259,M,,,69
200900031162,9,5,5,1815,1,2,1,1.0,3,69389,M,,,69
200900031163,9,5,4,2130,2,2,1,1.0,3,69029,M,,,69
200900031164,9,5,5,530,2,2,1,1.0,6,69384,M,,,69
200900031165,9,5,6,50,3,2,1,1.0,6,69256,M,,,69
200900031166,9,5,6,1020,1,2,2,1.0,6,69275,M,,,69
200900031167,9,5,6,1555,1,2,1,1.0,3,69266,M,,,69
200900031168,9,5,6,1215,1,1,1,1.0,6,69271,M,,,69
200900031169,9,5,7,1230,1,2,1,1.0,3,69286,M,4.0,0,69
200900031170,9,5,7,1320,1,2,2,1.0,3,69386,M,,,69
200900031171,9,5,7,1330,1,2,2,1.0,6,69259,M,,,69
200900031172,9,5,7,1450,1,2,4,1.0,2,69386,M,,,69
200900031173,9,5,7,1600,1,2,6,1.0,6,69266,M,,,69
200900031174,9,5,7,1605,1,2,1,1.0,2,69259,M,,,69
200900031175,9,5,7,2140,5,2,3,9.0,3,69259,M,,,69
200900031176,9,5,7,1941,1,2,1,1.0,6,69388,M,,,69
200900031177,9,5,8,340,5,1,1,2.0,7,69142,M,,,69
200900031178,9,5,9,1650,1,2,6,1.0,3,69259,M,,,69
200900031179,9,5,9,1705,1,2,1,1.0,6,69034,M,,,69
200900031180,9,5,9,2110,5,2,2,1.0,6,69266,M,,,69
200900031181,9,5,10,945,1,2,2,1.0,3,69383,M,,,69
200900031182,9,5,8,2240,5,2,3,1.0,3,69382,M,,,69
200900031183,9,5,11,1600,1,1,1,1.0,6,69019,M,0.0,0,69
200900031184,9,5,11,1830,1,2,2,1.0,6,69382,M,,,69
200900031185,9,5,12,740,1,1,1,1.0,3,69152,M,,,69
200900031186,9,5,12,1121,1,2,9,2.0,6,69266,M,,,69
200900031187,9,5,12,1430,1,2,7,1.0,3,69382,M,,,69
200900031188,9,5,13,830,1,1,1,1.0,2,69152,M,,,69
200900031189,9,5,12,2220,5,2,1,1.0,3,69388,M,,,69
200900031190,9,5,13,130,5,2,6,1.0,6,69256,M,,,69
200900031191,9,5,13,1330,1,2,9,1.0,6,69389,M,,,69
200900031192,9,5,13,1430,1,2,3,1.0,6,69381,M,,,69
200900031193,9,5,13,1925,1,2,1,1.0,2,69382,M,,,69
200900031194,9,5,13,1955,1,2,2,1.0,6,69386,M,,,69
200900031195,9,5,14,530,4,1,1,2.0,3,69296,M,,,69
200900031196,9,5,14,1320,1,2,1,1.0,6,69266,M,,,69
200900031197,9,5,14,545,2,2,1,2.0,6,69266,M,,,69
200900031198,9,5,14,1205,1,2,1,1.0,6,69381,M,,,69
200900031199,9,5,14,1245,1,2,3,1.0,6,69389,M,,,69
200900031200,9,5,14,1345,1,1,1,1.0,2,69207,M,0.0,0,69
200900031201,9,5,14,1730,1,2,2,1.0,3,69266,M,,,69
200900031202,9,5,14,1830,1,2,1,2.0,2,69385,M,,,69
200900031203,9,5,14,1835,1,2,1,2.0,6,69389,M,,,69
200900031204,9,5,15,1210,1,2,1,3.0,6,69202,M,,,69
200900031205,9,5,15,1245,1,2,3,2.0,2,69266,M,,,69
200900031206,9,5,15,1300,1,2,1,2.0,6,69149,M,,,69
200900031207,9,5,15,1300,1,2,1,2.0,6,69382,M,,,69
200900031208,9,5,15,1530,1,2,1,1.0,6,69029,M,,,69
200900031209,9,5,15,1640,1,2,1,1.0,4,69382,M,,,69
200900031210,9,5,15,1840,2,2,1,2.0,2,69382,M,,,69
200900031211,9,5,16,210,5,2,1,1.0,3,69275,M,,,69
200900031212,9,5,16,740,1,2,1,1.0,4,69386,M,,,69
200900031213,9,5,2,1450,1,1,2,1.0,6,69286,M,,,69
200900031214,9,5,21,1330,1,1,1,1.0,6,69094,M,,,69
200900031215,9,5,16,920,1,1,1,1.0,2,69266,M,,,69
200900031216,9,5,29,1110,1,1,1,1.0,7,69256,M,,,69
200900031217,9,5,10,1030,1,1,1,1.0,7,69385,M,,,69
200900031218,9,5,29,1705,1,2,1,1.0,6,69275,M,,,69
200900031219,9,5,1,1050,1,2,1,1.0,6,69034,M,,,69
200900031220,9,5,1,1720,1,2,2,1.0,3,69386,M,,,69
200900031221,9,5,1,2200,5,2,1,1.0,6,69205,M,0.0,0,69
200900031222,9,5,2,350,5,2,1,1.0,6,69149,M,,,69
200900031223,9,5,2,1100,1,1,1,1.0,6,69160,M,0.0,0,69
200900031224,9,5,2,1244,1,2,1,1.0,3,69029,M,,,69
200900031225,9,5,2,1620,1,2,1,1.0,6,69266,M,,,69
200900031226,9,5,2,2030,1,2,1,1.0,6,69286,M,0.0,0,69
200900031227,9,5,3,730,1,1,9,1.0,3,69283,M,,,69
200900031228,9,5,3,1545,1,1,1,1.0,6,69249,M,0.0,0,69
200900031229,9,5,10,2015,1,2,1,1.0,6,69389,M,,,69
200900031230,9,5,4,1830,1,1,1,1.0,2,69266,M,,,69
200900031231,9,5,3,1647,1,1,1,1.0,7,69081,M,,,69
200900031232,9,5,3,1815,1,2,2,1.0,3,69383,M,,,69
200900031233,9,5,16,1145,1,2,1,1.0,6,69259,M,,,69
200900031234,9,5,16,1720,1,2,2,1.0,3,69259,M,,,69
200900031235,9,5,16,1750,1,2,3,1.0,3,69266,M,,,69
200900031236,9,5,16,1800,1,1,3,1.0,3,69167,M,0.0,0,69
200900031237,9,5,16,1915,2,2,1,1.0,3,69382,M,,,69
200900031238,9,5,17,715,1,2,1,1.0,2,69385,M,,,69
200900031239,9,5,17,1740,3,1,1,1.0,7,69276,M,,,69
200900031240,9,5,19,135,5,2,6,1.0,6,69383,M,,,69
200900031241,9,5,17,1830,1,1,2,1.0,1,69237,M,0.0,0,69
200900031242,9,5,18,825,1,1,1,1.0,3,69271,M,,,69
200900031243,9,5,18,1405,1,2,3,1.0,3,69199,M,,,69
200900031244,9,5,18,2030,2,2,1,1.0,2,69286,M,0.0,0,69
200900031245,9,5,18,2310,5,2,2,1.0,3,69256,M,,,69
200900031246,9,5,17,50,5,2,1,1.0,6,69152,M,,,69
200900031247,9,5,19,900,1,2,2,1.0,3,69081,M,0.0,0,69
200900031248,9,5,19,1226,1,2,3,1.0,3,69389,M,,,69
200900031249,9,5,19,1240,1,2,3,1.0,6,69388,M,,,69
200900031250,9,5,19,1315,1,2,1,1.0,6,69266,M,,,69
200900031251,9,5,19,1540,1,2,2,1.0,5,69382,M,,,69
200900031252,9,5,19,1720,1,2,1,1.0,3,69383,M,,,69
200900031253,9,5,19,1810,1,2,3,1.0,3,69388,M,,,69
200900031254,9,5,19,2045,1,2,2,1.0,3,69383,M,,,69
200900031255,9,5,20,925,1,2,3,1.0,3,69259,M,,,69
200900031256,9,5,20,1125,1,2,3,1.0,3,69388,M,,,69
200900031257,9,5,20,1415,1,2,2,1.0,6,69383,M,,,69
200900031258,9,5,20,1232,1,2,1,1.0,3,69389,M,,,69
200900031259,9,5,20,1455,1,2,1,1.0,2,69149,M,,,69
200900031260,9,5,20,1947,1,2,1,1.0,6,69382,M,,,69
200900031261,9,5,20,2010,1,2,1,1.0,6,69259,M,,,69
200900031262,9,5,20,2140,5,2,9,1.0,6,69266,M,,,69
200900031263,9,5,21,255,5,2,1,8.0,6,69202,M,,,69
200900031264,9,5,21,2015,1,2,2,1.0,3,69383,M,,,69
200900031265,9,5,21,2030,1,2,2,1.0,3,69383,M,,,69
200900031266,9,5,21,2330,5,2,2,1.0,3,69389,M,,,69
200900031267,9,5,22,815,1,2,1,1.0,7,69382,M,,,69
200900031268,9,5,22,1530,1,2,2,1.0,3,69383,M,,,69
200900031269,9,5,22,1015,1,2,1,1.0,6,69389,M,,,69
200900031270,9,5,23,810,1,2,4,1.0,3,69385,M,,,69
200900031271,9,5,23,1500,1,2,1,1.0,2,69383,M,,,69
200900031272,9,5,24,1130,1,2,2,1.0,3,69383,M,,,69
200900031273,9,5,24,1220,1,2,2,1.0,3,69266,M,,,69
200900031274,9,5,24,1345,1,2,1,1.0,3,69386,M,,,69
200900031275,9,5,24,1920,1,2,4,1.0,3,69282,M,,,69
200900031276,9,5,24,2000,1,2,1,1.0,3,69388,M,,,69
200900031277,9,5,25,600,1,2,2,1.0,3,69386,M,,,69
200900031278,9,5,26,1130,1,2,2,2.0,3,69389,M,,,69
200900031279,9,5,27,1035,1,2,3,1.0,3,69388,M,,,69
200900031280,9,5,27,1050,1,2,1,1.0,6,69381,M,,,69
200900031281,9,5,25,700,2,2,1,1.0,4,69389,M,,,69
200900031282,9,5,25,1425,1,2,1,1.0,6,69383,M,,,69
200900031283,9,5,25,1425,1,2,2,1.0,6,69383,M,,,69
200900031284,9,5,25,2141,5,2,2,1.0,6,69381,M,,,69
200900031285,9,5,26,1200,1,2,1,1.0,3,69259,M,,,69
200900031286,9,5,26,1325,1,2,1,2.0,6,69389,M,,,69
200900031287,9,5,27,30,5,2,1,1.0,6,69029,M,,,69
200900031288,9,5,27,910,1,2,1,1.0,3,69383,M,,,69
200900031289,9,5,27,1445,1,2,6,1.0,7,69384,M,,,69
200900031290,9,5,27,1645,1,2,2,7.0,6,69034,M,,,69
200900031291,9,5,27,1650,1,2,1,1.0,6,69256,M,,,69
200900031292,9,5,27,2130,5,2,2,1.0,1,69266,M,,,69
200900031293,9,5,28,1320,1,2,1,1.0,6,69029,M,,,69
200900031294,9,5,28,2010,1,2,1,1.0,6,69029,M,,,69
200900031295,9,5,28,2105,1,2,3,1.0,3,69266,M,,,69
200900031296,9,5,28,2300,5,2,3,1.0,3,69388,M,,,69
200900031297,9,5,29,1445,1,2,1,1.0,6,69388,M,,,69
200900031298,9,5,29,949,1,2,1,1.0,3,69152,M,,,69
200900031299,9,5,29,1735,1,2,1,1.0,3,69266,M,,,69
200900031300,9,5,29,1900,1,2,1,1.0,6,69388,M,,,69
200900031301,9,5,29,1950,1,2,2,1.0,3,69383,M,,,69
200900031302,9,5,30,955,1,2,2,1.0,6,69383,M,,,69
200900031303,9,5,30,1245,1,2,1,1.0,4,69389,M,,,69
200900031304,9,5,30,1851,1,2,1,1.0,6,69384,M,,,69
200900031305,9,5,31,1016,1,2,1,1.0,3,69202,M,,,69
200900031306,9,5,31,1500,1,1,1,1.0,3,69256,M,,,69
200900031307,9,5,31,1530,1,2,3,1.0,3,69029,M,,,69
200900031308,9,5,31,1945,1,2,1,1.0,5,69389,M,,,69
200900031309,9,5,19,1700,1,2,1,1.0,6,69204,M,0.0,0,69
200900031310,9,5,20,1415,1,1,1,1.0,3,69032,M,0.0,0,69
200900031311,9,5,20,1810,1,1,1,1.0,7,69081,M,,,69
200900031312,9,5,20,2100,1,1,1,1.0,7,69297,M,,,69
200900031313,9,5,20,2345,5,2,1,1.0,6,69161,M,0.0,0,69
200900031314,9,5,21,1045,1,1,6,1.0,3,69086,M,0.0,0,69
200900031315,9,5,21,1900,1,1,1,1.0,2,69072,M,,,69
200900031316,9,5,31,2130,2,2,1,1.0,6,69010,M,0.0,0,69
200900031317,9,5,20,1745,1,2,1,1.0,3,69244,M,0.0,0,69
200900031318,9,5,7,1045,1,1,1,1.0,1,69085,M,0.0,0,69
200900031319,9,5,19,2000,1,1,1,7.0,3,69140,M,4.0,0,69
200900031320,9,5,22,415,5,2,1,1.0,6,69005,M,0.0,0,69
200900031321,9,5,22,1545,1,1,1,1.0,7,69227,M,0.0,0,69
200900031322,9,5,23,1050,1,1,1,1.0,7,69276,M,,,69
200900031323,9,5,24,910,1,1,1,1.0,7,69081,M,,,69
200900031324,9,5,24,1330,1,2,1,1.0,3,69078,M,0.0,0,69
200900031325,9,5,25,1030,1,2,1,1.0,2,69276,M,0.0,0,69
200900031326,9,5,25,2230,3,1,1,1.0,7,69077,M,0.0,0,69
200900031327,9,5,26,730,1,1,1,1.0,3,69029,M,,,69
200900031328,9,5,26,1812,1,1,1,1.0,4,69290,M,,,69
200900031329,9,5,27,710,1,1,4,1.0,5,69091,M,,,69
200900031330,9,5,27,1756,1,1,1,1.0,2,69266,M,,,69
200900031331,9,5,27,1800,1,1,1,1.0,2,69163,M,0.0,0,69
200900031332,9,5,28,1615,1,1,5,7.0,3,69074,M,0.0,0,69
200900031333,9,5,29,1115,1,1,1,1.0,4,69297,M,,,69
200900031334,9,5,29,1810,1,1,1,1.0,2,69266,M,,,69
200900031335,9,5,29,1915,1,2,6,1.0,1,69283,M,0.0,0,69
200900031336,9,5,30,1615,1,2,1,1.0,3,69045,M,0.0,0,69
200900031337,9,5,30,1555,1,2,3,1.0,6,69382,M,,,69
200900031338,9,5,26,1300,1,2,1,2.0,6,69387,M,,,69
200900031339,9,5,31,745,5,1,1,1.0,7,69286,M,,,69
200900031340,9,5,31,1130,1,1,1,1.0,7,69081,M,,,69
200900031341,9,5,30,20,5,2,1,1.0,4,69387,M,,,69
200900031342,9,5,31,1415,1,2,6,1.0,7,69019,M,4.0,0,69
200900031343,9,5,10,2020,2,2,2,1.0,3,69387,M,,,69
200900031344,9,5,8,1300,1,2,2,1.0,3,69387,M,,,69
200900031345,9,5,11,1505,1,2,2,1.0,3,69387,M,,,69
200900031346,9,5,15,2010,1,2,1,1.0,2,69387,M,,,69
200900031347,9,5,19,1550,1,2,2,1.0,3,69387,M,,,69
200900031348,9,5,16,1835,1,2,1,1.0,2,69387,M,,,69
200900031349,9,5,25,150,5,2,1,1.0,2,69387,M,,,69
200900031350,9,5,16,100,3,1,1,1.0,6,69055,M,,,69
200900031351,9,5,25,1755,1,1,1,1.0,2,69034,M,,,69
200900031352,9,5,29,1030,1,2,1,1.0,2,69276,M,,,69
200900031353,9,5,2,1415,1,1,1,1.0,3,69206,M,,,69
200900031354,9,5,1,1230,1,2,4,1.0,6,35288,M,,,35
200900031355,9,5,14,1810,1,2,1,1.0,2,35238,M,,,35
200900031356,9,5,5,1100,1,2,1,2.0,6,35288,M,,,35
200900031357,9,5,6,2030,1,2,2,1.0,3,35093,M,,,35
200900031358,9,5,26,1850,1,2,6,1.0,3,35115,M,,,35
200900031359,9,5,22,1615,1,2,7,1.0,6,35288,M,,,35
200900031360,9,5,30,1225,1,2,3,1.0,2,35278,M,,,35
200900031361,9,5,18,1415,1,2,6,8.0,7,35281,M,,,35
200900031362,9,5,14,755,1,1,1,1.0,2,35055,M,,,35
200900031363,9,5,13,2000,1,2,3,1.0,3,35281,M,,,35
200900031364,9,5,8,1610,1,2,3,1.0,3,35288,M,,,35
200900031365,9,5,10,1330,1,1,1,1.0,1,35037,M,0.0,0,35
200900031366,9,5,29,1730,1,1,1,1.0,7,35104,M,0.0,0,35
200900031367,9,5,27,1900,1,1,1,1.0,2,35299,M,0.0,0,35
200900031368,9,5,1,1645,1,1,1,1.0,7,35194,M,0.0,0,35
200900031369,9,5,31,1000,1,2,1,1.0,3,35132,M,0.0,0,35
200900031370,9,5,2,2145,2,1,1,1.0,7,35085,M,0.0,0,35
200900031371,9,5,3,345,5,1,1,1.0,6,35177,M,4.0,-,35
200900031372,9,5,22,1845,1,2,6,1.0,3,35196,M,0.0,0,35
200900031373,9,5,24,1800,1,1,2,1.0,3,35360,M,0.0,0,35
200900031374,9,5,12,915,1,2,7,2.0,6,35309,M,0.0,0,35
200900031375,9,5,31,1115,1,1,1,1.0,3,35013,M,0.0,0,35
200900031376,9,5,24,1730,1,1,1,1.0,5,35358,M,0.0,0,35
200900031377,9,5,27,2015,2,2,1,1.0,6,35360,M,0.0,0,35
200900031378,9,5,28,2145,3,1,1,1.0,7,35219,M,0.0,0,35
200900031379,9,5,25,2030,1,1,1,2.0,3,35338,M,0.0,0,35
200900031380,9,5,30,1430,1,2,1,1.0,3,35299,M,0.0,0,35
200900031381,9,5,28,745,1,1,1,1.0,3,35184,M,4.0,-,35
200900031382,9,5,24,1445,1,1,1,1.0,2,35124,M,0.0,0,35
200900031383,9,5,8,1145,1,1,1,1.0,6,35085,M,0.0,0,35
200900031384,9,5,11,1430,1,1,1,1.0,7,35334,M,0.0,0,35
200900031385,9,5,29,1600,1,2,1,1.0,1,35236,M,0.0,0,35
200900031386,9,5,3,200,3,1,1,1.0,6,35294,M,4.0,-,35
200900031387,9,5,7,1700,1,1,1,1.0,3,35211,M,0.0,0,35
200900031388,9,5,29,1245,1,1,1,1.0,4,35002,M,4.0,-,35
200900031389,9,5,23,1630,1,2,2,1.0,3,35136,M,0.0,0,35
200900031390,9,5,31,1515,1,1,1,1.0,6,35145,M,0.0,0,35
200900031391,9,5,6,800,1,1,1,1.0,2,35270,M,0.0,0,35
200900031392,9,5,26,830,1,2,1,2.0,6,35047,M,0.0,0,35
200900031393,9,5,31,1300,1,1,1,1.0,7,35051,M,0.0,0,35
200900031394,9,5,30,200,3,1,1,1.0,2,35066,M,0.0,0,35
200900031395,9,5,14,1355,1,2,1,1.0,6,35288,M,,,35
200900031396,9,5,21,1420,1,2,1,1.0,6,35288,M,,,35
200900031397,9,5,18,908,1,2,3,1.0,3,35288,M,,,35
200900031398,9,5,22,1506,1,2,3,1.0,6,35288,M,,,35
200900031399,9,5,1,1450,1,2,2,1.0,6,35238,M,,,35
200900031400,9,5,1,1655,1,2,2,1.0,3,35238,M,,,35
200900031401,9,5,5,1650,1,2,1,1.0,3,35238,M,,,35
200900031402,9,5,5,1655,1,2,3,1.0,3,35238,M,,,35
200900031403,9,5,6,120,5,2,2,1.0,6,35238,M,,,35
200900031404,9,5,6,1115,1,2,1,8.0,6,35238,M,,,35
200900031405,9,5,6,1600,1,2,2,1.0,4,35238,M,,,35
200900031406,9,5,6,1645,1,2,3,1.0,3,35238,M,,,35
200900031407,9,5,8,1740,1,2,2,1.0,3,35238,M,,,35
200900031408,9,5,8,2000,1,2,1,1.0,3,35238,M,,,35
200900031409,9,5,9,1510,1,2,2,1.0,3,35238,M,,,35
200900031410,9,5,9,1530,1,2,1,1.0,7,35238,M,,,35
200900031411,9,5,9,1640,1,2,1,1.0,7,35238,M,,,35
200900031412,9,5,10,1635,1,2,1,1.0,2,35238,M,,,35
200900031413,9,5,10,1935,1,2,1,2.0,6,35238,M,,,35
200900031414,9,5,11,1950,1,2,1,1.0,7,35238,M,,,35
200900031415,9,5,12,850,1,2,2,8.0,3,35238,M,,,35
200900031416,9,5,12,1000,1,2,1,8.0,6,35238,M,,,35
200900031417,9,5,12,1350,1,2,1,1.0,6,35238,M,,,35
200900031418,9,5,13,1810,1,2,1,1.0,5,35238,M,,,35
200900031419,9,5,23,1520,1,2,1,1.0,6,35238,M,,,35
200900031420,9,5,20,1455,1,2,2,1.0,5,35238,M,,,35
200900031421,9,5,15,1005,1,2,2,1.0,3,35238,M,,,35
200900031422,9,5,16,1710,1,2,3,1.0,2,35238,M,,,35
200900031423,9,5,18,1315,1,1,1,1.0,7,35238,M,,,35
200900031424,9,5,22,1040,1,2,1,1.0,7,35238,M,,,35
200900031425,9,5,21,420,3,1,1,1.0,6,35238,M,,,35
200900031426,9,5,25,2030,1,2,4,2.0,7,35238,M,,,35
200900031427,9,5,26,1835,1,2,2,1.0,2,35238,M,,,35
200900031428,9,5,26,1800,1,1,6,1.0,2,35238,M,,,35
200900031429,9,5,30,1150,1,1,1,1.0,4,35238,M,,,35
200900031430,9,5,30,1900,1,2,3,1.0,3,35238,M,,,35
200900031431,9,5,30,1955,1,2,4,1.0,2,35238,M,,,35
200900031432,9,5,12,1535,1,2,1,1.0,5,35288,M,,,35
200900031433,9,5,27,830,1,1,1,1.0,1,35065,M,0.0,0,35
200900031434,9,5,18,525,3,2,1,1.0,6,35219,M,0.0,0,35
200900031435,9,5,11,1945,1,1,1,1.0,3,35214,M,0.0,0,35
200900031436,9,1,12,1020,1,2,6,1.0,3,35288,M,,,35
200900031437,9,1,15,1600,1,2,1,1.0,7,31022,M,4.0,0,31
200900031438,9,8,1,1145,1,1,1,1.0,4,37153,M,4.0,0,37
200900031439,9,8,4,745,1,1,1,1.0,1,37240,M,4.0,0,37
200900031440,9,8,4,1830,1,2,1,1.0,1,37132,M,0.0,0,37
200900031441,9,8,7,1600,1,1,1,1.0,1,37132,M,4.0,0,37
200900031442,9,8,5,800,1,1,1,1.0,6,37032,M,4.0,0,37
200900031443,9,8,8,1500,1,1,9,1.0,6,37213,M,0.0,0,37
200900031444,9,8,10,1445,1,1,1,1.0,3,37050,M,4.0,0,37
200900031445,9,8,11,1145,1,1,1,1.0,1,37152,M,4.0,0,37
200900031446,9,8,14,15,3,2,1,1.0,6,37020,M,0.0,0,37
200900031447,9,8,16,1015,1,2,1,1.0,6,37132,M,0.0,0,37
200900031448,9,8,21,1215,1,1,1,1.0,2,37269,M,0.0,0,37
200900031449,9,8,14,1830,1,2,1,1.0,3,37065,M,0.0,0,37
200900031450,9,8,21,1515,1,2,1,1.0,3,37052,M,4.0,0,37