Num_Acc,an,mois,jour,hrmn,lum,agg,int,atm,col,com,gps,lat,long,dep
200900032212,9,2,28,1545,1,2,4,1.0,1,50173,M,4.0,-,50
200900032213,9,2,2,1130,1,1,1,4.0,4,50236,M,4.0,-,50
200900032214,9,2,8,145,3,1,1,9.0,6,50541,M,4.0,-,50
200900032215,9,2,27,715,3,1,1,1.0,1,50402,M,4.0,-,50
200900032216,9,2,27,1830,1,2,3,1.0,3,50218,M,4.0,-,50
200900032217,9,2,10,1435,1,2,2,1.0,3,50602,M,4.0,-,50
200900032218,9,2,12,1950,5,2,2,1.0,1,50129,M,4.0,-,50
200900032219,9,2,1,10,5,2,3,1.0,2,50129,M,4.0,-,50
200900032220,9,2,11,800,2,2,6,1.0,2,50129,M,4.0,-,50
200900032221,9,2,1,1730,1,2,3,1.0,3,50532,M,4.0,-,50
200900032222,9,2,22,1400,1,1,1,8.0,3,50167,M,4.0,-,50
200900032223,9,2,7,845,1,2,1,1.0,6,50602,M,,,50
200900032224,9,2,22,1930,3,1,1,2.0,6,50056,M,4.0,-,50
200900032225,9,2,23,1200,1,2,1,1.0,1,50219,M,4.0,-,50
200900032226,9,2,28,1615,1,1,3,1.0,3,50327,M,4.0,-,50
200900032227,9,2,14,1910,5,1,1,1.0,2,50218,M,4.0,-,50
200900032228,9,7,7,1555,1,2,1,1.0,3,73103,M,,,73
200900032229,9,10,17,1630,1,2,1,1.0,1,51018,M,0.0,0,51
200900032230,9,10,16,1345,1,1,1,1.0,3,51333,M,0.0,0,51
200900032231,9,10,11,1515,1,2,6,1.0,3,51250,M,0.0,0,51
200900032232,9,10,29,615,3,2,9,5.0,7,51183,M,0.0,0,51
200900032233,9,10,2,1945,3,1,1,1.0,3,51413,M,0.0,0,51
200900032234,9,10,15,1845,2,1,1,1.0,1,51262,M,4.0,0,51
200900032235,9,10,26,1800,5,1,1,1.0,3,51454,M,0.0,0,51
200900032236,9,10,13,1415,1,2,3,1.0,3,51237,M,0.0,0,51
200900032237,9,10,18,430,3,2,1,1.0,7,51314,M,0.0,0,51
200900032238,9,10,31,1445,1,2,2,1.0,3,51492,M,0.0,0,51
200900032239,9,10,10,1415,1,2,1,1.0,7,51158,M,4.0,0,51
200900032240,9,10,17,1330,1,1,1,1.0,3,51527,M,0.0,0,51
200900032241,9,10,4,1100,1,1,1,1.0,3,51569,M,4.0,0,51
200900032242,9,10,22,1815,1,1,1,1.0,1,51234,M,0.0,0,51
200900032243,9,10,28,2345,3,1,1,1.0,7,51545,M,0.0,0,51
200900032244,9,10,5,1445,1,1,3,3.0,3,51571,M,0.0,0,51
200900032245,9,10,27,1130,1,1,1,5.0,7,51278,M,0.0,0,51
200900032246,9,10,20,1930,2,1,1,1.0,2,51598,M,0.0,0,51
200900032247,9,10,10,930,1,1,1,1.0,7,51435,M,0.0,0,51
200900032248,9,10,24,1545,1,1,1,8.0,1,51409,M,0.0,0,51
200900032249,9,10,16,530,2,1,1,1.0,1,51195,M,0.0,0,51
200900032250,9,10,1,1920,1,2,1,1.0,3,51573,M,0.0,0,51
200900032251,9,10,8,1345,1,2,3,1.0,3,51454,M,0.0,0,51
200900032252,9,10,2,705,5,2,1,1.0,3,51454,M,0.0,0,51
200900032253,9,10,5,1130,1,2,1,2.0,1,51454,M,0.0,0,51
200900032254,9,10,6,815,2,2,1,2.0,6,51454,M,0.0,0,51
200900032255,9,10,3,5,5,2,1,1.0,3,51454,M,0.0,0,51
200900032256,9,10,6,745,2,2,1,2.0,6,51454,M,0.0,0,51
200900032257,9,10,9,1745,1,2,1,1.0,6,51454,M,0.0,0,51
200900032258,9,10,14,1915,3,1,1,1.0,7,51506,M,0.0,0,51
200900032259,9,10,5,845,1,2,1,2.0,4,51454,M,0.0,0,51
200900032260,9,10,4,220,3,2,1,2.0,7,51474,M,0.0,0,51
200900032261,9,10,7,1110,1,2,1,1.0,2,51454,M,0.0,0,51
200900032262,9,10,15,850,1,2,1,1.0,6,51454,M,0.0,0,51
200900032263,9,10,1,1435,1,2,1,1.0,6,51454,M,0.0,0,51
200900032264,9,11,13,30,5,2,2,1.0,6,75120,M,,,75
200900032265,9,11,13,120,5,2,5,1.0,6,75108,M,,,75
200900032266,9,11,13,140,5,2,1,1.0,6,75113,M,,,75
200900032267,9,11,13,900,1,2,1,1.0,4,75117,M,,,75
200900032268,9,11,13,900,1,2,1,1.0,7,75119,M,,,75
200900032269,9,11,13,905,1,2,1,1.0,6,75120,M,,,75
200900032270,9,11,13,920,1,2,1,1.0,6,75107,M,,,75
200900032271,9,11,13,1030,1,2,5,1.0,6,75120,M,,,75
200900032272,9,11,13,1040,1,2,1,1.0,3,75108,M,,,75
200900032273,9,11,13,1110,1,2,1,1.0,6,75117,M,,,75
200900032274,9,11,13,1230,1,2,2,1.0,2,75102,M,,,75
200900032275,9,11,13,1305,1,2,3,1.0,6,75105,M,,,75
200900032276,9,11,13,1340,1,2,1,1.0,3,75116,M,,,75
200900032277,9,11,13,1355,1,2,3,1.0,6,75119,M,,,75
200900032278,9,11,13,1402,1,2,1,1.0,7,75113,M,,,75
200900032279,9,11,17,735,1,2,1,2.0,2,75108,M,,,75
200900032280,9,11,17,755,2,2,1,2.0,6,75119,M,,,75
200900032281,9,11,17,825,2,2,5,2.0,6,75106,M,,,75
200900032282,9,11,17,845,1,2,1,2.0,1,75115,M,,,75
200900032283,9,11,17,900,1,2,2,2.0,3,75120,M,,,75
200900032284,9,11,17,920,1,2,1,2.0,6,75118,M,,,75
200900032285,9,11,17,935,1,2,2,3.0,7,75112,M,,,75
200900032286,9,11,17,1000,1,2,1,2.0,6,75110,M,,,75
200900032287,9,11,17,1000,1,2,1,2.0,6,75111,M,,,75
200900032288,9,11,17,1027,1,2,1,8.0,7,75108,M,,,75
200900032289,9,11,17,1040,1,2,5,2.0,6,75109,M,,,75
200900032290,9,11,17,1205,1,2,5,2.0,5,75111,M,,,75
200900032291,9,11,17,1240,1,2,1,9.0,6,75120,M,,,75
200900032292,9,11,13,1440,1,2,1,1.0,3,75117,M,,,75
200900032293,9,11,13,1505,1,2,2,1.0,3,75102,M,,,75
200900032294,9,11,13,1600,1,2,5,1.0,3,75112,M,,,75
200900032295,9,11,13,1610,1,2,1,1.0,6,75111,M,,,75
200900032296,9,11,13,1645,1,2,2,1.0,6,75111,M,,,75
200900032297,9,11,13,1810,5,2,1,1.0,4,75113,M,,,75
200900032298,9,11,13,1830,5,2,3,1.0,6,75101,M,,,75
200900032299,9,11,13,1845,5,2,3,1.0,4,75101,M,,,75
200900032300,9,11,13,1900,5,2,4,1.0,6,75111,M,,,75
200900032301,9,11,13,1910,5,2,1,1.0,6,75115,M,,,75
200900032302,9,11,13,2220,5,2,2,1.0,6,75117,M,,,75
200900032303,9,11,13,2230,5,2,5,1.0,6,75105,M,,,75
200900032304,9,11,13,2240,5,2,2,1.0,3,75111,M,,,75
200900032305,9,11,13,2310,5,2,2,1.0,6,75105,M,,,75
200900032306,9,11,17,5,5,2,2,1.0,3,75112,M,,,75
200900032307,9,11,17,110,5,2,3,1.0,6,75117,M,,,75
200900032308,9,11,17,745,1,2,1,2.0,3,75110,M,,,75
200900032309,9,11,17,1250,1,2,1,2.0,3,75119,M,,,75
200900032310,9,11,17,1330,1,2,1,2.0,6,75104,M,,,75
200900032311,9,11,17,1340,1,2,1,2.0,6,75120,M,,,75
200900032312,9,11,17,1525,1,2,5,1.0,3,75115,M,,,75
200900032313,9,11,17,1700,2,2,1,1.0,3,75112,M,,,75
200900032314,9,11,17,1740,5,2,3,1.0,3,75108,M,,,75
200900032315,9,11,17,2030,5,2,3,1.0,4,75101,M,,,75
200900032316,9,11,17,2045,5,2,1,1.0,2,75104,M,,,75
200900032317,9,11,16,20,5,2,5,2.0,6,75117,M,,,75
200900032318,9,11,16,110,5,2,1,2.0,6,75112,M,,,75
200900032319,9,11,16,600,5,2,4,8.0,6,75109,M,,,75
200900032320,9,11,16,725,1,2,1,2.0,6,75108,M,,,75
200900032321,9,11,16,750,2,2,1,2.0,6,75112,M,,,75
200900032322,9,11,16,800,1,2,2,2.0,3,75108,M,,,75
200900032323,9,11,16,905,1,2,1,2.0,2,75112,M,,,75
200900032324,9,11,16,920,1,2,1,8.0,6,75113,M,,,75
200900032325,9,11,16,941,1,2,1,1.0,3,75112,M,,,75
200900032326,9,11,16,1100,1,2,2,1.0,2,75106,M,,,75
200900032327,9,11,16,1145,1,2,1,1.0,4,75113,M,,,75
200900032328,9,11,16,1145,1,2,1,8.0,6,75120,M,,,75
200900032329,9,11,16,1345,1,2,3,1.0,2,75119,M,,,75
200900032330,9,11,16,1350,1,2,1,1.0,2,75113,M,,,75
200900032331,9,11,16,1440,1,2,2,1.0,3,75105,M,,,75
200900032332,9,11,16,1450,1,2,2,1.0,6,75112,M,,,75
200900032333,9,11,16,1453,1,2,1,8.0,3,75120,M,,,75
200900032334,9,11,16,1525,1,2,1,1.0,6,75119,M,,,75
200900032335,9,11,16,1554,1,2,3,8.0,2,75103,M,,,75
200900032336,9,11,16,1620,1,2,1,1.0,6,75112,M,,,75
200900032337,9,11,16,1655,2,2,1,1.0,6,75111,M,,,75
200900032338,9,11,16,1725,5,2,1,1.0,3,75112,M,,,75
200900032339,9,11,16,1733,5,2,1,1.0,7,75119,M,,,75
200900032340,9,11,16,1740,5,2,1,1.0,6,75119,M,,,75
200900032341,9,11,16,1822,5,2,5,2.0,3,75113,M,,,75
200900032342,9,11,16,1830,5,2,1,1.0,3,75112,M,,,75
200900032343,9,11,16,2000,3,2,1,1.0,6,75117,M,,,75
200900032344,9,11,18,38,5,2,2,1.0,2,75108,M,,,75
200900032345,9,11,18,40,3,2,1,8.0,7,75120,M,,,75
200900032346,9,11,18,300,5,2,1,1.0,7,75107,M,,,75
200900032347,9,11,18,705,2,2,1,1.0,3,75112,M,,,75
200900032348,9,11,18,805,1,2,1,1.0,7,75109,M,,,75
200900032349,9,11,18,900,1,2,1,1.0,6,75116,M,,,75
200900032350,9,11,18,900,1,2,1,1.0,6,75105,M,,,75
200900032351,9,11,18,1030,1,2,2,1.0,6,75110,M,,,75
200900032352,9,11,18,1115,1,2,5,1.0,3,75117,M,,,75
200900032353,9,11,18,1210,1,2,1,1.0,3,75108,M,,,75
200900032354,9,11,18,1240,1,2,2,1.0,6,75101,M,,,75
200900032355,9,11,18,1310,1,2,1,1.0,3,75112,M,,,75
200900032356,9,11,18,1420,1,2,2,1.0,3,75116,M,,,75
200900032357,9,11,18,1450,1,2,2,1.0,3,75104,M,,,75
200900032358,9,11,18,1615,1,2,1,1.0,4,75113,M,,,75
200900032359,9,11,18,1615,1,2,5,1.0,3,75115,M,,,75
200900032360,9,11,18,1730,5,2,1,1.0,6,75117,M,,,75
200900032361,9,11,18,1815,5,2,1,1.0,6,75104,M,,,75
200900032362,9,11,18,1817,5,2,1,1.0,6,75106,M,,,75
200900032363,9,11,18,1830,5,2,1,1.0,4,75113,M,,,75
200900032364,9,11,18,1850,2,2,1,1.0,3,75114,M,,,75
200900032365,9,11,18,1855,5,2,2,1.0,3,75111,M,,,75
200900032366,9,11,18,1910,5,2,1,1.0,3,75110,M,,,75
200900032367,9,11,18,2100,5,2,1,1.0,6,75117,M,,,75
200900032368,9,11,18,2240,5,2,1,1.0,4,75118,M,,,75
200900032369,9,11,19,225,5,2,1,1.0,7,75109,M,,,75
200900032370,9,11,19,815,1,2,5,1.0,3,75117,M,,,75
200900032371,9,11,19,825,1,2,1,1.0,3,75111,M,,,75
200900032372,9,11,19,845,1,2,1,1.0,6,75106,M,,,75
200900032373,9,11,19,850,1,2,2,1.0,6,75110,M,,,75
200900032374,9,11,19,905,1,2,1,1.0,7,75119,M,,,75
200900032375,9,11,19,920,1,2,1,1.0,6,75108,M,,,75
200900032376,9,11,19,940,1,2,1,1.0,6,75114,M,,,75
200900032377,9,11,19,1010,1,2,1,1.0,6,75101,M,,,75
200900032378,9,11,19,1022,1,2,3,1.0,6,75120,M,,,75
200900032379,9,11,19,1220,1,2,2,1.0,7,75114,M,,,75
200900032380,9,11,19,1235,1,2,1,1.0,6,75117,M,,,75
200900032381,9,11,19,1310,1,2,1,1.0,6,75119,M,,,75
200900032382,9,11,19,1338,1,2,2,1.0,6,75105,M,,,75
200900032383,9,11,19,1357,1,2,1,1.0,2,75112,M,,,75
200900032384,9,11,19,1400,1,2,2,1.0,7,75118,M,,,75
200900032385,9,11,19,1450,1,2,1,1.0,6,75112,M,,,75
200900032386,9,11,19,1535,1,2,2,1.0,3,75105,M,,,75
200900032387,9,11,19,1555,1,2,5,1.0,6,75109,M,,,75
200900032388,9,11,19,1610,1,2,5,1.0,3,75106,M,,,75
200900032389,9,11,19,1635,1,2,1,1.0,6,75120,M,,,75
200900032390,9,11,19,1720,5,2,1,1.0,3,75115,M,,,75
200900032391,9,11,19,1720,5,2,1,1.0,7,75118,M,,,75
200900032392,9,11,19,1735,5,2,1,1.0,1,75106,M,,,75
200900032393,9,11,19,1745,5,2,5,1.0,3,75117,M,,,75
200900032394,9,11,19,1830,4,2,1,1.0,3,75120,M,,,75
200900032395,9,11,19,1835,5,2,1,1.0,6,75112,M,,,75
200900032396,9,11,19,1850,5,2,2,1.0,6,75108,M,,,75
200900032397,9,11,19,1909,5,2,3,1.0,6,75109,M,,,75
200900032398,9,11,19,2035,5,2,2,1.0,6,75117,M,,,75
200900032399,9,11,19,2110,5,2,1,1.0,6,75112,M,,,75
200900032400,9,11,19,2140,5,2,3,1.0,5,75114,M,,,75
200900032401,9,11,19,2330,5,2,1,1.0,6,75110,M,,,75
200900032402,9,11,21,1650,1,2,1,1.0,3,75110,M,,,75
200900032403,9,11,21,140,5,2,1,1.0,6,75120,M,,,75
200900032404,9,11,21,220,5,2,3,1.0,6,75106,M,,,75
200900032405,9,11,21,250,5,2,1,1.0,6,75110,M,,,75
200900032406,9,11,21,440,5,2,2,2.0,6,75117,M,,,75
200900032407,9,11,21,530,5,2,1,2.0,6,75112,M,,,75
200900032408,9,11,21,530,5,2,1,2.0,2,75117,M,,,75
200900032409,9,11,21,635,5,2,2,9.0,6,75108,M,,,75
200900032410,9,11,21,910,1,2,2,1.0,6,75113,M,,,75
200900032411,9,11,21,915,1,2,1,1.0,7,75112,M,,,75
200900032412,9,11,21,1200,1,2,1,1.0,4,75114,M,,,75
200900032413,9,11,21,1250,1,2,1,1.0,6,75112,M,,,75
200900032414,9,11,21,1510,1,2,1,1.0,2,75108,M,,,75
200900032415,9,11,21,1535,1,2,1,8.0,3,75110,M,,,75
200900032416,9,11,21,1615,1,2,1,1.0,3,75111,M,,,75
200900032417,9,11,21,1705,5,2,1,1.0,3,75112,M,,,75
200900032418,9,11,21,1709,5,2,3,8.0,6,75105,M,,,75
200900032419,9,11,21,1710,5,2,1,1.0,6,75120,M,,,75
200900032420,9,11,21,1910,5,2,4,1.0,3,75108,M,,,75
200900032421,9,11,21,2100,5,2,2,1.0,3,75108,M,,,75
200900032422,9,11,23,918,1,2,1,1.0,3,75120,M,,,75
200900032423,9,11,23,1010,1,2,1,8.0,2,75118,M,,,75
200900032424,9,11,23,1300,1,2,4,2.0,2,75112,M,,,75
200900032425,9,11,23,1335,1,2,1,8.0,2,75116,M,,,75
200900032426,9,11,23,1435,1,2,1,2.0,3,75116,M,,,75
200900032427,9,11,23,1520,1,2,2,1.0,6,75114,M,,,75
200900032428,9,11,23,1530,1,2,3,2.0,7,75106,M,,,75
200900032429,9,11,23,1645,1,2,2,2.0,6,75108,M,,,75
200900032430,9,11,23,1730,2,2,5,2.0,6,75108,M,,,75
200900032431,9,11,23,1805,5,2,1,2.0,7,75108,M,,,75
200900032432,9,11,23,1820,3,2,3,2.0,1,75105,M,,,75
200900032433,9,11,23,1930,5,2,1,2.0,7,75114,M,,,75
200900032434,9,11,23,1935,5,2,3,2.0,7,75116,M,,,75
200900032435,9,11,23,1945,5,2,4,3.0,3,75115,M,,,75
200900032436,9,11,23,1945,5,2,1,2.0,6,75108,M,,,75
200900032437,9,11,23,1950,5,2,2,2.0,6,75111,M,,,75
200900032438,9,11,23,1950,5,2,4,2.0,3,75111,M,,,75
200900032439,9,11,23,2000,2,2,1,1.0,3,75114,M,,,75
200900032440,9,11,23,2010,5,2,2,2.0,1,75113,M,,,75
200900032441,9,11,23,2145,5,2,2,2.0,3,75114,M,,,75
200900032442,9,11,23,2225,5,2,2,1.0,7,75116,M,,,75
200900032443,9,11,23,2240,5,2,2,2.0,1,75110,M,,,75
200900032444,9,11,20,210,5,2,1,1.0,6,75112,M,,,75
200900032445,9,11,20,350,5,2,1,1.0,6,75116,M,,,75
200900032446,9,11,20,645,5,2,2,1.0,3,75113,M,,,75
200900032447,9,11,20,650,5,2,1,1.0,4,75118,M,,,75
200900032448,9,11,20,750,1,2,1,1.0,6,75113,M,,,75
200900032449,9,11,20,800,1,2,1,1.0,6,75115,M,,,75
200900032450,9,11,20,820,1,2,2,1.0,3,75111,M,,,75
200900032451,9,11,20,835,1,2,3,1.0,6,75114,M,,,75
200900032452,9,11,20,835,1,2,1,1.0,4,75120,M,,,75
200900032453,9,11,20,851,1,2,2,1.0,6,75112,M,,,75
200900032454,9,11,20,935,1,2,1,1.0,6,75108,M,,,75
200900032455,9,11,20,945,1,2,2,1.0,6,75110,M,,,75
200900032456,9,11,20,1030,1,2,4,1.0,6,75114,M,,,75
200900032457,9,11,20,1120,1,2,1,1.0,6,75106,M,,,75
200900032458,9,11,20,1235,1,2,2,1.0,3,75105,M,,,75
200900032459,9,11,20,1320,1,2,2,1.0,3,75112,M,,,75
200900032460,9,11,20,1510,1,2,1,1.0,3,75108,M,,,75
200900032461,9,11,20,1535,1,2,5,1.0,3,75109,M,,,75
200900032462,9,11,20,1550,1,2,5,1.0,3,75105,M,,,75
200900032463,9,11,20,1600,1,2,1,1.0,6,75112,M,,,75
200900032464,9,11,20,1600,1,2,3,1.0,3,75120,M,,,75
200900032465,9,11,20,1700,5,2,1,1.0,6,75113,M,,,75
200900032466,9,11,20,1715,5,2,1,1.0,6,75101,M,,,75
200900032467,9,11,20,1730,5,2,1,1.0,6,75120,M,,,75
200900032468,9,11,20,1800,2,2,5,2.0,3,75116,M,,,75
200900032469,9,11,20,1815,5,2,2,1.0,3,75101,M,,,75
200900032470,9,11,20,1820,5,2,1,1.0,3,75118,M,,,75
200900032471,9,11,20,1830,5,2,5,1.0,3,75119,M,,,75
200900032472,9,11,20,1835,5,2,4,1.0,6,75109,M,,,75
200900032473,9,11,20,1915,4,2,1,1.0,6,75109,M,,,75
200900032474,9,11,20,1925,5,2,1,1.0,6,75120,M,,,75
200900032475,9,11,20,1933,5,2,1,1.0,3,75116,M,,,75
200900032476,9,11,20,1940,5,2,1,1.0,6,75110,M,,,75
200900032477,9,11,20,2000,5,2,2,1.0,6,75108,M,,,75
200900032478,9,11,20,2000,5,2,1,1.0,6,75108,M,,,75
200900032479,9,11,20,2005,5,2,1,1.0,6,75116,M,,,75
200900032480,9,11,20,2010,5,2,2,1.0,3,75115,M,,,75
200900032481,9,11,20,2045,5,2,5,1.0,6,75109,M,,,75
200900032482,9,11,25,1655,1,2,3,8.0,3,75112,M,,,75
200900032483,9,11,25,340,5,2,5,1.0,7,75109,M,,,75
200900032484,9,11,25,535,5,2,2,1.0,3,75120,M,,,75
200900032485,9,11,25,815,1,2,3,1.0,6,75117,M,,,75
200900032486,9,11,25,845,1,2,7,1.0,3,75109,M,,,75
200900032487,9,11,25,850,1,2,1,1.0,3,75120,M,,,75
200900032488,9,11,25,850,1,2,1,1.0,3,75105,M,,,75
200900032489,9,11,25,910,1,2,1,1.0,2,75115,M,,,75
200900032490,9,11,25,1045,1,2,2,2.0,6,75108,M,,,75
200900032491,9,11,25,1100,1,2,2,2.0,7,75101,M,,,75
200900032492,9,11,25,1140,1,2,2,2.0,6,75104,M,,,75
200900032493,9,11,25,1315,1,2,2,2.0,6,75116,M,,,75
200900032494,9,11,25,1350,1,2,1,2.0,4,75118,M,,,75
200900032495,9,11,25,1440,1,2,1,2.0,3,75117,M,,,75
200900032496,9,11,25,1512,1,2,1,2.0,2,75111,M,,,75
200900032497,9,11,25,1630,1,2,1,1.0,2,75114,M,,,75
200900032498,9,11,25,1725,5,2,4,2.0,7,75109,M,,,75
200900032499,9,11,25,1745,1,2,4,1.0,6,75116,M,,,75
200900032500,9,11,25,1800,5,2,1,2.0,6,75116,M,,,75
200900032501,9,11,25,1830,5,2,1,1.0,7,75116,M,,,75
200900032502,9,11,25,1925,5,2,1,1.0,4,75119,M,,,75
200900032503,9,11,25,2010,5,2,1,1.0,2,75108,M,,,75
200900032504,9,11,25,2045,5,2,1,1.0,6,75114,M,,,75
200900032505,9,11,25,2130,5,2,2,8.0,3,75111,M,,,75
200900032506,9,11,25,2205,5,2,7,8.0,7,75112,M,,,75
200900032507,9,11,22,530,3,2,1,1.0,6,75108,M,,,75
200900032508,9,11,22,1655,1,2,3,2.0,6,75115,M,,,75
200900032509,9,11,22,12,5,2,5,2.0,2,75108,M,,,75
200900032510,9,11,22,20,4,2,3,2.0,6,75111,M,,,75
200900032511,9,11,22,47,5,2,2,2.0,3,75112,M,,,75
200900032512,9,11,22,150,5,2,1,3.0,7,75113,M,,,75
200900032513,9,11,22,210,5,2,1,2.0,6,75110,M,,,75
200900032514,9,11,22,230,5,2,1,3.0,6,75106,M,,,75
200900032515,9,11,22,345,5,2,1,2.0,6,75111,M,,,75
200900032516,9,11,22,350,5,2,1,2.0,6,75113,M,,,75
200900032517,9,11,22,400,5,2,3,2.0,2,75101,M,,,75
200900032518,9,11,22,650,5,2,4,2.0,6,75112,M,,,75
200900032519,9,11,22,1020,1,2,5,1.0,6,75109,M,,,75
200900032520,9,11,22,1235,1,2,1,1.0,2,75116,M,,,75
200900032521,9,11,22,1320,1,2,3,8.0,6,75111,M,,,75
200900032522,9,11,22,1500,1,2,1,2.0,3,75117,M,,,75
200900032523,9,11,22,1615,1,2,1,2.0,6,75119,M,,,75
200900032524,9,11,22,1630,1,2,1,2.0,5,75119,M,,,75
200900032525,9,11,22,1740,5,2,1,1.0,3,75112,M,,,75
200900032526,9,11,22,1900,5,2,1,2.0,2,75117,M,,,75
200900032527,9,11,22,1915,5,2,5,2.0,3,75117,M,,,75
200900032528,9,11,22,1945,5,2,3,2.0,7,75103,M,,,75
200900032529,9,11,22,2045,5,2,3,1.0,3,75120,M,,,75
200900032530,9,11,22,2115,5,2,4,2.0,6,75112,M,,,75
200900032531,9,11,22,2145,5,2,1,2.0,7,75120,M,,,75
200900032532,9,11,22,2315,5,2,1,1.0,4,75119,M,,,75
200900032533,9,11,26,232,5,2,2,1.0,6,75107,M,,,75
200900032534,9,11,26,520,5,2,1,1.0,2,75119,M,,,75
200900032535,9,11,26,840,1,2,1,1.0,3,75116,M,,,75
200900032536,9,11,26,920,1,2,3,1.0,6,75120,M,,,75
200900032537,9,11,26,940,1,2,1,1.0,7,75113,M,,,75
200900032538,9,11,26,1000,1,2,2,1.0,3,75102,M,,,75
200900032539,9,11,26,1015,1,2,5,1.0,3,75110,M,,,75
200900032540,9,11,26,1120,1,2,1,1.0,6,75117,M,,,75
200900032541,9,11,26,1150,1,2,4,1.0,2,75118,M,,,75
200900032542,9,11,26,1230,1,2,5,1.0,6,75109,M,,,75
200900032543,9,11,26,1310,1,2,5,2.0,6,75113,M,,,75
200900032544,9,11,26,1332,1,2,3,1.0,6,75104,M,,,75
200900032545,9,11,26,1420,1,2,3,2.0,4,75112,M,,,75
200900032546,9,11,26,1440,1,2,2,1.0,3,75111,M,,,75
200900032547,9,11,26,1440,1,2,5,1.0,7,75108,M,,,75
200900032548,9,11,26,1515,1,2,2,1.0,3,75109,M,,,75
200900032549,9,11,26,1545,1,2,2,1.0,6,75118,M,,,75
200900032550,9,11,26,1740,5,2,1,2.0,7,75120,M,,,75
200900032551,9,11,26,1810,2,2,2,2.0,3,75114,M,,,75
200900032552,9,11,26,2010,5,2,2,2.0,6,75111,M,,,75
200900032553,9,11,26,2020,5,2,5,2.0,3,75111,M,,,75
200900032554,9,11,26,2025,3,2,1,3.0,6,75118,M,,,75
200900032555,9,11,26,2030,5,2,1,3.0,6,75103,M,,,75
200900032556,9,11,26,2040,5,2,1,2.0,2,75111,M,,,75
200900032557,9,11,26,2050,5,2,1,3.0,4,75120,M,,,75
200900032558,9,11,26,2110,5,2,1,2.0,7,75114,M,,,75
200900032559,9,11,26,2110,5,2,5,2.0,3,75112,M,,,75
200900032560,9,11,26,2200,5,2,1,1.0,2,75116,M,,,75
200900032561,9,11,26,2210,5,2,5,1.0,6,75115,M,,,75
200900032562,9,11,26,2315,5,2,1,1.0,6,75112,M,,,75
200900032563,9,11,26,2350,5,2,3,2.0,7,75119,M,,,75
200900032564,9,11,27,1655,1,2,1,1.0,3,75117,M,,,75
200900032565,9,11,27,25,5,2,1,2.0,2,75101,M,,,75
200900032566,9,11,27,30,5,2,1,8.0,2,75108,M,,,75
200900032567,9,11,27,125,5,2,1,2.0,4,75119,M,,,75
200900032568,9,11,27,645,5,2,2,1.0,6,75110,M,,,75
200900032569,9,11,27,705,5,2,2,1.0,6,75114,M,,,75
200900032570,9,11,27,750,1,2,2,1.0,7,75119,M,,,75
200900032571,9,11,27,845,1,2,2,1.0,6,75111,M,,,75
200900032572,9,11,27,915,1,2,1,1.0,2,75112,M,,,75
200900032573,9,11,27,930,1,2,5,1.0,2,75111,M,,,75
200900032574,9,11,27,940,1,2,7,1.0,3,75116,M,,,75
200900032575,9,11,27,950,1,2,1,1.0,6,75119,M,,,75
200900032576,9,11,27,1015,1,2,2,1.0,3,75111,M,,,75
200900032577,9,11,27,1050,1,2,3,1.0,6,75118,M,,,75
200900032578,9,11,27,1135,1,2,3,1.0,3,75108,M,,,75
200900032579,9,11,27,1140,1,2,6,1.0,2,75119,M,,,75
200900032580,9,11,27,1413,1,2,2,1.0,6,75106,M,,,75
200900032581,9,11,27,1452,1,2,2,1.0,1,75101,M,,,75
200900032582,9,11,27,1555,1,2,2,1.0,3,75112,M,,,75
200900032583,9,11,27,1735,5,2,1,1.0,6,75115,M,,,75
200900032584,9,11,27,1810,1,2,1,1.0,3,75118,M,,,75
200900032585,9,11,27,1855,5,2,2,1.0,6,75117,M,,,75
200900032586,9,11,27,1900,5,2,1,1.0,3,75113,M,,,75
200900032587,9,11,27,1905,5,2,1,1.0,6,75115,M,,,75
200900032588,9,11,27,1940,5,2,1,1.0,6,75118,M,,,75
200900032589,9,11,27,2230,5,2,2,1.0,3,75116,M,,,75
200900032590,9,11,28,150,5,2,3,1.0,3,75115,M,,,75
200900032591,9,11,28,330,5,2,4,1.0,6,75112,M,,,75
200900032592,9,11,28,628,5,2,5,2.0,3,75112,M,,,75
200900032593,9,11,28,800,2,2,2,2.0,3,75112,M,,,75
200900032594,9,11,28,925,1,2,2,2.0,6,75116,M,,,75
200900032595,9,11,28,935,1,2,1,2.0,7,75108,M,,,75
200900032596,9,11,28,1610,1,2,2,2.0,3,75107,M,,,75