Num_Acc,an,mois,jour,hrmn,lum,agg,int,atm,col,com,gps,lat,long,dep
200900032597,9,11,28,1710,5,2,1,2.0,3,75112,M,,,75
200900032598,9,11,28,1730,3,2,2,2.0,6,75104,M,,,75
200900032599,9,11,28,1730,5,2,1,2.0,6,75110,M,,,75
200900032600,9,11,28,1800,5,2,5,3.0,6,75118,M,,,75
200900032601,9,11,28,1825,5,2,3,2.0,2,75101,M,,,75
200900032602,9,11,28,1835,5,2,1,2.0,4,75118,M,,,75
200900032603,9,11,28,1850,5,2,1,2.0,6,75115,M,,,75
200900032604,9,11,28,1900,5,2,1,2.0,3,75113,M,,,75
200900032605,9,11,28,1910,5,2,2,1.0,3,75105,M,,,75
200900032606,9,11,28,1920,5,2,2,2.0,2,75105,M,,,75
200900032607,9,11,28,1925,5,2,3,2.0,6,75108,M,,,75
200900032608,9,11,28,1935,5,2,5,2.0,3,75112,M,,,75
200900032609,9,11,28,2110,5,2,1,1.0,2,75112,M,,,75
200900032610,9,11,24,810,2,2,4,1.0,3,75104,M,,,75
200900032611,9,11,24,830,1,2,1,1.0,3,75113,M,,,75
200900032612,9,11,24,1015,1,2,2,1.0,6,75110,M,,,75
200900032613,9,11,24,1215,1,2,2,1.0,2,75119,M,,,75
200900032614,9,11,24,1225,1,2,3,1.0,7,75113,M,,,75
200900032615,9,11,24,1400,1,2,1,1.0,3,75115,M,,,75
200900032616,9,11,24,1415,1,2,3,1.0,3,75108,M,,,75
200900032617,9,11,24,1420,1,2,3,1.0,1,75118,M,,,75
200900032618,9,11,24,1425,1,2,2,1.0,6,75107,M,,,75
200900032619,9,11,24,1500,1,2,1,1.0,2,75108,M,,,75
200900032620,9,11,24,1540,1,2,3,1.0,3,75104,M,,,75
200900032621,9,11,24,1705,5,2,1,1.0,6,75105,M,,,75
200900032622,9,11,24,1730,5,2,1,1.0,6,75108,M,,,75
200900032623,9,11,24,1730,5,2,2,1.0,6,75113,M,,,75
200900032624,9,11,24,1758,5,2,1,1.0,3,75120,M,,,75
200900032625,9,11,24,2040,5,2,3,1.0,6,75120,M,,,75
200900032626,9,11,24,2118,5,2,1,8.0,6,75109,M,,,75
200900032627,9,11,24,2125,5,2,1,1.0,1,75112,M,,,75
200900032628,9,11,24,2125,5,2,7,1.0,3,75116,M,,,75
200900032629,9,11,24,2155,3,2,1,1.0,7,75112,M,,,75
200900032630,9,11,24,2200,5,2,1,1.0,6,75120,M,,,75
200900032631,9,11,24,2230,5,2,3,1.0,3,75115,M,,,75
200900032632,9,11,29,1000,1,2,3,1.0,2,75114,M,,,75
200900032633,9,11,29,210,5,2,2,1.0,3,75102,M,,,75
200900032634,9,11,29,230,5,2,2,1.0,6,75102,M,,,75
200900032635,9,11,29,345,5,2,2,1.0,3,75117,M,,,75
200900032636,9,11,29,511,5,2,1,2.0,6,75119,M,,,75
200900032637,9,11,29,610,5,2,2,2.0,2,75117,M,,,75
200900032638,9,11,29,1120,1,2,1,2.0,7,75117,M,,,75
200900032639,9,11,29,1230,1,2,1,1.0,3,75112,M,,,75
200900032640,9,11,29,1400,1,2,2,2.0,7,75117,M,,,75
200900032641,9,11,29,1555,1,2,2,1.0,6,75111,M,,,75
200900032642,9,11,29,1620,1,2,3,2.0,3,75102,M,,,75
200900032643,9,11,29,1750,5,2,2,1.0,4,75118,M,,,75
200900032644,9,11,29,2030,5,2,1,1.0,7,75117,M,,,75
200900032645,9,11,29,2100,5,2,2,1.0,6,75119,M,,,75
200900032646,9,11,30,1630,1,2,2,2.0,3,75120,M,,,75
200900032647,9,11,30,930,1,2,1,1.0,3,75118,M,,,75
200900032648,9,11,30,930,1,2,1,8.0,3,75117,M,,,75
200900032649,9,11,30,1040,1,2,1,1.0,6,75120,M,,,75
200900032650,9,11,30,1245,1,2,2,1.0,2,75113,M,,,75
200900032651,9,11,30,1345,1,2,4,1.0,7,75118,M,,,75
200900032652,9,11,30,1355,1,2,3,1.0,3,75119,M,,,75
200900032653,9,11,30,1415,1,2,1,8.0,3,75108,M,,,75
200900032654,9,11,30,1550,1,2,2,1.0,3,75102,M,,,75
200900032655,9,11,30,1650,2,2,1,1.0,4,75120,M,,,75
200900032656,9,11,30,1800,5,2,1,3.0,6,75118,M,,,75
200900032657,9,11,30,1805,5,2,1,3.0,3,75112,M,,,75
200900032658,9,11,30,1840,5,2,4,3.0,6,75107,M,,,75
200900032659,9,11,30,1845,5,2,3,3.0,7,75106,M,,,75
200900032660,9,11,30,1935,5,2,2,1.0,6,75116,M,,,75
200900032661,9,11,30,2040,5,2,3,2.0,3,75107,M,,,75
200900032662,9,11,30,2143,5,2,1,2.0,7,75112,M,,,75
200900032663,9,11,30,2200,5,2,1,1.0,6,75119,M,,,75
200900032664,9,11,30,2340,5,2,5,2.0,6,75116,M,,,75
200900032665,9,11,2,120,5,2,3,1.0,3,75115,M,,,75
200900032666,9,11,2,600,5,2,1,2.0,6,75112,M,,,75
200900032667,9,11,2,645,5,2,5,2.0,2,75112,M,,,75
200900032668,9,11,2,715,2,2,1,2.0,6,75119,M,,,75
200900032669,9,11,2,750,1,2,1,8.0,7,75105,M,,,75
200900032670,9,11,2,815,1,2,5,2.0,2,75108,M,,,75
200900032671,9,11,2,840,1,2,5,1.0,3,75112,M,,,75
200900032672,9,11,2,840,1,2,5,1.0,6,75115,M,,,75
200900032673,9,11,2,945,1,2,1,1.0,7,75113,M,,,75
200900032674,9,11,2,945,1,2,5,1.0,7,75116,M,,,75
200900032675,9,11,2,1045,1,2,1,1.0,2,75119,M,,,75
200900032676,9,11,2,1245,1,2,1,2.0,6,75116,M,,,75
200900032677,9,11,2,1300,1,2,3,2.0,3,75109,M,,,75
200900032678,9,11,2,1314,1,2,1,2.0,6,75120,M,,,75
200900032679,9,11,2,1315,1,2,1,2.0,2,75102,M,,,75
200900032680,9,11,2,1435,1,2,1,1.0,3,75120,M,,,75
200900032681,9,11,2,1445,1,2,1,1.0,2,75109,M,,,75
200900032682,9,11,2,1540,1,2,2,1.0,6,75112,M,,,75
200900032683,9,11,2,1635,1,2,1,1.0,3,75116,M,,,75
200900032684,9,11,2,1707,2,2,4,1.0,2,75111,M,,,75
200900032685,9,11,2,1715,1,2,5,1.0,6,75104,M,,,75
200900032686,9,11,2,1730,5,2,5,2.0,7,75106,M,,,75
200900032687,9,11,2,1820,1,2,1,1.0,2,75114,M,,,75
200900032688,9,11,2,1830,4,2,1,1.0,4,75120,M,,,75
200900032689,9,11,2,1910,5,2,2,9.0,3,75111,M,,,75
200900032690,9,11,2,1915,5,2,2,1.0,6,75105,M,,,75
200900032691,9,11,2,1920,5,2,1,1.0,6,75119,M,,,75
200900032692,9,11,2,1920,5,2,3,1.0,6,75119,M,,,75
200900032693,9,11,2,2000,5,2,5,1.0,3,75101,M,,,75
200900032694,9,11,4,830,1,2,3,1.0,7,75119,M,,,75
200900032695,9,11,4,925,1,2,4,1.0,6,75112,M,,,75
200900032696,9,11,4,955,1,2,1,1.0,6,75114,M,,,75
200900032697,9,11,4,1020,1,2,1,1.0,6,75115,M,,,75
200900032698,9,11,4,1025,1,2,1,1.0,6,75115,M,,,75
200900032699,9,11,4,1100,1,2,5,1.0,6,75109,M,,,75
200900032700,9,11,4,1310,1,2,2,2.0,7,75115,M,,,75
200900032701,9,11,4,1315,1,2,1,2.0,2,75108,M,,,75
200900032702,9,11,4,1400,1,2,4,1.0,3,75115,M,,,75
200900032703,9,11,4,1425,1,2,5,8.0,6,75113,M,,,75
200900032704,9,11,4,1500,1,2,3,1.0,3,75108,M,,,75
200900032705,9,11,4,1720,2,2,1,1.0,6,75118,M,,,75
200900032706,9,11,4,1750,2,2,2,2.0,3,75104,M,,,75
200900032707,9,11,4,1751,5,2,3,2.0,3,75112,M,,,75
200900032708,9,11,4,1815,5,2,1,2.0,3,75113,M,,,75
200900032709,9,11,4,1900,5,2,1,1.0,6,75113,M,,,75
200900032710,9,11,4,1910,5,2,1,1.0,3,75116,M,,,75
200900032711,9,11,4,1920,5,2,5,2.0,6,75112,M,,,75
200900032712,9,11,4,2115,5,2,5,1.0,6,75111,M,,,75
200900032713,9,11,4,2115,5,2,2,1.0,6,75120,M,,,75
200900032714,9,11,3,330,5,2,2,2.0,2,75113,M,,,75
200900032715,9,11,3,605,2,2,2,2.0,3,75108,M,,,75
200900032716,9,11,3,840,1,2,5,2.0,2,75114,M,,,75
200900032717,9,11,3,850,1,2,1,2.0,7,75116,M,,,75
200900032718,9,11,3,850,1,2,5,2.0,7,75111,M,,,75
200900032719,9,11,3,925,1,2,1,2.0,6,75109,M,,,75
200900032720,9,11,3,945,1,2,1,3.0,3,75118,M,,,75
200900032721,9,11,3,1200,1,2,2,2.0,6,75111,M,,,75
200900032722,9,11,3,1225,1,2,2,2.0,2,75113,M,,,75
200900032723,9,11,3,1250,1,2,3,2.0,7,75104,M,,,75
200900032724,9,11,3,1320,1,2,1,2.0,3,75120,M,,,75
200900032725,9,11,3,1320,1,2,2,2.0,6,75106,M,,,75
200900032726,9,11,3,1330,1,2,1,2.0,7,75120,M,,,75
200900032727,9,11,3,1340,1,2,1,2.0,6,75113,M,,,75
200900032728,9,11,3,1410,1,2,1,8.0,6,75102,M,,,75
200900032729,9,11,3,1520,1,2,1,8.0,6,75110,M,,,75
200900032730,9,11,3,1600,1,2,1,8.0,3,75116,M,,,75
200900032731,9,11,3,1610,1,2,1,2.0,7,75113,M,,,75
200900032732,9,11,3,1750,5,2,2,2.0,6,75101,M,,,75
200900032733,9,11,3,1950,5,2,2,2.0,3,75113,M,,,75
200900032734,9,11,3,2000,5,2,4,2.0,7,75111,M,,,75
200900032735,9,11,3,2015,5,2,5,3.0,3,75119,M,,,75
200900032736,9,11,3,2020,5,2,4,3.0,3,75113,M,,,75
200900032737,9,11,3,2138,5,2,5,3.0,3,75117,M,,,75
200900032738,9,11,3,2150,5,2,5,2.0,6,75106,M,,,75
200900032739,9,11,3,2235,5,2,2,2.0,6,75110,M,,,75
200900032740,9,11,8,329,5,2,2,2.0,3,75110,M,,,75
200900032741,9,11,8,930,1,2,1,8.0,2,75112,M,,,75
200900032742,9,11,8,1030,1,2,1,1.0,3,75115,M,,,75
200900032743,9,11,8,1900,4,2,2,1.0,6,75116,M,,,75
200900032744,9,11,8,110,5,2,2,1.0,3,75120,M,,,75
200900032745,9,11,8,332,4,2,2,2.0,3,75120,M,,,75
200900032746,9,11,8,410,5,2,1,2.0,6,75116,M,,,75
200900032747,9,11,8,430,5,2,1,2.0,2,75108,M,,,75
200900032748,9,11,8,800,1,2,2,8.0,6,75119,M,,,75
200900032749,9,11,8,1530,1,2,1,1.0,6,75118,M,,,75
200900032750,9,11,8,1630,1,2,1,1.0,6,75113,M,,,75
200900032751,9,11,8,1700,1,2,1,1.0,6,75112,M,,,75
200900032752,9,11,8,1950,5,2,2,1.0,3,75111,M,,,75
200900032753,9,11,1,210,5,2,1,1.0,6,75109,M,,,75
200900032754,9,11,1,240,5,2,2,1.0,3,75101,M,,,75
200900032755,9,11,1,250,5,2,1,1.0,6,75119,M,,,75
200900032756,9,11,1,320,5,2,2,1.0,3,75118,M,,,75
200900032757,9,11,1,1320,1,2,1,2.0,2,75112,M,,,75
200900032758,9,11,1,536,5,2,4,8.0,6,75120,M,,,75
200900032759,9,11,1,700,1,2,1,2.0,7,75112,M,,,75
200900032760,9,11,1,745,1,2,1,2.0,1,75112,M,,,75
200900032761,9,11,1,845,1,2,1,2.0,6,75116,M,,,75
200900032762,9,11,1,1155,1,2,1,8.0,2,75111,M,,,75
200900032763,9,11,1,1245,1,2,1,2.0,4,75114,M,,,75
200900032764,9,11,1,1315,1,2,1,2.0,7,75117,M,,,75
200900032765,9,11,1,1400,1,2,1,3.0,6,75106,M,,,75
200900032766,9,11,1,1410,1,2,1,3.0,1,75120,M,,,75
200900032767,9,11,1,1435,1,2,1,2.0,6,75120,M,,,75
200900032768,9,11,1,1440,1,2,5,3.0,3,75116,M,,,75
200900032769,9,11,1,1500,1,2,2,3.0,2,75108,M,,,75
200900032770,9,11,1,1530,1,2,1,2.0,2,75119,M,,,75
200900032771,9,11,1,1620,1,2,3,2.0,1,75117,M,,,75
200900032772,9,11,1,1630,2,2,2,3.0,3,75111,M,,,75
200900032773,9,11,1,1810,5,2,1,3.0,7,75116,M,,,75
200900032774,9,11,1,1900,5,2,1,3.0,6,75110,M,,,75
200900032775,9,11,1,1920,2,2,3,2.0,6,75109,M,,,75
200900032776,9,11,1,1925,5,2,5,3.0,3,75113,M,,,75
200900032777,9,11,1,1925,5,2,2,3.0,6,75113,M,,,75
200900032778,9,11,7,420,5,2,1,2.0,6,75120,M,,,75
200900032779,9,11,7,1,5,2,2,3.0,3,75116,M,,,75
200900032780,9,11,7,52,5,2,1,2.0,2,75114,M,,,75
200900032781,9,11,7,110,5,2,1,3.0,6,75112,M,,,75
200900032782,9,11,7,230,5,2,1,2.0,6,75120,M,,,75
200900032783,9,11,7,550,5,2,1,2.0,6,75117,M,,,75
200900032784,9,11,7,615,5,2,1,1.0,6,75107,M,,,75
200900032785,9,11,7,1000,1,2,5,1.0,2,75117,M,,,75
200900032786,9,11,7,1055,1,2,2,1.0,3,75102,M,,,75
200900032787,9,11,7,1158,1,2,1,1.0,6,75106,M,,,75
200900032788,9,11,7,1255,1,2,3,1.0,6,75118,M,,,75
200900032789,9,11,7,1620,1,2,5,1.0,7,75117,M,,,75
200900032790,9,11,7,1650,1,2,3,8.0,2,75116,M,,,75
200900032791,9,11,7,1650,1,2,5,1.0,2,75105,M,,,75
200900032792,9,11,7,2245,5,2,5,1.0,6,75108,M,,,75
200900032793,9,11,7,1700,3,2,1,2.0,1,75117,M,,,75
200900032794,9,11,7,1940,5,2,1,1.0,3,75112,M,,,75
200900032795,9,11,7,2010,5,2,2,1.0,3,75108,M,,,75
200900032796,9,11,7,2143,5,2,5,1.0,6,75109,M,,,75
200900032797,9,11,7,2320,5,2,1,1.0,6,75111,M,,,75
200900032798,9,11,6,330,5,2,4,1.0,7,75117,M,,,75
200900032799,9,11,6,710,1,2,5,1.0,3,75104,M,,,75
200900032800,9,11,6,830,1,2,1,1.0,7,75119,M,,,75
200900032801,9,11,6,1050,1,2,5,1.0,7,75120,M,,,75
200900032802,9,11,6,1120,1,2,1,1.0,6,75116,M,,,75
200900032803,9,11,6,1155,1,2,1,1.0,7,75120,M,,,75
200900032804,9,11,6,1215,1,2,1,1.0,7,75112,M,,,75
200900032805,9,11,6,1340,1,2,1,1.0,7,75112,M,,,75
200900032806,9,11,6,40,5,2,2,1.0,6,75105,M,,,75
200900032807,9,11,6,210,5,2,2,1.0,3,75104,M,,,75
200900032808,9,11,6,840,1,2,1,1.0,3,75116,M,,,75
200900032809,9,11,6,1000,1,2,1,1.0,6,75114,M,,,75
200900032810,9,11,6,1100,1,2,2,1.0,6,75111,M,,,75
200900032811,9,11,6,1530,1,2,1,1.0,6,75117,M,,,75
200900032812,9,11,6,1610,1,2,5,1.0,6,75107,M,,,75
200900032813,9,11,6,1615,1,2,2,1.0,6,75120,M,,,75
200900032814,9,11,6,1615,1,2,5,1.0,3,75117,M,,,75
200900032815,9,11,6,1650,1,2,1,1.0,6,75114,M,,,75
200900032816,9,11,6,1725,1,2,1,1.0,3,75110,M,,,75
200900032817,9,11,6,1730,5,2,1,1.0,2,75101,M,,,75
200900032818,9,11,6,2330,5,2,2,2.0,3,75115,M,,,75
200900032819,9,11,6,1800,5,2,3,1.0,3,75117,M,,,75
200900032820,9,11,6,1850,5,2,5,1.0,2,75108,M,,,75
200900032821,9,11,6,1900,5,2,2,1.0,6,75117,M,,,75
200900032822,9,11,6,1930,5,2,1,1.0,3,75111,M,,,75
200900032823,9,11,6,2030,5,2,2,1.0,5,75120,M,,,75
200900032824,9,11,6,2125,5,2,5,1.0,3,75108,M,,,75
200900032825,9,11,6,2300,5,2,5,2.0,2,75119,M,,,75
200900032826,9,11,6,2305,5,2,5,2.0,3,75109,M,,,75
200900032827,9,11,9,2000,5,2,3,1.0,2,75110,M,,,75
200900032828,9,11,9,1,5,2,1,1.0,6,75115,M,,,75
200900032829,9,11,9,45,5,2,5,1.0,6,75118,M,,,75
200900032830,9,11,9,400,5,2,3,1.0,6,75101,M,,,75
200900032831,9,11,9,630,2,2,5,1.0,6,75113,M,,,75
200900032832,9,11,9,737,2,2,2,1.0,3,75105,M,,,75
200900032833,9,11,9,750,1,2,5,8.0,7,75113,M,,,75
200900032834,9,11,9,845,1,2,5,1.0,6,75117,M,,,75
200900032835,9,11,9,947,1,2,1,1.0,2,75105,M,,,75
200900032836,9,11,9,1105,1,2,3,1.0,7,75110,M,,,75
200900032837,9,11,9,1140,1,2,2,1.0,6,75105,M,,,75
200900032838,9,11,9,1150,1,2,2,1.0,3,75118,M,,,75
200900032839,9,11,9,1230,1,2,3,1.0,3,75111,M,,,75
200900032840,9,11,9,1335,1,2,5,1.0,3,75116,M,,,75
200900032841,9,11,9,1500,1,2,1,8.0,3,75105,M,,,75
200900032842,9,11,9,1555,1,2,2,1.0,6,75117,M,,,75
200900032843,9,11,9,1645,1,2,2,1.0,3,75110,M,,,75
200900032844,9,11,9,1650,2,2,1,8.0,6,75104,M,,,75
200900032845,9,11,9,1840,5,2,3,1.0,3,75113,M,,,75
200900032846,9,11,9,1900,5,2,4,1.0,6,75113,M,,,75
200900032847,9,11,9,1925,5,2,5,1.0,3,75119,M,,,75
200900032848,9,11,9,2010,5,2,2,1.0,3,75119,M,,,75
200900032849,9,11,9,2010,5,2,3,1.0,7,75111,M,,,75
200900032850,9,11,9,2040,5,2,5,1.0,3,75118,M,,,75
200900032851,9,11,9,2100,5,2,2,1.0,7,75110,M,,,75
200900032852,9,11,9,2212,5,2,1,2.0,6,75115,M,,,75
200900032853,9,11,5,135,5,2,2,1.0,3,75111,M,,,75
200900032854,9,11,5,210,5,2,1,8.0,3,75109,M,,,75
200900032855,9,11,5,500,5,2,5,1.0,3,75112,M,,,75
200900032856,9,11,5,605,5,2,4,1.0,3,75112,M,,,75
200900032857,9,11,5,900,1,2,1,1.0,7,75120,M,,,75
200900032858,9,11,5,905,1,2,5,1.0,6,75109,M,,,75
200900032859,9,11,5,1000,1,2,1,1.0,6,75111,M,,,75
200900032860,9,11,5,1000,1,2,1,1.0,3,75114,M,,,75
200900032861,9,11,5,1010,1,2,1,1.0,2,75116,M,,,75
200900032862,9,11,5,1010,1,2,2,1.0,6,75104,M,,,75
200900032863,9,11,5,1030,1,2,1,1.0,4,75118,M,,,75
200900032864,9,11,5,1035,1,2,5,1.0,3,75120,M,,,75
200900032865,9,11,5,1045,1,2,1,1.0,3,75103,M,,,75
200900032866,9,11,5,1120,1,2,2,1.0,6,75111,M,,,75
200900032867,9,11,5,1140,1,2,1,1.0,3,75120,M,,,75
200900032868,9,11,5,1155,1,2,5,1.0,3,75119,M,,,75
200900032869,9,11,5,1200,1,2,1,1.0,3,75111,M,,,75
200900032870,9,11,5,1230,1,2,2,1.0,7,75115,M,,,75
200900032871,9,11,5,1230,1,2,5,1.0,6,75119,M,,,75
200900032872,9,11,5,1230,1,2,1,1.0,3,75108,M,,,75
200900032873,9,11,5,1255,1,2,2,1.0,3,75112,M,,,75
200900032874,9,11,5,1300,1,2,1,2.0,3,75117,M,,,75
200900032875,9,11,5,1435,1,2,2,2.0,3,75120,M,,,75
200900032876,9,11,5,1535,1,2,5,2.0,2,75119,M,,,75
200900032877,9,11,5,1540,1,2,5,2.0,6,75117,M,,,75
200900032878,9,11,5,1725,5,2,5,2.0,3,75112,M,,,75
200900032879,9,11,5,1735,1,2,1,1.0,3,75114,M,,,75
200900032880,9,11,5,1745,5,2,1,2.0,6,75102,M,,,75
200900032881,9,11,5,1835,5,2,1,1.0,7,75113,M,,,75
200900032882,9,11,5,1840,5,2,3,2.0,3,75119,M,,,75
200900032883,9,11,5,1845,5,2,1,2.0,7,75110,M,,,75
200900032884,9,11,5,2000,5,2,1,1.0,6,75118,M,,,75
200900032885,9,11,5,2015,5,2,3,1.0,3,75115,M,,,75
200900032886,9,11,5,2047,5,2,1,1.0,6,75109,M,,,75
200900032887,9,11,5,2230,5,2,2,1.0,3,75108,M,,,75
200900032888,9,11,10,1650,1,2,1,1.0,3,75117,M,,,75
200900032889,9,11,10,800,1,2,2,1.0,3,75111,M,,,75
200900032890,9,11,10,840,1,2,5,1.0,3,75118,M,,,75
200900032891,9,11,10,925,1,2,1,1.0,3,75114,M,,,75
200900032892,9,11,10,940,1,2,1,1.0,6,75112,M,,,75
200900032893,9,11,10,1035,1,2,1,1.0,6,75104,M,,,75
200900032894,9,11,10,1110,1,2,5,1.0,6,75116,M,,,75
200900032895,9,11,10,1220,1,2,1,1.0,5,75119,M,,,75
200900032896,9,11,10,1220,1,2,1,1.0,7,75114,M,,,75
200900032897,9,11,10,1250,1,2,5,1.0,6,75108,M,,,75
200900032898,9,11,10,1345,1,2,1,1.0,1,75120,M,,,75
200900032899,9,11,10,1600,1,2,1,1.0,6,75101,M,,,75
200900032900,9,11,10,1645,1,2,2,8.0,2,75104,M,,,75
200900032901,9,11,10,1710,1,2,1,1.0,2,75114,M,,,75
200900032902,9,11,10,1740,5,2,2,2.0,2,75120,M,,,75
200900032903,9,11,10,1740,5,2,1,1.0,3,75114,M,,,75
200900032904,9,11,10,1740,5,2,5,1.0,3,75116,M,,,75
200900032905,9,11,10,1810,5,2,2,1.0,2,75119,M,,,75
200900032906,9,11,10,1815,5,2,1,1.0,4,75118,M,,,75
200900032907,9,11,10,1935,5,2,1,1.0,6,75104,M,,,75
200900032908,9,11,10,1950,5,2,3,1.0,6,75115,M,,,75
200900032909,9,11,10,2030,5,2,2,1.0,2,75107,M,,,75
200900032910,9,11,10,2050,5,2,1,1.0,2,75115,M,,,75
200900032911,9,11,10,2220,5,2,5,1.0,3,75119,M,,,75
200900032912,9,11,11,50,5,2,2,1.0,6,75101,M,,,75
200900032913,9,11,11,230,5,2,2,1.0,3,75118,M,,,75
200900032914,9,11,11,250,5,2,5,1.0,3,75115,M,,,75
200900032915,9,11,11,910,1,2,5,1.0,6,75119,M,,,75
200900032916,9,11,11,935,1,2,5,1.0,7,75111,M,,,75
200900032917,9,11,11,1030,1,2,1,1.0,4,75116,M,,,75
200900032918,9,11,11,1205,1,2,1,8.0,3,75115,M,,,75
200900032919,9,11,11,1300,1,2,5,1.0,3,75107,M,,,75
200900032920,9,11,11,1630,1,2,5,1.0,6,75117,M,,,75
200900032921,9,11,11,1822,5,2,2,1.0,6,75115,M,,,75
200900032922,9,11,11,2000,5,2,5,1.0,3,75116,M,,,75
200900032923,9,11,11,2130,5,2,1,1.0,3,75101,M,,,75
200900032924,9,11,12,845,1,2,2,1.0,6,75118,M,,,75
200900032925,9,11,12,335,5,2,1,2.0,6,75101,M,,,75
200900032926,9,11,12,835,1,2,5,1.0,3,75105,M,,,75
200900032927,9,11,12,900,1,2,1,1.0,7,75112,M,,,75
200900032928,9,11,12,920,1,2,1,8.0,7,75116,M,,,75
200900032929,9,11,12,945,1,2,5,1.0,6,75117,M,,,75
200900032930,9,11,12,1010,1,2,1,2.0,6,75120,M,,,75
200900032931,9,11,12,1010,1,2,1,1.0,7,75111,M,,,75
200900032932,9,11,12,1015,1,2,1,1.0,3,75116,M,,,75
200900032933,9,11,12,1120,1,2,1,1.0,3,75110,M,,,75
200900032934,9,11,12,1310,1,2,3,1.0,6,75109,M,,,75
200900032935,9,11,12,1330,1,2,1,1.0,3,75118,M,,,75
200900032936,9,11,12,1400,1,2,1,1.0,4,75114,M,,,75
200900032937,9,11,12,1550,1,2,1,1.0,6,75110,M,,,75
200900032938,9,11,12,1615,1,2,1,1.0,6,75114,M,,,75
200900032939,9,11,12,1635,1,2,2,1.0,3,75117,M,,,75
200900032940,9,11,12,1700,5,2,1,1.0,6,75118,M,,,75
200900032941,9,11,12,1720,5,2,1,1.0,6,75104,M,,,75
200900032942,9,11,12,1722,5,2,2,1.0,3,75120,M,,,75
200900032943,9,11,12,1845,5,2,1,1.0,6,75102,M,,,75
200900032944,9,11,12,1935,5,2,1,1.0,6,75112,M,,,75
200900032945,9,11,12,2016,5,2,2,1.0,3,75113,M,,,75
200900032946,9,11,12,2030,5,2,2,1.0,2,75110,M,,,75
200900032947,9,11,12,2220,5,2,5,2.0,7,75102,M,,,75
200900032948,9,11,14,200,5,2,1,1.0,3,75112,M,,,75
200900032949,9,11,14,230,5,2,2,1.0,3,75110,M,,,75
200900032950,9,11,14,240,5,2,3,1.0,6,75104,M,,,75
200900032951,9,11,14,518,5,2,1,1.0,6,75113,M,,,75
200900032952,9,11,14,640,5,2,5,2.0,6,75108,M,,,75
200900032953,9,11,14,715,5,2,4,2.0,3,75117,M,,,75
200900032954,9,11,14,800,1,2,1,2.0,7,75101,M,,,75
200900032955,9,11,14,945,1,2,5,1.0,6,75117,M,,,75
200900032956,9,11,14,1030,1,2,1,2.0,7,75114,M,,,75
200900032957,9,11,14,1055,1,2,2,2.0,3,75106,M,,,75
200900032958,9,11,14,1350,1,2,1,2.0,6,75113,M,,,75
200900032959,9,11,14,1540,1,2,3,2.0,6,75118,M,,,75
200900032960,9,11,14,1640,1,2,1,2.0,7,75101,M,,,75
200900032961,9,11,14,1642,2,2,1,2.0,2,75112,M,,,75
200900032962,9,11,14,1710,5,2,2,1.0,7,75103,M,,,75
200900032963,9,11,14,1720,1,2,1,8.0,4,75112,M,,,75
200900032964,9,11,14,1855,5,2,3,1.0,7,75106,M,,,75
200900032965,9,11,14,1855,5,2,1,2.0,3,75113,M,,,75
200900032966,9,11,14,1900,5,2,5,2.0,6,75109,M,,,75
200900032967,9,11,14,2100,5,2,1,1.0,4,75112,M,,,75
200900032968,9,11,14,2133,5,2,2,1.0,3,75120,M,,,75
200900032969,9,11,15,115,5,2,1,1.0,7,75104,M,,,75
200900032970,9,11,15,415,5,2,5,2.0,7,75107,M,,,75
200900032971,9,11,15,700,1,2,5,2.0,7,75118,M,,,75
200900032972,9,11,15,815,1,2,2,1.0,2,75105,M,,,75
200900032973,9,11,15,820,1,2,3,2.0,2,75107,M,,,75
200900032974,9,11,15,1050,1,2,2,1.0,3,75105,M,,,75
200900032975,9,11,15,1215,1,2,2,1.0,7,75113,M,,,75
200900032976,9,11,15,1330,1,2,1,1.0,3,75116,M,,,75
200900032977,9,11,15,1515,1,2,4,1.0,3,75108,M,,,75
200900032978,9,11,15,1640,1,2,5,1.0,6,75114,M,,,75
200900032979,9,11,15,1825,5,2,3,1.0,6,75105,M,,,75
200900032980,9,11,15,1830,5,2,5,1.0,3,75117,M,,,75
200900032981,9,11,15,1920,5,2,1,1.0,4,75120,M,,,75
200900032982,9,11,15,1930,5,2,1,1.0,6,75116,M,,,75
200900032983,9,11,15,2130,5,2,3,1.0,3,75105,M,,,75
200900032984,9,11,15,2200,5,2,1,1.0,2,75115,M,,,75
200900032985,9,9,20,1920,1,2,1,1.0,6,71445,M,,,71
200900032986,9,9,22,1910,1,2,3,1.0,6,71153,M,,,71
200900032987,9,9,4,1015,1,2,9,3.0,3,71076,M,,,71
200900032988,9,9,4,1640,1,2,3,1.0,6,71153,M,,,71
200900032989,9,9,6,150,5,2,1,1.0,3,71270,M,,,71