Num_Acc,an,mois,jour,hrmn,lum,agg,int,atm,col,com,gps,lat,long,dep
200900032990,9,9,6,1930,1,2,2,1.0,3,71153,M,,,71
200900032991,9,9,17,740,2,2,3,2.0,3,71153,M,,,71
200900032992,9,9,17,1000,1,2,1,8.0,1,71540,M,,,71
200900032993,9,9,14,740,1,2,1,1.0,6,71076,M,,,71
200900032994,9,9,22,1700,1,2,1,1.0,7,71076,M,,,71
200900032995,9,9,25,1955,5,2,1,1.0,6,71270,M,,,71
200900032996,9,9,23,1315,1,2,6,1.0,3,71076,M,,,71
200900032997,9,9,29,930,1,2,1,1.0,6,71076,M,,,71
200900032998,9,9,9,1710,1,1,3,1.0,2,71540,M,,,71
200900032999,9,9,9,945,1,2,6,1.0,6,71153,M,,,71
200900033000,9,9,25,1710,1,2,2,1.0,3,71270,M,,,71
200900033001,9,9,30,1220,1,2,2,1.0,6,71270,M,,,71
200900033002,9,9,23,1845,1,2,2,1.0,6,71540,M,,,71
200900033003,9,9,21,1810,1,1,1,1.0,1,71445,M,,,71
200900033004,9,9,30,600,2,2,6,1.0,6,71105,M,,,71
200900033005,9,9,8,1000,1,2,1,1.0,6,71076,M,,,71
200900033006,9,9,3,800,1,2,1,8.0,6,71153,M,,,71
200900033007,9,9,2,945,1,1,1,1.0,6,71512,M,0.0,0,71
200900033008,9,9,26,2245,5,2,1,1.0,1,71295,M,4.0,0,71
200900033009,9,9,6,1900,1,1,1,1.0,6,71190,M,0.0,0,71
200900033010,9,9,1,1345,1,1,1,2.0,7,71389,M,4.0,0,71
200900033011,9,9,2,745,1,1,1,1.0,1,71027,M,0.0,0,71
200900033012,9,9,2,745,1,1,1,1.0,6,71118,M,0.0,0,71
200900033013,9,9,8,1230,1,1,1,7.0,7,71052,M,0.0,0,71
200900033014,9,9,9,1830,1,1,1,1.0,1,71516,M,4.0,0,71
200900033015,9,9,9,1330,1,2,1,1.0,6,71132,M,0.0,0,71
200900033016,9,9,11,1530,1,1,1,1.0,1,71491,M,0.0,0,71
200900033017,9,9,10,1515,1,1,1,1.0,2,71025,M,4.0,0,71
200900033018,9,9,11,130,3,1,1,1.0,6,71073,M,4.0,0,71
200900033019,9,9,18,1700,1,2,1,1.0,6,71512,M,0.0,0,71
200900033020,9,9,18,1730,1,1,1,1.0,7,71014,M,4.0,0,71
200900033021,9,9,19,1315,1,1,1,1.0,7,71269,M,0.0,0,71
200900033022,9,9,20,1000,1,2,1,1.0,3,71392,M,0.0,0,71
200900033023,9,9,22,1830,1,1,1,1.0,5,71520,M,4.0,0,71
200900033024,9,9,25,1400,1,1,1,1.0,1,71073,M,4.0,0,71
200900033025,9,9,26,1315,1,1,1,1.0,6,71506,M,4.0,0,71
200900033026,9,9,26,1945,5,2,1,1.0,7,71047,M,4.0,0,71
200900033027,9,9,30,2145,3,1,1,1.0,6,71275,M,4.0,0,71
200900033028,9,9,11,1710,1,2,9,1.0,3,71081,M,,,71
200900033029,9,9,6,1730,1,1,1,1.0,2,71202,M,4.0,0,71
200900033030,9,9,3,1200,1,2,1,1.0,6,71076,M,,,71
200900033031,9,9,30,1515,1,2,1,1.0,6,71475,M,,,71
200900033032,9,9,27,1345,1,2,9,1.0,3,71076,M,,,71
200900033033,9,9,8,1540,1,2,1,2.0,3,71270,M,,,71
200900033034,9,9,11,1655,1,2,1,1.0,6,71270,M,,,71
200900033035,9,9,28,1130,1,1,1,1.0,7,71249,M,0.0,0,71
200900033036,9,9,30,1800,1,1,1,1.0,1,71003,M,0.0,0,71
200900033037,9,3,6,215,5,1,1,1.0,7,69199,M,,,69
200900033038,9,1,25,1310,1,2,1,1.0,7,80021,M,,,80
200900033039,9,9,15,1626,1,2,9,1.0,3,20004,M,,,201
200900033040,9,9,14,1610,1,2,1,1.0,6,20004,M,,,201
200900033041,9,9,6,545,5,2,1,1.0,6,20247,M,0.0,0,201
200900033042,9,9,8,800,1,1,1,1.0,6,20362,M,4.0,0,201
200900033043,9,9,14,1600,1,1,1,2.0,1,20048,M,4.0,0,201
200900033044,9,9,24,1515,1,1,1,1.0,3,20247,M,4.0,0,201
200900033045,9,9,15,1130,1,2,1,1.0,1,20141,M,4.0,0,201
200900033046,9,9,25,1430,1,1,1,1.0,1,20272,M,4.0,0,201
200900033047,9,9,4,945,1,1,1,1.0,6,20085,M,0.0,0,201
200900033048,9,9,16,1500,1,1,1,1.0,1,20048,M,4.0,0,201
200900033049,9,9,24,1615,1,1,1,1.0,6,20288,M,4.0,0,201
200900033050,9,9,30,100,5,1,6,1.0,7,20247,M,4.0,0,201
200900033051,9,9,20,1545,1,1,1,1.0,2,20247,M,4.0,0,201
200900033052,9,9,9,1200,1,1,1,1.0,1,20108,M,4.0,0,201
200900033053,9,9,4,1815,1,1,1,1.0,3,20349,M,0.0,0,201
200900033054,9,9,2,805,1,1,1,1.0,7,20004,M,0.0,0,201
200900033055,9,9,22,1714,1,2,3,1.0,3,20004,M,4.0,0,201
200900033056,9,9,10,1400,1,2,1,1.0,7,20004,M,4.0,0,201
200900033057,9,9,25,2308,5,2,1,1.0,1,20004,M,4.0,0,201
200900033058,9,9,8,1048,1,2,1,1.0,6,20004,M,4.0,0,201
200900033059,9,9,5,1910,1,1,9,1.0,5,20004,M,0.0,0,201
200900033060,9,9,5,1838,1,2,1,1.0,3,20004,M,0.0,0,201
200900033061,9,9,5,1230,1,2,1,1.0,3,20004,M,0.0,0,201
200900033062,9,10,20,1715,1,2,1,1.0,3,20130,M,0.0,0,201
200900033063,9,10,7,1145,1,1,1,1.0,1,20198,M,0.0,0,201
200900033064,9,10,23,845,1,1,1,2.0,7,20247,M,0.0,0,201
200900033065,9,10,27,1215,1,1,1,1.0,7,20271,M,0.0,0,201
200900033066,9,10,9,1830,1,1,1,8.0,1,20048,M,0.0,0,201
200900033067,9,10,28,1845,3,1,1,1.0,3,20362,M,0.0,0,201
200900033068,9,10,22,1900,5,2,1,1.0,6,20247,M,0.0,0,201
200900033069,9,10,13,1245,1,2,1,1.0,5,20004,M,,,201
200900033070,9,10,9,820,1,2,1,1.0,3,20004,M,,,201
200900033071,9,10,5,1900,1,2,1,1.0,3,20004,M,,,201
200900033072,9,10,10,203,5,2,1,2.0,6,20004,M,,,201
200900033073,9,10,2,343,5,2,1,1.0,6,20004,M,0.0,0,201
200900033074,9,10,3,2115,5,2,9,1.0,3,20004,M,,,201
200900033075,9,7,10,2005,1,1,1,1.0,3,38544,M,,,38
200900033076,9,8,16,1810,1,2,2,1.0,3,72181,M,,,72
200900033077,9,8,17,500,5,2,6,1.0,3,72181,M,,,72
200900033078,9,8,20,1222,1,2,1,1.0,6,72181,M,,,72
200900033079,9,8,21,1615,1,2,7,1.0,3,72181,M,,,72
200900033080,9,8,22,51,5,2,1,1.0,7,72181,M,,,72
200900033081,9,8,25,825,1,2,1,1.0,3,72181,M,,,72
200900033082,9,8,28,1010,1,2,1,1.0,2,72181,M,,,72
200900033083,9,8,30,1430,1,1,1,1.0,1,72181,M,,,72
200900033084,9,9,28,930,1,2,9,1.0,6,72235,M,4.0,0,72
200900033085,9,9,21,755,1,1,3,5.0,3,51454,M,0.0,0,51
200900033086,9,9,2,1715,1,2,1,1.0,2,51454,M,,,51
200900033087,9,9,7,1835,1,2,6,1.0,3,51454,M,0.0,0,51
200900033088,9,9,8,1945,1,2,1,1.0,6,51454,M,0.0,0,51
200900033089,9,9,10,655,2,2,2,1.0,3,51454,M,0.0,0,51
200900033090,9,9,10,1220,1,2,1,1.0,6,51454,M,0.0,0,51
200900033091,9,9,13,1010,1,2,3,1.0,3,51454,M,0.0,0,51
200900033092,9,9,13,1755,1,2,1,1.0,3,51454,M,0.0,0,51
200900033093,9,9,15,1625,1,2,2,1.0,6,51454,M,,,51
200900033094,9,9,21,1305,1,2,3,1.0,1,51474,M,0.0,0,51
200900033095,9,9,22,1250,1,2,2,1.0,6,51454,M,0.0,0,51
200900033096,9,6,9,820,1,2,1,1.0,3,11262,M,,,11
200900033097,9,6,7,430,5,2,1,1.0,7,11262,M,,,11
200900033098,9,6,10,1455,1,2,1,1.0,6,11262,M,,,11
200900033099,9,6,14,1335,1,2,1,1.0,7,11262,M,,,11
200900033100,9,6,13,1250,1,2,1,1.0,7,11262,M,,,11
200900033101,9,6,10,1805,1,2,1,1.0,6,11262,M,,,11
200900033102,9,6,20,2230,3,2,1,1.0,3,11024,M,0.0,0,11
200900033103,9,6,23,845,1,1,1,1.0,1,11358,M,0.0,0,11
200900033104,9,6,19,200,3,1,1,1.0,6,11018,M,0.0,0,11
200900033105,9,6,28,815,1,2,1,1.0,6,11144,M,4.0,0,11
200900033106,9,6,10,1930,1,1,1,1.0,1,11441,M,0.0,0,11
200900033107,9,6,25,1615,1,1,1,1.0,3,11140,M,4.0,0,11
200900033108,9,6,19,945,1,2,1,1.0,3,11266,M,4.0,0,11
200900033109,9,6,18,1646,1,2,1,1.0,3,11069,M,,,11
200900033110,9,6,17,2050,2,2,1,1.0,6,11262,M,,,11
200900033111,9,6,21,51,3,2,1,1.0,6,11069,M,,,11
200900033112,9,6,2,1800,1,2,2,1.0,3,11069,M,,,11
200900033113,9,6,23,755,1,1,1,1.0,3,11069,M,,,11
200900033114,9,6,3,1925,1,2,1,1.0,3,11069,M,,,11
200900033115,9,6,6,1332,1,2,1,1.0,3,11069,M,,,11
200900033116,9,6,11,1530,1,1,1,1.0,2,11069,M,,,11
200900033117,9,6,22,115,5,2,1,1.0,3,11069,M,,,11
200900033118,9,6,24,2020,2,2,1,1.0,3,11069,M,,,11
200900033119,9,6,13,1825,1,1,1,1.0,3,11069,M,,,11
200900033120,9,6,26,1758,1,2,1,1.0,6,11069,M,,,11
200900033121,9,6,13,1830,1,2,1,1.0,3,11069,M,,,11
200900033122,9,6,15,1402,1,2,1,1.0,3,11069,M,,,11
200900033123,9,6,8,1638,1,1,1,1.0,2,11069,M,,,11
200900033124,9,6,2,2000,1,1,1,1.0,6,11069,M,,,11
200900033125,9,6,10,1658,1,2,2,1.0,3,11069,M,,,11
200900033126,9,6,25,857,1,1,1,1.0,3,11069,M,,,11
200900033127,9,6,6,1015,1,2,1,1.0,3,11069,M,,,11
200900033128,9,6,15,1858,1,2,1,1.0,3,11069,M,,,11
200900033129,9,6,2,925,1,2,2,1.0,3,11069,M,,,11
200900033130,9,6,8,555,2,1,1,1.0,6,11076,M,,,11
200900033131,9,6,17,1225,1,2,2,1.0,3,11262,M,,,11
200900033132,9,6,18,1645,1,2,1,1.0,2,11262,M,,,11
200900033133,9,6,19,920,1,2,1,1.0,3,11262,M,,,11
200900033134,9,6,19,1745,1,2,1,1.0,6,11379,M,0.0,0,11
200900033135,9,6,1,142,5,2,2,1.0,3,11069,M,,,11
200900033136,9,6,1,200,3,1,6,3.0,7,11279,M,0.0,0,11
200900033137,9,6,7,930,1,1,1,1.0,1,11293,M,0.0,0,11
200900033138,9,6,8,1545,1,2,1,1.0,3,11266,M,0.0,0,11
200900033139,9,6,12,1300,1,1,1,1.0,2,11035,M,0.0,0,11
200900033140,9,6,16,2120,5,2,3,1.0,3,11262,M,,,11
200900033141,9,6,21,330,3,1,1,1.0,7,11397,M,0.0,0,11
200900033142,9,6,27,600,2,1,1,1.0,6,11430,M,0.0,0,11
200900033143,9,6,16,1700,1,1,1,3.0,6,11014,M,0.0,0,11
200900033144,9,7,25,330,5,2,3,1.0,6,11361,M,0.0,0,11
200900033145,9,7,29,2000,1,1,1,1.0,5,11210,M,4.0,0,11
200900033146,9,7,27,1845,1,1,1,1.0,6,11262,M,4.0,0,11
200900033147,9,7,31,2000,2,1,1,1.0,7,11269,M,4.0,0,11
200900033148,9,7,19,430,3,1,1,1.0,7,11145,M,0.0,0,11
200900033149,9,7,5,1745,1,2,1,1.0,7,11903,M,0.0,0,11
200900033150,9,7,25,1145,1,1,1,1.0,7,11137,M,0.0,0,11
200900033151,9,7,27,1530,1,2,1,1.0,3,11379,M,0.0,0,11
200900033152,9,7,16,1115,1,1,1,1.0,2,11008,M,4.0,0,11
200900033153,9,7,18,1715,1,1,1,1.0,2,11269,M,4.0,0,11
200900033154,9,7,19,500,3,1,1,1.0,2,11262,M,0.0,0,11
200900033155,9,7,5,645,2,1,1,1.0,6,11367,M,0.0,0,11
200900033156,9,7,7,1205,1,2,1,1.0,2,11262,M,,,11
200900033157,9,7,6,2315,5,2,2,1.0,3,11262,M,,,11
200900033158,9,7,7,1410,1,2,1,1.0,7,11262,M,,,11
200900033159,9,7,2,1350,1,2,1,1.0,2,11262,M,,,11
200900033160,9,7,1,1820,1,2,1,1.0,6,11262,M,,,11
200900033161,9,7,10,725,1,2,1,1.0,7,11262,M,,,11
200900033162,9,7,11,1000,1,2,2,1.0,3,11262,M,,,11
200900033163,9,7,21,1225,1,2,9,1.0,6,11069,M,,,11
200900033164,9,7,15,1720,1,2,1,1.0,7,11262,M,,,11
200900033165,9,7,27,1631,1,2,1,1.0,3,11069,M,,,11
200900033166,9,7,31,1250,1,2,1,1.0,3,11069,M,,,11
200900033167,9,7,30,1603,1,1,1,1.0,7,11069,M,,,11
200900033168,9,7,2,1505,1,2,1,1.0,6,11262,M,,,11
200900033169,9,7,3,910,1,2,6,1.0,3,11076,M,,,11
200900033170,9,7,1,1445,1,1,1,1.0,6,11333,M,0.0,0,11
200900033171,9,7,3,930,1,1,2,1.0,3,11299,M,0.0,0,11
200900033172,9,7,5,720,1,2,3,1.0,3,11262,M,,,11
200900033173,9,7,11,930,1,1,1,1.0,7,11192,M,0.0,0,11
200900033174,9,7,13,1415,1,1,1,1.0,5,11243,M,0.0,0,11
200900033175,9,7,30,1930,1,2,1,1.0,7,11304,M,0.0,0,11
200900033176,9,7,21,830,1,2,1,1.0,6,11262,M,,,11
200900033177,9,7,4,1840,1,2,1,1.0,1,11262,M,,,11
200900033178,9,7,25,855,1,2,2,1.0,3,11262,M,,,11
200900033179,9,7,29,630,2,1,1,1.0,6,11009,M,0.0,0,11
200900033180,9,7,30,1800,1,1,1,1.0,6,11066,M,0.0,0,11
200900033181,9,7,3,1340,1,2,2,1.0,3,11262,M,,,11
200900033182,9,7,20,545,3,1,1,1.0,6,11076,M,,,11
200900033183,9,8,28,1830,1,1,1,1.0,2,95641,M,,,95
200900033184,9,8,21,440,4,1,1,1.0,7,95500,M,,,95
200900033185,9,8,2,700,1,1,1,1.0,7,95256,M,,,95
200900033186,9,8,5,1530,1,2,3,1.0,2,95219,M,4.0,0,95
200900033187,9,8,12,1545,1,2,1,1.0,3,95199,M,4.0,0,95
200900033188,9,8,12,2040,1,2,1,1.0,6,95424,M,4.0,0,95
200900033189,9,8,12,2250,5,2,2,1.0,1,95210,M,4.0,0,95
200900033190,9,8,1,1650,1,2,2,1.0,3,95018,M,4.0,0,95
200900033191,9,8,2,1245,1,2,3,1.0,2,95018,M,4.0,0,95
200900033192,9,8,2,1520,1,2,1,1.0,6,95176,M,4.0,0,95
200900033193,9,8,4,2050,5,2,1,1.0,3,95210,M,4.0,0,95
200900033194,9,8,5,1735,1,2,4,1.0,3,95574,M,4.0,0,95
200900033195,9,8,5,1735,1,2,1,1.0,6,95424,M,4.0,0,95
200900033196,9,8,6,1425,1,2,6,1.0,7,95176,M,4.0,0,95
200900033197,9,8,8,1710,1,2,1,1.0,6,95018,M,4.0,0,95
200900033198,9,8,10,1430,1,2,1,1.0,2,95252,M,4.0,0,95
200900033199,9,8,16,1840,1,2,2,1.0,3,95313,M,4.0,0,95
200900033200,9,8,16,1845,1,2,1,1.0,3,95313,M,4.0,0,95
200900033201,9,8,14,1650,1,2,2,1.0,3,95607,M,4.0,0,95
200900033202,9,8,18,1030,1,2,6,1.0,3,95203,M,4.0,0,95
200900033203,9,8,19,730,1,1,1,1.0,1,95352,M,4.0,0,95
200900033204,9,8,23,1525,1,2,2,1.0,3,95018,M,4.0,0,95
200900033205,9,8,21,2050,2,2,2,1.0,3,95487,M,4.0,0,95
200900033206,9,8,25,1940,1,2,1,1.0,3,95306,M,4.0,0,95
200900033207,9,8,26,1020,1,2,1,1.0,6,95252,M,4.0,0,95
200900033208,9,8,27,850,1,2,1,1.0,6,95582,M,4.0,0,95
200900033209,9,8,27,1847,1,2,1,1.0,6,95018,M,4.0,0,95
200900033210,9,8,28,1515,1,2,3,1.0,6,95018,M,4.0,0,95
200900033211,9,8,28,2000,1,2,1,1.0,3,95574,M,4.0,0,95
200900033212,9,8,31,1800,1,2,3,1.0,3,95306,M,4.0,0,95
200900033213,9,8,24,1630,1,1,1,3.0,6,95352,M,4.0,0,95
200900033214,9,8,15,50,5,2,1,1.0,1,95572,M,4.0,0,95
200900033215,9,8,16,145,3,1,1,1.0,6,95277,M,4.0,0,95
200900033216,9,6,14,1450,1,2,1,1.0,6,22278,M,,,22
200900033217,9,6,9,1030,1,2,1,1.0,7,22278,M,,,22
200900033218,9,6,5,1905,1,1,2,1.0,1,22215,M,,,22
200900033219,9,6,5,820,1,2,1,1.0,6,22278,M,,,22
200900033220,9,6,1,1805,1,2,3,1.0,7,22106,M,,,22
200900033221,9,6,11,1545,1,1,4,1.0,1,22284,M,0.0,0,22
200900033222,9,6,10,1615,1,1,1,2.0,3,22012,M,0.0,0,22
200900033223,9,6,3,900,1,1,1,1.0,6,22136,M,4.0,-,22
200900033224,9,6,17,1730,1,1,1,1.0,1,22004,M,4.0,-,22
200900033225,9,6,18,45,3,1,1,1.0,7,22114,M,0.0,0,22
200900033226,9,6,22,2000,1,1,1,1.0,6,22214,M,4.0,-,22
200900033227,9,6,2,1330,1,2,1,1.0,1,22136,M,0.0,0,22
200900033228,9,6,30,2015,1,1,1,1.0,7,22029,M,0.0,0,22
200900033229,9,6,15,1645,1,1,9,1.0,3,22154,M,0.0,0,22
200900033230,9,6,14,1400,1,2,1,1.0,3,22162,M,4.0,-,22
200900033231,9,6,8,1130,1,1,3,3.0,3,22223,M,0.0,0,22
200900033232,9,6,5,2100,1,2,1,1.0,6,22260,M,0.0,0,22
200900033233,9,6,18,1800,1,1,1,1.0,7,22321,M,0.0,0,22
200900033234,9,6,20,1525,1,1,1,1.0,7,22215,M,,,22
200900033235,9,6,29,1605,1,1,3,1.0,2,22278,M,,,22
200900033236,9,6,26,440,5,2,3,1.0,3,22278,M,,,22
200900033237,9,6,19,1455,1,2,4,1.0,3,22278,M,,,22
200900033238,9,6,24,1845,1,2,1,1.0,6,22278,M,,,22
200900033239,9,6,24,1210,1,2,1,1.0,2,22278,M,,,22
200900033240,9,6,19,1830,1,2,6,1.0,3,22278,M,,,22
200900033241,9,6,24,450,3,1,2,1.0,7,22278,M,,,22
200900033242,9,6,19,1840,1,1,2,1.0,3,22215,M,,,22
200900033243,9,6,19,845,1,1,4,7.0,3,22265,M,0.0,0,22
200900033244,9,6,23,1600,1,1,4,1.0,1,22107,M,0.0,0,22
200900033245,9,6,28,1830,1,1,4,1.0,1,22256,M,0.0,0,22
200900033246,9,6,6,2200,2,1,2,1.0,3,22227,M,0.0,0,22
200900033247,9,6,3,1750,1,1,1,1.0,3,22215,M,,,22
200900033248,9,6,7,1820,1,2,1,1.0,3,22113,M,,,22
200900033249,9,6,19,1800,1,1,1,1.0,1,22113,M,,,22
200900033250,9,6,2,1545,1,2,2,1.0,3,22106,M,,,22
200900033251,9,6,11,1710,1,1,6,1.0,7,22106,M,,,22
200900033252,9,6,27,1845,1,1,2,1.0,7,22204,M,0.0,0,22
200900033253,9,6,4,1045,1,1,1,1.0,2,22142,M,0.0,0,22
200900033254,9,6,29,1630,1,2,1,1.0,1,22251,M,0.0,0,22
200900033255,9,6,19,400,3,1,2,1.0,7,22083,M,0.0,0,22
200900033256,9,6,13,640,1,1,1,1.0,7,22360,M,,,22
200900033257,9,6,22,1605,1,2,3,1.0,7,22360,M,,,22
200900033258,9,6,3,250,5,2,6,1.0,3,22360,M,,,22
200900033259,9,6,5,1820,1,2,2,1.0,3,22050,M,,,22
200900033260,9,6,8,1815,1,1,1,2.0,7,22174,M,0.0,0,22
200900033261,9,6,17,730,1,1,2,1.0,1,22180,M,0.0,0,22
200900033262,9,6,24,1000,1,1,1,1.0,1,22286,M,0.0,0,22
200900033263,9,6,14,1915,1,1,1,1.0,7,22364,M,0.0,0,22
200900033264,9,6,19,1715,1,2,1,1.0,3,22208,M,0.0,0,22
200900033265,9,6,27,1515,1,1,1,1.0,7,22208,M,0.0,0,22
200900033266,9,6,13,1615,1,2,1,1.0,1,22282,M,0.0,0,22
200900033267,9,6,13,2115,2,1,1,1.0,7,22215,M,,,22
200900033268,9,6,6,340,5,2,1,1.0,7,22278,M,,,22
200900033269,9,6,25,805,1,2,1,1.0,6,22278,M,,,22
200900033270,9,6,11,1220,1,2,1,1.0,4,22278,M,,,22
200900033271,9,6,25,2335,5,2,1,1.0,7,22278,M,,,22
200900033272,9,6,18,1150,1,2,6,1.0,3,22278,M,,,22
200900033273,9,6,4,925,1,2,3,1.0,6,22278,M,,,22
200900033274,9,9,22,1405,1,2,1,1.0,6,41194,M,,,41
200900033275,9,9,11,1600,1,1,1,1.0,2,41269,M,,,41
200900033276,9,9,2,2036,1,2,1,1.0,3,41018,M,,,41
200900033277,9,9,8,1435,1,2,5,1.0,3,41269,M,,,41
200900033278,9,9,8,1945,1,2,3,1.0,3,41269,M,,,41
200900033279,9,9,2,440,5,2,1,1.0,3,41018,M,,,41
200900033280,9,9,6,1840,1,2,1,1.0,6,41018,M,4.0,0,41
200900033281,9,9,7,1822,1,2,2,1.0,3,41269,M,,,41
200900033282,9,9,13,1225,1,1,1,1.0,7,41018,M,4.0,0,41
200900033283,9,9,6,1412,1,2,3,1.0,1,41018,M,,,41
200900033284,9,9,29,630,2,1,1,1.0,1,41028,M,4.0,0,41
200900033285,9,9,22,1715,1,1,1,1.0,1,41130,M,4.0,0,41
200900033286,9,9,14,1030,1,1,9,1.0,1,41067,M,4.0,0,41
200900033287,9,9,1,1330,1,2,1,2.0,3,41086,M,,,41
200900033288,9,9,19,1600,1,1,1,1.0,1,41206,M,4.0,0,41
200900033289,9,9,5,1745,3,1,1,1.0,2,41055,M,4.0,0,41
200900033290,9,9,14,1715,1,1,2,1.0,3,41275,M,4.0,0,41
200900033291,9,9,6,1045,1,2,8,1.0,3,41149,M,,,41
200900033292,9,9,12,900,1,2,1,1.0,7,41183,M,4.0,0,41
200900033293,9,9,9,1730,1,1,2,1.0,3,41281,M,4.0,0,41
200900033294,9,9,15,115,3,1,1,2.0,7,41272,M,4.0,0,41
200900033295,9,9,24,745,2,1,1,1.0,2,41171,M,4.0,0,41
200900033296,9,9,30,1400,1,1,3,1.0,3,41204,M,4.0,0,41
200900033297,9,9,29,1315,1,1,1,1.0,7,41252,M,4.0,0,41
200900033298,9,9,2,2345,3,1,1,2.0,7,41094,M,4.0,0,41
200900033299,9,9,3,1845,1,1,1,1.0,6,41256,M,4.0,0,41
200900033300,9,9,2,1530,1,1,2,1.0,3,41206,M,4.0,0,41
200900033301,9,9,11,1500,1,1,1,1.0,6,41157,M,4.0,0,41
200900033302,9,9,28,1825,1,2,1,1.0,6,41018,M,,,41
200900033303,9,9,17,1620,1,1,1,2.0,7,41018,M,,,41
200900033304,9,9,26,1924,1,2,1,1.0,3,41018,M,,,41
200900033305,9,9,24,1325,1,2,6,1.0,3,41018,M,4.0,0,41
200900033306,9,2,18,1505,1,1,1,1.0,5,42170,M,,,42
200900033307,9,7,3,1212,1,1,1,1.0,3,32013,M,4.0,0,32
200900033308,9,6,4,805,1,2,1,1.0,6,57463,M,,,57
200900033309,9,6,1,1515,1,1,1,2.0,6,57463,M,,,57
200900033310,9,6,9,1655,1,2,2,1.0,3,57463,M,,,57
200900033311,9,6,5,1740,1,2,2,1.0,3,57463,M,,,57
200900033312,9,6,12,1825,1,2,2,1.0,2,57630,M,,,57
200900033313,9,6,6,1855,1,2,1,1.0,6,57751,M,,,57
200900033314,9,6,25,1730,1,2,1,1.0,6,57650,M,4.0,0,57
200900033315,9,6,10,1030,1,2,2,1.0,3,57089,M,0.0,0,57
200900033316,9,6,19,2345,3,1,1,1.0,6,57540,M,0.0,0,57
200900033317,9,6,15,1345,1,1,1,2.0,7,57544,M,4.0,0,57
200900033318,9,6,16,2245,5,2,1,1.0,3,57269,M,4.0,0,57
200900033319,9,6,13,2315,5,2,9,1.0,6,57160,M,0.0,0,57
200900033320,9,6,26,1830,1,2,1,1.0,1,57179,M,0.0,0,57
200900033321,9,6,27,430,2,1,1,1.0,6,57096,M,0.0,0,57
200900033322,9,6,3,630,1,1,1,1.0,6,57271,M,4.0,0,57
200900033323,9,6,13,1745,1,2,1,1.0,3,57031,M,0.0,0,57
200900033324,9,6,17,1900,1,2,1,1.0,5,57089,M,0.0,0,57
200900033325,9,6,21,945,1,2,1,1.0,1,57159,M,4.0,0,57
200900033326,9,6,3,1945,1,1,1,1.0,6,57485,M,0.0,0,57
200900033327,9,6,12,645,2,1,1,1.0,7,57126,M,0.0,0,57
200900033328,9,6,27,530,1,1,1,1.0,1,57038,M,4.0,0,57
200900033329,9,6,11,15,4,1,1,8.0,6,57415,M,4.0,0,57
200900033330,9,6,5,1850,1,1,1,1.0,6,57463,M,,,57
200900033331,9,6,26,1420,1,1,1,1.0,7,57474,M,,,57
200900033332,9,6,8,1700,1,1,1,8.0,6,57663,M,,,57
200900033333,9,6,28,1245,1,2,2,1.0,3,57537,M,,,57
200900033334,9,6,23,1120,1,2,8,1.0,6,57227,M,,,57
200900033335,9,6,26,900,1,2,3,1.0,6,57616,M,,,57
200900033336,9,6,10,1650,1,2,3,1.0,3,57240,M,,,57
200900033337,9,6,15,940,1,2,2,1.0,3,57660,M,,,57
200900033338,9,6,21,50,3,1,1,1.0,6,57491,M,,,57
200900033339,9,6,22,1225,1,2,1,1.0,2,57253,M,,,57
200900033340,9,6,5,2100,1,2,3,1.0,3,57660,M,,,57
200900033341,9,6,27,1615,1,2,1,2.0,6,57463,M,,,57
200900033342,9,6,18,2030,1,2,1,1.0,3,57447,M,,,57
200900033343,9,6,15,1130,1,2,1,3.0,6,57227,M,,,57
200900033344,9,6,3,815,1,1,1,1.0,3,57542,M,0.0,0,57
200900033345,9,6,16,1945,2,2,1,1.0,2,57134,M,4.0,0,57
200900033346,9,6,17,1545,1,2,1,1.0,5,57254,M,0.0,0,57
200900033347,9,6,23,830,1,2,1,1.0,7,57288,M,0.0,0,57
200900033348,9,6,24,2100,1,2,1,1.0,6,57724,M,0.0,0,57
200900033349,9,6,28,1145,1,2,1,1.0,6,57474,M,0.0,0,57
200900033350,9,6,28,315,3,1,1,5.0,6,57752,M,0.0,0,57
200900033351,9,6,30,2215,5,2,3,1.0,3,57260,M,4.0,0,57
200900033352,9,6,8,1120,1,2,2,1.0,3,57751,M,,,57
200900033353,9,6,20,1830,1,1,2,1.0,3,57098,M,0.0,0,57
200900033354,9,6,4,900,1,2,1,1.0,6,57123,M,0.0,0,57
200900033355,9,6,11,1657,1,2,1,2.0,7,57463,M,,,57
200900033356,9,6,15,1030,1,2,1,2.0,3,57463,M,,,57
200900033357,9,6,24,1415,1,2,1,1.0,6,57463,M,,,57
200900033358,9,6,28,1625,1,2,9,1.0,6,57630,M,,,57
200900033359,9,6,17,1715,1,1,1,1.0,3,57492,M,0.0,0,57
200900033360,9,6,25,1330,1,2,1,1.0,1,57483,M,4.0,0,57
200900033361,9,6,6,1059,1,2,1,3.0,6,57306,M,,,57
200900033362,9,6,30,1730,1,2,1,1.0,7,57221,M,,,57
200900033363,9,6,16,1505,1,2,1,1.0,2,57221,M,,,57
200900033364,9,6,3,840,1,2,1,1.0,5,57306,M,,,57
200900033365,9,6,3,1803,1,2,2,1.0,3,57221,M,,,57
200900033366,9,6,7,1110,1,2,1,3.0,1,57306,M,,,57
200900033367,9,6,17,1800,1,2,1,1.0,2,57647,M,,,57
200900033368,9,6,22,2230,5,2,1,1.0,3,57620,M,0.0,0,57
200900033369,9,6,17,1045,1,2,1,1.0,3,57672,M,,,57