Num_Acc,an,mois,jour,hrmn,lum,agg,int,atm,col,com,gps,lat,long,dep
200900033761,9,5,31,1635,1,2,2,2.0,3,26362,M,,,26
200900033762,9,5,7,1910,1,2,1,1.0,6,26281,M,,,26
200900033763,9,5,2,1950,1,1,1,1.0,7,26362,M,,,26
200900033764,9,5,14,2000,3,1,1,1.0,3,26252,M,,,26
200900033765,9,5,20,1605,1,2,1,1.0,2,26362,M,,,26
200900033766,9,5,26,515,3,1,1,1.0,5,26337,M,0.0,0,26
200900033767,9,10,28,1830,4,2,1,1.0,6,60157,M,0.0,0,60
200900033768,9,10,7,1945,3,1,1,1.0,5,60492,M,0.0,0,60
200900033769,9,10,4,115,5,2,1,1.0,6,60454,M,0.0,0,60
200900033770,9,10,2,1745,1,2,6,1.0,7,60151,M,4.0,0,60
200900033771,9,10,7,1800,1,1,1,1.0,3,60041,M,4.0,0,60
200900033772,9,10,7,1200,1,1,1,1.0,3,60228,M,0.0,0,60
200900033773,9,10,11,930,1,2,1,1.0,6,60286,M,0.0,0,60
200900033774,9,10,12,1830,1,1,1,1.0,1,60431,M,4.0,0,60
200900033775,9,10,14,1645,1,2,3,1.0,1,60636,M,0.0,0,60
200900033776,9,10,14,1745,1,1,1,1.0,3,60142,M,0.0,0,60
200900033777,9,10,15,2230,3,1,1,1.0,5,60107,M,0.0,0,60
200900033778,9,10,1,2115,3,1,1,1.0,1,60222,M,0.0,0,60
200900033779,9,10,21,730,5,2,1,2.0,6,60403,M,0.0,0,60
200900033780,9,10,9,545,3,1,1,1.0,6,60147,M,0.0,0,60
200900033781,9,10,3,745,2,2,1,1.0,6,60477,M,4.0,0,60
200900033782,9,10,16,1645,1,2,3,1.0,3,60374,M,0.0,0,60
200900033783,9,10,5,2000,3,2,1,1.0,3,60450,M,0.0,0,60
200900033784,9,10,15,900,2,2,1,1.0,6,60267,M,0.0,0,60
200900033785,9,10,20,1800,2,1,1,3.0,6,60029,M,0.0,0,60
200900033786,9,10,27,1445,1,2,2,1.0,3,60098,M,0.0,0,60
200900033787,9,10,17,1830,1,2,1,2.0,6,60477,M,4.0,0,60
200900033788,9,10,3,1215,1,1,1,1.0,7,60438,M,0.0,0,60
200900033789,9,10,30,1930,5,2,2,2.0,3,60103,M,4.0,0,60
200900033790,9,10,12,2030,5,2,2,1.0,3,60282,M,0.0,0,60
200900033791,9,10,30,1600,1,2,1,1.0,2,60007,M,0.0,0,60
200900033792,9,10,29,1,3,1,1,5.0,6,60161,M,0.0,0,60
200900033793,9,10,10,845,1,1,1,2.0,3,60655,M,0.0,0,60
200900033794,9,10,4,1430,1,2,3,1.0,3,60360,M,4.0,0,60
200900033795,9,10,25,600,3,1,1,1.0,6,60508,M,0.0,0,60
200900033796,9,10,29,2130,3,1,1,1.0,6,60638,M,0.0,0,60
200900033797,9,10,21,1630,1,2,1,1.0,6,60141,M,0.0,0,60
200900033798,9,10,28,1730,1,1,2,1.0,3,60495,M,0.0,0,60
200900033799,9,10,11,1515,1,1,1,1.0,6,60674,M,0.0,0,60
200900033800,9,10,5,2100,5,2,1,1.0,3,60150,M,0.0,0,60
200900033801,9,10,26,1630,1,2,1,1.0,3,60141,M,0.0,0,60
200900033802,9,10,15,745,3,1,1,1.0,3,60420,M,4.0,0,60
200900033803,9,10,23,1945,3,1,1,2.0,2,60698,M,4.0,0,60
200900033804,9,10,25,1645,1,2,1,1.0,6,60395,M,0.0,0,60
200900033805,9,10,31,1700,1,2,1,1.0,6,60103,M,0.0,0,60
200900033806,9,10,29,1530,1,2,1,1.0,1,60083,M,0.0,0,60
200900033807,9,10,1,1815,1,2,2,1.0,3,60513,M,0.0,0,60
200900033808,9,10,6,430,3,1,1,8.0,7,60235,M,0.0,0,60
200900033809,9,10,10,1930,3,1,1,1.0,7,60344,M,4.0,0,60
200900033810,9,10,27,2200,3,1,1,1.0,2,60380,M,0.0,0,60
200900033811,9,10,3,1745,1,2,1,1.0,6,60057,M,,,60
200900033812,9,10,2,1650,1,2,1,1.0,6,60057,M,,,60
200900033813,9,10,2,2020,3,1,1,1.0,7,60159,M,,,60
200900033814,9,10,14,2050,4,2,1,1.0,6,60057,M,,,60
200900033815,9,10,6,730,2,2,1,1.0,6,60159,M,,,60
200900033816,9,7,15,1830,1,1,1,1.0,3,57019,M,,,57
200900033817,9,9,24,2350,3,1,1,1.0,7,32013,M,4.0,0,32
200900033818,9,9,20,1030,1,1,1,2.0,6,32107,M,4.0,0,32
200900033819,9,9,12,30,3,1,1,1.0,7,32442,M,4.0,0,32
200900033820,9,9,13,1445,1,1,1,1.0,6,32426,M,4.0,0,32
200900033821,9,9,13,1615,1,2,2,1.0,3,32212,M,4.0,0,32
200900033822,9,9,16,1545,1,1,1,1.0,7,32369,M,4.0,-,32
200900033823,9,9,20,1915,2,1,1,2.0,5,32393,M,4.0,0,32
200900033824,9,9,26,30,3,1,1,1.0,7,32274,M,4.0,-,32
200900033825,9,9,28,30,3,1,1,1.0,6,32253,M,4.0,0,32
200900033826,9,9,28,1818,1,1,1,1.0,6,32200,M,4.0,0,32
200900033827,9,9,29,1500,1,1,1,1.0,3,32079,M,4.0,0,32
200900033828,9,9,8,1705,1,2,3,1.0,3,32013,M,4.0,0,32
200900033829,9,9,5,1620,1,2,1,1.0,3,32013,M,4.0,0,32
200900033830,9,9,19,1515,1,1,1,2.0,1,32107,M,4.0,0,32
200900033831,9,9,1,900,1,1,1,8.0,7,32334,M,4.0,0,32
200900033832,9,9,23,1715,1,1,1,1.0,1,32418,M,4.0,0,32
200900033833,9,9,26,1800,1,1,1,1.0,3,32297,M,4.0,0,32
200900033834,9,9,14,1630,1,1,1,1.0,1,32377,M,4.0,0,32
200900033835,9,9,13,945,3,1,1,1.0,6,32097,M,4.0,0,32
200900033836,9,9,4,1645,1,1,1,1.0,7,32208,M,4.0,0,32
200900033837,9,9,26,1415,1,1,1,1.0,6,32462,M,4.0,0,32
200900033838,9,9,7,1645,1,2,1,1.0,3,66037,M,0.0,0,66
200900033839,9,9,12,1915,1,2,1,1.0,1,66065,M,4.0,0,66
200900033840,9,9,13,1615,1,2,1,1.0,6,66136,M,4.0,0,66
200900033841,9,9,23,930,1,2,1,1.0,6,66130,M,4.0,0,66
200900033842,9,9,23,2100,5,2,1,1.0,6,66136,M,4.0,0,66
200900033843,9,9,29,1045,1,2,1,1.0,3,66008,M,4.0,0,66
200900033844,9,9,30,1220,1,2,1,1.0,6,66136,M,4.0,0,66
200900033845,9,9,17,1420,1,2,1,1.0,3,66136,M,4.0,0,66
200900033846,9,9,28,550,3,1,1,1.0,7,66136,M,,,66
200900033847,9,9,29,215,3,1,1,1.0,3,66136,M,,,66
200900033848,9,9,18,1340,1,2,1,1.0,5,66136,M,4.0,0,66
200900033849,9,9,5,1015,1,1,1,1.0,2,66180,M,0.0,0,66
200900033850,9,9,13,1600,1,1,1,3.0,3,66192,M,0.0,0,66
200900033851,9,9,22,1645,1,1,1,1.0,3,66190,M,0.0,0,66
200900033852,9,9,22,1930,1,2,1,1.0,1,66180,M,4.0,0,66
200900033853,9,9,25,1815,1,1,1,1.0,5,66059,M,0.0,0,66
200900033854,9,9,20,1800,1,2,1,8.0,1,66053,M,4.0,0,66
200900033855,9,8,9,645,2,1,1,1.0,5,66130,M,0.0,0,66
200900033856,9,7,13,1930,1,1,1,1.0,7,56007,M,4.0,-,56
200900033857,9,1,2,1410,1,1,1,1.0,2,91286,M,,,91
200900033858,9,1,2,855,1,2,1,9.0,6,91691,M,,,91
200900033859,9,1,2,655,3,1,1,2.0,6,91521,M,,,91
200900033860,9,1,2,557,5,1,1,1.0,7,91086,M,,,91
200900033861,9,1,2,700,3,1,1,2.0,5,91286,M,,,91
200900033862,9,1,2,813,1,1,9,8.0,7,91534,M,,,91
200900033863,9,1,2,1458,1,2,1,8.0,7,91114,M,,,91
200900033864,9,1,4,2015,5,2,1,1.0,5,91109,M,,,91
200900033865,9,1,8,1645,1,2,1,9.0,5,91665,M,0.0,0,91
200900033866,9,1,1,320,3,2,1,9.0,6,91687,M,,,91
200900033867,9,1,1,1145,1,2,2,1.0,3,91228,M,,,91
200900033868,9,1,3,15,3,1,1,8.0,1,91175,M,4.0,0,91
200900033869,9,1,7,942,1,1,1,1.0,2,91471,M,,,91
200900033870,9,1,7,1033,1,1,1,1.0,5,91179,M,,,91
200900033871,9,1,7,1354,1,1,1,1.0,4,91182,M,,,91
200900033872,9,1,9,720,1,2,1,1.0,1,91174,M,,,91
200900033873,9,1,9,850,1,2,1,1.0,3,91471,M,,,91
200900033874,9,1,9,1730,5,2,1,1.0,1,91514,M,,,91
200900033875,9,1,9,2030,5,2,1,1.0,6,91692,M,,,91
200900033876,9,1,10,2100,5,2,1,1.0,6,91318,M,4.0,0,91
200900033877,9,1,9,2159,3,1,1,1.0,6,91179,M,,,91
200900033878,9,1,10,545,3,1,1,1.0,6,91589,M,,,91
200900033879,9,1,10,1149,1,2,1,1.0,3,91174,M,,,91
200900033880,9,1,11,1800,5,2,4,8.0,1,91461,M,0.0,0,91
200900033881,9,1,14,1725,2,1,1,8.0,2,91179,M,,,91
200900033882,9,1,14,843,1,1,1,2.0,6,91471,M,,,91
200900033883,9,1,14,945,1,1,1,2.0,7,91377,M,,,91
200900033884,9,1,14,1730,2,1,1,1.0,6,91617,M,,,91
200900033885,9,1,13,840,1,2,2,1.0,3,91114,M,,,91
200900033886,9,1,15,2330,3,1,6,9.0,6,91494,M,0.0,0,91
200900033887,9,1,14,1945,3,1,1,1.0,6,91613,M,4.0,0,91
200900033888,9,1,12,1815,5,2,1,1.0,6,91471,M,,,91
200900033889,9,1,12,1730,5,2,1,1.0,6,91228,M,,,91
200900033890,9,1,16,900,1,1,1,1.0,2,91286,M,,,91
200900033891,9,1,16,1443,1,1,1,1.0,3,91161,M,,,91
200900033892,9,1,17,1456,1,1,1,8.0,6,91534,M,,,91
200900033893,9,1,15,1000,1,1,1,1.0,6,91216,M,,,91
200900033894,9,1,15,1815,5,2,1,8.0,1,91363,M,0.0,0,91
200900033895,9,1,16,700,2,1,1,1.0,7,91216,M,,,91
200900033896,9,1,18,1239,1,1,1,1.0,6,91064,M,,,91
200900033897,9,1,20,757,2,1,1,1.0,7,91377,M,,,91
200900033898,9,1,22,835,1,1,1,3.0,7,91471,M,,,91
200900033899,9,1,23,830,2,1,1,2.0,3,91689,M,,,91
200900033900,9,1,24,1014,1,1,1,1.0,3,91689,M,,,91
200900033901,9,1,15,1345,1,2,1,1.0,3,91122,M,,,91
200900033902,9,1,27,910,1,1,1,1.0,3,91286,M,,,91
200900033903,9,1,29,811,1,1,1,1.0,3,91182,M,,,91
200900033904,9,1,29,1130,1,2,1,1.0,6,91232,M,0.0,0,91
200900033905,9,1,30,655,3,1,1,1.0,7,91064,M,,,91
200900033906,9,1,30,737,2,1,1,1.0,2,91471,M,,,91
200900033907,9,1,13,1435,1,2,1,1.0,3,91114,M,,,91
200900033908,9,1,31,530,3,1,1,1.0,6,91226,M,0.0,0,91
200900033909,9,1,31,1003,1,1,1,1.0,5,91434,M,,,91
200900033910,9,1,31,1830,3,1,1,1.0,3,91179,M,,,91
200900033911,9,1,14,810,2,2,1,2.0,6,91228,M,,,91
200900033912,9,1,30,751,1,1,1,1.0,7,91377,M,,,91
200900033913,9,1,30,954,1,1,1,1.0,3,91534,M,,,91
200900033914,9,1,30,1611,1,1,1,1.0,6,91377,M,,,91
200900033915,9,1,31,1,3,1,1,1.0,6,91363,M,,,91
200900033916,9,1,31,1830,4,2,1,1.0,6,91200,M,4.0,0,91
200900033917,9,1,14,1530,1,2,1,1.0,3,91421,M,,,91
200900033918,9,1,15,1600,1,1,1,1.0,7,91064,M,,,91
200900033919,9,1,16,1655,1,2,2,8.0,6,91114,M,,,91
200900033920,9,1,19,1100,1,2,1,1.0,3,91174,M,,,91
200900033921,9,1,19,1230,1,2,2,1.0,3,91312,M,,,91
200900033922,9,1,20,720,2,2,1,2.0,3,91471,M,,,91
200900033923,9,1,20,745,5,2,1,1.0,6,91228,M,,,91
200900033924,9,1,21,1040,1,2,2,1.0,3,91182,M,,,91
200900033925,9,1,21,1748,1,2,3,2.0,1,91570,M,,,91
200900033926,9,1,22,1220,1,1,3,1.0,2,91064,M,,,91
200900033927,9,1,22,1315,1,2,1,2.0,3,91477,M,,,91
200900033928,9,1,22,1805,5,2,1,2.0,6,91182,M,,,91
200900033929,9,1,22,1815,5,2,1,2.0,6,91097,M,,,91
200900033930,9,1,23,1205,1,2,3,6.0,6,91228,M,,,91
200900033931,9,1,25,100,3,2,1,1.0,6,91549,M,,,91
200900033932,9,1,25,1805,5,2,1,1.0,6,91114,M,,,91
200900033933,9,1,26,1400,1,2,3,1.0,2,91549,M,,,91
200900033934,9,1,27,930,1,2,1,1.0,2,91191,M,,,91
200900033935,9,1,29,740,1,2,1,1.0,2,91377,M,,,91
200900033936,9,1,30,930,1,2,1,1.0,2,91514,M,,,91
200900033937,9,1,30,1650,1,2,3,1.0,3,91326,M,,,91
200900033938,9,1,30,1645,1,2,1,1.0,6,91477,M,,,91
200900033939,9,1,30,1800,2,2,2,1.0,3,91201,M,,,91
200900033940,9,1,30,2040,5,2,6,1.0,6,91549,M,,,91
200900033941,9,1,26,903,1,1,1,8.0,6,91689,M,,,91
200900033942,9,1,13,1105,1,2,2,1.0,3,91201,M,,,91
200900033943,9,1,31,950,1,1,1,1.0,3,91037,M,,,91
200900033944,9,1,31,1,5,2,1,1.0,6,91479,M,,,91
200900033945,9,1,31,1400,1,2,1,1.0,2,91521,M,,,91
200900033946,9,1,2,940,1,2,1,1.0,7,91469,M,,,91
200900033947,9,1,5,645,5,2,1,4.0,6,91027,M,,,91
200900033948,9,1,7,835,1,2,1,9.0,6,91421,M,,,91
200900033949,9,1,8,1310,1,2,1,1.0,6,91228,M,,,91
200900033950,9,1,13,2040,5,1,2,1.0,5,91514,M,,,91
200900033951,9,1,22,1840,3,2,1,2.0,2,91521,M,,,91
200900033952,9,1,26,1300,1,2,1,1.0,7,91514,M,,,91
200900033953,9,1,15,1505,1,2,1,1.0,2,91549,M,,,91
200900033954,9,1,27,1340,1,2,3,1.0,3,91457,M,,,91
200900033955,9,1,16,1745,5,2,3,1.0,7,91589,M,,,91
200900033956,9,1,24,240,5,2,1,1.0,2,91114,M,,,91
200900033957,9,1,10,1255,1,2,1,1.0,6,91286,M,,,91
200900033958,9,1,10,245,5,2,6,1.0,3,91471,M,,,91
200900033959,9,4,1,1020,1,2,1,1.0,7,91097,M,,,91
200900033960,9,4,1,1725,1,2,1,1.0,7,91223,M,,,91
200900033961,9,4,1,2000,1,2,2,1.0,6,91027,M,,,91
200900033962,9,4,1,2050,1,2,1,1.0,1,91570,M,,,91
200900033963,9,4,2,1250,1,2,2,1.0,3,91286,M,,,91
200900033964,9,4,3,840,1,2,1,1.0,3,91174,M,,,91
200900033965,9,4,3,1748,1,2,6,1.0,6,91434,M,,,91
200900033966,9,4,4,1145,1,2,9,1.0,3,91182,M,,,91
200900033967,9,4,4,1535,1,2,1,1.0,3,91216,M,,,91
200900033968,9,4,6,2000,4,2,1,1.0,2,91201,M,,,91
200900033969,9,4,11,2055,2,1,1,1.0,2,91223,M,,,91
200900033970,9,4,12,1750,1,2,1,1.0,6,91223,M,,,91
200900033971,9,4,5,2030,2,2,1,1.0,2,91469,M,,,91
200900033972,9,4,8,1425,1,2,1,1.0,2,91201,M,,,91
200900033973,9,4,8,1500,1,2,1,1.0,2,91223,M,,,91
200900033974,9,4,9,730,1,1,3,1.0,3,91552,M,,,91
200900033975,9,4,9,905,1,2,3,1.0,2,91421,M,,,91
200900033976,9,4,9,1830,1,2,1,1.0,6,91433,M,,,91
200900033977,9,4,10,1850,1,2,1,1.0,6,91114,M,,,91
200900033978,9,4,13,1400,1,2,1,1.0,6,91549,M,,,91
200900033979,9,4,16,2300,5,2,2,1.0,3,91434,M,,,91
200900033980,9,4,20,1530,1,2,3,1.0,5,91201,M,,,91
200900033981,9,4,20,845,1,2,1,1.0,2,91312,M,,,91
200900033982,9,4,20,1035,1,2,3,1.0,3,91114,M,,,91
200900033983,9,4,21,845,1,2,1,1.0,7,91692,M,,,91
200900033984,9,4,21,950,1,2,1,1.0,2,91174,M,,,91
200900033985,9,4,22,1650,1,2,8,1.0,3,91521,M,,,91
200900033986,9,4,23,730,1,2,7,1.0,3,91174,M,,,91
200900033987,9,4,23,1250,1,2,1,1.0,6,91570,M,,,91
200900033988,9,4,23,1530,1,2,1,1.0,6,91223,M,,,91
200900033989,9,4,25,1105,1,2,2,1.0,3,91549,M,,,91
200900033990,9,4,23,2025,2,2,4,1.0,3,91421,M,,,91
200900033991,9,4,24,1310,1,2,3,1.0,6,91692,M,,,91
200900033992,9,4,24,1700,1,2,1,1.0,3,91064,M,,,91
200900033993,9,4,24,1705,1,2,1,1.0,3,91201,M,,,91
200900033994,9,4,25,1605,1,2,2,2.0,3,91347,M,,,91
200900033995,9,4,25,1640,1,2,3,1.0,3,91201,M,,,91
200900033996,9,4,26,700,2,2,1,1.0,3,91097,M,,,91
200900033997,9,4,26,1610,1,2,1,1.0,6,91657,M,,,91
200900033998,9,4,27,1340,1,2,3,1.0,3,91421,M,,,91
200900033999,9,4,27,1720,1,2,1,1.0,6,91201,M,,,91
200900034000,9,4,27,1600,1,2,1,1.0,3,91201,M,,,91
200900034001,9,4,27,1720,1,2,1,1.0,7,91645,M,,,91
200900034002,9,4,2,1159,1,1,4,1.0,6,91136,M,,,91
200900034003,9,4,2,953,1,1,1,1.0,2,91182,M,,,91
200900034004,9,4,2,1445,1,1,1,1.0,3,91064,M,,,91
200900034005,9,4,2,1545,1,1,1,1.0,2,91115,M,0.0,0,91
200900034006,9,4,3,800,1,1,1,1.0,7,91339,M,,,91
200900034007,9,4,5,645,2,1,9,1.0,1,91546,M,0.0,0,91
200900034008,9,4,4,1510,1,1,1,1.0,2,91534,M,,,91
200900034009,9,4,5,2029,2,1,1,1.0,7,91659,M,,,91
200900034010,9,4,28,1545,1,2,1,2.0,3,91228,M,,,91
200900034011,9,4,28,1905,1,2,1,2.0,6,91692,M,,,91
200900034012,9,4,28,1915,2,2,1,3.0,6,91228,M,,,91
200900034013,9,4,28,2020,1,2,3,1.0,1,91691,M,,,91
200900034014,9,4,29,1510,1,2,1,1.0,1,91114,M,,,91
200900034015,9,4,6,1745,1,2,1,1.0,3,91494,M,0.0,0,91
200900034016,9,4,30,1725,1,2,2,1.0,3,91471,M,,,91
200900034017,9,4,29,1650,1,2,9,1.0,2,91692,M,,,91
200900034018,9,4,30,825,1,2,1,1.0,6,91549,M,,,91
200900034019,9,4,6,1855,1,1,1,1.0,2,91136,M,,,91
200900034020,9,4,30,1845,1,2,3,1.0,3,91692,M,,,91
200900034021,9,4,7,705,2,1,1,2.0,2,91692,M,,,91
200900034022,9,4,8,1345,1,2,1,8.0,3,91649,M,4.0,0,91
200900034023,9,4,9,2030,1,1,1,1.0,7,91235,M,,,91
200900034024,9,4,10,1600,1,2,1,1.0,2,91363,M,0.0,0,91
200900034025,9,4,10,1630,1,1,1,1.0,3,91111,M,0.0,0,91
200900034026,9,4,13,1700,1,1,1,1.0,2,91689,M,,,91
200900034027,9,4,14,1800,1,1,1,1.0,5,91340,M,,,91
200900034028,9,4,13,2200,5,2,3,1.0,3,91080,M,4.0,0,91
200900034029,9,4,14,534,3,1,1,1.0,7,91617,M,,,91
200900034030,9,4,15,546,2,1,1,1.0,3,91340,M,,,91
200900034031,9,4,15,1630,1,1,2,1.0,3,91649,M,0.0,0,91
200900034032,9,4,15,2015,2,2,3,1.0,5,91376,M,4.0,0,91
200900034033,9,4,15,2055,3,1,1,1.0,7,91339,M,,,91
200900034034,9,4,16,800,1,1,1,1.0,1,91648,M,4.0,0,91
200900034035,9,4,16,1630,1,2,1,1.0,7,91363,M,0.0,0,91
200900034036,9,4,17,1000,1,1,1,1.0,7,91689,M,,,91
200900034037,9,4,21,1715,1,1,1,1.0,7,91136,M,,,91
200900034038,9,4,23,1433,1,1,1,1.0,3,91689,M,,,91
200900034039,9,4,17,1945,1,1,1,1.0,1,91525,M,4.0,0,91
200900034040,9,4,19,845,1,1,1,2.0,3,91521,M,,,91
200900034041,9,4,19,905,1,1,1,1.0,6,91377,M,,,91
200900034042,9,4,18,815,1,1,1,1.0,7,91338,M,4.0,0,91
200900034043,9,4,18,908,1,1,1,1.0,4,91179,M,,,91
200900034044,9,4,18,1253,1,1,1,2.0,3,91182,M,,,91
200900034045,9,4,18,1519,1,1,1,2.0,4,91661,M,,,91
200900034046,9,4,18,1536,1,1,1,2.0,3,91363,M,,,91
200900034047,9,4,18,2050,3,1,1,2.0,7,91161,M,,,91
200900034048,9,4,17,1908,1,1,1,1.0,6,91174,M,,,91
200900034049,9,4,19,1726,1,1,1,1.0,2,91235,M,,,91
200900034050,9,4,21,832,2,1,1,1.0,6,91477,M,,,91
200900034051,9,4,19,2255,3,1,1,1.0,1,91671,M,0.0,0,91
200900034052,9,4,27,1431,1,1,1,1.0,7,91286,M,,,91
200900034053,9,4,22,850,1,1,1,1.0,4,91689,M,,,91
200900034054,9,4,22,1030,1,1,1,7.0,7,91016,M,0.0,0,91
200900034055,9,4,22,1418,1,1,1,1.0,2,91182,M,,,91
200900034056,9,4,24,1318,1,1,1,7.0,6,91659,M,,,91
200900034057,9,4,25,441,3,1,1,1.0,2,91661,M,,,91
200900034058,9,4,24,1649,1,1,1,1.0,6,91549,M,,,91
200900034059,9,4,26,842,1,1,1,2.0,6,91521,M,,,91
200900034060,9,4,26,1615,1,2,1,8.0,1,91235,M,4.0,0,91
200900034061,9,4,28,705,2,1,1,2.0,3,91687,M,,,91
200900034062,9,4,30,1019,1,1,1,1.0,5,91377,M,,,91
200900034063,9,4,30,2255,3,1,1,1.0,6,91570,M,,,91
200900034064,9,3,20,1225,1,2,1,1.0,6,92033,M,,,92
200900034065,9,3,26,1400,1,2,2,1.0,3,92073,M,,,92
200900034066,9,3,29,1050,1,2,2,1.0,3,92073,M,,,92
200900034067,9,3,25,840,1,2,2,2.0,6,92072,M,,,92
200900034068,9,3,17,1815,1,2,1,1.0,6,92073,M,,,92
200900034069,9,3,31,1310,1,2,3,1.0,3,92073,M,,,92
200900034070,9,3,31,1645,1,2,2,1.0,3,92064,M,,,92
200900034071,9,3,27,2235,5,2,2,2.0,3,92033,M,,,92
200900034072,9,3,25,1515,1,2,9,1.0,3,92064,M,,,92
200900034073,9,3,23,1450,1,2,9,1.0,3,92036,M,,,92
200900034074,9,3,23,800,1,2,1,1.0,3,92014,M,,,92
200900034075,9,3,20,1550,1,2,3,1.0,6,92048,M,,,92
200900034076,9,3,19,1645,1,2,3,1.0,5,92073,M,,,92
200900034077,9,3,17,1400,1,2,1,1.0,2,92036,M,,,92
200900034078,9,3,16,1715,1,2,1,1.0,6,92073,M,,,92
200900034079,9,3,30,1815,1,2,1,1.0,6,92036,M,,,92
200900034080,9,3,19,1720,1,2,6,1.0,3,92022,M,,,92
200900034081,9,3,25,1058,1,2,1,2.0,2,92002,M,,,92
200900034082,9,3,24,940,1,2,1,1.0,6,92073,M,,,92
200900034083,9,3,24,1725,1,2,9,1.0,6,92064,M,,,92
200900034084,9,3,30,1805,1,2,1,1.0,4,92077,M,,,92
200900034085,9,3,12,1415,1,2,1,1.0,3,92051,M,,,92
200900034086,9,3,4,1022,1,2,2,2.0,6,92051,M,,,92
200900034087,9,3,12,1735,1,2,1,1.0,6,92012,M,,,92
200900034088,9,3,10,1040,1,2,1,1.0,3,92051,M,,,92
200900034089,9,3,11,1300,1,2,1,1.0,6,92012,M,,,92
200900034090,9,3,6,925,1,2,1,1.0,6,92051,M,,,92
200900034091,9,3,1,815,1,2,1,1.0,6,92051,M,,,92
200900034092,9,3,12,400,4,1,1,1.0,7,92036,M,,,92
200900034093,9,3,30,830,1,1,1,1.0,3,92025,M,,,92
200900034094,9,3,19,1705,1,1,1,1.0,3,92025,M,,,92
200900034095,9,3,7,840,1,1,1,1.0,4,92050,M,,,92
200900034096,9,3,19,1350,1,1,1,1.0,3,92050,M,,,92
200900034097,9,3,3,730,1,1,1,1.0,2,92050,M,,,92
200900034098,9,3,24,1130,1,1,1,1.0,3,92036,M,,,92
200900034099,9,3,6,1730,1,1,1,1.0,2,92050,M,,,92
200900034100,9,3,3,915,1,1,1,1.0,2,92025,M,,,92
200900034101,9,3,18,920,1,1,1,1.0,2,92072,M,,,92
200900034102,9,3,30,830,1,1,1,1.0,4,92051,M,,,92
200900034103,9,3,3,930,1,1,1,1.0,3,92036,M,,,92
200900034104,9,3,11,1225,1,2,1,1.0,6,92051,M,,,92
200900034105,9,3,23,1055,1,2,1,1.0,3,92051,M,,,92
200900034106,9,3,5,1925,2,2,3,1.0,6,92007,M,,,92
200900034107,9,3,8,1255,1,2,3,1.0,3,92012,M,,,92
200900034108,9,3,21,1350,1,2,1,1.0,3,92051,M,,,92
200900034109,9,3,10,1700,1,2,1,8.0,6,92051,M,,,92
200900034110,9,3,15,850,1,2,2,1.0,6,92012,M,,,92
200900034111,9,3,31,810,1,2,1,1.0,6,92012,M,,,92
200900034112,9,3,11,1210,1,2,1,9.0,3,92012,M,,,92
200900034113,9,3,10,1035,1,2,1,1.0,3,92012,M,,,92
200900034114,9,3,19,850,1,2,1,1.0,6,92012,M,,,92
200900034115,9,3,9,1150,1,2,1,1.0,2,92051,M,,,92
200900034116,9,3,10,1607,1,2,1,1.0,7,92051,M,,,92
200900034117,9,3,31,1525,1,2,1,1.0,2,92051,M,,,92
200900034118,9,3,27,2220,5,2,2,1.0,2,92012,M,,,92
200900034119,9,3,20,1855,5,2,1,1.0,6,92007,M,,,92
200900034120,9,3,11,1955,5,2,1,1.0,5,92051,M,,,92
200900034121,9,3,17,832,1,2,1,1.0,6,92051,M,,,92
200900034122,9,3,4,1900,2,2,1,1.0,2,92012,M,,,92
200900034123,9,3,28,1830,2,2,1,1.0,3,92012,M,,,92
200900034124,9,3,12,1800,2,2,1,1.0,3,92051,M,,,92
200900034125,9,3,27,1145,1,2,1,1.0,6,92062,M,,,92
200900034126,9,3,19,1020,1,2,1,1.0,3,92020,M,,,92
200900034127,9,3,31,1825,1,2,1,1.0,6,92020,M,,,92
200900034128,9,3,6,1535,1,2,1,1.0,6,92049,M,,,92
200900034129,9,3,16,1010,1,2,7,1.0,3,92063,M,,,92
200900034130,9,3,27,845,1,2,6,8.0,2,92040,M,,,92
200900034131,9,3,4,1655,1,2,1,1.0,2,92004,M,,,92
200900034132,9,3,23,1945,5,2,4,1.0,6,92026,M,,,92
200900034133,9,3,2,1755,1,2,1,1.0,6,92046,M,,,92
200900034134,9,3,31,1515,1,2,1,1.0,6,92020,M,,,92
200900034135,9,3,30,1230,1,2,1,1.0,6,92019,M,,,92
200900034136,9,3,15,2135,2,2,3,1.0,6,92048,M,,,92
200900034137,9,3,9,1845,2,2,1,1.0,3,92033,M,,,92
200900034138,9,3,12,2250,4,2,6,1.0,6,92048,M,,,92
200900034139,9,3,26,1710,1,2,1,2.0,6,92050,M,,,92
200900034140,9,3,27,1130,1,2,1,1.0,7,92040,M,,,92
200900034141,9,3,13,1640,1,2,1,1.0,6,92025,M,,,92
200900034142,9,3,13,1945,4,2,3,1.0,3,92026,M,,,92
200900034143,9,3,16,920,1,2,2,1.0,3,92062,M,,,92
200900034144,9,3,30,1035,1,2,1,1.0,6,92063,M,,,92
200900034145,9,3,22,2235,5,2,1,1.0,6,92024,M,,,92
200900034146,9,3,25,1805,1,2,3,1.0,6,92026,M,,,92
200900034147,9,3,25,1145,1,2,1,2.0,2,92040,M,,,92