Num_Acc,an,mois,jour,hrmn,lum,agg,int,atm,col,com,gps,lat,long,dep
200900034148,9,3,20,2350,5,2,3,9.0,3,92050,M,,,92
200900034149,9,3,24,930,1,2,1,1.0,6,92063,M,,,92
200900034150,9,3,1,740,1,2,1,1.0,6,92025,M,,,92
200900034151,9,3,7,630,5,2,2,1.0,3,92026,M,,,92
200900034152,9,3,5,1115,1,2,2,1.0,1,92050,M,,,92
200900034153,9,3,26,1810,2,2,1,2.0,2,92050,M,,,92
200900034154,9,3,21,1445,1,2,1,1.0,3,92025,M,,,92
200900034155,9,3,5,1925,5,2,4,1.0,6,92024,M,,,92
200900034156,9,3,19,1400,1,2,1,1.0,6,92063,M,,,92
200900034157,9,3,16,810,1,2,1,1.0,6,92019,M,,,92
200900034158,9,3,11,1330,1,2,9,1.0,3,92040,M,,,92
200900034159,9,3,12,1710,1,2,1,1.0,6,92022,M,,,92
200900034160,9,3,2,1000,1,2,1,1.0,7,92072,M,,,92
200900034161,9,3,19,1825,1,2,1,1.0,2,92032,M,,,92
200900034162,9,3,4,920,1,2,2,1.0,7,92062,M,,,92
200900034163,9,3,26,1140,1,2,3,1.0,6,92025,M,,,92
200900034164,9,3,28,400,5,2,1,2.0,6,92019,M,,,92
200900034165,9,3,14,2010,5,2,3,1.0,2,92072,M,,,92
200900034166,9,3,13,1740,1,2,1,1.0,7,92049,M,,,92
200900034167,9,3,1,1830,5,2,1,1.0,6,92036,M,,,92
200900034168,9,3,10,2145,5,2,1,1.0,3,92024,M,,,92
200900034169,9,3,28,15,5,2,3,1.0,6,92071,M,,,92
200900034170,9,3,6,2045,5,2,3,1.0,2,92004,M,,,92
200900034171,9,3,21,15,5,1,1,1.0,3,92024,M,,,92
200900034172,9,3,12,1435,1,2,1,1.0,6,92032,M,,,92
200900034173,9,3,9,900,1,2,1,1.0,6,92019,M,,,92
200900034174,9,3,13,1750,1,2,9,1.0,3,92036,M,,,92
200900034175,9,3,5,1545,1,2,1,1.0,3,92014,M,,,92
200900034176,9,3,5,108,5,2,1,1.0,6,92020,M,,,92
200900034177,9,3,7,1410,1,2,3,1.0,3,92026,M,,,92
200900034178,9,3,14,1650,1,2,2,1.0,3,92071,M,,,92
200900034179,9,3,4,1640,1,2,1,8.0,2,92063,M,,,92
200900034180,9,3,25,1110,1,2,1,2.0,6,92024,M,,,92
200900034181,9,3,8,1400,1,2,9,2.0,2,92064,M,,,92
200900034182,9,3,20,1045,1,2,2,1.0,6,92050,M,,,92
200900034183,9,3,24,1045,1,2,2,1.0,6,92024,M,,,92
200900034184,9,3,1,1530,1,2,2,1.0,3,92025,M,,,92
200900034185,9,3,1,1340,1,2,3,1.0,3,92026,M,,,92
200900034186,9,3,11,1300,1,2,1,1.0,6,92036,M,,,92
200900034187,9,3,10,1320,1,2,1,2.0,6,92026,M,,,92
200900034188,9,3,18,100,5,2,2,1.0,3,92025,M,,,92
200900034189,9,3,25,1530,1,2,1,1.0,6,92062,M,,,92
200900034190,9,3,28,1705,1,2,1,2.0,3,92040,M,,,92
200900034191,9,3,9,1330,1,2,3,1.0,3,92025,M,,,92
200900034192,9,3,31,2100,5,2,1,1.0,6,92026,M,,,92
200900034193,9,3,13,1940,5,2,9,1.0,2,92064,M,,,92
200900034194,9,3,11,735,1,2,2,1.0,6,92026,M,,,92
200900034195,9,3,11,1600,1,2,1,1.0,6,92036,M,,,92
200900034196,9,3,1,1400,1,2,2,1.0,3,92025,M,,,92
200900034197,9,3,14,1230,1,2,2,1.0,3,92002,M,,,92
200900034198,9,3,27,2000,5,2,3,1.0,1,92050,M,,,92
200900034199,9,3,25,1615,1,2,1,1.0,3,92063,M,,,92
200900034200,9,3,9,1810,1,2,1,1.0,6,92040,M,,,92
200900034201,9,3,3,1517,1,2,1,1.0,2,92072,M,,,92
200900034202,9,3,22,1320,1,2,3,1.0,3,92026,M,,,92
200900034203,9,3,23,1900,1,2,1,1.0,6,92049,M,,,92
200900034204,9,3,13,840,1,2,6,1.0,6,92048,M,,,92
200900034205,9,3,20,2005,5,2,1,1.0,6,92049,M,,,92
200900034206,9,3,7,2340,5,2,1,1.0,3,92024,M,,,92
200900034207,9,3,2,805,1,2,1,1.0,2,92063,M,,,92
200900034208,9,3,23,1435,1,2,1,1.0,2,92071,M,,,92
200900034209,9,3,13,820,1,2,3,1.0,3,92019,M,,,92
200900034210,9,3,21,145,5,2,1,1.0,6,92071,M,,,92
200900034211,9,3,2,2205,5,2,3,1.0,3,92004,M,,,92
200900034212,9,3,20,2210,5,2,1,1.0,3,92019,M,,,92
200900034213,9,3,28,555,2,2,1,8.0,7,92046,M,,,92
200900034214,9,3,7,1935,5,2,5,1.0,6,92004,M,,,92
200900034215,9,3,15,1350,1,2,2,1.0,3,92026,M,,,92
200900034216,9,3,10,835,1,2,3,3.0,2,92073,M,,,92
200900034217,9,3,20,1855,1,2,1,1.0,3,92049,M,,,92
200900034218,9,3,7,1855,5,2,2,1.0,2,92026,M,,,92
200900034219,9,3,13,1350,1,2,3,1.0,6,92071,M,,,92
200900034220,9,3,24,1615,1,2,3,8.0,3,92050,M,,,92
200900034221,9,3,19,1700,1,2,9,1.0,6,92026,M,,,92
200900034222,9,3,28,1800,1,2,1,2.0,6,92040,M,,,92
200900034223,9,3,14,2120,5,2,1,1.0,3,92040,M,,,92
200900034224,9,3,21,2130,5,2,3,1.0,6,92063,M,,,92
200900034225,9,3,14,515,4,2,3,1.0,3,92040,M,,,92
200900034226,9,3,23,1115,1,2,7,1.0,3,92063,M,,,92
200900034227,9,3,11,1650,1,2,2,1.0,3,92025,M,,,92
200900034228,9,3,27,905,1,2,2,1.0,3,92024,M,,,92
200900034229,9,3,17,1345,1,2,1,1.0,3,92040,M,,,92
200900034230,9,3,9,2240,5,2,2,1.0,3,92024,M,,,92
200900034231,9,3,28,1845,2,2,2,2.0,3,92078,M,,,92
200900034232,9,3,11,1130,1,2,1,1.0,3,92049,M,,,92
200900034233,9,3,6,1510,1,2,1,1.0,6,92020,M,,,92
200900034234,9,3,9,840,1,2,1,1.0,6,92020,M,,,92
200900034235,9,3,12,1915,5,2,1,1.0,6,92064,M,,,92
200900034236,9,3,2,1715,1,2,1,1.0,3,92049,M,,,92
200900034237,9,3,25,1230,1,2,1,1.0,6,92049,M,,,92
200900034238,9,3,27,645,2,2,2,1.0,3,92071,M,,,92
200900034239,9,3,18,1155,1,2,1,1.0,2,92050,M,,,92
200900034240,9,3,20,1150,1,2,1,1.0,6,92049,M,,,92
200900034241,9,3,20,1000,1,2,2,1.0,6,92063,M,,,92
200900034242,9,3,14,2015,4,2,1,1.0,3,92014,M,,,92
200900034243,9,3,17,1100,1,2,2,1.0,3,92046,M,,,92
200900034244,9,3,8,520,5,2,3,1.0,3,92050,M,,,92
200900034245,9,3,10,1700,1,2,1,1.0,6,92063,M,,,92
200900034246,9,3,21,2220,5,2,1,7.0,6,92050,M,,,92
200900034247,9,3,28,2055,4,2,1,2.0,2,92024,M,,,92
200900034248,9,3,24,1205,1,2,1,1.0,6,92025,M,,,92
200900034249,9,3,2,1225,1,2,1,1.0,6,92049,M,,,92
200900034250,9,3,12,1840,1,2,1,1.0,3,92060,M,,,92
200900034251,9,3,31,1020,1,2,1,1.0,2,92004,M,,,92
200900034252,9,3,16,1100,1,2,2,1.0,6,92004,M,,,92
200900034253,9,3,31,1120,1,2,2,1.0,5,92023,M,,,92
200900034254,9,3,20,1600,1,2,1,1.0,6,92009,M,,,92
200900034255,9,3,20,927,1,2,3,1.0,5,92023,M,,,92
200900034256,9,3,13,715,1,2,1,1.0,6,92004,M,,,92
200900034257,9,3,20,1100,1,2,2,1.0,3,92009,M,,,92
200900034258,9,3,20,753,2,2,1,1.0,6,92023,M,,,92
200900034259,9,3,21,1905,1,2,2,1.0,3,92023,M,,,92
200900034260,9,3,29,1730,4,1,1,1.0,6,92004,M,,,92
200900034261,9,3,17,905,1,2,5,1.0,5,92023,M,,,92
200900034262,9,3,4,1710,1,2,1,1.0,3,92023,M,,,92
200900034263,9,3,21,1305,1,2,2,1.0,2,92004,M,,,92
200900034264,9,3,10,1050,1,2,1,2.0,6,92004,M,,,92
200900034265,9,3,26,1540,1,2,1,2.0,6,92060,M,,,92
200900034266,9,3,12,1820,1,2,1,1.0,6,92004,M,,,92
200900034267,9,3,30,1630,1,2,5,1.0,6,92060,M,,,92
200900034268,9,3,10,840,1,2,2,2.0,6,92004,M,,,92
200900034269,9,3,18,1600,1,2,1,1.0,3,92004,M,,,92
200900034270,9,3,27,2040,5,2,1,1.0,3,92023,M,,,92
200900034271,9,3,22,1320,1,2,1,1.0,2,92023,M,,,92
200900034272,9,3,23,1645,1,1,1,1.0,7,92002,M,,,92
200900034273,9,3,16,1005,1,1,3,1.0,1,92040,M,,,92
200900034274,9,3,15,2350,5,2,1,1.0,6,92026,M,,,92
200900034275,9,2,1,545,1,2,1,1.0,6,92004,M,,,92
200900034276,9,2,10,845,1,2,1,1.0,3,92020,M,,,92
200900034277,9,2,5,1555,1,2,1,1.0,6,92040,M,,,92
200900034278,9,2,14,440,5,2,2,1.0,3,92049,M,,,92
200900034279,9,2,6,1645,1,2,1,1.0,2,92040,M,,,92
200900034280,9,2,2,835,1,2,1,4.0,2,92064,M,,,92
200900034281,9,2,12,1225,1,2,1,1.0,2,92040,M,,,92
200900034282,9,2,11,745,2,1,1,1.0,6,92048,M,,,92
200900034283,9,2,4,1710,1,2,1,1.0,6,92020,M,,,92
200900034284,9,2,5,1905,1,2,1,1.0,6,92040,M,,,92
200900034285,9,2,13,1650,1,1,2,4.0,3,92048,M,,,92
200900034286,9,2,3,1825,5,2,2,1.0,3,92049,M,,,92
200900034287,9,2,5,840,1,2,1,1.0,6,92064,M,,,92
200900034288,9,2,14,1340,1,2,1,1.0,3,92078,M,,,92
200900034289,9,2,1,1630,1,2,1,1.0,4,92064,M,,,92
200900034290,9,2,10,1155,1,2,1,1.0,3,92049,M,,,92
200900034291,9,2,11,2000,5,2,1,1.0,3,92040,M,,,92
200900034292,9,2,10,1725,1,2,1,8.0,3,92002,M,,,92
200900034293,9,2,11,1915,5,2,1,1.0,6,92049,M,,,92
200900034294,9,2,12,1720,1,2,1,1.0,6,92064,M,,,92
200900034295,9,2,4,1815,1,2,1,2.0,6,92020,M,,,92
200900034296,9,2,13,1355,1,2,1,1.0,3,92020,M,,,92
200900034297,9,2,10,1430,1,1,1,1.0,3,92049,M,,,92
200900034298,9,2,13,1810,5,2,1,1.0,3,92064,M,,,92
200900034299,9,2,2,1020,1,2,1,4.0,3,92078,M,,,92
200900034300,9,2,4,1250,1,2,3,1.0,3,92049,M,,,92
200900034301,9,2,1,1430,1,2,1,1.0,2,92025,M,,,92
200900034302,9,2,2,1655,1,2,3,1.0,6,92025,M,,,92
200900034303,9,2,3,1650,1,1,1,1.0,4,92025,M,,,92
200900034304,9,2,5,1845,5,2,1,1.0,7,92026,M,,,92
200900034305,9,2,3,915,1,2,1,1.0,2,92025,M,,,92
200900034306,9,2,6,1610,1,2,1,8.0,4,92063,M,,,92
200900034307,9,2,13,1400,1,2,1,1.0,6,92025,M,,,92
200900034308,9,2,7,1100,1,2,6,1.0,3,92063,M,,,92
200900034309,9,2,12,1950,5,2,1,1.0,1,92025,M,,,92
200900034310,9,2,5,1645,1,2,1,1.0,6,92063,M,,,92
200900034311,9,2,18,2000,5,2,1,1.0,3,92050,M,,,92
200900034312,9,2,13,1045,1,2,3,8.0,6,92026,M,,,92
200900034313,9,2,3,2005,5,2,3,1.0,2,92062,M,,,92
200900034314,9,2,15,1630,1,2,3,9.0,2,92050,M,,,92
200900034315,9,2,9,635,5,2,2,1.0,3,92025,M,,,92
200900034316,9,2,3,1555,1,2,1,1.0,6,92063,M,,,92
200900034317,9,2,1,1940,5,2,1,1.0,6,92062,M,,,92
200900034318,9,2,2,1020,1,2,3,4.0,2,92062,M,,,92
200900034319,9,2,8,1620,1,2,2,2.0,7,92026,M,,,92
200900034320,9,2,15,115,3,2,2,1.0,3,92063,M,,,92
200900034321,9,2,6,2115,5,2,1,1.0,2,92062,M,,,92
200900034322,9,2,7,915,1,2,2,1.0,6,92026,M,,,92
200900034323,9,2,13,830,1,2,2,4.0,6,92026,M,,,92
200900034324,9,2,12,1735,2,2,4,1.0,2,92026,M,,,92
200900034325,9,2,4,2110,5,2,3,2.0,3,92062,M,,,92
200900034326,9,2,28,315,5,2,2,1.0,3,92020,M,,,92
200900034327,9,2,23,1110,1,2,3,2.0,6,92024,M,,,92
200900034328,9,2,18,1935,5,2,1,1.0,6,92024,M,,,92
200900034329,9,2,17,2000,5,2,4,1.0,6,92075,M,,,92
200900034330,9,2,21,2215,5,2,2,1.0,6,92064,M,,,92
200900034331,9,2,16,1040,1,2,1,8.0,5,92064,M,,,92
200900034332,9,2,23,1525,1,2,2,1.0,3,92049,M,,,92
200900034333,9,2,18,1250,1,2,6,1.0,3,92049,M,,,92
200900034334,9,2,26,2006,5,2,2,1.0,3,92026,M,,,92
200900034335,9,2,18,25,5,2,2,1.0,3,92049,M,,,92
200900034336,9,2,18,1240,1,2,1,2.0,3,92078,M,,,92
200900034337,9,2,26,1655,1,2,1,1.0,6,92020,M,,,92
200900034338,9,2,25,1700,1,2,2,1.0,3,92025,M,,,92
200900034339,9,2,19,1745,1,2,2,1.0,6,92073,M,,,92
200900034340,9,2,2,1715,1,2,3,1.0,6,92046,M,,,92
200900034341,9,2,10,1300,1,2,1,2.0,2,92077,M,,,92
200900034342,9,2,26,1800,1,2,2,1.0,7,92073,M,,,92
200900034343,9,2,19,1955,4,2,1,1.0,6,92020,M,,,92
200900034344,9,2,18,1620,1,2,1,1.0,1,92025,M,,,92
200900034345,9,2,2,1650,1,2,2,2.0,6,92024,M,,,92
200900034346,9,2,28,1540,1,2,1,1.0,6,92046,M,,,92
200900034347,9,2,2,1225,1,2,1,1.0,6,92051,M,,,92
200900034348,9,2,26,1840,2,2,1,1.0,5,92012,M,,,92
200900034349,9,2,25,1040,1,2,3,1.0,5,92075,M,,,92
200900034350,9,2,19,1205,1,2,1,1.0,7,92026,M,,,92
200900034351,9,2,24,1730,1,2,2,1.0,3,92025,M,,,92
200900034352,9,2,28,1038,1,2,1,1.0,6,92063,M,,,92
200900034353,9,2,19,1540,1,2,4,1.0,3,92073,M,,,92
200900034354,9,2,16,1405,1,2,2,1.0,3,92075,M,,,92
200900034355,9,2,20,2105,5,2,1,1.0,1,92025,M,,,92
200900034356,9,2,27,625,2,2,3,1.0,6,92073,M,,,92
200900034357,9,2,5,1805,2,2,1,1.0,6,92072,M,,,92
200900034358,9,2,25,1910,5,2,1,1.0,7,92026,M,,,92
200900034359,9,2,19,2000,5,2,2,1.0,2,92062,M,,,92
200900034360,9,2,23,845,1,2,1,2.0,3,92025,M,,,92
200900034361,9,2,6,1650,1,2,1,2.0,6,92012,M,,,92
200900034362,9,2,6,1530,1,2,1,1.0,6,92012,M,,,92
200900034363,9,2,28,1945,5,2,1,1.0,3,92051,M,,,92
200900034364,9,2,5,1645,1,2,1,1.0,3,92007,M,,,92
200900034365,9,2,13,1935,5,2,1,1.0,2,92051,M,,,92
200900034366,9,2,10,1710,1,2,3,2.0,6,92007,M,,,92
200900034367,9,2,2,1805,2,2,1,1.0,6,92012,M,,,92
200900034368,9,2,21,1600,1,2,1,1.0,2,92071,M,,,92
200900034369,9,2,9,1900,2,2,1,1.0,6,92007,M,,,92
200900034370,9,2,8,600,5,1,1,9.0,7,92048,M,,,92
200900034371,9,2,26,805,1,1,1,1.0,3,92062,M,,,92
200900034372,9,2,9,1120,1,1,1,8.0,7,92078,M,,,92
200900034373,9,2,15,850,1,1,1,1.0,6,92036,M,,,92
200900034374,9,2,16,2225,3,1,1,1.0,2,92078,M,,,92
200900034375,9,2,27,2030,3,1,1,1.0,4,92002,M,,,92
200900034376,9,2,6,1210,1,1,1,1.0,3,92050,M,,,92
200900034377,9,2,1,630,4,1,1,1.0,1,92025,M,,,92
200900034378,9,2,20,742,2,1,1,1.0,3,92025,M,,,92
200900034379,9,2,13,1748,1,1,1,2.0,2,92025,M,,,92
200900034380,9,2,7,1600,1,1,1,8.0,6,92036,M,,,92
200900034381,9,2,25,930,1,1,1,1.0,7,92036,M,,,92
200900034382,9,2,24,2225,5,1,1,1.0,6,92025,M,,,92
200900034383,9,2,2,900,1,2,1,4.0,2,92051,M,,,92
200900034384,9,2,25,1750,1,1,1,1.0,2,92025,M,,,92
200900034385,9,2,23,1726,1,1,1,1.0,3,92025,M,,,92
200900034386,9,2,22,2030,5,1,1,1.0,2,92051,M,,,92
200900034387,9,2,8,1945,5,2,1,1.0,6,92012,M,,,92
200900034388,9,2,24,1915,5,2,1,1.0,1,92051,M,,,92
200900034389,9,2,7,1150,1,2,1,2.0,6,92051,M,,,92
200900034390,9,2,28,1520,1,2,1,1.0,6,92012,M,,,92
200900034391,9,2,16,915,1,2,1,1.0,3,92012,M,,,92
200900034392,9,2,6,1925,5,2,3,1.0,3,92007,M,,,92
200900034393,9,2,10,1905,5,2,1,8.0,7,92051,M,,,92
200900034394,9,2,6,805,1,2,2,1.0,2,92012,M,,,92
200900034395,9,2,25,835,1,2,1,1.0,3,92012,M,,,92
200900034396,9,2,12,1446,1,2,1,1.0,3,92012,M,,,92
200900034397,9,2,19,1636,1,2,1,1.0,6,92012,M,,,92
200900034398,9,2,7,2138,5,2,3,2.0,3,92046,M,,,92
200900034399,9,2,11,840,2,2,1,9.0,6,92012,M,,,92
200900034400,9,2,6,1755,2,2,2,1.0,3,92007,M,,,92
200900034401,9,2,8,2235,5,2,1,1.0,6,92012,M,,,92
200900034402,9,2,4,1620,1,1,1,1.0,2,92012,M,,,92
200900034403,9,2,21,1845,5,2,1,1.0,3,92051,M,,,92
200900034404,9,2,22,340,5,2,2,1.0,3,92004,M,,,92
200900034405,9,2,28,1710,1,2,1,1.0,2,92004,M,,,92
200900034406,9,2,15,900,1,2,1,1.0,6,92004,M,,,92
200900034407,9,2,2,1000,1,2,1,2.0,1,92036,M,,,92
200900034408,9,2,3,1750,5,2,9,1.0,7,92036,M,,,92
200900034409,9,2,9,2030,5,2,4,2.0,6,92009,M,,,92
200900034410,9,2,18,1900,5,2,1,1.0,6,92004,M,,,92
200900034411,9,2,27,1215,1,2,1,1.0,6,92040,M,,,92
200900034412,9,2,12,1800,2,2,9,1.0,6,92036,M,,,92
200900034413,9,2,8,2130,5,2,1,1.0,5,92004,M,,,92
200900034414,9,2,13,840,1,2,3,4.0,6,92004,M,,,92
200900034415,9,2,18,1645,1,2,2,1.0,3,92004,M,,,92
200900034416,9,2,6,1425,1,2,9,1.0,5,92036,M,,,92
200900034417,9,2,4,1835,5,2,1,1.0,3,92036,M,,,92
200900034418,9,2,26,1910,5,2,1,1.0,3,92040,M,,,92
200900034419,9,2,13,1805,5,2,2,1.0,3,92036,M,,,92
200900034420,9,2,3,1445,1,2,1,1.0,3,92009,M,,,92
200900034421,9,2,17,2000,1,2,1,2.0,4,92036,M,,,92
200900034422,9,2,10,845,1,2,1,1.0,6,92020,M,,,92
200900034423,9,2,1,650,2,2,1,1.0,7,92040,M,,,92
200900034424,9,10,8,1100,1,1,1,8.0,3,27426,M,4.0,0,27
200900034425,9,10,31,2045,3,1,1,5.0,6,27130,M,4.0,0,27
200900034426,9,10,28,1730,1,1,1,1.0,1,27275,M,4.0,0,27
200900034427,9,10,26,1815,5,2,1,1.0,6,27112,M,4.0,0,27
200900034428,9,10,11,1230,1,1,1,1.0,6,27244,M,4.0,0,27
200900034429,9,10,19,215,3,1,1,1.0,2,27210,M,4.0,0,27
200900034430,9,10,16,645,3,1,1,1.0,1,27100,M,4.0,0,27
200900034431,9,10,7,1430,1,2,1,8.0,1,27157,M,4.0,0,27
200900034432,9,10,11,1045,1,2,1,1.0,3,27582,M,4.0,0,27
200900034433,9,10,11,2115,3,1,1,2.0,1,27056,M,4.0,0,27
200900034434,9,10,24,1600,1,1,1,1.0,1,27050,M,4.0,0,27
200900034435,9,10,3,2015,3,1,1,1.0,6,27310,M,4.0,0,27
200900034436,9,10,23,2345,3,1,1,1.0,2,27230,M,4.0,0,27
200900034437,9,10,23,1715,1,2,6,1.0,3,27467,M,4.0,0,27
200900034438,9,10,8,1230,1,1,2,1.0,3,27491,M,4.0,0,27
200900034439,9,10,8,245,5,1,1,1.0,6,27685,M,4.0,0,27
200900034440,9,10,12,1000,1,1,1,1.0,5,27334,M,4.0,0,27
200900034441,9,10,22,145,5,2,6,1.0,7,27684,M,4.0,0,27
200900034442,9,10,10,900,1,1,1,1.0,1,27163,M,4.0,0,27
200900034443,9,10,18,1600,1,1,1,1.0,6,27469,M,4.0,0,27
200900034444,9,10,19,1945,5,2,3,1.0,1,27151,M,4.0,0,27
200900034445,9,10,1,830,1,1,1,1.0,5,27229,M,4.0,0,27
200900034446,9,8,21,2055,5,2,1,1.0,1,57591,M,,,57
200900034447,9,8,8,2055,2,2,2,1.0,3,57463,M,,,57
200900034448,9,8,15,1215,1,2,3,7.0,3,57487,M,,,57
200900034449,9,8,4,1950,1,2,2,1.0,5,57672,M,,,57
200900034450,9,8,15,610,2,2,1,1.0,6,57283,M,,,57
200900034451,9,8,3,2130,5,2,4,1.0,3,57463,M,,,57
200900034452,9,8,3,720,1,2,9,1.0,7,57463,M,,,57
200900034453,9,8,14,1900,1,1,1,1.0,1,57161,M,0.0,0,57
200900034454,9,8,29,200,3,1,1,1.0,7,57740,M,4.0,0,57
200900034455,9,8,16,1815,1,1,1,1.0,4,57382,M,4.0,0,57
200900034456,9,8,19,1700,1,1,1,1.0,6,57155,M,0.0,0,57
200900034457,9,8,4,400,3,1,6,5.0,7,57370,M,0.0,0,57
200900034458,9,8,29,1200,1,1,1,1.0,3,57667,M,0.0,0,57
200900034459,9,8,6,1545,1,2,1,1.0,3,57351,M,0.0,0,57
200900034460,9,8,17,2100,3,1,1,1.0,7,57713,M,0.0,0,57
200900034461,9,8,1,1900,1,2,1,1.0,1,57452,M,4.0,0,57
200900034462,9,8,2,1800,1,1,1,1.0,7,57167,M,0.0,0,57
200900034463,9,8,31,2200,5,2,1,1.0,6,57540,M,0.0,0,57
200900034464,9,8,5,2115,2,1,1,1.0,6,57117,M,4.0,0,57
200900034465,9,8,3,715,1,2,1,1.0,1,57467,M,0.0,0,57
200900034466,9,8,17,1715,1,2,1,1.0,1,57150,M,0.0,0,57
200900034467,9,8,23,1100,1,1,5,1.0,3,57415,M,0.0,0,57
200900034468,9,8,13,1715,1,1,1,2.0,5,57341,M,4.0,0,57
200900034469,9,8,21,845,1,1,1,2.0,1,57644,M,4.0,0,57
200900034470,9,8,22,1645,1,2,1,7.0,5,57194,M,4.0,0,57
200900034471,9,8,11,1215,1,1,1,1.0,3,57238,M,4.0,0,57
200900034472,9,8,30,1900,1,2,1,1.0,1,57593,M,4.0,0,57
200900034473,9,8,6,1700,1,2,1,1.0,6,57483,M,0.0,0,57
200900034474,9,8,5,1435,1,2,1,5.0,5,57019,M,,,57
200900034475,9,8,6,2215,5,2,3,1.0,3,57480,M,,,57
200900034476,9,8,18,2100,2,2,2,1.0,1,57240,M,,,57
200900034477,9,8,8,845,1,2,1,1.0,6,57368,M,,,57
200900034478,9,8,26,1745,1,2,1,1.0,1,57606,M,,,57
200900034479,9,8,18,2000,2,2,1,1.0,6,57672,M,,,57
200900034480,9,8,21,2110,5,2,1,1.0,6,57463,M,,,57
200900034481,9,8,31,1845,1,2,1,1.0,6,57642,M,,,57
200900034482,9,8,22,1110,1,2,1,1.0,3,57463,M,,,57
200900034483,9,8,28,1835,1,2,1,1.0,4,57630,M,,,57
200900034484,9,8,18,1225,1,2,2,1.0,2,57672,M,,,57
200900034485,9,8,11,140,5,2,1,1.0,6,57306,M,,,57
200900034486,9,8,21,840,1,2,1,1.0,6,57672,M,,,57
200900034487,9,8,6,1330,1,1,1,1.0,3,57271,M,4.0,0,57
200900034488,9,8,2,100,5,2,3,1.0,1,57306,M,,,57
200900034489,9,8,16,710,1,1,1,1.0,1,57666,M,,,57
200900034490,9,8,16,2030,2,1,1,1.0,2,57672,M,,,57
200900034491,9,8,20,1825,1,1,1,1.0,3,57480,M,,,57
200900034492,9,8,31,735,1,1,1,1.0,6,57672,M,,,57
200900034493,9,8,5,1412,1,2,1,1.0,3,57631,M,,,57
200900034494,9,8,22,315,5,2,1,1.0,6,57463,M,,,57
200900034495,9,8,23,1215,1,1,1,1.0,2,57672,M,,,57
200900034496,9,8,23,2245,3,1,1,1.0,6,57672,M,,,57
200900034497,9,8,27,1900,1,2,2,1.0,3,57757,M,,,57
200900034498,9,8,29,2035,3,1,1,1.0,3,57757,M,,,57
200900034499,9,8,31,1510,1,1,1,1.0,3,57672,M,,,57
200900034500,9,8,1,1010,1,2,1,1.0,3,57227,M,,,57
200900034501,9,8,5,1655,1,1,9,1.0,3,57631,M,,,57
200900034502,9,8,19,1540,1,2,1,1.0,3,57757,M,,,57
200900034503,9,8,21,1225,1,2,1,2.0,2,57672,M,,,57
200900034504,9,9,12,1225,1,1,1,1.0,4,33122,M,,,33
200900034505,9,9,16,1810,1,1,1,1.0,3,33281,M,,,33
200900034506,9,9,20,800,1,1,1,3.0,6,33318,M,,,33
200900034507,9,9,19,1305,1,1,1,3.0,6,33039,M,,,33
200900034508,9,9,1,945,1,1,1,2.0,6,33039,M,,,33
200900034509,9,9,5,1435,1,1,1,1.0,2,33065,M,,,33
200900034510,9,9,4,1315,1,1,1,1.0,4,33397,M,,,33
200900034511,9,9,19,1925,1,1,1,1.0,4,33318,M,,,33
200900034512,9,9,8,1825,1,1,1,1.0,3,33281,M,,,33
200900034513,9,9,14,1740,1,1,1,1.0,3,33063,M,,,33
200900034514,9,9,7,725,1,1,1,1.0,2,33080,M,,,33
200900034515,9,9,3,1310,1,1,1,1.0,6,33550,M,,,33
200900034516,9,9,29,1744,1,1,1,1.0,6,33192,M,,,33
200900034517,9,9,1,1305,1,1,1,1.0,2,33065,M,,,33
200900034518,9,9,21,1600,1,1,1,1.0,2,33039,M,,,33
200900034519,9,9,6,555,5,1,1,1.0,2,33397,M,,,33
200900034520,9,9,23,935,1,1,1,1.0,4,33366,M,,,33
200900034521,9,9,4,420,3,1,1,3.0,6,33366,M,,,33
200900034522,9,9,5,1630,1,1,1,1.0,6,33065,M,,,33
200900034523,9,9,14,1455,1,1,1,1.0,6,33487,M,,,33
200900034524,9,9,3,945,1,1,1,1.0,2,33143,M,,,33
200900034525,9,9,14,1430,1,1,1,3.0,6,33063,M,,,33
200900034526,9,9,25,1730,1,1,1,1.0,6,33281,M,,,33
200900034527,9,9,28,2125,4,1,1,1.0,3,33167,M,,,33
200900034528,9,9,3,1115,1,1,1,1.0,3,33065,M,,,33
200900034529,9,9,10,1640,1,1,1,1.0,7,33318,M,,,33
200900034530,9,9,30,1845,1,2,1,1.0,3,33449,M,0.0,0,33
200900034531,9,9,28,1930,1,2,1,1.0,7,33065,M,4.0,-,33
200900034532,9,9,28,945,1,1,1,1.0,1,33122,M,0.0,0,33
200900034533,9,9,22,1615,1,1,1,1.0,4,33042,M,4.0,-,33
200900034534,9,9,11,1445,1,2,1,1.0,2,33063,M,,,33
200900034535,9,9,1,1850,1,2,2,1.0,6,33281,M,,,33
200900034536,9,9,3,2115,5,2,4,8.0,6,33063,M,,,33
200900034537,9,9,9,1850,1,2,2,1.0,1,33318,M,,,33
200900034538,9,9,15,920,1,2,6,1.0,3,33069,M,,,33
200900034539,9,9,1,1145,1,2,1,1.0,6,33063,M,,,33
200900034540,9,9,15,1525,1,2,3,3.0,3,33063,M,,,33
200900034541,9,9,8,1725,1,2,4,1.0,6,33281,M,,,33