Num_Acc,an,mois,jour,hrmn,lum,agg,int,atm,col,com,gps,lat,long,dep
200900034921,9,1,8,955,1,2,1,8.0,7,62065,M,,,62
200900034922,9,1,10,1205,1,2,2,1.0,3,62065,M,,,62
200900034923,9,1,30,1210,1,1,1,1.0,7,62413,M,,,62
200900034924,9,1,3,1640,1,2,1,1.0,6,62774,M,,,62
200900034925,9,1,9,1320,1,2,1,1.0,6,62160,M,,,62
200900034926,9,1,11,1425,1,2,1,1.0,6,62193,M,,,62
200900034927,9,1,31,1155,1,1,6,1.0,3,62133,M,,,62
200900034928,9,1,9,845,1,2,1,1.0,6,62041,M,,,62
200900034929,9,1,8,1700,2,2,1,5.0,5,62516,M,,,62
200900034930,9,1,15,1925,5,2,2,1.0,6,62193,M,,,62
200900034931,9,1,26,1640,1,1,1,1.0,1,62215,M,,,62
200900034932,9,1,28,740,5,2,3,8.0,3,62215,M,,,62
200900034933,9,1,28,1825,5,2,3,1.0,3,62215,M,,,62
200900034934,9,1,22,1605,1,2,3,2.0,2,62570,M,,,62
200900034935,9,1,31,1410,1,2,8,1.0,4,62427,M,,,62
200900034936,9,1,5,1925,2,2,1,1.0,2,62427,M,,,62
200900034937,9,1,19,750,1,2,1,2.0,6,62570,M,,,62
200900034938,9,1,24,1940,1,2,1,1.0,3,62427,M,,,62
200900034939,9,1,21,1800,5,1,9,1.0,5,62624,M,,,62
200900034940,9,1,17,1055,1,2,1,1.0,6,62836,M,,,62
200900034941,9,1,23,745,2,1,1,2.0,1,62215,M,,,62
200900034942,9,1,12,1900,5,2,1,2.0,6,62427,M,,,62
200900034943,9,1,23,1900,3,1,9,8.0,4,62898,M,0.0,0,62
200900034944,9,1,27,1315,1,2,1,1.0,5,62807,M,0.0,0,62
200900034945,9,1,15,1430,1,1,8,7.0,3,62007,M,5.0,0,62
200900034946,9,1,11,1745,5,2,1,4.0,6,62080,M,0.0,0,62
200900034947,9,1,24,1745,3,1,1,8.0,2,62627,M,5.0,0,62
200900034948,9,1,24,1800,5,2,1,2.0,3,62864,M,5.0,0,62
200900034949,9,1,20,845,1,2,1,9.0,5,62717,M,5.0,0,62
200900034950,9,1,26,1630,1,2,1,7.0,2,62473,M,0.0,0,62
200900034951,9,1,1,1815,3,2,1,9.0,2,62436,M,5.0,0,62
200900034952,9,1,19,645,3,1,1,6.0,7,62852,M,0.0,0,62
200900034953,9,1,13,1145,1,2,1,2.0,6,62827,M,5.0,0,62
200900034954,9,1,12,1730,2,2,1,2.0,6,62318,M,0.0,0,62
200900034955,9,1,17,1915,3,1,1,1.0,7,62011,M,5.0,0,62
200900034956,9,1,13,1830,5,2,1,2.0,5,62038,M,5.0,0,62
200900034957,9,1,24,800,2,1,1,2.0,6,62906,M,0.0,0,62
200900034958,9,1,24,2345,3,1,1,9.0,6,62288,M,5.0,0,62
200900034959,9,1,27,1930,3,1,1,9.0,1,62100,M,5.0,0,62
200900034960,9,1,30,2215,3,1,1,1.0,1,62627,M,5.0,0,62
200900034961,9,1,11,1815,3,1,1,1.0,6,62767,M,0.0,0,62
200900034962,9,1,14,1455,1,1,1,1.0,6,62065,M,,,62
200900034963,9,1,1,1915,3,2,1,1.0,6,62489,M,,,62
200900034964,9,1,17,1410,1,2,1,1.0,6,62193,M,,,62
200900034965,9,1,28,1025,1,2,2,1.0,3,62041,M,,,62
200900034966,9,1,28,1955,5,2,1,1.0,6,62041,M,,,62
200900034967,9,1,21,825,1,2,1,1.0,3,62041,M,,,62
200900034968,9,1,29,1810,5,2,2,1.0,3,62193,M,,,62
200900034969,9,1,25,2050,5,2,1,2.0,6,62193,M,,,62
200900034970,9,1,29,1825,3,1,6,1.0,3,62744,M,,,62
200900034971,9,1,19,1705,4,2,1,3.0,7,62160,M,,,62
200900034972,9,1,30,2055,5,2,2,8.0,3,62498,M,,,62
200900034973,9,1,11,2105,5,2,1,1.0,6,62270,M,,,62
200900034974,9,1,21,1550,1,2,1,1.0,6,62498,M,,,62
200900034975,9,1,8,1830,5,2,1,9.0,6,62108,M,,,62
200900034976,9,1,11,945,1,2,2,1.0,3,62186,M,,,62
200900034977,9,1,23,1410,1,2,1,1.0,6,62270,M,,,62
200900034978,9,1,8,1830,5,1,1,1.0,6,62274,M,,,62
200900034979,9,1,13,2035,5,1,1,3.0,6,62274,M,,,62
200900034980,9,1,22,1245,1,1,1,3.0,7,62771,M,,,62
200900034981,9,1,9,1800,5,1,1,1.0,7,62628,M,,,62
200900034982,9,1,16,1210,1,1,1,1.0,7,62498,M,,,62
200900034983,9,1,22,720,3,1,1,2.0,7,62771,M,,,62
200900034984,9,1,12,15,3,1,1,1.0,7,62498,M,,,62
200900034985,9,1,16,2300,3,1,1,1.0,6,62193,M,,,62
200900034986,9,1,6,1120,1,1,1,1.0,6,62548,M,,,62
200900034987,9,1,28,1645,1,1,1,1.0,6,62637,M,,,62
200900034988,9,1,9,755,2,1,1,1.0,6,62274,M,,,62
200900034989,9,1,10,1830,3,1,1,1.0,2,62249,M,,,62
200900034990,9,1,9,1210,1,1,1,1.0,7,62193,M,,,62
200900034991,9,1,31,1345,1,2,1,1.0,3,62186,M,,,62
200900034992,9,1,24,235,5,2,1,1.0,1,62510,M,,,62
200900034993,9,1,23,2302,5,2,1,1.0,7,62510,M,,,62
200900034994,9,1,28,2330,5,1,1,1.0,6,62510,M,,,62
200900034995,9,1,20,1800,2,2,1,1.0,6,62510,M,,,62
200900034996,9,2,16,1815,2,2,1,1.0,6,62360,M,5.0,0,62
200900034997,9,2,20,1345,1,2,1,1.0,6,62767,M,0.0,0,62
200900034998,9,2,26,830,1,1,2,1.0,3,62256,M,5.0,0,62
200900034999,9,2,18,1445,1,2,1,1.0,6,62050,M,0.0,0,62
200900035000,9,2,7,1600,1,1,1,1.0,6,62495,M,5.0,0,62
200900035001,9,2,17,1830,3,1,1,2.0,1,62181,M,5.0,0,62
200900035002,9,2,22,530,3,1,2,1.0,3,62506,M,0.0,0,62
200900035003,9,2,2,1730,2,1,1,9.0,6,62613,M,0.0,0,62
200900035004,9,2,3,2000,3,1,1,1.0,6,62864,M,5.0,0,62
200900035005,9,2,6,1400,1,2,1,7.0,1,62730,M,5.0,0,62
200900035006,9,2,17,845,1,2,1,1.0,1,62693,M,5.0,0,62
200900035007,9,2,15,700,3,1,1,1.0,7,62761,M,5.0,0,62
200900035008,9,2,1,2015,3,1,1,1.0,6,62801,M,5.0,0,62
200900035009,9,2,15,1915,3,1,1,1.0,6,62180,M,5.0,0,62
200900035010,9,2,7,300,5,2,1,1.0,6,62001,M,5.0,0,62
200900035011,9,2,22,430,3,1,1,1.0,5,62848,M,5.0,0,62
200900035012,9,2,18,1400,1,2,1,1.0,3,62318,M,0.0,0,62
200900035013,9,2,14,930,1,2,1,9.0,3,62321,M,,,62
200900035014,9,2,12,55,5,2,1,1.0,6,62427,M,,,62
200900035015,9,2,12,850,1,2,2,4.0,7,62215,M,,,62
200900035016,9,2,6,1450,1,1,2,7.0,3,62215,M,,,62
200900035017,9,2,8,1440,1,2,1,1.0,3,62826,M,,,62
200900035018,9,2,11,930,1,2,4,1.0,7,62570,M,,,62
200900035019,9,2,6,1615,1,1,1,2.0,2,62764,M,,,62
200900035020,9,2,7,1330,1,2,5,1.0,3,62637,M,,,62
200900035021,9,2,7,1635,1,2,2,1.0,3,62160,M,,,62
200900035022,9,2,6,1310,1,2,1,1.0,2,62160,M,,,62
200900035023,9,2,6,1605,1,2,1,1.0,6,62178,M,,,62
200900035024,9,2,24,2055,5,1,3,1.0,3,62224,M,,,62
200900035025,9,2,25,1,5,2,2,1.0,3,62666,M,,,62
200900035026,9,2,24,1035,1,2,2,1.0,3,62065,M,,,62
200900035027,9,2,24,720,2,1,1,8.0,3,62540,M,,,62
200900035028,9,2,20,805,1,1,2,2.0,3,62555,M,,,62
200900035029,9,2,23,1000,1,2,3,2.0,3,62065,M,,,62
200900035030,9,2,27,1105,1,2,2,8.0,3,62498,M,,,62
200900035031,9,2,21,1900,5,2,1,1.0,2,62498,M,,,62
200900035032,9,2,27,1840,5,2,3,8.0,1,62108,M,,,62
200900035033,9,2,17,1115,1,2,3,2.0,3,62033,M,,,62
200900035034,9,2,24,1930,5,2,2,1.0,3,62771,M,,,62
200900035035,9,2,19,1330,1,1,3,1.0,3,62194,M,,,62
200900035036,9,2,6,1455,1,1,1,1.0,7,62351,M,,,62
200900035037,9,2,17,2030,5,1,1,2.0,7,62637,M,,,62
200900035038,9,2,10,1150,1,1,1,2.0,6,62528,M,,,62
200900035039,9,2,20,845,1,1,1,1.0,7,62498,M,,,62
200900035040,9,2,11,1841,3,1,1,3.0,7,62193,M,,,62
200900035041,9,2,28,1840,1,2,1,1.0,6,62510,M,,,62
200900035042,9,2,8,700,2,2,1,1.0,6,62563,M,,,62
200900035043,9,2,16,1903,2,2,1,1.0,6,62032,M,,,62
200900035044,9,2,28,1600,1,2,4,1.0,3,62540,M,,,62
200900035045,9,2,19,927,1,1,6,1.0,3,62528,M,,,62
200900035046,9,2,27,2005,5,2,1,1.0,4,62178,M,,,62
200900035047,9,2,24,2310,5,2,1,8.0,6,62178,M,,,62
200900035048,9,2,14,1010,1,1,1,1.0,2,62570,M,,,62
200900035049,9,10,25,2130,3,1,1,1.0,6,66224,M,0.0,0,66
200900035050,9,10,1,815,1,1,1,1.0,5,66177,M,0.0,0,66
200900035051,9,10,1,1215,1,1,1,1.0,3,66088,M,4.0,0,66
200900035052,9,10,2,715,1,2,6,1.0,3,66026,M,4.0,0,66
200900035053,9,10,3,1530,1,1,1,1.0,5,66050,M,4.0,0,66
200900035054,9,10,5,700,1,1,1,1.0,6,66041,M,0.0,0,66
200900035055,9,10,10,1235,1,1,1,1.0,6,66136,M,4.0,0,66
200900035056,9,10,14,1145,1,2,9,1.0,6,66028,M,4.0,0,66
200900035057,9,10,17,545,3,1,1,6.0,1,66226,M,0.0,0,66
200900035058,9,10,26,300,5,2,1,1.0,6,66008,M,4.0,0,66
200900035059,9,10,23,1800,1,1,1,1.0,2,66190,M,4.0,0,66
200900035060,9,10,27,145,3,2,1,1.0,3,66024,M,0.0,0,66
200900035061,9,10,27,1030,1,1,1,1.0,4,66190,M,0.0,0,66
200900035062,9,10,28,1700,1,1,1,1.0,7,66044,M,0.0,0,66
200900035063,9,10,15,1230,1,2,2,1.0,6,66136,M,4.0,0,66
200900035064,9,10,12,1355,1,1,1,1.0,5,66136,M,,,66
200900035065,9,10,9,1805,1,2,1,1.0,2,66136,M,4.0,0,66
200900035066,9,9,15,1850,1,2,1,1.0,1,08409,M,0.0,0,08
200900035067,9,9,7,1130,1,1,1,1.0,7,08194,M,0.0,0,08
200900035068,9,9,8,1415,1,1,1,1.0,7,08214,M,0.0,0,08
200900035069,9,9,6,25,5,2,3,1.0,6,08174,M,0.0,0,08
200900035070,9,9,17,1315,1,1,1,1.0,6,08122,M,0.0,0,08
200900035071,9,9,19,200,5,2,9,1.0,7,08486,M,0.0,0,08
200900035072,9,9,4,1815,1,1,1,3.0,6,08419,M,0.0,0,08
200900035073,9,9,19,1745,1,2,1,1.0,3,08302,M,0.0,0,08
200900035074,9,9,8,1630,1,2,3,1.0,3,08448,M,0.0,0,08
200900035075,9,9,3,2230,5,2,2,1.0,6,08282,M,0.0,0,08
200900035076,9,9,13,1430,1,2,1,1.0,7,08053,M,0.0,0,08
200900035077,9,9,12,1530,1,2,2,1.0,3,08404,M,0.0,0,08
200900035078,9,9,11,1130,1,1,1,1.0,7,08350,M,0.0,0,08
200900035079,9,1,30,1610,1,2,2,1.0,6,13204,M,,,13
200900035080,9,4,8,1730,1,2,1,1.0,3,06088,M,,,06
200900035081,9,4,30,1650,1,2,1,1.0,6,06083,M,,,06
200900035082,9,4,14,1020,1,2,1,1.0,6,06083,M,,,06
200900035083,9,4,7,1200,1,2,1,1.0,3,06029,M,,,06
200900035084,9,4,6,1125,1,2,3,1.0,3,06104,M,,,06
200900035085,9,4,17,810,1,2,1,1.0,4,06004,M,,,06
200900035086,9,4,3,2016,5,2,1,1.0,3,06029,M,,,06
200900035087,9,4,19,1735,1,2,1,1.0,3,06069,M,,,06
200900035088,9,4,24,1905,2,2,9,1.0,3,06069,M,,,06
200900035089,9,4,29,1740,1,2,1,1.0,1,06069,M,,,06
200900035090,9,4,18,1510,1,2,2,1.0,3,06004,M,,,06
200900035091,9,4,1,855,1,2,1,2.0,1,06155,M,,,06
200900035092,9,4,7,912,1,2,1,1.0,3,06029,M,,,06
200900035093,9,4,10,1710,1,2,1,1.0,7,06029,M,,,06
200900035094,9,4,22,815,1,2,1,1.0,1,06069,M,,,06
200900035095,9,4,7,1655,1,2,1,1.0,3,06029,M,,,06
200900035096,9,4,7,820,1,2,1,1.0,3,06029,M,,,06
200900035097,9,4,9,1540,1,2,1,1.0,3,06029,M,,,06
200900035098,9,4,3,1615,1,2,1,1.0,3,06030,M,,,06
200900035099,9,4,9,1100,1,2,1,1.0,6,06029,M,,,06
200900035100,9,4,17,825,1,1,1,1.0,1,06069,M,,,06
200900035101,9,4,3,815,1,2,6,1.0,3,06029,M,,,06
200900035102,9,4,21,1910,1,2,6,1.0,2,06123,M,,,06
200900035103,9,4,24,1725,1,2,3,1.0,3,06027,M,,,06
200900035104,9,4,10,830,1,2,1,1.0,3,06011,M,0.0,0,06
200900035105,9,4,20,1330,1,1,1,1.0,1,06147,M,0.0,0,06
200900035106,9,4,6,1145,1,1,1,1.0,7,06003,M,0.0,0,06
200900035107,9,4,9,130,5,2,1,1.0,7,06906,M,4.0,0,06
200900035108,9,4,13,1530,1,2,1,1.0,7,06019,M,0.0,0,06
200900035109,9,4,5,1745,1,1,1,1.0,7,06031,M,4.0,0,06
200900035110,9,4,24,1515,1,1,1,1.0,3,06137,M,0.0,0,06
200900035111,9,4,27,1000,1,1,1,3.0,1,06151,M,0.0,0,06
200900035112,9,4,2,1500,1,1,1,3.0,1,06038,M,0.0,0,06
200900035113,9,4,1,915,1,1,1,1.0,1,06062,M,,,06
200900035114,9,4,15,1500,1,2,1,1.0,6,06129,M,0.0,0,06
200900035115,9,4,3,1130,1,1,1,1.0,3,06048,M,4.0,0,06
200900035116,9,4,26,315,5,2,1,1.0,1,06161,M,0.0,0,06
200900035117,9,4,2,915,1,1,1,3.0,7,06018,M,0.0,0,06
200900035118,9,4,15,1545,1,1,1,1.0,6,06079,M,0.0,0,06
200900035119,9,4,22,1845,1,2,1,1.0,3,06075,M,0.0,0,06
200900035120,9,4,28,1945,1,2,1,1.0,2,06027,M,,,06
200900035121,9,4,24,1545,1,2,1,1.0,1,06161,M,0.0,0,06
200900035122,9,4,4,1230,1,2,1,1.0,1,06090,M,0.0,0,06
200900035123,9,4,10,1600,1,2,1,1.0,3,06079,M,0.0,0,06
200900035124,9,4,3,1015,1,2,9,1.0,6,06011,M,0.0,0,06
200900035125,9,4,14,845,1,2,1,1.0,3,06161,M,0.0,0,06
200900035126,9,4,9,1500,1,2,1,1.0,1,06161,M,4.0,0,06
200900035127,9,4,22,1200,1,2,1,1.0,2,06033,M,0.0,0,06
200900035128,9,4,3,2215,3,1,1,1.0,7,06151,M,0.0,0,06
200900035129,9,4,12,1800,1,2,1,1.0,3,06033,M,0.0,0,06
200900035130,9,4,11,1530,1,2,1,1.0,6,06019,M,0.0,0,06
200900035131,9,4,29,1350,1,2,1,1.0,3,06027,M,,,06
200900035132,9,4,30,1840,1,2,1,1.0,6,06027,M,,,06
200900035133,9,4,7,1450,1,2,1,1.0,3,06088,M,,,06
200900035134,9,4,14,1700,1,2,1,1.0,6,06088,M,,,06
200900035135,9,4,30,1525,1,2,2,1.0,2,06027,M,,,06
200900035136,9,4,28,900,1,2,3,1.0,2,06123,M,,,06
200900035137,9,4,24,2250,5,2,2,1.0,3,06027,M,,,06
200900035138,9,4,16,1900,1,2,1,4.0,6,06137,M,0.0,0,06
200900035139,9,4,6,1855,1,2,1,1.0,6,06088,M,,,06
200900035140,9,4,6,1145,1,2,1,1.0,6,06088,M,,,06
200900035141,9,4,10,1330,1,2,2,1.0,3,06088,M,,,06
200900035142,9,4,22,1325,1,2,1,1.0,3,06088,M,,,06
200900035143,9,4,12,1800,1,2,2,1.0,3,06088,M,,,06
200900035144,9,4,16,1330,1,2,1,1.0,6,06088,M,,,06
200900035145,9,4,8,1130,1,2,2,1.0,3,06088,M,,,06
200900035146,9,4,26,210,5,2,1,1.0,2,06029,M,,,06
200900035147,9,4,26,230,3,2,1,2.0,3,06088,M,,,06
200900035148,9,4,4,440,5,2,1,1.0,6,06088,M,,,06
200900035149,9,4,24,805,1,2,1,1.0,6,06088,M,,,06
200900035150,9,4,21,1645,1,2,1,1.0,6,06088,M,,,06
200900035151,9,4,26,2100,5,2,1,1.0,6,06088,M,,,06
200900035152,9,4,1,1430,1,2,1,2.0,3,06088,M,,,06
200900035153,9,4,21,1930,2,2,2,1.0,3,06088,M,,,06
200900035154,9,4,16,1415,1,2,1,1.0,3,06088,M,,,06
200900035155,9,4,23,1820,1,2,1,1.0,3,06088,M,,,06
200900035156,9,4,23,1410,1,2,1,1.0,2,06088,M,,,06
200900035157,9,4,29,1030,1,2,1,1.0,2,06088,M,,,06
200900035158,9,4,9,2130,5,2,2,1.0,3,06088,M,,,06
200900035159,9,4,20,1955,5,2,1,1.0,3,06088,M,,,06
200900035160,9,4,21,1330,1,2,1,1.0,3,06088,M,,,06
200900035161,9,4,17,1700,1,2,1,1.0,3,06088,M,,,06
200900035162,9,4,29,2355,5,2,2,1.0,3,06088,M,,,06
200900035163,9,4,15,1430,1,2,1,1.0,2,06088,M,,,06
200900035164,9,4,23,2150,5,2,1,1.0,6,06088,M,,,06
200900035165,9,4,3,1525,1,2,1,1.0,3,06088,M,,,06
200900035166,9,4,25,1800,1,2,1,1.0,6,06088,M,,,06
200900035167,9,4,9,700,1,2,1,1.0,3,06088,M,,,06
200900035168,9,4,30,1055,1,2,1,1.0,7,06029,M,,,06
200900035169,9,4,13,1400,1,2,1,1.0,2,06088,M,,,06
200900035170,9,4,22,1230,1,2,2,1.0,3,06088,M,,,06
200900035171,9,4,29,545,5,2,2,1.0,3,06088,M,,,06
200900035172,9,4,30,1630,1,2,1,1.0,3,06088,M,,,06
200900035173,9,4,29,1130,1,1,1,1.0,3,06088,M,,,06
200900035174,9,4,23,930,1,2,4,1.0,3,06088,M,,,06
200900035175,9,4,18,2130,5,2,1,1.0,6,06088,M,,,06
200900035176,9,4,22,2335,5,2,1,1.0,6,06088,M,,,06
200900035177,9,4,21,900,1,2,2,1.0,3,06088,M,,,06
200900035178,9,4,7,1945,5,1,1,1.0,2,06088,M,,,06
200900035179,9,4,2,2050,5,2,1,1.0,1,06159,M,,,06
200900035180,9,4,7,1725,1,2,1,1.0,6,06088,M,,,06
200900035181,9,4,15,2007,5,2,1,1.0,6,06088,M,,,06
200900035182,9,4,7,1100,1,2,1,1.0,6,06088,M,,,06
200900035183,9,4,3,745,1,2,1,1.0,1,06088,M,,,06
200900035184,9,4,22,1415,1,2,1,1.0,4,06088,M,,,06
200900035185,9,4,25,45,5,2,1,1.0,6,06088,M,,,06
200900035186,9,4,27,1330,1,2,1,3.0,3,06088,M,,,06
200900035187,9,4,24,1810,1,2,1,1.0,6,06088,M,,,06
200900035188,9,4,17,2315,4,2,2,1.0,3,06088,M,,,06
200900035189,9,4,25,1145,1,2,1,1.0,3,06088,M,,,06
200900035190,9,4,4,910,1,2,1,1.0,6,06088,M,,,06
200900035191,9,4,27,845,1,2,1,2.0,3,06030,M,,,06
200900035192,9,4,8,1620,1,2,1,1.0,6,06088,M,,,06
200900035193,9,4,13,1840,1,2,1,1.0,3,06088,M,,,06
200900035194,9,4,4,1300,1,2,1,1.0,3,06088,M,,,06
200900035195,9,4,12,1410,1,2,2,1.0,3,06088,M,,,06
200900035196,9,4,29,1900,1,2,1,1.0,6,06030,M,,,06
200900035197,9,4,25,2050,5,2,1,1.0,3,06088,M,,,06
200900035198,9,4,27,1430,1,2,1,2.0,2,06088,M,,,06
200900035199,9,4,17,1000,1,2,1,1.0,6,06088,M,,,06
200900035200,9,4,6,943,1,2,3,1.0,5,06159,M,,,06
200900035201,9,4,6,1440,1,2,1,1.0,2,06088,M,,,06
200900035202,9,4,15,1920,1,2,1,1.0,3,06088,M,,,06
200900035203,9,4,23,755,1,2,1,1.0,2,06088,M,,,06
200900035204,9,4,22,355,5,2,2,1.0,6,06088,M,,,06
200900035205,9,4,23,1730,1,2,1,1.0,2,06159,M,,,06
200900035206,9,4,9,1610,1,2,2,1.0,3,06088,M,,,06
200900035207,9,4,24,1600,1,2,1,1.0,3,06088,M,,,06
200900035208,9,4,30,10,5,2,2,1.0,3,06088,M,,,06
200900035209,9,4,28,1210,1,2,1,1.0,3,06029,M,,,06
200900035210,9,4,10,1600,1,2,2,1.0,6,06088,M,,,06
200900035211,9,4,2,2200,5,2,2,1.0,3,06088,M,,,06
200900035212,9,4,26,500,5,2,2,2.0,3,06088,M,,,06
200900035213,9,4,24,1000,1,2,6,1.0,3,06088,M,,,06
200900035214,9,4,23,1500,1,2,2,1.0,6,06088,M,,,06
200900035215,9,4,10,830,1,2,1,1.0,6,06088,M,,,06
200900035216,9,4,1,1215,1,2,3,1.0,6,06123,M,,,06
200900035217,9,4,22,1515,1,2,1,1.0,6,06088,M,,,06
200900035218,9,4,9,815,1,2,1,1.0,1,06088,M,,,06
200900035219,9,4,23,610,2,2,1,1.0,6,06088,M,,,06
200900035220,9,4,29,2220,5,2,1,1.0,3,06088,M,,,06
200900035221,9,4,28,1615,1,2,1,1.0,5,06088,M,,,06
200900035222,9,4,21,1245,1,2,1,1.0,3,06030,M,,,06
200900035223,9,4,22,1630,1,2,1,1.0,3,06088,M,,,06
200900035224,9,4,13,2255,5,2,3,1.0,3,06088,M,,,06
200900035225,9,4,29,1315,1,2,2,1.0,3,06088,M,,,06
200900035226,9,4,4,1420,1,2,1,1.0,2,06088,M,,,06
200900035227,9,4,12,1300,1,2,2,1.0,3,06088,M,,,06
200900035228,9,4,14,15,5,2,2,1.0,3,06088,M,,,06
200900035229,9,4,15,1700,1,2,1,1.0,6,06088,M,,,06
200900035230,9,4,16,40,5,2,1,1.0,3,06088,M,,,06
200900035231,9,4,12,545,2,2,2,1.0,3,06088,M,,,06
200900035232,9,4,15,1824,1,2,1,1.0,6,06088,M,,,06
200900035233,9,4,18,925,1,2,1,1.0,3,06088,M,,,06
200900035234,9,4,14,1900,1,2,1,1.0,2,06088,M,,,06
200900035235,9,4,2,1205,1,2,1,1.0,3,06088,M,,,06
200900035236,9,4,8,1700,1,1,1,1.0,6,06088,M,,,06
200900035237,9,4,21,1930,2,2,1,1.0,3,06088,M,,,06
200900035238,9,4,23,735,2,2,3,1.0,3,06088,M,,,06
200900035239,9,4,24,1015,1,2,2,1.0,3,06088,M,,,06
200900035240,9,4,25,1140,1,2,1,1.0,6,06088,M,,,06
200900035241,9,4,29,500,5,2,2,1.0,3,06088,M,,,06
200900035242,9,4,3,1125,1,2,1,1.0,6,06069,M,,,06
200900035243,9,4,5,910,1,1,1,1.0,3,06155,M,,,06
200900035244,9,4,7,1745,1,2,1,1.0,3,06104,M,,,06
200900035245,9,4,6,750,1,2,1,1.0,3,06012,M,,,06
200900035246,9,4,6,2245,5,2,1,1.0,5,06069,M,,,06
200900035247,9,4,7,1550,1,2,3,1.0,3,06088,M,,,06
200900035248,9,4,8,750,1,2,1,1.0,3,06029,M,,,06
200900035249,9,4,8,1010,1,2,1,1.0,2,06088,M,,,06
200900035250,9,4,8,1615,1,2,1,1.0,3,06027,M,,,06
200900035251,9,4,8,1820,1,2,1,1.0,6,06083,M,,,06
200900035252,9,4,9,1215,1,2,1,1.0,2,06085,M,0.0,0,06
200900035253,9,4,10,635,2,2,1,1.0,7,06030,M,,,06
200900035254,9,4,10,1005,1,2,5,1.0,6,06104,M,,,06
200900035255,9,4,10,1150,1,2,1,1.0,6,06083,M,,,06
200900035256,9,4,10,1705,1,2,1,1.0,3,06029,M,,,06
200900035257,9,4,11,1130,1,2,1,1.0,3,06027,M,,,06
200900035258,9,4,13,1215,1,2,1,1.0,1,06138,M,0.0,0,06
200900035259,9,4,13,1305,1,2,1,1.0,7,06029,M,,,06
200900035260,9,4,11,1435,1,2,1,1.0,3,06069,M,,,06
200900035261,9,4,13,1956,1,2,1,1.0,4,06004,M,,,06
200900035262,9,4,14,1120,1,2,1,1.0,2,06123,M,,,06
200900035263,9,4,14,1225,1,2,1,1.0,3,06088,M,,,06
200900035264,9,4,15,1230,1,2,1,1.0,6,06029,M,,,06
200900035265,9,4,15,1905,1,2,1,1.0,3,06029,M,,,06
200900035266,9,4,17,830,1,2,1,1.0,6,06069,M,,,06
200900035267,9,4,17,720,1,2,1,1.0,6,06069,M,,,06
200900035268,9,4,23,1345,1,2,1,1.0,7,06029,M,,,06
200900035269,9,4,23,1600,1,1,4,1.0,6,06004,M,,,06
200900035270,9,4,23,2334,5,2,1,1.0,7,06029,M,,,06
200900035271,9,4,25,1600,1,2,1,1.0,2,06029,M,,,06
200900035272,9,4,25,1820,1,1,1,1.0,2,06069,M,,,06
200900035273,9,4,25,1835,1,2,1,1.0,3,06029,M,,,06
200900035274,9,4,30,1458,1,2,1,1.0,2,06069,M,,,06
200900035275,9,4,30,1750,1,2,1,1.0,3,06029,M,,,06
200900035276,9,4,23,1530,1,2,1,1.0,3,06027,M,0.0,0,06
200900035277,9,9,4,2230,3,1,1,1.0,6,72325,M,0.0,0,72
200900035278,9,9,6,315,3,1,1,1.0,7,72135,M,4.0,0,72
200900035279,9,9,8,1045,1,1,1,1.0,1,72223,M,4.0,-,72
200900035280,9,7,28,2105,3,1,1,1.0,6,31584,M,4.0,0,31
200900035281,9,7,31,1730,1,1,1,1.0,3,31573,M,4.0,0,31
200900035282,9,9,10,900,1,1,1,1.0,1,72191,M,0.0,0,72
200900035283,9,9,10,1215,1,2,9,1.0,3,72264,M,4.0,-,72
200900035284,9,10,5,1200,1,2,1,2.0,7,72138,M,4.0,0,72
200900035285,9,10,27,1145,1,1,1,1.0,3,72131,M,4.0,-,72
200900035286,9,9,13,745,1,1,1,1.0,7,72276,M,4.0,0,72
200900035287,9,9,16,1445,1,1,1,1.0,6,72380,M,0.0,0,72
200900035288,9,10,20,2000,5,2,1,3.0,1,72264,M,0.0,0,72
200900035289,9,8,1,1100,1,2,1,1.0,6,02691,M,,,02
200900035290,9,8,12,1235,1,2,1,1.0,2,02691,M,,,02
200900035291,9,8,9,125,5,2,1,1.0,6,02691,M,,,02
200900035292,9,8,7,1345,1,1,1,7.0,6,02095,M,4.0,0,02
200900035293,9,8,17,1315,1,1,1,1.0,3,02776,M,5.0,0,02
200900035294,9,8,30,115,3,2,1,1.0,6,02739,M,0.0,0,02
200900035295,9,8,8,2245,5,2,1,1.0,6,02041,M,0.0,0,02
200900035296,9,8,14,45,3,1,1,1.0,6,02439,M,0.0,0,02
200900035297,9,8,30,2100,1,1,1,1.0,5,02827,M,0.0,0,02
200900035298,9,8,22,1400,1,2,1,1.0,6,02187,M,0.0,0,02
200900035299,9,8,31,45,3,1,1,1.0,6,02080,M,0.0,0,02
200900035300,9,8,20,900,1,1,1,1.0,7,02458,M,4.0,0,02
200900035301,9,8,23,530,2,1,1,1.0,3,02495,M,0.0,0,02
200900035302,9,8,15,1800,1,1,3,7.0,3,02795,M,0.0,0,02
200900035303,9,8,17,630,2,1,1,1.0,2,02756,M,4.0,0,02
200900035304,9,8,18,900,1,2,1,1.0,6,02167,M,0.0,0,02
200900035305,9,8,14,300,3,1,1,1.0,7,02453,M,0.0,0,02
200900035306,9,8,24,1445,1,2,1,1.0,1,02019,M,4.0,0,02
200900035307,9,8,18,745,1,1,1,1.0,2,02443,M,0.0,0,02