Num_Acc,an,mois,jour,hrmn,lum,agg,int,atm,col,com,gps,lat,long,dep
200900036452,9,6,22,1800,1,2,1,1.0,3,06012,M,,,06
200900036453,9,6,2,905,1,2,1,1.0,6,06104,M,,,06
200900036454,9,6,2,1230,1,2,1,1.0,3,06083,M,,,06
200900036455,9,6,9,1635,1,1,3,1.0,3,06083,M,,,06
200900036456,9,6,10,1900,1,2,3,1.0,7,06083,M,,,06
200900036457,9,6,15,850,1,2,3,1.0,3,06012,M,,,06
200900036458,9,6,24,630,1,2,1,1.0,7,06083,M,,,06
200900036459,9,6,25,705,1,2,3,1.0,1,06083,M,,,06
200900036460,9,6,25,1440,1,2,1,1.0,5,06104,M,,,06
200900036461,9,6,6,308,4,1,1,1.0,1,06004,M,,,06
200900036462,9,6,18,1530,1,2,1,1.0,6,06083,M,,,06
200900036463,9,6,24,1010,1,2,1,1.0,3,06104,M,,,06
200900036464,9,6,30,1830,1,2,3,1.0,3,06027,M,,,06
200900036465,9,6,27,2130,5,2,1,1.0,7,06027,M,,,06
200900036466,9,6,27,1100,1,2,3,1.0,2,06123,M,,,06
200900036467,9,6,23,1520,1,2,1,1.0,6,06027,M,,,06
200900036468,9,6,24,2105,1,2,1,1.0,3,06027,M,,,06
200900036469,9,6,19,2135,5,2,1,1.0,6,06029,M,,,06
200900036470,9,6,29,1410,1,2,1,1.0,3,06029,M,,,06
200900036471,9,6,7,1445,1,1,1,1.0,6,06023,M,0.0,0,06
200900036472,9,9,9,1828,1,2,2,1.0,3,52121,M,4.0,0,52
200900036473,9,9,13,1820,1,2,2,1.0,3,52448,M,4.0,0,52
200900036474,9,9,4,1740,1,1,2,1.0,1,52121,M,4.0,0,52
200900036475,9,9,5,130,3,1,1,1.0,2,52500,M,4.0,0,52
200900036476,9,9,5,1622,1,1,2,1.0,3,52121,M,4.0,0,52
200900036477,9,9,6,1620,1,2,1,1.0,6,52448,M,4.0,0,52
200900036478,9,9,7,839,1,2,3,7.0,6,52121,M,4.0,0,52
200900036479,9,9,19,2320,3,2,1,1.0,2,52448,M,4.0,0,52
200900036480,9,9,16,615,3,1,1,1.0,1,52543,M,4.0,0,52
200900036481,9,9,22,1220,1,2,1,1.0,6,52121,M,4.0,0,52
200900036482,9,9,22,1710,1,2,3,7.0,3,52331,M,4.0,0,52
200900036483,9,9,22,1730,1,1,1,1.0,2,52432,M,4.0,0,52
200900036484,9,9,23,1825,1,1,1,7.0,2,52296,M,4.0,0,52
200900036485,9,9,25,1,3,1,1,5.0,6,52307,M,4.0,0,52
200900036486,9,9,26,1215,1,2,1,1.0,7,52250,M,4.0,0,52
200900036487,9,9,28,1835,1,2,1,1.0,3,52448,M,4.0,0,52
200900036488,9,9,26,2340,3,1,1,1.0,6,52419,M,4.0,0,52
200900036489,9,9,27,710,2,1,1,5.0,6,52121,M,4.0,0,52
200900036490,9,9,25,1610,1,2,2,1.0,3,52121,M,4.0,0,52
200900036491,9,9,7,1510,1,2,1,1.0,6,52121,M,4.0,0,52
200900036492,9,9,14,1225,1,2,1,1.0,6,52121,M,4.0,0,52
200900036493,9,9,17,1450,1,2,1,2.0,7,52448,M,4.0,0,52
200900036494,9,9,21,1525,1,2,1,1.0,6,52448,M,4.0,0,52
200900036495,9,9,8,1745,1,2,1,1.0,6,52448,M,4.0,0,52
200900036496,9,9,6,210,3,1,2,1.0,6,52121,M,4.0,0,52
200900036497,9,9,29,845,1,2,1,1.0,3,52121,M,4.0,0,52
200900036498,9,9,15,1200,1,1,1,1.0,2,52519,M,4.0,0,52
200900036499,9,9,30,1200,1,2,1,1.0,6,52353,M,4.0,0,52
200900036500,9,9,13,2215,3,1,1,1.0,6,52253,M,4.0,0,52
200900036501,9,9,1,2315,5,2,1,1.0,6,52448,M,4.0,0,52
200900036502,9,9,2,1740,1,2,3,1.0,6,52121,M,4.0,0,52
200900036503,9,9,4,1330,1,1,1,3.0,6,52429,M,4.0,0,52
200900036504,9,2,26,120,5,2,1,1.0,6,78233,M,4.0,0,78
200900036505,9,10,8,1155,1,2,9,1.0,6,27229,M,4.0,0,27
200900036506,9,10,8,1330,1,2,2,1.0,3,27229,M,,,27
200900036507,9,2,25,1430,1,2,3,1.0,3,78029,M,4.0,0,78
200900036508,9,7,26,1115,1,2,4,1.0,3,57412,M,,,57
200900036509,9,7,22,2025,1,2,2,1.0,3,35238,M,,,35
200900036510,9,7,4,2315,3,1,1,1.0,7,35186,M,0.0,0,35
200900036511,9,7,10,300,3,2,1,1.0,6,35057,M,0.0,0,35
200900036512,9,7,18,2345,3,1,1,1.0,6,35126,M,4.0,-,35
200900036513,9,7,10,915,1,1,1,1.0,6,35231,M,0.0,0,35
200900036514,9,7,17,1000,1,1,1,1.0,2,35340,M,0.0,0,35
200900036515,9,7,24,1500,1,1,1,3.0,6,35222,M,0.0,0,35
200900036516,9,7,28,1515,1,1,1,1.0,3,35024,M,4.0,-,35
200900036517,9,7,28,1430,1,1,1,1.0,6,35123,M,0.0,0,35
200900036518,9,7,13,1930,1,2,1,1.0,6,35256,M,0.0,0,35
200900036519,9,7,10,2300,3,1,1,1.0,6,35327,M,0.0,0,35
200900036520,9,7,29,1145,1,2,1,1.0,1,35001,M,4.0,-,35
200900036521,9,7,25,1845,1,2,1,1.0,6,35096,M,0.0,0,35
200900036522,9,7,8,1515,1,2,1,1.0,1,35360,M,4.0,-,35
200900036523,9,7,8,845,1,1,1,1.0,3,35299,M,0.0,0,35
200900036524,9,7,5,1915,1,1,1,1.0,3,35251,M,4.0,-,35
200900036525,9,7,31,1845,1,1,9,1.0,6,35207,M,0.0,0,35
200900036526,9,7,9,945,1,1,1,1.0,1,35239,M,4.0,-,35
200900036527,9,7,27,1245,1,1,2,1.0,3,35263,M,0.0,0,35
200900036528,9,7,26,1000,1,1,1,1.0,6,35078,M,0.0,0,35
200900036529,9,7,2,1630,1,1,1,1.0,7,35085,M,0.0,0,35
200900036530,9,7,16,145,3,1,1,1.0,6,35033,M,4.0,-,35
200900036531,9,7,27,1115,1,1,1,1.0,1,35012,M,0.0,0,35
200900036532,9,7,5,845,1,1,1,1.0,7,35191,M,0.0,0,35
200900036533,9,7,15,545,2,1,1,2.0,7,35240,M,0.0,0,35
200900036534,9,7,26,1400,1,1,1,1.0,1,35106,M,,,35
200900036535,9,7,29,1530,1,1,1,1.0,1,35287,M,0.0,0,35
200900036536,9,7,19,1530,1,1,2,1.0,3,35127,M,0.0,0,35
200900036537,9,7,6,1930,1,2,1,1.0,7,35196,M,0.0,0,35
200900036538,9,7,12,2330,5,2,1,1.0,6,35115,M,,,35
200900036539,9,7,2,2350,3,1,1,1.0,6,35238,M,,,35
200900036540,9,7,14,223,5,2,2,1.0,7,35238,M,,,35
200900036541,9,7,30,1145,1,2,1,1.0,2,35238,M,,,35
200900036542,9,7,12,825,1,1,1,8.0,6,35238,M,,,35
200900036543,9,7,15,1440,1,2,3,1.0,3,35238,M,,,35
200900036544,9,7,9,2040,1,2,3,1.0,3,35238,M,,,35
200900036545,9,7,3,1645,1,2,1,1.0,3,35238,M,,,35
200900036546,9,7,21,1825,1,2,1,1.0,3,35238,M,,,35
200900036547,9,7,2,610,1,2,1,1.0,6,35238,M,,,35
200900036548,9,7,15,1720,1,1,1,1.0,2,35238,M,,,35
200900036549,9,7,22,910,1,2,3,1.0,2,35238,M,,,35
200900036550,9,7,2,2330,3,2,1,1.0,6,35238,M,,,35
200900036551,9,7,29,1800,1,2,1,1.0,2,35115,M,,,35
200900036552,9,7,9,1040,1,2,6,1.0,3,35288,M,,,35
200900036553,9,7,27,1550,1,2,1,1.0,3,35115,M,,,35
200900036554,9,7,25,1700,1,2,1,1.0,6,35238,M,,,35
200900036555,9,7,5,1845,1,2,2,2.0,7,35238,M,,,35
200900036556,9,7,21,1845,1,2,3,1.0,3,35055,M,,,35
200900036557,9,7,13,2110,1,2,1,1.0,6,35238,M,,,35
200900036558,9,7,21,1145,1,2,2,1.0,3,35150,M,,,35
200900036559,9,7,8,455,5,2,1,1.0,6,35238,M,,,35
200900036560,9,7,22,1900,1,2,1,2.0,3,35238,M,,,35
200900036561,9,7,30,1700,1,2,2,1.0,3,35238,M,,,35
200900036562,9,7,2,1600,1,2,1,2.0,7,35238,M,,,35
200900036563,9,7,8,1325,1,2,5,1.0,3,35238,M,,,35
200900036564,9,7,6,2120,1,2,1,1.0,6,35238,M,,,35
200900036565,9,7,7,1710,1,1,1,8.0,6,35238,M,,,35
200900036566,9,7,15,1845,1,2,3,7.0,3,35238,M,,,35
200900036567,9,7,27,1750,1,2,1,1.0,3,35238,M,,,35
200900036568,9,7,8,1835,1,2,6,1.0,6,35281,M,,,35
200900036569,9,7,4,430,5,2,3,1.0,6,35238,M,,,35
200900036570,9,7,27,2330,5,2,1,1.0,7,35238,M,,,35
200900036571,9,7,21,750,1,2,6,1.0,3,35238,M,,,35
200900036572,9,7,14,945,1,2,1,1.0,6,35238,M,,,35
200900036573,9,7,4,835,1,2,1,1.0,7,35238,M,,,35
200900036574,9,7,27,1610,1,2,1,1.0,3,35238,M,,,35
200900036575,9,7,22,1815,1,1,9,1.0,6,35278,M,,,35
200900036576,9,7,10,5,5,2,2,1.0,3,35238,M,,,35
200900036577,9,2,21,435,5,2,2,9.0,4,78621,M,4.0,0,78
200900036578,9,8,29,1435,1,2,1,6.0,3,83069,M,,,83
200900036579,9,8,5,925,1,2,1,1.0,6,83069,M,,,83
200900036580,9,8,22,1450,1,2,9,1.0,6,83069,M,,,83
200900036581,9,8,8,1905,1,2,1,1.0,3,83069,M,,,83
200900036582,9,8,30,120,3,1,4,1.0,6,83069,M,,,83
200900036583,9,8,27,45,3,1,1,1.0,6,83069,M,,,83
200900036584,9,8,13,2330,5,1,1,1.0,1,83034,M,,,83
200900036585,9,8,11,155,3,1,1,1.0,6,83069,M,,,83
200900036586,9,8,5,1900,1,2,1,1.0,3,83137,M,,,83
200900036587,9,8,15,1400,1,2,1,1.0,6,83137,M,,,83
200900036588,9,8,6,800,1,2,1,1.0,6,83009,M,,,83
200900036589,9,8,7,1645,1,2,2,1.0,3,83137,M,,,83
200900036590,9,8,10,1620,1,2,1,1.0,6,83137,M,,,83
200900036591,9,8,5,540,2,2,2,1.0,3,83118,M,,,83
200900036592,9,8,2,640,1,2,1,8.0,6,83090,M,,,83
200900036593,9,8,13,2325,5,1,3,1.0,6,83129,M,,,83
200900036594,9,8,12,1400,1,2,1,1.0,3,83137,M,,,83
200900036595,9,8,9,1730,1,1,3,1.0,2,83050,M,,,83
200900036596,9,8,11,40,5,2,4,1.0,3,83137,M,,,83
200900036597,9,8,15,1220,1,2,1,1.0,6,83129,M,,,83
200900036598,9,8,11,900,1,1,1,1.0,7,83050,M,,,83
200900036599,9,8,12,1105,1,1,1,1.0,6,83118,M,,,83
200900036600,9,8,13,1340,1,2,6,1.0,3,83137,M,,,83
200900036601,9,8,11,1702,1,1,1,1.0,2,83090,M,,,83
200900036602,9,8,5,1800,1,2,1,1.0,6,83137,M,,,83
200900036603,9,8,13,910,1,2,1,1.0,2,83137,M,,,83
200900036604,9,8,12,1300,1,2,1,1.0,3,83137,M,,,83
200900036605,9,8,2,1730,1,1,1,1.0,6,83061,M,,,83
200900036606,9,8,15,1055,1,2,3,1.0,3,83123,M,,,83
200900036607,9,8,6,1925,2,1,1,1.0,7,83050,M,,,83
200900036608,9,8,2,525,4,1,6,1.0,1,83090,M,,,83
200900036609,9,8,8,2220,5,2,1,1.0,5,83118,M,,,83
200900036610,9,8,9,1620,1,1,1,1.0,3,83061,M,,,83
200900036611,9,8,9,2110,3,1,1,1.0,1,83050,M,,,83
200900036612,9,8,7,230,5,2,1,1.0,1,83118,M,,,83
200900036613,9,8,10,2315,5,2,1,1.0,6,83137,M,,,83
200900036614,9,8,13,415,5,2,1,1.0,7,83123,M,,,83
200900036615,9,8,13,925,1,2,1,7.0,1,83098,M,,,83
200900036616,9,8,15,255,5,2,2,1.0,6,83137,M,,,83
200900036617,9,8,15,845,1,2,1,1.0,2,83090,M,,,83
200900036618,9,8,4,2045,5,1,1,1.0,1,83068,M,4.0,0,83
200900036619,9,8,8,1000,1,1,1,1.0,3,83033,M,0.0,0,83
200900036620,9,8,7,845,1,1,1,1.0,1,83086,M,0.0,0,83
200900036621,9,8,10,1130,1,1,1,1.0,3,83101,M,0.0,0,83
200900036622,9,8,6,1815,1,2,1,1.0,2,83130,M,0.0,0,83
200900036623,9,8,17,1100,1,1,1,1.0,6,83142,M,4.0,0,83
200900036624,9,8,12,930,1,2,1,1.0,3,83107,M,0.0,0,83
200900036625,9,8,4,1945,1,1,1,1.0,7,83047,M,0.0,0,83
200900036626,9,8,29,315,5,2,1,1.0,1,83119,M,0.0,0,83
200900036627,9,8,11,945,1,2,1,1.0,6,83070,M,0.0,0,83
200900036628,9,8,3,715,2,1,1,1.0,3,83107,M,0.0,0,83
200900036629,9,8,14,1145,1,1,1,1.0,2,83033,M,0.0,0,83
200900036630,9,8,18,1845,1,1,1,1.0,3,83112,M,0.0,0,83
200900036631,9,8,18,230,3,1,1,1.0,6,83148,M,0.0,0,83
200900036632,9,8,1,1030,1,1,1,1.0,3,83096,M,0.0,0,83
200900036633,9,8,21,1630,1,1,1,1.0,3,83065,M,4.0,0,83
200900036634,9,8,22,1330,1,1,3,1.0,5,83073,M,0.0,0,83
200900036635,9,8,23,1000,1,1,1,1.0,1,83027,M,0.0,0,83
200900036636,9,8,25,1245,1,1,1,1.0,3,83115,M,0.0,0,83
200900036637,9,8,15,700,1,1,1,1.0,7,83043,M,0.0,0,83
200900036638,9,8,30,1530,1,1,1,1.0,6,83010,M,4.0,0,83
200900036639,9,8,28,1300,1,2,1,1.0,1,83042,M,4.0,0,83
200900036640,9,8,31,415,3,1,1,1.0,6,83121,M,0.0,0,83
200900036641,9,8,6,1815,1,1,1,1.0,5,83068,M,4.0,0,83
200900036642,9,8,2,700,2,1,1,1.0,1,83004,M,0.0,0,83
200900036643,9,8,30,1700,1,1,1,1.0,7,83124,M,0.0,0,83
200900036644,9,8,15,2115,5,1,1,1.0,1,83042,M,4.0,0,83
200900036645,9,8,6,1400,1,1,1,1.0,1,83143,M,0.0,0,83
200900036646,9,8,19,1600,1,2,1,1.0,1,83059,M,0.0,0,83
200900036647,9,8,28,1730,1,1,1,1.0,3,83068,M,4.0,0,83
200900036648,9,8,17,1435,2,2,1,2.0,3,83137,M,,,83
200900036649,9,8,27,120,5,2,3,1.0,6,83118,M,,,83
200900036650,9,8,22,1410,1,2,1,1.0,3,83137,M,,,83
200900036651,9,8,26,1150,1,2,3,1.0,6,83118,M,,,83
200900036652,9,8,25,1535,1,2,2,1.0,3,83137,M,,,83
200900036653,9,8,28,1510,1,2,1,1.0,6,83137,M,,,83
200900036654,9,8,16,1430,1,2,1,1.0,3,83098,M,,,83
200900036655,9,8,20,1933,1,1,1,1.0,7,83061,M,,,83
200900036656,9,8,19,1100,1,2,1,1.0,3,83137,M,,,83
200900036657,9,8,31,743,1,2,1,1.0,2,83061,M,,,83
200900036658,9,8,27,905,1,1,1,1.0,6,83137,M,,,83
200900036659,9,8,26,1830,1,2,1,1.0,3,83137,M,,,83
200900036660,9,8,29,1800,1,2,1,1.0,6,83137,M,,,83
200900036661,9,8,17,940,1,1,1,1.0,2,83137,M,,,83
200900036662,9,8,9,2130,3,1,1,1.0,6,83126,M,,,83
200900036663,9,8,7,400,5,1,1,1.0,2,83123,M,,,83
200900036664,9,8,14,1626,1,1,1,1.0,3,83137,M,,,83
200900036665,9,8,29,1605,1,1,1,1.0,4,83137,M,,,83
200900036666,9,8,27,930,1,1,1,1.0,4,83069,M,,,83
200900036667,9,8,3,1810,1,1,1,1.0,2,83137,M,,,83
200900036668,9,8,10,2012,1,1,1,1.0,7,83090,M,,,83
200900036669,9,8,5,1615,1,1,1,1.0,5,83137,M,,,83
200900036670,9,8,1,235,3,1,1,1.0,2,83069,M,,,83
200900036671,9,8,29,2025,1,1,1,1.0,2,83126,M,,,83
200900036672,9,8,11,1820,1,1,1,1.0,5,83137,M,,,83
200900036673,9,8,13,840,1,1,1,1.0,7,83069,M,,,83
200900036674,9,8,17,630,1,1,1,1.0,2,83137,M,,,83
200900036675,9,8,13,1815,1,1,1,1.0,4,83137,M,,,83
200900036676,9,8,10,1855,1,1,1,1.0,3,83144,M,,,83
200900036677,9,8,27,950,1,1,1,1.0,2,83137,M,,,83
200900036678,9,8,10,1125,1,1,1,1.0,2,83069,M,,,83
200900036679,9,8,16,1040,1,2,1,1.0,5,83137,M,,,83
200900036680,9,8,16,1900,1,1,1,1.0,1,83148,M,0.0,0,83
200900036681,9,8,17,1400,1,2,3,1.0,2,83062,M,,,83
200900036682,9,8,17,1730,1,1,1,1.0,6,83090,M,,,83
200900036683,9,8,20,1645,1,2,1,1.0,1,83137,M,,,83
200900036684,9,8,21,1045,1,2,1,1.0,6,83137,M,,,83
200900036685,9,8,21,1810,1,2,3,1.0,3,83098,M,,,83
200900036686,9,8,30,1605,1,2,1,1.0,2,83137,M,,,83
200900036687,9,8,31,2115,5,2,1,1.0,1,83113,M,0.0,0,83
200900036688,9,8,17,1610,1,1,1,1.0,1,83061,M,,,83
200900036689,9,8,10,919,1,2,1,1.0,3,83126,M,,,83
200900036690,9,8,25,2340,5,2,1,1.0,3,83126,M,,,83
200900036691,9,8,12,1545,1,1,1,1.0,1,83126,M,,,83
200900036692,9,8,3,1635,1,2,1,1.0,1,83126,M,,,83
200900036693,9,8,17,1145,1,2,1,1.0,2,83126,M,,,83
200900036694,9,8,18,1610,1,2,1,1.0,3,83126,M,,,83
200900036695,9,8,10,1014,1,2,2,1.0,3,83126,M,,,83
200900036696,9,8,6,1645,1,2,1,1.0,3,83126,M,,,83
200900036697,9,8,8,720,2,2,2,1.0,3,83153,M,,,83
200900036698,9,8,16,1850,1,2,2,1.0,3,83126,M,,,83
200900036699,9,8,15,930,1,1,1,1.0,1,83035,M,0.0,0,83
200900036700,9,8,1,915,1,1,6,1.0,2,83064,M,0.0,0,83
200900036701,9,8,2,1745,1,1,1,1.0,2,83063,M,4.0,0,83
200900036702,9,8,6,800,1,2,1,1.0,5,83068,M,4.0,0,83
200900036703,9,8,4,2045,2,1,1,1.0,3,83019,M,0.0,0,83
200900036704,9,8,10,1845,1,1,1,1.0,1,83127,M,0.0,0,83
200900036705,9,8,8,1300,1,1,1,1.0,7,83035,M,0.0,0,83
200900036706,9,8,11,2230,3,1,1,1.0,7,83131,M,0.0,0,83
200900036707,9,8,12,1315,1,1,1,1.0,3,83068,M,0.0,0,83
200900036708,9,8,15,1730,1,1,1,1.0,6,83030,M,0.0,0,83
200900036709,9,8,16,1030,1,1,1,1.0,6,83028,M,4.0,0,83
200900036710,9,8,21,1130,1,1,1,1.0,1,83134,M,4.0,0,83
200900036711,9,8,21,1930,1,1,1,1.0,2,83004,M,0.0,0,83
200900036712,9,8,26,315,5,2,1,1.0,6,83130,M,0.0,0,83
200900036713,9,8,17,1030,1,1,1,1.0,7,83107,M,0.0,0,83
200900036714,9,9,11,1600,1,1,6,1.0,2,83099,M,0.0,0,83
200900036715,9,9,21,1050,1,2,1,1.0,6,83126,M,,,83
200900036716,9,9,30,1830,1,2,1,1.0,6,83137,M,,,83
200900036717,9,9,14,1110,1,1,1,1.0,2,83062,M,,,83
200900036718,9,9,29,230,5,2,1,1.0,6,83126,M,,,83
200900036719,9,9,12,857,1,2,1,2.0,6,83137,M,,,83
200900036720,9,9,28,2048,5,2,3,1.0,3,83137,M,,,83
200900036721,9,9,8,825,1,2,1,1.0,6,83137,M,,,83
200900036722,9,9,25,1815,1,2,2,1.0,3,83050,M,,,83
200900036723,9,9,28,1915,1,2,2,1.0,5,83137,M,,,83
200900036724,9,9,29,1320,1,2,3,1.0,2,83137,M,,,83
200900036725,9,9,18,1310,1,2,1,8.0,6,83137,M,,,83
200900036726,9,9,10,545,5,2,1,1.0,1,83137,M,,,83
200900036727,9,9,6,515,5,2,2,1.0,3,83062,M,,,83
200900036728,9,9,24,1915,5,2,1,1.0,7,83137,M,,,83
200900036729,9,9,29,2055,5,2,1,1.0,1,83050,M,,,83
200900036730,9,9,19,1200,1,1,1,2.0,6,83137,M,,,83
200900036731,9,9,17,1345,1,2,1,1.0,3,83137,M,,,83
200900036732,9,9,4,845,1,2,1,1.0,6,83137,M,,,83
200900036733,9,9,10,1730,1,2,3,1.0,2,83137,M,,,83
200900036734,9,9,28,1200,1,2,1,1.0,2,83129,M,,,83
200900036735,9,9,28,1135,1,2,1,1.0,6,83137,M,,,83
200900036736,9,9,17,820,1,2,1,1.0,6,83062,M,,,83
200900036737,9,9,7,1610,1,2,1,1.0,6,83137,M,,,83
200900036738,9,9,5,1800,1,2,6,1.0,6,83061,M,,,83
200900036739,9,9,30,855,1,1,1,1.0,6,83144,M,,,83
200900036740,9,9,22,2024,5,2,1,1.0,6,83137,M,,,83
200900036741,9,9,26,910,1,2,1,1.0,2,83144,M,,,83
200900036742,9,9,14,1810,1,2,1,1.0,3,83061,M,,,83
200900036743,9,9,14,1755,1,2,3,1.0,3,83062,M,,,83
200900036744,9,9,8,1445,1,2,1,1.0,1,83129,M,,,83
200900036745,9,9,14,1635,1,2,1,1.0,3,83126,M,,,83
200900036746,9,9,2,1210,1,2,2,1.0,7,83090,M,,,83
200900036747,9,9,4,1805,1,2,3,1.0,3,83061,M,,,83
200900036748,9,9,6,435,3,1,1,1.0,6,83061,M,,,83
200900036749,9,9,6,1508,1,2,1,1.0,6,83141,M,,,83
200900036750,9,9,9,730,1,1,1,1.0,7,83126,M,,,83
200900036751,9,9,11,1803,1,2,1,1.0,3,83137,M,,,83
200900036752,9,9,13,535,5,1,1,1.0,7,83123,M,,,83
200900036753,9,9,13,1720,1,1,1,1.0,6,83062,M,,,83
200900036754,9,9,18,1020,1,2,1,1.0,6,83126,M,,,83
200900036755,9,9,18,1830,1,2,1,2.0,6,83062,M,,,83
200900036756,9,9,23,840,1,2,1,1.0,3,83129,M,,,83
200900036757,9,9,27,1000,1,2,1,1.0,3,83137,M,,,83
200900036758,9,9,9,630,2,1,1,1.0,1,83099,M,0.0,0,83
200900036759,9,9,27,1615,1,1,1,1.0,5,83019,M,0.0,0,83
200900036760,9,9,4,1430,1,1,1,1.0,1,83019,M,0.0,0,83
200900036761,9,9,30,1600,1,1,1,1.0,2,83059,M,0.0,0,83
200900036762,9,9,5,300,5,2,1,1.0,7,83036,M,4.0,0,83
200900036763,9,9,10,15,5,2,1,1.0,6,83112,M,4.0,0,83
200900036764,9,9,5,1630,1,1,1,1.0,7,83025,M,0.0,0,83
200900036765,9,9,7,1930,2,1,1,1.0,1,83036,M,4.0,0,83
200900036766,9,9,17,715,2,1,1,5.0,2,83001,M,0.0,0,83
200900036767,9,9,10,1845,2,1,1,1.0,3,83035,M,0.0,0,83
200900036768,9,9,24,1000,1,1,1,1.0,3,83131,M,0.0,0,83
200900036769,9,9,21,1800,1,2,1,1.0,1,83063,M,4.0,0,83
200900036770,9,9,24,1115,1,2,1,1.0,3,83023,M,0.0,0,83
200900036771,9,9,1,1630,1,1,1,1.0,5,83099,M,0.0,0,83
200900036772,9,9,3,915,1,2,1,1.0,6,83115,M,0.0,0,83
200900036773,9,9,9,1545,1,1,1,1.0,1,83091,M,0.0,0,83
200900036774,9,9,27,1615,1,2,1,1.0,6,83115,M,0.0,0,83
200900036775,9,9,8,1415,1,1,1,1.0,6,83082,M,0.0,0,83
200900036776,9,9,19,630,2,1,1,8.0,1,83067,M,0.0,0,83
200900036777,9,9,10,1630,1,1,1,1.0,1,83029,M,0.0,0,83
200900036778,9,9,1,1515,1,1,1,1.0,2,83107,M,0.0,0,83
200900036779,9,9,11,1745,1,2,1,1.0,6,83143,M,0.0,0,83
200900036780,9,9,9,2230,5,2,1,1.0,2,83023,M,0.0,0,83
200900036781,9,9,21,2030,3,1,1,1.0,6,83025,M,0.0,0,83
200900036782,9,9,26,1545,1,2,1,1.0,1,83091,M,0.0,0,83
200900036783,9,9,7,730,1,1,1,1.0,7,83116,M,0.0,0,83
200900036784,9,9,10,1915,1,2,1,1.0,7,83042,M,4.0,0,83
200900036785,9,9,26,1030,1,1,1,1.0,7,83135,M,0.0,0,83
200900036786,9,9,15,1400,1,1,1,3.0,7,83028,M,0.0,0,83
200900036787,9,9,8,715,1,2,1,1.0,3,83042,M,4.0,0,83
200900036788,9,9,29,2200,3,1,1,1.0,6,83071,M,0.0,0,83
200900036789,9,9,13,1630,1,1,1,1.0,2,83148,M,0.0,0,83
200900036790,9,9,11,1545,1,1,1,1.0,1,83032,M,0.0,0,83
200900036791,9,9,2,815,1,2,1,1.0,6,83036,M,0.0,0,83
200900036792,9,9,28,1850,1,2,1,1.0,6,83061,M,,,83
200900036793,9,10,22,835,1,2,1,1.0,6,83050,M,,,83
200900036794,9,10,31,1800,3,1,1,1.0,5,83091,M,0.0,0,83
200900036795,9,10,24,1700,1,2,2,1.0,3,83112,M,0.0,0,83
200900036796,9,10,26,815,1,1,1,1.0,3,83120,M,0.0,0,83
200900036797,9,10,9,1345,1,1,1,1.0,1,83047,M,0.0,0,83
200900036798,9,10,7,815,1,1,1,1.0,6,83108,M,0.0,0,83
200900036799,9,10,3,1130,1,1,1,1.0,1,83148,M,0.0,0,83
200900036800,9,10,19,1015,1,1,1,1.0,1,83049,M,0.0,0,83
200900036801,9,10,25,1230,1,1,1,1.0,5,83023,M,0.0,0,83
200900036802,9,10,23,2315,3,1,1,1.0,7,83023,M,0.0,0,83
200900036803,9,10,31,1830,3,1,1,1.0,7,83023,M,0.0,0,83
200900036804,9,10,2,1215,1,1,1,1.0,1,83056,M,4.0,0,83
200900036805,9,10,18,2130,3,1,1,1.0,4,83140,M,0.0,0,83
200900036806,9,10,22,915,1,2,1,2.0,6,83070,M,0.0,0,83
200900036807,9,10,18,1530,1,1,1,1.0,2,83107,M,0.0,0,83
200900036808,9,10,30,2030,4,1,3,1.0,3,83068,M,,,83
200900036809,9,10,26,1630,1,1,1,1.0,2,83107,M,0.0,0,83
200900036810,9,10,13,700,2,1,1,1.0,5,83106,M,0.0,0,83
200900036811,9,10,1,1730,1,1,1,1.0,7,83023,M,0.0,0,83
200900036812,9,10,12,845,1,2,9,1.0,6,83130,M,0.0,0,83
200900036813,9,10,4,1945,3,1,1,1.0,3,83065,M,0.0,0,83
200900036814,9,10,14,2045,3,1,1,1.0,7,83023,M,0.0,0,83
200900036815,9,10,17,1915,5,2,1,1.0,6,83023,M,0.0,0,83
200900036816,9,10,31,1130,1,1,1,8.0,2,83116,M,0.0,0,83
200900036817,9,10,3,2045,3,2,1,1.0,3,83019,M,0.0,0,83
200900036818,9,10,4,1800,4,1,1,1.0,2,83086,M,4.0,0,83
200900036819,9,10,6,1645,1,2,1,1.0,6,83075,M,0.0,0,83
200900036820,9,10,9,2000,3,1,1,1.0,1,83037,M,0.0,0,83
200900036821,9,10,11,1130,1,1,1,1.0,1,83077,M,0.0,0,83
200900036822,9,10,16,745,1,2,1,1.0,3,83136,M,0.0,0,83
200900036823,9,10,21,715,2,1,1,8.0,1,83016,M,0.0,0,83
200900036824,9,10,24,1345,1,1,2,1.0,1,83027,M,0.0,0,83
200900036825,9,10,24,1600,1,1,1,1.0,5,83096,M,0.0,0,83
200900036826,9,10,26,815,1,2,1,1.0,6,83073,M,0.0,0,83
200900036827,9,10,26,1130,1,2,1,1.0,6,83049,M,0.0,0,83
200900036828,9,10,27,1430,1,1,1,1.0,5,83065,M,4.0,0,83
200900036829,9,10,28,1515,1,2,1,1.0,1,83070,M,0.0,0,83
200900036830,9,10,29,1745,5,2,6,1.0,6,83019,M,0.0,0,83
200900036831,9,10,23,1320,1,2,1,1.0,3,83137,M,,,83
200900036832,9,10,22,1915,5,2,1,3.0,6,83137,M,,,83
200900036833,9,10,23,2315,5,2,1,6.0,1,83129,M,,,83