Num_Acc,an,mois,jour,hrmn,lum,agg,int,atm,col,com,gps,lat,long,dep
200900036834,9,10,23,1815,2,2,6,1.0,3,83137,M,,,83
200900036835,9,10,26,945,1,1,6,1.0,3,83062,M,,,83
200900036836,9,10,16,1609,1,2,2,1.0,3,83137,M,,,83
200900036837,9,10,27,1015,1,2,1,1.0,2,83137,M,,,83
200900036838,9,10,24,1200,1,2,1,1.0,3,83009,M,,,83
200900036839,9,10,17,1640,1,2,1,1.0,3,83144,M,,,83
200900036840,9,10,10,1445,1,2,6,1.0,3,83126,M,,,83
200900036841,9,10,24,1000,1,2,2,1.0,3,83137,M,,,83
200900036842,9,10,19,2250,5,2,1,1.0,7,83009,M,,,83
200900036843,9,10,30,2030,5,2,1,1.0,2,83129,M,,,83
200900036844,9,10,18,335,5,2,1,1.0,6,83137,M,,,83
200900036845,9,10,22,1940,5,2,1,3.0,2,83118,M,,,83
200900036846,9,10,28,1921,4,2,1,1.0,1,83137,M,,,83
200900036847,9,10,23,1600,1,2,1,1.0,3,83126,M,,,83
200900036848,9,10,17,2050,5,2,4,1.0,3,83137,M,,,83
200900036849,9,10,17,1825,1,2,1,1.0,6,83123,M,,,83
200900036850,9,10,19,1230,1,2,1,1.0,2,83137,M,,,83
200900036851,9,10,25,1725,2,2,1,1.0,6,83061,M,,,83
200900036852,9,10,26,1000,1,2,1,1.0,6,83126,M,,,83
200900036853,9,10,16,735,2,2,2,1.0,3,83137,M,,,83
200900036854,9,10,16,1515,1,2,4,1.0,3,83137,M,,,83
200900036855,9,10,23,1740,1,2,1,1.0,4,83090,M,,,83
200900036856,9,10,11,1715,1,2,1,1.0,6,83126,M,,,83
200900036857,9,10,28,1705,1,1,1,1.0,3,83137,M,,,83
200900036858,9,10,12,1435,1,2,2,1.0,3,83137,M,,,83
200900036859,9,10,8,2155,5,2,1,1.0,3,83061,M,,,83
200900036860,9,10,9,1930,5,2,1,1.0,6,83061,M,,,83
200900036861,9,10,4,1545,1,2,1,1.0,4,83137,M,,,83
200900036862,9,10,13,1810,1,1,1,1.0,3,83137,M,,,83
200900036863,9,10,6,1730,1,2,1,1.0,6,83129,M,,,83
200900036864,9,10,15,1700,1,2,1,1.0,6,83144,M,,,83
200900036865,9,10,12,5,5,2,9,1.0,3,83137,M,,,83
200900036866,9,10,11,320,5,2,1,1.0,6,83137,M,,,83
200900036867,9,10,4,1515,1,2,1,1.0,1,83123,M,,,83
200900036868,9,10,9,1045,1,2,1,1.0,6,83137,M,,,83
200900036869,9,10,7,1050,1,2,1,1.0,6,83137,M,,,83
200900036870,9,10,9,820,1,2,1,1.0,6,83098,M,,,83
200900036871,9,10,1,825,1,2,3,1.0,3,83137,M,,,83
200900036872,9,10,14,5,5,2,1,1.0,6,83137,M,,,83
200900036873,9,10,3,1705,1,2,3,1.0,6,83129,M,,,83
200900036874,9,10,7,1920,5,2,1,1.0,6,83137,M,,,83
200900036875,9,10,6,1735,1,2,1,1.0,6,83129,M,,,83
200900036876,9,10,1,1640,1,2,1,1.0,1,83137,M,,,83
200900036877,9,10,2,2035,5,2,9,1.0,6,83137,M,,,83
200900036878,9,10,9,2110,5,2,2,1.0,6,83137,M,,,83
200900036879,9,10,13,1410,1,2,1,1.0,6,83137,M,,,83
200900036880,9,9,6,2000,2,1,2,1.0,3,80775,M,0.0,0,80
200900036881,9,9,1,1745,1,2,1,1.0,1,80651,M,0.0,0,80
200900036882,9,9,2,1830,1,2,1,1.0,3,80711,M,0.0,0,80
200900036883,9,9,3,1745,1,1,1,1.0,6,80015,M,0.0,0,80
200900036884,9,9,3,930,1,1,2,7.0,1,80597,M,0.0,0,80
200900036885,9,9,4,1100,1,2,1,1.0,6,80312,M,0.0,0,80
200900036886,9,9,4,1230,1,1,1,1.0,6,80555,M,0.0,0,80
200900036887,9,9,6,2200,5,2,1,1.0,1,80016,M,0.0,0,80
200900036888,9,9,7,945,1,2,1,1.0,2,80212,M,0.0,0,80
200900036889,9,9,9,1630,1,2,1,1.0,2,80561,M,0.0,0,80
200900036890,9,9,9,1745,1,1,1,1.0,7,80765,M,0.0,0,80
200900036891,9,9,11,1700,1,2,1,1.0,1,80373,M,0.0,0,80
200900036892,9,9,11,1915,1,2,1,1.0,3,80430,M,0.0,0,80
200900036893,9,9,11,1230,1,1,1,1.0,7,80711,M,0.0,0,80
200900036894,9,9,15,900,1,1,1,1.0,4,80383,M,0.0,0,80
200900036895,9,9,15,1500,1,1,1,1.0,6,80751,M,0.0,0,80
200900036896,9,9,2,1635,1,2,1,1.0,5,80021,M,,,80
200900036897,9,9,7,2245,5,2,1,1.0,3,80021,M,,,80
200900036898,9,9,1,1200,1,2,1,2.0,7,80131,M,,,80
200900036899,9,9,1,1705,1,2,1,1.0,2,80021,M,,,80
200900036900,9,9,5,1130,1,2,1,2.0,3,80021,M,,,80
200900036901,9,9,9,755,1,2,1,1.0,3,80021,M,,,80
200900036902,9,9,9,1740,1,2,1,1.0,6,80021,M,,,80
200900036903,9,9,6,1545,1,2,1,1.0,2,80021,M,,,80
200900036904,9,9,8,1004,1,2,1,1.0,3,80021,M,,,80
200900036905,9,9,10,1220,1,2,1,1.0,6,80021,M,,,80
200900036906,9,9,14,925,1,2,1,1.0,6,80021,M,,,80
200900036907,9,9,16,1455,1,2,1,1.0,6,80021,M,,,80
200900036908,9,9,14,1510,1,2,3,1.0,3,80021,M,,,80
200900036909,9,9,16,1932,1,1,1,1.0,7,80131,M,,,80
200900036910,9,9,17,1420,1,2,1,1.0,3,80021,M,,,80
200900036911,9,9,11,1200,1,2,1,1.0,1,80021,M,,,80
200900036912,9,9,14,2150,3,1,1,1.0,2,80379,M,,,80
200900036913,9,9,18,845,1,1,1,8.0,6,80555,M,0.0,0,80
200900036914,9,9,14,2215,5,1,1,1.0,2,80164,M,,,80
200900036915,9,9,18,1240,1,2,2,1.0,3,80021,M,,,80
200900036916,9,9,19,1830,1,2,1,1.0,1,80501,M,0.0,0,80
200900036917,9,9,19,2045,3,1,1,1.0,2,80523,M,0.0,0,80
200900036918,9,9,19,2200,5,2,1,1.0,2,80021,M,,,80
200900036919,9,9,20,1230,1,2,3,1.0,3,80021,M,,,80
200900036920,9,9,21,730,2,1,1,1.0,1,80043,M,0.0,0,80
200900036921,9,9,21,1635,1,2,1,1.0,6,80164,M,,,80
200900036922,9,9,21,800,1,2,1,1.0,3,80368,M,0.0,0,80
200900036923,9,9,23,1800,1,2,1,1.0,2,80021,M,,,80
200900036924,9,9,25,1700,1,2,1,1.0,6,80021,M,,,80
200900036925,9,9,25,2020,5,2,1,1.0,2,80021,M,,,80
200900036926,9,9,21,1820,1,2,2,7.0,3,80001,M,,,80
200900036927,9,9,26,1615,1,1,1,1.0,7,80086,M,0.0,0,80
200900036928,9,9,29,1320,1,2,1,1.0,2,80021,M,,,80
200900036929,9,9,28,145,3,1,1,1.0,6,80001,M,0.0,0,80
200900036930,9,9,28,1845,1,2,1,1.0,2,80021,M,,,80
200900036931,9,9,30,900,1,1,1,1.0,7,80214,M,0.0,0,80
200900036932,9,9,30,945,1,1,1,1.0,6,80443,M,0.0,0,80
200900036933,9,9,24,740,1,2,1,1.0,7,80021,M,,,80
200900036934,9,9,7,1015,1,2,6,1.0,2,80001,M,,,80
200900036935,9,9,3,1345,1,1,1,3.0,1,80231,M,4.0,0,80
200900036936,9,9,6,1045,1,2,1,1.0,1,80446,M,0.0,0,80
200900036937,9,9,29,1900,1,1,1,1.0,7,80802,M,0.0,0,80
200900036938,9,9,27,1230,1,1,2,1.0,3,80583,M,0.0,0,80
200900036939,9,9,18,1015,1,1,1,8.0,6,80033,M,0.0,0,80
200900036940,9,9,13,1430,1,1,9,1.0,1,80019,M,0.0,0,80
200900036941,9,9,30,530,3,2,1,5.0,6,80217,M,0.0,0,80
200900036942,9,9,11,1700,1,1,1,1.0,3,80107,M,0.0,0,80
200900036943,9,11,7,2230,3,1,1,2.0,2,16287,M,5.0,0,16
200900036944,9,11,16,2145,3,1,1,8.0,6,16037,M,4.0,0,16
200900036945,9,11,17,845,2,2,1,2.0,6,16243,M,5.0,0,16
200900036946,9,11,18,2015,3,1,1,1.0,6,16110,M,5.0,0,16
200900036947,9,11,19,500,3,1,1,5.0,7,16339,M,5.0,0,16
200900036948,9,11,21,1300,1,1,2,1.0,3,16148,M,5.0,0,16
200900036949,9,11,3,1245,1,1,1,1.0,6,16034,M,5.0,0,16
200900036950,9,11,3,1915,5,2,1,2.0,1,85047,M,4.0,-,85
200900036951,9,11,4,1330,1,1,1,8.0,7,85131,M,0.0,0,85
200900036952,9,11,4,1845,3,1,1,2.0,1,85049,M,0.0,0,85
200900036953,9,11,7,1015,1,1,1,8.0,5,85257,M,0.0,0,85
200900036954,9,11,10,1745,5,2,1,8.0,6,85092,M,4.0,-,85
200900036955,9,11,8,1715,1,1,9,1.0,2,85046,M,0.0,0,85
200900036956,9,11,9,730,5,2,1,1.0,6,85135,M,0.0,0,85
200900036957,9,11,13,515,3,1,1,1.0,1,85114,M,0.0,0,85
200900036958,9,11,15,1745,5,2,1,2.0,6,85128,M,0.0,0,85
200900036959,9,11,18,1645,1,1,1,7.0,6,85103,M,0.0,0,85
200900036960,9,11,18,1815,3,1,1,1.0,1,85246,M,0.0,0,85
200900036961,9,11,24,830,1,1,1,1.0,1,85108,M,0.0,0,85
200900036962,9,11,25,1145,1,2,1,3.0,6,85238,M,0.0,0,85
200900036963,9,11,13,2130,3,1,1,1.0,1,04242,M,4.0,0,04
200900036964,9,11,14,1430,1,1,1,1.0,6,04190,M,4.0,0,04
200900036965,9,11,21,1600,1,1,1,1.0,4,04028,M,4.0,0,04
200900036966,9,11,28,1000,1,2,1,1.0,6,04209,M,4.0,0,04
200900036967,9,2,7,1400,1,1,1,4.0,6,78029,M,4.0,0,78
200900036968,9,2,17,815,1,2,4,1.0,3,78299,M,4.0,0,78
200900036969,9,2,17,1700,1,2,3,1.0,6,78297,M,4.0,0,78
200900036970,9,2,19,1515,1,2,3,1.0,6,78688,M,4.0,0,78
200900036971,9,10,3,1130,1,2,1,1.0,6,52353,M,4.0,0,52
200900036972,9,10,4,1210,1,1,1,1.0,6,52448,M,4.0,0,52
200900036973,9,10,8,645,2,1,1,1.0,5,52221,M,4.0,0,52
200900036974,9,10,8,1330,1,2,1,1.0,1,52250,M,4.0,0,52
200900036975,9,10,10,940,1,2,2,2.0,7,52121,M,4.0,0,52
200900036976,9,10,10,1814,2,1,1,8.0,1,52121,M,4.0,0,52
200900036977,9,10,11,1730,1,1,1,1.0,5,52514,M,4.0,0,52
200900036978,9,10,15,1710,1,2,6,1.0,1,52448,M,4.0,0,52
200900036979,9,10,11,145,3,1,1,2.0,6,52413,M,4.0,0,52
200900036980,9,10,13,2200,5,2,1,1.0,6,52205,M,4.0,0,52
200900036981,9,10,14,1100,1,1,1,1.0,3,52194,M,4.0,0,52
200900036982,9,10,16,1745,1,1,1,1.0,3,52529,M,4.0,0,52
200900036983,9,10,17,1745,1,2,1,8.0,3,52479,M,4.0,0,52
200900036984,9,10,16,1845,3,1,1,2.0,1,52335,M,4.0,0,52
200900036985,9,10,21,1730,1,2,1,2.0,7,52448,M,4.0,0,52
200900036986,9,10,23,1615,1,2,1,1.0,3,52121,M,4.0,0,52
200900036987,9,10,28,900,1,1,1,1.0,2,52429,M,4.0,0,52
200900036988,9,10,28,1055,1,2,2,1.0,6,52121,M,4.0,0,52
200900036989,9,10,28,1915,3,1,1,1.0,5,52541,M,4.0,0,52
200900036990,9,10,29,1730,1,1,1,1.0,3,52529,M,4.0,0,52
200900036991,9,10,30,1822,5,1,2,1.0,3,52121,M,4.0,0,52
200900036992,9,10,30,1130,1,2,2,1.0,1,52121,M,4.0,0,52
200900036993,9,10,31,345,3,2,1,1.0,6,52359,M,4.0,0,52
200900036994,9,10,31,1225,1,2,1,1.0,6,52448,M,4.0,0,52
200900036995,9,10,31,1530,1,1,1,1.0,1,52233,M,4.0,0,52
200900036996,9,10,31,1715,1,2,2,1.0,3,52045,M,4.0,0,52
200900036997,9,10,31,1800,3,1,1,5.0,6,52384,M,4.0,0,52
200900036998,9,10,7,1045,1,2,1,1.0,2,52448,M,4.0,0,52
200900036999,9,10,3,920,1,2,2,1.0,3,52448,M,4.0,0,52
200900037000,9,10,24,2030,3,1,1,2.0,6,65460,M,4.0,0,65
200900037001,9,10,17,1445,1,2,2,1.0,2,65440,M,,,65
200900037002,9,10,22,1150,1,2,1,1.0,2,65440,M,,,65
200900037003,9,10,29,1335,1,2,6,1.0,3,65440,M,,,65
200900037004,9,10,20,910,1,2,2,1.0,3,65417,M,,,65
200900037005,9,10,10,1900,2,2,2,1.0,6,65286,M,,,65
200900037006,9,10,2,1830,1,2,2,1.0,6,65440,M,,,65
200900037007,9,10,10,555,5,2,2,1.0,3,65286,M,,,65
200900037008,9,10,1,900,1,2,1,2.0,6,65440,M,,,65
200900037009,9,10,5,1220,1,2,2,1.0,3,65440,M,,,65
200900037010,9,10,5,1502,1,2,1,1.0,3,65286,M,,,65
200900037011,9,10,8,1850,1,2,2,3.0,1,65440,M,,,65
200900037012,9,10,13,1600,1,2,3,1.0,4,65440,M,,,65
200900037013,9,10,10,1925,2,1,1,2.0,1,65226,M,,,65
200900037014,9,2,8,545,5,2,2,9.0,6,14061,M,4.0,-,14
200900037015,9,2,11,1945,3,1,1,8.0,7,14703,M,4.0,-,14
200900037016,9,2,9,1400,1,1,1,3.0,3,14489,M,4.0,-,14
200900037017,9,2,21,2045,3,1,1,1.0,6,14097,M,4.0,-,14
200900037018,9,2,28,1745,1,1,1,1.0,7,14732,M,4.0,-,14
200900037019,9,2,28,1200,1,1,1,1.0,3,14009,M,4.0,-,14
200900037020,9,2,22,1630,2,1,1,1.0,6,14041,M,4.0,0,14
200900037021,9,2,23,845,1,1,1,1.0,3,14660,M,4.0,0,14
200900037022,9,2,8,330,3,1,1,9.0,5,14636,M,4.0,-,14
200900037023,9,2,28,2345,3,1,1,1.0,6,14157,M,4.0,-,14
200900037024,9,2,27,1930,3,1,1,1.0,5,14473,M,0.0,0,14
200900037025,9,2,15,300,5,2,1,1.0,6,14118,M,4.0,-,14
200900037026,9,2,14,130,5,2,1,1.0,1,14118,M,4.0,-,14
200900037027,9,2,12,1925,5,2,1,1.0,3,14327,M,4.0,-,14
200900037028,9,2,9,1845,5,2,1,2.0,6,14118,M,4.0,-,14
200900037029,9,2,1,314,5,2,1,1.0,6,14181,M,4.0,-,14
200900037030,9,2,14,1915,3,1,1,1.0,6,14333,M,4.0,0,14
200900037031,9,2,3,1240,1,2,1,1.0,7,14366,M,0.0,0,14
200900037032,9,2,6,2055,5,2,6,1.0,2,14366,M,,,14
200900037033,9,2,5,2145,3,1,1,8.0,7,14574,M,4.0,0,14
200900037034,9,2,18,930,1,2,1,8.0,7,14366,M,,,14
200900037035,9,2,16,850,1,2,1,1.0,2,14137,M,4.0,-,14
200900037036,9,2,21,1915,5,2,1,1.0,1,14383,M,4.0,-,14
200900037037,9,2,27,10,5,2,2,1.0,3,14118,M,4.0,-,14
200900037038,9,2,21,1613,1,2,1,1.0,6,14118,M,4.0,-,14
200900037039,9,2,14,1835,2,2,1,1.0,3,14118,M,4.0,-,14
200900037040,9,3,21,1410,1,2,1,1.0,6,14366,M,4.0,0,14
200900037041,9,3,17,735,2,2,3,1.0,3,14118,M,4.0,-,14
200900037042,9,3,9,735,5,2,1,1.0,6,14118,M,4.0,-,14
200900037043,9,3,5,1520,1,2,1,1.0,6,14366,M,,,14
200900037044,9,3,13,450,5,2,1,1.0,7,14118,M,4.0,-,14
200900037045,9,3,11,250,5,2,6,1.0,6,14118,M,4.0,-,14
200900037046,9,3,3,840,1,2,1,8.0,6,14366,M,,,14
200900037047,9,3,13,1650,1,2,3,1.0,3,14366,M,4.0,0,14
200900037048,9,3,7,115,5,1,1,1.0,2,14437,M,4.0,-,14
200900037049,9,3,11,1215,1,2,1,1.0,6,14366,M,4.0,0,14
200900037050,9,3,5,1400,1,1,1,1.0,2,14445,M,4.0,-,14
200900037051,9,3,12,30,3,1,1,1.0,6,14162,M,4.0,-,14
200900037052,9,3,5,2115,3,1,1,1.0,6,14514,M,4.0,0,14
200900037053,9,3,6,1415,1,1,1,1.0,1,14274,M,4.0,-,14
200900037054,9,3,7,2215,3,1,1,2.0,7,14129,M,4.0,-,14
200900037055,9,3,21,1730,1,2,1,1.0,6,14085,M,4.0,0,14
200900037056,9,3,2,1945,3,1,1,1.0,3,14354,M,4.0,-,14
200900037057,9,3,16,1745,1,1,2,1.0,3,14737,M,4.0,-,14
200900037058,9,3,23,1615,1,1,1,1.0,4,14626,M,4.0,0,14
200900037059,9,3,9,815,1,1,1,8.0,6,14489,M,4.0,-,14
200900037060,9,3,28,1330,1,2,1,1.0,6,14747,M,4.0,-,14
200900037061,9,3,18,1115,1,2,1,1.0,6,14047,M,4.0,-,14
200900037062,9,3,22,1130,1,2,1,1.0,6,14431,M,4.0,-,14
200900037063,9,3,15,830,1,2,2,1.0,3,14488,M,4.0,-,14
200900037064,9,3,11,1600,1,2,6,1.0,7,14174,M,4.0,-,14
200900037065,9,3,17,745,1,1,2,1.0,3,14332,M,4.0,-,14
200900037066,9,3,19,1800,1,2,2,1.0,3,14174,M,4.0,-,14
200900037067,9,3,17,1415,1,2,1,1.0,6,14431,M,4.0,-,14
200900037068,9,3,7,1845,1,1,1,1.0,1,14425,M,4.0,0,14
200900037069,9,3,27,1815,1,1,1,4.0,1,14521,M,4.0,-,14
200900037070,9,3,13,1945,3,1,1,1.0,3,14409,M,4.0,-,14
200900037071,9,3,25,1745,1,1,1,1.0,3,14752,M,4.0,-,14
200900037072,9,3,14,1030,1,2,1,1.0,7,14235,M,4.0,-,14
200900037073,9,3,31,1515,1,2,1,1.0,2,14658,M,4.0,-,14
200900037074,9,3,5,1530,1,2,1,1.0,7,14654,M,4.0,-,14
200900037075,9,3,13,1710,1,2,2,1.0,6,14118,M,4.0,-,14
200900037076,9,6,1,1845,1,1,1,1.0,2,29263,M,4.0,-,29
200900037077,9,7,19,1700,1,1,1,1.0,2,29233,M,0.0,0,29
200900037078,9,7,29,1720,1,2,1,1.0,4,29151,M,,,29
200900037079,9,8,5,2340,3,1,1,3.0,6,29254,M,,,29
200900037080,9,8,9,145,3,1,1,1.0,7,29265,M,4.0,-,29
200900037081,9,9,6,800,1,1,1,1.0,7,29151,M,4.0,-,29
200900037082,9,9,9,1200,1,1,1,1.0,7,29189,M,4.0,-,29
200900037083,9,9,13,145,3,1,1,1.0,2,29268,M,4.0,-,29
200900037084,9,9,25,1420,1,1,1,1.0,1,29232,M,,,29
200900037085,9,9,25,1700,1,1,1,1.0,4,29266,M,0.0,0,29
200900037086,9,10,4,1,3,1,1,1.0,7,29045,M,0.0,0,29
200900037087,9,10,11,1700,1,1,1,8.0,6,29181,M,0.0,0,29
200900037088,9,6,10,2025,1,2,1,1.0,3,29232,M,,,29
200900037089,9,6,1,1835,1,2,1,1.0,7,29232,M,,,29
200900037090,9,6,12,1605,1,2,1,1.0,6,29019,M,,,29
200900037091,9,6,11,1900,1,2,2,1.0,3,29019,M,,,29
200900037092,9,6,15,1545,1,2,3,1.0,3,29019,M,,,29
200900037093,9,6,13,1735,1,2,1,1.0,6,29019,M,,,29
200900037094,9,6,10,1730,1,2,1,1.0,2,29254,M,,,29
200900037095,9,6,12,1430,1,2,1,1.0,6,29019,M,,,29
200900037096,9,6,11,105,5,2,1,1.0,2,29232,M,,,29
200900037097,9,6,10,1600,1,2,1,1.0,6,29019,M,,,29
200900037098,9,6,7,1630,1,2,2,8.0,6,29019,M,,,29
200900037099,9,6,10,1235,1,2,3,2.0,3,29019,M,,,29
200900037100,9,6,3,1700,1,2,3,1.0,2,29019,M,,,29
200900037101,9,6,2,1015,1,2,1,1.0,1,29232,M,,,29
200900037102,9,6,30,1715,1,2,1,1.0,6,29026,M,4.0,-,29
200900037103,9,6,4,1745,1,1,1,1.0,3,29110,M,0.0,0,29
200900037104,9,6,29,1515,1,1,1,1.0,3,29167,M,0.0,0,29
200900037105,9,6,5,2000,1,1,1,1.0,1,29057,M,4.0,-,29
200900037106,9,6,8,815,1,2,1,2.0,6,29114,M,0.0,0,29
200900037107,9,6,21,1700,1,1,1,1.0,1,29266,M,4.0,-,29
200900037108,9,6,2,1730,1,2,1,1.0,3,29120,M,4.0,-,29
200900037109,9,6,8,745,1,2,9,2.0,3,29019,M,0.0,0,29
200900037110,9,6,24,815,1,2,6,1.0,6,29026,M,0.0,0,29
200900037111,9,6,21,430,3,1,6,1.0,7,29163,M,4.0,-,29
200900037112,9,6,16,800,1,1,1,1.0,3,29210,M,0.0,0,29
200900037113,9,6,13,815,1,1,1,1.0,1,29091,M,4.0,-,29
200900037114,9,6,27,1015,1,1,1,1.0,6,29145,M,4.0,-,29
200900037115,9,6,20,2000,1,1,2,1.0,3,29027,M,4.0,-,29
200900037116,9,6,28,2000,1,1,1,1.0,7,29152,M,0.0,0,29
200900037117,9,6,14,1530,1,1,1,1.0,3,29177,M,4.0,-,29
200900037118,9,6,29,1345,1,2,1,1.0,3,29247,M,4.0,-,29
200900037119,9,6,21,30,3,1,2,1.0,3,29244,M,0.0,0,29
200900037120,9,6,7,100,4,2,1,1.0,5,29199,M,0.0,0,29
200900037121,9,6,11,1115,1,1,1,1.0,3,29150,M,4.0,0,29
200900037122,9,6,23,1400,1,2,3,1.0,3,29019,M,,,29
200900037123,9,6,27,250,5,2,1,1.0,6,29019,M,,,29
200900037124,9,6,16,2015,1,2,2,1.0,6,29019,M,,,29
200900037125,9,6,22,750,1,2,3,1.0,3,29019,M,,,29
200900037126,9,6,28,2150,1,2,1,1.0,3,29019,M,,,29
200900037127,9,6,19,2008,1,2,2,1.0,3,29019,M,,,29
200900037128,9,6,21,355,3,1,3,1.0,6,29232,M,,,29
200900037129,9,6,22,2006,1,2,1,1.0,6,29232,M,,,29
200900037130,9,6,23,1705,1,2,1,1.0,2,29232,M,,,29
200900037131,9,6,30,1545,1,2,1,1.0,3,29151,M,,,29
200900037132,9,6,5,1345,1,2,6,1.0,3,29151,M,,,29
200900037133,9,6,10,1845,1,2,1,1.0,6,29232,M,,,29
200900037134,9,6,13,2015,1,2,6,1.0,3,29019,M,,,29
200900037135,9,6,15,1130,1,2,3,1.0,3,29061,M,0.0,0,29
200900037136,9,6,11,1720,1,2,3,1.0,3,29151,M,,,29
200900037137,9,6,13,1600,1,2,1,1.0,5,29173,M,0.0,0,29
200900037138,9,6,20,1305,1,2,1,1.0,6,29232,M,,,29
200900037139,9,6,20,1538,1,2,1,1.0,6,29232,M,,,29
200900037140,9,6,27,359,5,2,1,1.0,2,29232,M,,,29
200900037141,9,6,18,1800,1,1,1,1.0,1,29173,M,0.0,0,29
200900037142,9,6,23,1405,1,2,2,1.0,2,29232,M,,,29
200900037143,9,6,18,740,1,2,1,1.0,2,29019,M,,,29
200900037144,9,6,28,1155,1,2,1,1.0,3,29019,M,,,29
200900037145,9,6,9,2115,1,2,1,1.0,2,29232,M,,,29
200900037146,9,7,15,1530,1,2,1,1.0,3,29220,M,0.0,0,29
200900037147,9,7,14,1930,1,2,6,1.0,3,29241,M,4.0,-,29
200900037148,9,7,4,800,1,1,1,2.0,7,29209,M,0.0,0,29
200900037149,9,7,28,1815,1,1,1,1.0,1,29160,M,0.0,0,29
200900037150,9,7,4,30,3,1,1,1.0,6,29117,M,0.0,0,29
200900037151,9,7,26,700,1,1,1,1.0,6,29208,M,0.0,0,29
200900037152,9,7,9,1100,1,1,1,1.0,3,29036,M,0.0,0,29
200900037153,9,7,28,1700,1,1,1,1.0,5,29042,M,4.0,-,29
200900037154,9,7,26,1630,1,2,1,1.0,7,29085,M,0.0,0,29
200900037155,9,7,6,2215,1,1,1,1.0,7,29207,M,4.0,-,29
200900037156,9,7,5,1200,1,2,9,1.0,6,29086,M,4.0,-,29
200900037157,9,7,21,1915,1,1,1,2.0,3,29243,M,4.0,-,29
200900037158,9,7,20,615,2,2,6,1.0,7,29161,M,4.0,-,29
200900037159,9,7,1,1715,1,2,1,1.0,6,29103,M,0.0,0,29
200900037160,9,7,22,530,5,2,1,1.0,6,29042,M,0.0,0,29
200900037161,9,7,21,1500,1,2,1,2.0,3,29195,M,0.0,0,29
200900037162,9,7,12,45,5,2,1,2.0,1,29024,M,0.0,0,29
200900037163,9,7,21,815,1,1,1,1.0,3,29149,M,0.0,0,29
200900037164,9,7,11,1100,1,1,1,1.0,6,29207,M,4.0,-,29
200900037165,9,7,24,1330,1,1,1,1.0,1,29195,M,0.0,0,29
200900037166,9,7,17,1345,1,2,1,1.0,3,29233,M,0.0,0,29
200900037167,9,7,21,1730,1,1,1,2.0,2,29145,M,0.0,0,29
200900037168,9,7,16,700,1,2,1,1.0,3,29019,M,0.0,0,29
200900037169,9,7,16,1115,1,2,9,1.0,6,29058,M,4.0,-,29
200900037170,9,7,19,1715,1,1,1,1.0,6,29091,M,4.0,-,29
200900037171,9,7,31,215,3,1,1,1.0,6,29224,M,4.0,-,29
200900037172,9,7,1,1100,1,1,1,1.0,1,29071,M,0.0,0,29
200900037173,9,7,2,1745,1,2,3,1.0,3,29019,M,,,29
200900037174,9,7,11,15,5,2,2,1.0,3,29019,M,,,29
200900037175,9,7,4,1928,1,2,1,1.0,3,29232,M,,,29
200900037176,9,7,14,1755,1,2,9,8.0,1,29019,M,,,29
200900037177,9,7,5,1325,1,2,6,1.0,3,29019,M,,,29
200900037178,9,7,8,1310,1,2,1,1.0,6,29019,M,,,29
200900037179,9,7,4,30,5,2,1,1.0,6,29019,M,,,29
200900037180,9,7,21,1535,1,2,2,2.0,1,29019,M,,,29
200900037181,9,7,30,1300,1,2,5,1.0,3,29019,M,,,29
200900037182,9,7,18,110,5,2,1,1.0,6,29019,M,,,29
200900037183,9,7,18,750,1,2,4,8.0,3,29019,M,,,29
200900037184,9,7,30,2000,1,2,6,1.0,5,29019,M,,,29
200900037185,9,7,18,1015,1,2,2,1.0,3,29151,M,,,29
200900037186,9,7,5,2145,1,2,3,1.0,2,29254,M,,,29
200900037187,9,7,24,500,5,2,1,9.0,6,29019,M,,,29
200900037188,9,7,21,1700,1,2,1,8.0,6,29151,M,,,29
200900037189,9,7,2,1350,1,1,1,2.0,2,29254,M,,,29
200900037190,9,7,11,645,2,1,1,1.0,6,29150,M,0.0,0,29
200900037191,9,7,11,930,1,1,1,1.0,6,29135,M,0.0,0,29
200900037192,9,7,3,2325,5,2,3,1.0,6,29151,M,,,29
200900037193,9,7,10,1400,1,2,1,1.0,6,29019,M,,,29
200900037194,9,7,10,1945,1,2,2,1.0,3,29019,M,,,29
200900037195,9,7,26,1500,1,1,1,1.0,3,29190,M,4.0,-,29
200900037196,9,7,12,1315,1,1,1,1.0,1,29275,M,0.0,0,29
200900037197,9,7,29,1405,1,2,1,1.0,2,29019,M,,,29
200900037198,9,6,1,830,3,1,1,1.0,6,48156,M,,,48
200900037199,9,6,3,645,2,2,1,1.0,6,48013,M,,,48
200900037200,9,6,6,1700,1,1,1,1.0,6,48017,M,,,48
200900037201,9,6,29,100,3,1,1,1.0,7,48063,M,,,48
200900037202,9,4,6,1010,1,2,2,1.0,3,14366,M,4.0,0,14
200900037203,9,4,5,2020,2,1,1,1.0,2,14437,M,4.0,-,14
200900037204,9,4,2,1435,1,2,3,1.0,3,14118,M,4.0,-,14
200900037205,9,4,1,1334,1,2,3,1.0,1,14301,M,4.0,-,14
200900037206,9,4,10,1735,1,2,1,1.0,6,14167,M,4.0,-,14
200900037207,9,4,10,2250,5,2,1,2.0,6,14118,M,4.0,-,14
200900037208,9,4,3,1440,1,2,1,1.0,3,14118,M,4.0,-,14
200900037209,9,4,25,1850,1,2,3,1.0,3,14366,M,4.0,0,14
200900037210,9,4,1,1700,1,2,6,1.0,6,14220,M,4.0,0,14
200900037211,9,4,24,1345,1,2,3,1.0,3,14366,M,4.0,0,14