Num_Acc,an,mois,jour,hrmn,lum,agg,int,atm,col,com,gps,lat,long,dep
200900037587,9,9,18,1850,1,2,3,1.0,6,95394,M,4.0,0,95
200900037588,9,9,19,1915,1,2,1,1.0,7,95176,M,4.0,0,95
200900037589,9,9,21,1145,1,2,5,1.0,7,95018,M,4.0,0,95
200900037590,9,9,22,1915,1,2,4,1.0,3,95574,M,4.0,0,95
200900037591,9,9,23,1645,1,2,1,1.0,3,95450,M,4.0,0,95
200900037592,9,9,26,1505,1,2,3,1.0,2,95018,M,4.0,0,95
200900037593,9,9,29,715,2,2,1,1.0,6,95452,M,4.0,0,95
200900037594,9,9,12,2045,5,2,2,1.0,3,95574,M,4.0,0,95
200900037595,9,9,14,835,1,2,1,1.0,4,95018,M,4.0,0,95
200900037596,9,9,14,1825,1,2,3,1.0,3,95585,M,4.0,0,95
200900037597,9,9,17,1825,1,2,2,1.0,5,95018,M,4.0,0,95
200900037598,9,9,1,1730,1,2,1,1.0,2,95252,M,4.0,0,95
200900037599,9,9,3,1440,1,2,2,1.0,3,95203,M,4.0,0,95
200900037600,9,9,8,655,2,2,1,1.0,6,95051,M,4.0,0,95
200900037601,9,9,9,1800,1,2,1,1.0,6,95252,M,4.0,0,95
200900037602,9,9,11,820,1,2,3,1.0,3,95563,M,4.0,0,95
200900037603,9,9,19,1330,1,1,1,1.0,1,95355,M,4.0,0,95
200900037604,9,9,20,1310,1,2,1,1.0,6,95219,M,4.0,0,95
200900037605,9,9,22,1015,1,2,1,1.0,2,95018,M,4.0,0,95
200900037606,9,9,22,1615,1,2,1,1.0,6,95051,M,4.0,0,95
200900037607,9,9,13,1710,1,1,9,1.0,7,95211,M,4.0,0,95
200900037608,9,9,20,1050,1,2,3,1.0,3,95585,M,,,95
200900037609,9,9,22,1710,1,2,1,1.0,3,95539,M,4.0,0,95
200900037610,9,9,23,1700,1,1,1,1.0,7,95436,M,0.0,0,95
200900037611,9,9,23,1715,1,2,3,1.0,3,95018,M,4.0,0,95
200900037612,9,9,25,1555,1,2,1,1.0,7,95018,M,4.0,0,95
200900037613,9,9,26,1225,1,2,1,1.0,2,95018,M,4.0,0,95
200900037614,9,9,27,320,5,2,1,1.0,7,95252,M,4.0,0,95
200900037615,9,9,28,1200,1,2,1,1.0,1,95219,M,4.0,0,95
200900037616,9,9,28,1945,5,2,5,1.0,6,95018,M,4.0,0,95
200900037617,9,9,29,630,3,1,1,1.0,1,95554,M,4.0,0,95
200900037618,9,9,29,730,1,2,2,1.0,3,95060,M,4.0,0,95
200900037619,9,9,29,1730,1,2,1,1.0,2,95585,M,4.0,0,95
200900037620,9,9,29,2105,4,2,1,1.0,6,95018,M,4.0,0,95
200900037621,9,9,30,755,1,2,3,1.0,3,95424,M,4.0,0,95
200900037622,9,9,30,1550,1,2,1,1.0,6,95563,M,4.0,0,95
200900037623,9,9,22,1220,1,2,1,1.0,2,95176,M,4.0,0,95
200900037624,9,9,28,710,2,2,6,1.0,3,95582,M,4.0,0,95
200900037625,9,9,8,1750,1,1,3,1.0,3,95176,M,4.0,0,95
200900037626,9,9,9,1835,1,2,1,2.0,7,95018,M,4.0,0,95
200900037627,9,9,21,1855,2,2,1,1.0,3,95018,M,4.0,0,95
200900037628,9,9,24,1630,1,2,1,1.0,6,95219,M,4.0,0,95
200900037629,9,9,26,700,5,2,3,1.0,2,95018,M,4.0,0,95
200900037630,9,9,8,1920,1,2,2,1.0,3,95607,M,4.0,0,95
200900037631,9,9,11,2135,2,2,1,1.0,5,95306,M,4.0,0,95
200900037632,9,9,30,1700,1,2,1,1.0,6,95574,M,4.0,0,95
200900037633,9,9,28,1530,1,2,1,1.0,6,95424,M,4.0,0,95
200900037634,9,9,9,1130,1,2,1,1.0,6,95018,M,4.0,0,95
200900037635,9,9,23,545,5,2,1,1.0,3,95018,M,4.0,0,95
200900037636,9,9,24,820,1,2,3,1.0,3,95018,M,4.0,0,95
200900037637,9,9,21,1315,1,2,1,1.0,3,95306,M,4.0,0,95
200900037638,9,9,2,1755,1,2,3,1.0,3,95313,M,4.0,0,95
200900037639,9,9,20,145,5,2,1,1.0,6,95203,M,4.0,0,95
200900037640,9,9,4,840,1,2,3,3.0,7,95018,M,4.0,0,95
200900037641,9,9,28,900,1,2,1,1.0,4,95582,M,4.0,0,95
200900037642,9,9,10,2000,2,2,9,1.0,6,95199,M,4.0,0,95
200900037643,9,9,3,530,3,1,1,2.0,1,95365,M,4.0,0,95
200900037644,9,10,5,1340,1,2,3,1.0,2,95127,M,4.0,0,95
200900037645,9,10,1,1305,1,2,6,1.0,7,95313,M,4.0,0,95
200900037646,9,10,1,1725,1,2,4,1.0,3,95176,M,4.0,0,95
200900037647,9,10,2,825,1,2,1,1.0,6,95563,M,4.0,0,95
200900037648,9,10,10,15,5,2,1,3.0,6,95306,M,4.0,0,95
200900037649,9,10,5,1735,1,2,2,8.0,6,95323,M,4.0,0,95
200900037650,9,10,6,725,2,2,2,1.0,5,95018,M,4.0,0,95
200900037651,9,10,7,2110,5,2,7,3.0,6,95203,M,4.0,0,95
200900037652,9,10,12,940,1,2,1,1.0,2,95018,M,4.0,0,95
200900037653,9,10,14,1010,1,2,1,1.0,3,95018,M,4.0,0,95
200900037654,9,10,11,2105,5,2,3,2.0,3,95680,M,4.0,0,95
200900037655,9,10,15,1010,1,2,6,1.0,3,95487,M,4.0,0,95
200900037656,9,10,16,1100,1,2,1,1.0,1,95306,M,4.0,0,95
200900037657,9,10,18,2025,3,2,1,1.0,2,95585,M,4.0,0,95
200900037658,9,10,31,2245,5,2,3,2.0,3,95607,M,4.0,0,95
200900037659,9,10,2,1630,1,2,1,1.0,3,95229,M,4.0,0,95
200900037660,9,10,18,1840,2,2,1,1.0,6,95019,M,4.0,0,95
200900037661,9,10,20,1540,1,2,3,1.0,2,95252,M,4.0,0,95
200900037662,9,10,3,2030,5,2,1,1.0,3,95409,M,4.0,0,95
200900037663,9,10,7,2000,3,1,1,8.0,1,95042,M,4.0,0,95
200900037664,9,10,9,930,1,1,1,8.0,6,95535,M,4.0,0,95
200900037665,9,10,16,705,2,2,3,1.0,6,95582,M,4.0,0,95
200900037666,9,10,17,820,1,1,1,1.0,2,95476,M,4.0,0,95
200900037667,9,10,11,1630,1,1,1,1.0,7,95370,M,4.0,0,95
200900037668,9,10,15,1345,1,1,1,1.0,3,95212,M,4.0,0,95
200900037669,9,10,17,1510,1,2,2,3.0,7,95176,M,4.0,0,95
200900037670,9,10,17,1545,1,2,3,2.0,4,95607,M,4.0,0,95
200900037671,9,10,17,1745,1,2,1,2.0,4,95607,M,4.0,0,95
200900037672,9,10,18,1800,5,2,1,1.0,6,95018,M,4.0,0,95
200900037673,9,10,18,110,5,2,1,1.0,6,95257,M,4.0,0,95
200900037674,9,10,19,1210,1,2,3,1.0,6,95018,M,4.0,0,95
200900037675,9,10,20,1424,1,2,1,1.0,2,95219,M,4.0,0,95
200900037676,9,10,20,1730,1,1,1,1.0,1,95625,M,4.0,0,95
200900037677,9,10,21,1045,1,2,1,3.0,7,95563,M,4.0,0,95
200900037678,9,10,21,1227,1,2,3,1.0,6,95582,M,4.0,0,95
200900037679,9,10,25,2040,1,2,1,1.0,6,95252,M,4.0,0,95
200900037680,9,10,26,225,5,2,6,1.0,6,95176,M,4.0,0,95
200900037681,9,10,26,1410,1,2,6,1.0,7,95176,M,4.0,0,95
200900037682,9,10,28,1520,1,2,3,1.0,3,95018,M,4.0,0,95
200900037683,9,10,28,1825,5,2,2,1.0,5,95176,M,4.0,0,95
200900037684,9,10,21,725,1,2,7,1.0,3,95018,M,4.0,0,95
200900037685,9,10,21,1040,1,2,1,2.0,2,95018,M,4.0,0,95
200900037686,9,10,21,1800,2,1,1,2.0,6,95370,M,4.0,0,95
200900037687,9,10,22,1600,1,2,2,1.0,6,95018,M,4.0,0,95
200900037688,9,10,24,1315,1,2,1,2.0,6,95582,M,4.0,0,95
200900037689,9,10,24,2015,3,1,1,2.0,1,95170,M,4.0,0,95
200900037690,9,10,29,2220,5,2,3,1.0,3,95197,M,4.0,0,95
200900037691,9,10,31,845,1,1,1,1.0,7,95002,M,4.0,0,95
200900037692,9,10,31,1745,2,2,2,2.0,7,95127,M,4.0,0,95
200900037693,9,10,31,1755,2,2,1,1.0,6,95018,M,4.0,0,95
200900037694,9,10,3,1750,1,2,1,1.0,2,95018,M,4.0,0,95
200900037695,9,10,2,2125,5,2,1,1.0,3,95252,M,4.0,0,95
200900037696,9,10,5,920,1,2,1,1.0,7,95203,M,4.0,0,95
200900037697,9,10,6,1300,1,2,1,2.0,3,95018,M,4.0,0,95
200900037698,9,10,14,1840,1,2,1,1.0,5,95574,M,4.0,0,95
200900037699,9,10,6,845,1,2,1,1.0,7,95252,M,4.0,0,95
200900037700,9,10,1,805,1,2,3,1.0,6,95052,M,4.0,0,95
200900037701,9,10,13,1000,1,2,7,1.0,2,95500,M,4.0,0,95
200900037702,9,10,10,1810,1,2,1,2.0,2,95424,M,4.0,0,95
200900037703,9,10,13,730,2,2,3,1.0,3,95487,M,4.0,0,95
200900037704,9,10,8,805,1,2,1,2.0,2,95018,M,4.0,0,95
200900037705,9,10,1,750,2,2,1,1.0,3,95219,M,4.0,0,95
200900037706,9,10,2,800,1,2,1,1.0,6,95306,M,4.0,0,95
200900037707,9,10,1,1430,1,2,2,1.0,3,95582,M,4.0,0,95
200900037708,9,10,24,1905,5,2,3,2.0,3,95680,M,4.0,0,95
200900037709,9,10,1,1345,1,2,1,1.0,7,95585,M,4.0,0,95
200900037710,9,10,8,810,1,2,3,2.0,3,95018,M,4.0,0,95
200900037711,9,1,6,1200,1,2,1,1.0,6,13209,M,,,13
200900037712,9,1,9,825,1,2,1,4.0,7,13212,M,,,13
200900037713,9,1,10,1430,1,2,1,1.0,6,13206,M,,,13
200900037714,9,1,11,1120,1,2,6,1.0,3,13213,M,,,13
200900037715,9,1,11,1530,1,1,1,1.0,1,13002,M,,,13
200900037716,9,1,11,1545,1,2,1,1.0,4,13213,M,,,13
200900037717,9,1,11,1730,1,2,1,1.0,3,13208,M,,,13
200900037718,9,1,11,2300,5,2,1,1.0,2,13055,M,4.0,0,13
200900037719,9,1,12,1145,1,2,1,1.0,4,13205,M,,,13
200900037720,9,1,14,1000,1,2,1,1.0,6,13201,M,,,13
200900037721,9,1,14,1540,1,2,1,1.0,6,13211,M,,,13
200900037722,9,1,14,2030,5,2,1,1.0,6,13207,M,,,13
200900037723,9,1,27,1745,1,2,1,1.0,3,13207,M,,,13
200900037724,9,1,17,1550,1,2,1,1.0,6,13215,M,,,13
200900037725,9,1,16,750,1,2,9,1.0,3,13211,M,,,13
200900037726,9,1,18,1825,5,2,1,1.0,6,13055,M,4.0,0,13
200900037727,9,1,14,2235,5,2,1,1.0,6,13205,M,,,13
200900037728,9,1,17,1940,5,2,1,1.0,6,13209,M,,,13
200900037729,9,1,19,1500,1,2,1,2.0,3,13055,M,,,13
200900037730,9,1,19,1800,3,2,1,2.0,6,13005,M,,,13
200900037731,9,2,25,1029,1,2,1,1.0,1,13210,M,,,13
200900037732,9,1,24,730,1,2,1,8.0,6,13214,M,,,13
200900037733,9,2,7,945,1,2,1,1.0,6,13206,M,,,13
200900037734,9,2,2,1830,2,2,2,1.0,3,13206,M,,,13
200900037735,9,1,23,1710,5,2,1,1.0,6,13204,M,,,13
200900037736,9,1,23,1830,5,2,1,1.0,2,13055,M,,,13
200900037737,9,1,24,1315,1,2,1,2.0,2,13203,M,,,13
200900037738,9,1,25,110,5,2,2,1.0,4,13211,M,,,13
200900037739,9,2,21,1828,5,2,1,1.0,2,13055,M,,,13
200900037740,9,2,28,1900,5,2,1,1.0,6,13205,M,,,13
200900037741,9,3,29,2017,3,1,1,1.0,6,13028,M,,,13
200900037742,9,3,31,2055,5,2,1,2.0,6,13028,M,,,13
200900037743,9,8,1,2130,1,1,1,1.0,6,84065,M,4.0,0,84
200900037744,9,8,15,335,3,1,1,1.0,5,84035,M,,,84
200900037745,9,8,25,1730,1,1,1,8.0,7,84017,M,0.0,0,84
200900037746,9,8,30,1715,1,1,1,1.0,1,84042,M,0.0,0,84
200900037747,9,8,27,1900,1,1,1,1.0,2,84092,M,0.0,0,84
200900037748,9,8,31,945,1,2,1,1.0,3,84029,M,0.0,0,84
200900037749,9,8,20,915,1,2,1,1.0,3,84092,M,0.0,0,84
200900037750,9,8,8,1500,1,2,1,1.0,6,84133,M,0.0,0,84
200900037751,9,8,11,630,1,2,1,1.0,7,84043,M,0.0,0,84
200900037752,9,8,8,2130,3,1,3,1.0,3,84014,M,0.0,0,84
200900037753,9,8,20,1600,1,2,1,1.0,6,84137,M,0.0,0,84
200900037754,9,8,20,1015,1,1,1,1.0,1,84040,M,0.0,0,84
200900037755,9,8,18,1200,1,2,2,1.0,3,84081,M,0.0,0,84
200900037756,9,8,12,1630,1,1,1,1.0,1,84123,M,0.0,0,84
200900037757,9,8,7,1800,1,1,1,1.0,1,84102,M,4.0,0,84
200900037758,9,8,1,1,3,2,1,1.0,6,84056,M,0.0,0,84
200900037759,9,8,15,915,1,1,1,1.0,1,84068,M,0.0,0,84
200900037760,9,8,11,1845,1,1,1,1.0,1,84020,M,4.0,0,84
200900037761,9,8,30,1830,1,1,1,1.0,6,84054,M,4.0,0,84
200900037762,9,8,24,2230,5,2,1,1.0,6,84029,M,0.0,0,84
200900037763,9,8,7,1645,1,1,1,1.0,7,84110,M,0.0,0,84
200900037764,9,8,23,530,5,1,1,1.0,6,84004,M,0.0,0,84
200900037765,9,8,23,845,3,1,1,1.0,6,84069,M,0.0,0,84
200900037766,9,8,30,1800,1,2,1,1.0,7,84108,M,4.0,0,84
200900037767,9,8,1,645,1,2,3,1.0,3,84007,M,,,84
200900037768,9,8,11,1515,1,1,1,1.0,6,84007,M,,,84
200900037769,9,8,13,1000,1,2,6,1.0,7,84007,M,,,84
200900037770,9,8,12,1400,1,1,1,1.0,7,84007,M,,,84
200900037771,9,8,11,1445,1,1,1,1.0,3,84007,M,,,84
200900037772,9,8,11,1930,1,2,1,1.0,6,84007,M,,,84
200900037773,9,8,7,2057,1,2,1,1.0,2,84007,M,,,84
200900037774,9,8,9,840,1,2,1,1.0,6,84007,M,,,84
200900037775,9,8,7,1625,1,2,1,1.0,6,84007,M,,,84
200900037776,9,8,21,1015,1,2,1,1.0,6,84031,M,,,84
200900037777,9,8,13,1650,1,2,1,1.0,3,84031,M,,,84
200900037778,9,8,1,1635,1,2,1,1.0,2,84007,M,,,84
200900037779,9,8,15,2325,5,2,2,1.0,1,84007,M,,,84
200900037780,9,8,27,2000,1,2,2,1.0,1,84035,M,,,84
200900037781,9,8,7,1540,1,2,1,1.0,1,84007,M,,,84
200900037782,9,8,10,2050,1,2,2,1.0,3,84089,M,,,84
200900037783,9,8,29,445,5,2,2,1.0,6,84007,M,,,84
200900037784,9,8,16,1440,1,2,1,1.0,3,84089,M,,,84
200900037785,9,8,27,1500,1,2,1,1.0,3,84007,M,,,84
200900037786,9,8,24,1800,1,2,1,1.0,2,84007,M,,,84
200900037787,9,8,26,1730,1,1,9,2.0,3,84007,M,,,84
200900037788,9,8,1,55,5,2,1,1.0,3,84007,M,,,84
200900037789,9,8,20,2345,3,1,1,1.0,7,84009,M,0.0,0,84
200900037790,9,8,25,610,2,2,2,1.0,3,84007,M,,,84
200900037791,9,8,27,1800,1,1,2,1.0,3,84007,M,,,84
200900037792,9,9,19,1615,1,1,1,8.0,5,84039,M,0.0,0,84
200900037793,9,9,20,1900,1,2,1,1.0,3,84098,M,0.0,0,84
200900037794,9,9,6,1900,1,1,1,1.0,2,84035,M,,,84
200900037795,9,9,25,1204,1,2,1,1.0,6,84035,M,,,84
200900037796,9,9,22,745,1,2,2,1.0,3,84087,M,,,84
200900037797,9,9,22,840,1,2,6,1.0,1,84035,M,,,84
200900037798,9,9,19,1530,1,1,2,8.0,1,84137,M,0.0,0,84
200900037799,9,9,15,815,1,1,1,1.0,1,84122,M,0.0,0,84
200900037800,9,9,14,1215,1,2,1,1.0,3,84092,M,0.0,0,84
200900037801,9,9,12,1000,1,1,1,1.0,7,84088,M,4.0,0,84
200900037802,9,9,18,1945,3,2,1,1.0,6,84092,M,0.0,0,84
200900037803,9,9,30,1715,1,1,1,1.0,3,84009,M,0.0,0,84
200900037804,9,9,28,815,2,1,1,1.0,7,84044,M,4.0,0,84
200900037805,9,9,15,1445,1,1,1,1.0,1,84129,M,0.0,0,84
200900037806,9,9,24,1845,2,2,1,1.0,2,84092,M,0.0,0,84
200900037807,9,9,1,1515,1,2,1,1.0,1,84072,M,0.0,0,84
200900037808,9,9,15,1345,1,1,1,1.0,2,84087,M,0.0,0,84
200900037809,9,9,12,2330,3,1,1,1.0,6,84016,M,0.0,0,84
200900037810,9,9,28,845,1,1,1,1.0,1,84054,M,0.0,0,84
200900037811,9,9,22,2015,3,1,1,1.0,7,84020,M,4.0,0,84
200900037812,9,9,21,1730,1,1,1,1.0,2,84129,M,0.0,0,84
200900037813,9,9,15,1145,1,1,1,1.0,3,84132,M,0.0,0,84
200900037814,9,9,20,1745,1,1,1,1.0,6,84150,M,0.0,0,84
200900037815,9,9,24,945,1,2,1,1.0,3,84087,M,,,84
200900037816,9,9,6,1715,1,2,6,1.0,5,84137,M,0.0,0,84
200900037817,9,9,29,1200,1,2,1,1.0,6,84007,M,,,84
200900037818,9,9,2,1825,1,2,1,1.0,3,84007,M,,,84
200900037819,9,9,21,910,1,2,1,1.0,6,84007,M,,,84
200900037820,9,9,27,1025,1,2,1,1.0,3,84007,M,,,84
200900037821,9,9,1,1545,1,2,1,1.0,2,84007,M,,,84
200900037822,9,9,25,910,1,2,1,1.0,3,84007,M,,,84
200900037823,9,9,30,710,5,2,1,1.0,3,84007,M,,,84
200900037824,9,9,4,1615,1,2,1,1.0,2,84007,M,,,84
200900037825,9,9,10,1920,1,2,3,1.0,3,84007,M,,,84
200900037826,9,9,4,2120,3,2,1,1.0,1,84007,M,,,84
200900037827,9,9,7,915,1,2,1,1.0,3,84007,M,,,84
200900037828,9,9,7,1800,1,2,1,1.0,6,84007,M,,,84
200900037829,9,9,19,1425,1,2,1,1.0,3,84007,M,,,84
200900037830,9,9,15,1710,1,2,1,1.0,3,84007,M,,,84
200900037831,9,9,11,1125,1,2,6,1.0,2,84007,M,,,84
200900037832,9,9,8,900,1,2,1,1.0,6,84007,M,,,84
200900037833,9,9,6,215,3,2,1,1.0,6,84007,M,,,84
200900037834,9,9,12,20,5,2,1,1.0,6,84007,M,,,84
200900037835,9,9,29,910,1,2,1,1.0,6,84007,M,,,84
200900037836,9,9,2,1720,1,2,1,1.0,3,84007,M,,,84
200900037837,9,9,23,1820,1,2,1,1.0,3,84007,M,,,84
200900037838,9,9,5,1555,1,1,1,1.0,5,84007,M,,,84
200900037839,9,10,18,1705,1,1,1,1.0,6,84080,M,,,84
200900037840,9,10,24,1105,1,2,1,1.0,6,84031,M,,,84
200900037841,9,10,14,735,2,1,9,1.0,1,84080,M,,,84
200900037842,9,10,23,400,5,1,1,2.0,7,84092,M,4.0,0,84
200900037843,9,10,27,1700,1,1,1,1.0,1,84087,M,0.0,0,84
200900037844,9,10,20,1030,1,2,1,2.0,1,84054,M,4.0,0,84
200900037845,9,10,24,515,3,1,1,1.0,1,84127,M,4.0,0,84
200900037846,9,10,3,1730,1,1,1,1.0,7,84112,M,4.0,0,84
200900037847,9,10,16,1715,1,1,1,1.0,3,84097,M,0.0,0,84
200900037848,9,10,15,830,1,2,1,1.0,3,84043,M,0.0,0,84
200900037849,9,10,4,1300,1,1,2,1.0,3,84141,M,0.0,0,84
200900037850,9,10,1,1400,2,1,1,1.0,6,84081,M,0.0,0,84
200900037851,9,10,23,745,3,1,1,8.0,6,84038,M,0.0,0,84
200900037852,9,10,9,1600,1,2,6,1.0,3,84129,M,4.0,0,84
200900037853,9,10,24,1230,1,1,1,1.0,5,84030,M,0.0,0,84
200900037854,9,10,5,900,3,1,1,1.0,7,84054,M,0.0,0,84
200900037855,9,10,7,845,1,2,1,1.0,6,84043,M,0.0,0,84
200900037856,9,10,18,1800,1,1,1,1.0,5,84103,M,4.0,0,84
200900037857,9,10,25,1600,1,1,1,1.0,1,84012,M,4.0,0,84
200900037858,9,10,19,1530,1,2,1,1.0,6,84035,M,,,84
200900037859,9,10,17,830,1,1,1,1.0,3,84102,M,4.0,0,84
200900037860,9,10,2,1155,1,2,1,1.0,6,84089,M,,,84
200900037861,9,10,8,710,3,2,1,1.0,6,84007,M,,,84
200900037862,9,10,2,800,1,1,2,1.0,3,84035,M,,,84
200900037863,9,10,15,1655,1,2,1,1.0,6,84007,M,,,84
200900037864,9,10,7,955,1,1,2,1.0,3,84007,M,,,84
200900037865,9,10,10,2100,5,2,1,1.0,6,84035,M,,,84
200900037866,9,10,3,2207,5,2,1,1.0,3,84007,M,,,84
200900037867,9,10,1,1940,5,2,1,1.0,6,84007,M,,,84
200900037868,9,10,6,1640,1,2,1,1.0,6,84007,M,,,84
200900037869,9,10,2,715,1,2,1,1.0,2,84007,M,,,84
200900037870,9,10,8,1350,1,1,1,1.0,7,84007,M,,,84
200900037871,9,10,1,1035,1,1,1,1.0,7,84007,M,,,84
200900037872,9,10,1,131,5,2,1,1.0,6,84007,M,,,84
200900037873,9,10,13,1545,1,2,1,6.0,3,84007,M,,,84
200900037874,9,3,1,730,2,1,1,5.0,2,50291,M,4.0,-,50
200900037875,9,3,1,1715,1,2,1,1.0,7,50524,M,4.0,-,50
200900037876,9,3,3,2010,5,2,7,3.0,7,50129,M,4.0,-,50
200900037877,9,3,4,855,1,2,1,4.0,6,50129,M,4.0,-,50
200900037878,9,3,4,1315,1,2,1,1.0,1,50602,M,4.0,-,50
200900037879,9,3,4,2050,5,2,1,2.0,6,50173,M,4.0,-,50
200900037880,9,3,5,720,2,2,3,1.0,3,50129,M,4.0,-,50
200900037881,9,3,6,1715,1,2,2,1.0,3,50402,M,4.0,-,50
200900037882,9,3,8,1715,1,2,2,2.0,2,50129,M,4.0,-,50
200900037883,9,3,9,1115,1,1,2,1.0,3,50267,M,4.0,-,50
200900037884,9,3,10,1700,1,1,1,1.0,7,50605,M,4.0,-,50
200900037885,9,3,13,500,5,2,1,1.0,6,50129,M,4.0,-,50
200900037886,9,3,13,925,1,2,1,1.0,2,50173,M,4.0,-,50
200900037887,9,3,14,1450,1,2,2,1.0,2,50129,M,4.0,-,50
200900037888,9,3,14,2200,5,2,2,1.0,3,50129,M,4.0,-,50
200900037889,9,3,16,1630,1,2,2,7.0,7,50129,M,4.0,-,50
200900037890,9,3,18,900,1,1,1,1.0,6,50454,M,4.0,-,50
200900037891,9,3,14,1800,1,2,3,1.0,3,50173,M,4.0,-,50
200900037892,9,3,18,1205,1,1,2,1.0,3,50218,M,4.0,-,50
200900037893,9,3,19,1505,1,2,1,1.0,7,50602,M,4.0,-,50
200900037894,9,3,20,900,1,2,1,1.0,3,50129,M,4.0,-,50
200900037895,9,3,21,1450,1,2,1,1.0,3,50173,M,4.0,-,50
200900037896,9,3,21,1505,1,2,2,1.0,3,50129,M,4.0,-,50
200900037897,9,3,21,1935,1,2,1,1.0,7,50602,M,4.0,-,50
200900037898,9,3,21,2330,3,1,1,1.0,6,50599,M,4.0,-,50
200900037899,9,3,24,820,1,2,1,1.0,3,50203,M,4.0,-,50
200900037900,9,3,26,705,1,2,2,1.0,3,50129,M,4.0,-,50
200900037901,9,3,27,950,1,2,2,1.0,2,50173,M,4.0,-,50
200900037902,9,3,28,1305,1,2,2,1.0,1,50602,M,4.0,-,50
200900037903,9,3,29,1945,2,1,1,1.0,6,50402,M,4.0,-,50
200900037904,9,3,30,2040,5,2,1,1.0,7,50129,M,4.0,-,50
200900037905,9,3,31,1940,1,2,1,1.0,2,50129,M,4.0,-,50
200900037906,9,3,31,1815,1,1,1,7.0,3,50613,M,4.0,-,50
200900037907,9,3,11,1300,1,2,1,1.0,1,50532,M,4.0,-,50
200900037908,9,3,7,1700,1,2,1,2.0,6,50129,M,,,50
200900037909,9,3,23,2050,5,2,2,2.0,3,50129,M,4.0,-,50
200900037910,9,3,20,1600,1,2,2,1.0,3,50484,M,4.0,-,50
200900037911,9,3,8,1800,3,1,1,1.0,6,50407,M,4.0,-,50
200900037912,9,3,16,800,2,1,1,1.0,7,50364,M,4.0,-,50
200900037913,9,3,17,2200,5,2,1,1.0,6,50129,M,4.0,-,50
200900037914,9,3,18,1030,1,2,1,1.0,6,50237,M,4.0,-,50
200900037915,9,3,29,1700,1,1,9,1.0,3,50014,M,4.0,-,50
200900037916,9,3,31,1345,1,1,2,1.0,1,50529,M,4.0,-,50
200900037917,9,4,5,2030,1,1,1,1.0,6,50294,M,4.0,-,50
200900037918,9,4,6,655,5,2,1,1.0,6,50129,M,4.0,-,50
200900037919,9,4,6,1900,1,2,1,1.0,2,50615,M,4.0,-,50
200900037920,9,4,10,1730,1,1,1,2.0,1,50345,M,4.0,-,50
200900037921,9,4,10,1955,1,2,1,2.0,6,50602,M,4.0,-,50
200900037922,9,4,11,1615,1,1,1,1.0,1,50224,M,4.0,-,50
200900037923,9,4,11,1949,1,2,1,1.0,7,50203,M,4.0,-,50
200900037924,9,4,12,645,2,1,1,1.0,6,50121,M,4.0,-,50
200900037925,9,4,12,815,3,1,1,1.0,6,50155,M,4.0,-,50
200900037926,9,4,12,1015,1,1,1,1.0,2,50335,M,4.0,-,50
200900037927,9,4,13,2100,2,1,1,1.0,1,50288,M,4.0,-,50
200900037928,9,4,14,1520,1,2,2,1.0,1,50602,M,4.0,-,50
200900037929,9,4,16,1030,1,1,1,1.0,2,50243,M,4.0,-,50
200900037930,9,4,17,1315,1,2,4,1.0,3,50184,M,4.0,-,50
200900037931,9,4,17,2200,3,1,1,1.0,3,50209,M,4.0,-,50
200900037932,9,4,19,1430,1,1,1,1.0,3,50531,M,4.0,-,50
200900037933,9,4,18,2035,5,2,1,1.0,6,50218,M,4.0,-,50
200900037934,9,4,21,715,2,2,2,5.0,3,50444,M,4.0,-,50
200900037935,9,4,23,1800,1,1,1,1.0,2,50599,M,4.0,-,50
200900037936,9,4,24,1915,1,1,1,1.0,7,50514,M,4.0,-,50
200900037937,9,4,25,1630,1,1,1,1.0,1,50288,M,4.0,-,50
200900037938,9,4,26,115,3,1,1,1.0,7,50399,M,4.0,-,50
200900037939,9,4,27,15,3,1,1,2.0,7,50253,M,4.0,-,50
200900037940,9,4,27,1800,1,1,1,1.0,5,50372,M,4.0,-,50
200900037941,9,4,28,1845,1,1,3,3.0,5,50483,M,4.0,-,50
200900037942,9,4,29,1315,1,2,3,1.0,3,50602,M,4.0,-,50
200900037943,9,4,10,645,5,2,1,2.0,7,50129,M,4.0,-,50
200900037944,9,4,19,1145,1,2,1,2.0,7,50502,M,4.0,-,50
200900037945,9,4,6,1655,1,2,2,1.0,3,50129,M,4.0,-,50
200900037946,9,4,23,1345,1,2,1,1.0,7,50129,M,4.0,-,50
200900037947,9,4,29,750,1,2,1,1.0,1,50203,M,4.0,-,50
200900037948,9,4,1,1215,1,2,1,1.0,6,50165,M,4.0,-,50
200900037949,9,4,2,1425,1,2,3,1.0,3,50602,M,4.0,-,50
200900037950,9,4,29,1745,1,2,2,1.0,4,50129,M,4.0,-,50
200900037951,9,4,27,1615,1,2,1,1.0,6,50129,M,4.0,-,50
200900037952,9,4,30,1655,1,2,1,1.0,4,50173,M,4.0,-,50
200900037953,9,4,6,1825,1,2,1,1.0,3,50173,M,4.0,-,50
200900037954,9,5,1,330,5,2,1,1.0,6,50485,M,4.0,-,50
200900037955,9,5,1,1430,1,1,1,1.0,3,50168,M,4.0,-,50
200900037956,9,5,1,1915,1,1,2,1.0,3,50604,M,4.0,-,50
200900037957,9,5,3,1715,1,2,1,1.0,6,50602,M,4.0,-,50
200900037958,9,5,2,1055,1,2,3,1.0,3,50129,M,4.0,-,50
200900037959,9,5,3,1720,1,2,2,1.0,3,50129,M,4.0,-,50
200900037960,9,5,4,1900,1,2,1,1.0,6,50162,M,4.0,-,50