Num_Acc,an,mois,jour,hrmn,lum,agg,int,atm,col,com,gps,lat,long,dep
200900038711,9,9,20,2210,5,2,1,3.0,7,31555,M,,,31
200900038712,9,9,26,1905,1,2,1,1.0,1,31555,M,,,31
200900038713,9,9,21,1740,1,2,1,1.0,3,31555,M,,,31
200900038714,9,9,19,929,1,2,1,8.0,6,31555,M,,,31
200900038715,9,9,16,1720,1,2,1,1.0,3,31555,M,,,31
200900038716,9,9,19,1440,1,2,1,8.0,4,31555,M,,,31
200900038717,9,9,30,1635,1,2,6,1.0,3,31555,M,,,31
200900038718,9,9,30,215,5,2,1,1.0,7,31555,M,,,31
200900038719,9,9,23,1600,1,2,1,1.0,6,31555,M,,,31
200900038720,9,9,16,1220,1,2,1,1.0,3,31555,M,,,31
200900038721,9,9,23,220,5,2,1,1.0,7,31555,M,,,31
200900038722,9,9,25,2340,5,2,1,1.0,6,31555,M,,,31
200900038723,9,9,27,1700,1,2,1,1.0,2,31555,M,,,31
200900038724,9,9,25,2120,5,2,1,1.0,3,31555,M,,,31
200900038725,9,9,27,450,5,2,1,1.0,3,31555,M,,,31
200900038726,9,9,27,2100,5,1,1,2.0,7,31555,M,,,31
200900038727,9,9,22,2130,5,2,1,1.0,3,31555,M,,,31
200900038728,9,9,30,1235,1,2,1,1.0,2,31555,M,,,31
200900038729,9,9,5,1830,1,2,1,1.0,3,31555,M,,,31
200900038730,9,9,25,2215,5,2,1,1.0,2,31555,M,,,31
200900038731,9,9,28,1815,1,2,1,1.0,6,31555,M,,,31
200900038732,9,9,28,1445,1,2,1,1.0,2,31555,M,4.0,0,31
200900038733,9,9,30,2350,5,2,1,1.0,6,31555,M,,,31
200900038734,9,9,19,2250,5,1,1,2.0,6,31555,M,4.0,0,31
200900038735,9,9,17,1700,1,2,1,1.0,3,31555,M,,,31
200900038736,9,9,30,2130,5,1,1,1.0,2,31555,M,4.0,0,31
200900038737,9,9,20,1315,1,2,1,1.0,2,31555,M,,,31
200900038738,9,9,13,2220,5,2,2,1.0,1,31555,M,,,31
200900038739,9,9,6,1945,1,2,6,1.0,2,31557,M,4.0,0,31
200900038740,9,9,7,2350,5,1,1,1.0,6,31555,M,4.0,0,31
200900038741,9,9,12,15,5,2,1,1.0,6,31555,M,,,31
200900038742,9,9,20,440,5,1,1,2.0,6,31555,M,4.0,0,31
200900038743,9,9,11,505,5,2,1,1.0,7,31555,M,,,31
200900038744,9,9,5,2355,5,2,6,1.0,3,31555,M,,,31
200900038745,9,9,12,1600,1,2,1,1.0,3,31555,M,,,31
200900038746,9,9,14,1250,1,2,1,1.0,2,31555,M,,,31
200900038747,9,9,4,1155,1,2,1,1.0,2,31555,M,,,31
200900038748,9,9,15,840,1,2,3,1.0,3,31557,M,4.0,0,31
200900038749,9,9,7,1915,1,2,1,1.0,2,31555,M,,,31
200900038750,9,9,13,1615,1,2,1,1.0,6,31555,M,,,31
200900038751,9,9,19,2025,1,2,3,1.0,3,31557,M,4.0,0,31
200900038752,9,9,14,720,2,2,1,1.0,3,31555,M,,,31
200900038753,9,9,4,2158,3,2,1,1.0,7,31555,M,,,31
200900038754,9,9,9,1740,1,1,1,1.0,2,31555,M,4.0,0,31
200900038755,9,9,11,1040,1,2,1,1.0,6,31555,M,,,31
200900038756,9,9,7,902,1,2,1,1.0,1,31555,M,,,31
200900038757,9,9,11,1830,1,2,1,1.0,3,31555,M,,,31
200900038758,9,9,3,1220,1,2,1,1.0,3,31555,M,,,31
200900038759,9,9,12,1415,1,2,1,1.0,3,31555,M,,,31
200900038760,9,9,11,1620,1,2,1,1.0,3,31555,M,,,31
200900038761,9,9,6,1850,1,2,1,1.0,2,31555,M,,,31
200900038762,9,9,3,955,1,2,1,1.0,3,31555,M,,,31
200900038763,9,9,29,1730,1,2,1,1.0,6,31157,M,4.0,0,31
200900038764,9,9,29,900,1,1,1,1.0,3,31182,M,4.0,0,31
200900038765,9,9,8,2000,1,2,1,1.0,7,31032,M,4.0,0,31
200900038766,9,9,12,2230,3,1,1,1.0,7,31587,M,4.0,0,31
200900038767,9,9,16,2015,2,2,1,1.0,5,31541,M,4.0,0,31
200900038768,9,9,23,430,5,2,1,1.0,6,31467,M,4.0,0,31
200900038769,9,9,6,1545,1,2,1,1.0,6,31512,M,4.0,0,31
200900038770,9,9,6,645,5,2,1,1.0,6,31244,M,4.0,0,31
200900038771,9,9,20,2215,5,2,9,2.0,6,31458,M,4.0,0,31
200900038772,9,9,4,1430,1,1,1,1.0,6,31250,M,4.0,0,31
200900038773,9,9,28,2200,5,2,1,1.0,6,31395,M,4.0,0,31
200900038774,9,9,25,1945,2,1,1,1.0,3,31135,M,4.0,0,31
200900038775,9,9,30,1230,1,1,1,1.0,7,31247,M,4.0,0,31
200900038776,9,9,11,2230,3,1,1,1.0,6,31412,M,4.0,0,31
200900038777,9,9,12,630,2,1,1,1.0,2,31181,M,4.0,0,31
200900038778,9,9,25,945,1,2,9,1.0,1,31395,M,4.0,0,31
200900038779,9,9,11,1915,1,1,1,1.0,1,31188,M,4.0,0,31
200900038780,9,9,24,1530,1,1,1,1.0,1,31351,M,4.0,0,31
200900038781,9,9,17,1500,1,1,1,1.0,2,31424,M,4.0,0,31
200900038782,9,9,4,800,1,1,1,8.0,1,31351,M,4.0,0,31
200900038783,9,9,12,715,2,1,1,1.0,7,31052,M,4.0,0,31
200900038784,9,9,22,1345,1,1,1,1.0,6,31206,M,4.0,0,31
200900038785,9,9,13,1700,1,1,1,1.0,1,31308,M,4.0,0,31
200900038786,9,9,24,815,1,2,6,1.0,3,31488,M,4.0,0,31
200900038787,9,9,17,1915,1,2,1,1.0,1,31389,M,4.0,0,31
200900038788,9,9,22,2030,5,2,1,1.0,6,31351,M,4.0,0,31
200900038789,9,9,4,2115,5,1,1,1.0,6,31182,M,4.0,0,31
200900038790,9,9,11,1915,1,2,1,1.0,3,31022,M,4.0,0,31
200900038791,9,9,24,1830,1,2,1,1.0,3,31069,M,4.0,0,31
200900038792,9,8,10,1500,1,1,1,1.0,4,15014,M,0.0,0,15
200900038793,9,1,29,1340,1,2,1,1.0,6,15014,M,0.0,0,15
200900038794,9,7,21,1815,1,2,1,1.0,6,15014,M,0.0,0,15
200900038795,9,8,27,545,5,2,1,1.0,7,15014,M,0.0,0,15
200900038796,9,11,6,1815,3,2,1,2.0,1,15153,M,0.0,0,15
200900038797,9,11,3,1745,3,1,1,3.0,5,15221,M,0.0,0,15
200900038798,9,11,6,945,1,2,1,1.0,6,15119,M,0.0,0,15
200900038799,9,11,11,1145,1,1,1,2.0,1,15019,M,0.0,0,15
200900038800,9,11,16,1215,1,2,6,1.0,3,15267,M,0.0,0,15
200900038801,9,8,18,1645,1,1,2,1.0,4,19098,M,4.0,0,19
200900038802,9,8,16,2300,5,2,1,1.0,3,19286,M,4.0,0,19
200900038803,9,8,22,2000,1,1,1,1.0,7,19165,M,4.0,0,19
200900038804,9,8,26,750,1,1,1,1.0,5,19058,M,4.0,0,19
200900038805,9,8,3,1540,1,2,1,1.0,6,19031,M,4.0,0,19
200900038806,9,8,3,1130,1,2,1,1.0,2,19031,M,4.0,0,19
200900038807,9,8,14,2035,1,2,2,1.0,3,19031,M,4.0,0,19
200900038808,9,8,13,1050,1,2,3,1.0,3,19031,M,4.0,0,19
200900038809,9,8,11,2050,2,2,1,1.0,2,19031,M,4.0,0,19
200900038810,9,8,1,1330,1,1,1,1.0,7,19125,M,4.0,0,19
200900038811,9,8,7,1930,1,1,1,1.0,1,19002,M,4.0,0,19
200900038812,9,8,4,1715,1,1,2,1.0,3,19082,M,4.0,0,19
200900038813,9,8,29,815,1,1,1,7.0,6,19276,M,4.0,0,19
200900038814,9,8,23,1945,1,1,1,1.0,6,19250,M,4.0,0,19
200900038815,9,8,15,1615,1,2,3,1.0,3,19134,M,4.0,0,19
200900038816,9,8,18,1730,1,1,1,1.0,1,19274,M,4.0,0,19
200900038817,9,8,17,1345,1,1,1,1.0,6,19178,M,4.0,0,19
200900038818,9,8,7,1300,1,1,1,1.0,6,19084,M,4.0,0,19
200900038819,9,8,10,1615,1,1,1,1.0,2,19234,M,4.0,0,19
200900038820,9,8,19,1330,1,1,9,7.0,6,19129,M,4.0,0,19
200900038821,9,8,25,1930,1,1,1,2.0,6,19035,M,4.0,0,19
200900038822,9,8,1,730,1,1,1,1.0,1,19278,M,4.0,0,19
200900038823,9,8,25,1805,1,2,1,3.0,2,19031,M,4.0,0,19
200900038824,9,8,24,1740,1,2,1,1.0,2,19031,M,4.0,0,19
200900038825,9,9,26,300,3,1,1,1.0,6,09032,M,4.0,0,09
200900038826,9,9,21,900,1,1,1,8.0,1,09127,M,4.0,0,09
200900038827,9,9,9,1000,1,1,1,1.0,7,09189,M,4.0,0,09
200900038828,9,9,29,2040,2,2,3,1.0,6,09225,M,,,09
200900038829,9,6,15,1900,1,1,1,2.0,1,09122,M,,,09
200900038830,9,6,24,1025,1,2,1,1.0,6,09261,M,4.0,0,09
200900038831,9,6,17,1030,1,1,1,1.0,3,09194,M,0.0,0,09
200900038832,9,6,2,1638,1,1,1,1.0,1,09225,M,,,09
200900038833,9,6,29,1625,1,2,1,1.0,2,09225,M,,,09
200900038834,9,6,16,1635,1,2,1,8.0,3,09122,M,,,09
200900038835,9,6,13,335,5,2,3,1.0,1,09225,M,,,09
200900038836,9,8,20,1115,1,1,1,1.0,3,09139,M,4.0,0,09
200900038837,9,8,12,930,1,1,1,1.0,6,09150,M,4.0,0,09
200900038838,9,8,17,1530,1,1,1,1.0,7,09332,M,4.0,0,09
200900038839,9,8,30,1115,1,1,1,1.0,6,09202,M,0.0,0,09
200900038840,9,8,9,1230,1,1,1,1.0,6,09019,M,4.0,0,09
200900038841,9,8,16,1600,1,1,1,1.0,1,09062,M,0.0,0,09
200900038842,9,8,6,1730,1,2,1,1.0,3,09224,M,4.0,0,09
200900038843,9,8,2,1945,1,2,1,1.0,1,09086,M,4.0,0,09
200900038844,9,8,18,1615,1,1,1,3.0,6,09139,M,4.0,0,09
200900038845,9,8,12,2230,3,1,1,1.0,6,09103,M,0.0,0,09
200900038846,9,8,25,1845,1,1,1,3.0,3,09099,M,4.0,0,09
200900038847,9,8,12,1025,1,2,9,1.0,1,09225,M,,,09
200900038848,9,8,13,650,1,2,3,1.0,3,09225,M,,,09
200900038849,9,8,5,805,1,2,1,1.0,2,09225,M,,,09
200900038850,9,4,2,1930,2,1,9,4.0,3,09139,M,0.0,0,09
200900038851,9,4,29,1730,1,1,1,1.0,7,09110,M,0.0,0,09
200900038852,9,4,6,1730,1,2,1,1.0,1,09103,M,0.0,0,09
200900038853,9,4,1,1515,1,2,1,1.0,1,09265,M,0.0,0,09
200900038854,9,4,18,1715,1,2,1,1.0,6,09268,M,0.0,0,09
200900038855,9,4,18,2345,3,1,1,1.0,7,09104,M,0.0,0,09
200900038856,9,4,1,945,1,1,1,2.0,1,09246,M,0.0,0,09
200900038857,9,4,5,1710,1,1,1,1.0,6,09225,M,,,09
200900038858,9,4,24,1910,1,2,3,1.0,3,09122,M,,,09
200900038859,9,10,4,1715,1,2,6,1.0,6,09160,M,4.0,0,09
200900038860,9,10,21,1200,1,2,3,1.0,3,09289,M,4.0,0,09
200900038861,9,10,29,1420,1,1,1,1.0,2,09082,M,0.0,0,09
200900038862,9,10,10,1645,1,1,1,1.0,7,09155,M,4.0,0,09
200900038863,9,10,2,820,1,2,1,1.0,6,09282,M,0.0,0,09
200900038864,9,10,20,1400,1,1,1,1.0,6,09299,M,4.0,0,09
200900038865,9,10,8,1700,1,2,1,1.0,3,09306,M,4.0,0,09
200900038866,9,10,25,845,1,1,1,2.0,3,09189,M,4.0,0,09
200900038867,9,10,31,1630,1,1,1,1.0,6,09321,M,4.0,0,09
200900038868,9,10,30,1845,3,1,1,1.0,6,09188,M,0.0,0,09
200900038869,9,10,22,1730,1,1,1,2.0,1,09149,M,0.0,0,09
200900038870,9,10,3,1230,1,2,1,1.0,1,09122,M,,,09
200900038871,9,7,24,1100,1,2,6,8.0,3,18033,M,,,18
200900038872,9,7,24,2045,2,1,1,2.0,7,18067,M,0.0,0,18
200900038873,9,7,28,2100,1,1,1,1.0,1,18181,M,4.0,0,18
200900038874,9,7,29,1216,1,2,1,1.0,7,18279,M,,,18
200900038875,9,7,30,1725,1,1,1,1.0,6,18033,M,,,18
200900038876,9,7,1,1215,1,1,1,1.0,1,18170,M,0.0,0,18
200900038877,9,7,2,1430,1,1,1,1.0,6,18197,M,4.0,0,18
200900038878,9,7,3,1835,1,2,1,1.0,3,18033,M,,,18
200900038879,9,7,5,1850,1,2,2,1.0,3,18033,M,,,18
200900038880,9,7,7,1815,1,1,1,1.0,1,18289,M,4.0,0,18
200900038881,9,7,8,1645,1,2,1,1.0,4,18033,M,,,18
200900038882,9,7,13,2018,1,2,1,2.0,1,18279,M,,,18
200900038883,9,7,15,900,1,2,1,1.0,3,18207,M,4.0,0,18
200900038884,9,7,6,430,3,1,1,1.0,2,18011,M,0.0,0,18
200900038885,9,7,8,1800,1,1,1,1.0,5,18032,M,4.0,0,18
200900038886,9,7,8,1920,1,1,2,1.0,2,18205,M,,,18
200900038887,9,7,9,330,3,1,1,1.0,1,18281,M,4.0,0,18
200900038888,9,7,9,1230,1,2,6,1.0,4,18207,M,0.0,0,18
200900038889,9,7,10,1150,1,1,1,1.0,5,18279,M,,,18
200900038890,9,7,11,1345,1,2,1,1.0,3,18279,M,,,18
200900038891,9,7,20,1150,1,1,1,1.0,2,18213,M,,,18
200900038892,9,7,17,1200,1,1,6,1.0,6,18172,M,4.0,0,18
200900038893,9,7,15,1715,1,2,2,1.0,3,18033,M,,,18
200900038894,9,7,17,1330,1,2,1,1.0,6,18033,M,,,18
200900038895,9,7,21,1130,1,2,1,1.0,3,18033,M,,,18
200900038896,9,7,25,1730,1,1,1,1.0,1,18245,M,0.0,0,18
200900038897,9,7,21,900,1,2,1,1.0,2,18197,M,4.0,0,18
200900038898,9,7,24,525,5,2,1,8.0,2,18267,M,,,18
200900038899,9,7,25,1830,1,1,1,1.0,1,18249,M,4.0,0,18
200900038900,9,7,26,345,3,1,1,1.0,6,18141,M,0.0,0,18
200900038901,9,9,5,430,5,2,2,1.0,3,18033,M,,,18
200900038902,9,9,20,2227,5,2,2,1.0,3,18033,M,,,18
200900038903,9,9,26,1650,1,2,1,1.0,5,18033,M,,,18
200900038904,9,9,17,1100,1,1,1,1.0,3,18103,M,0.0,0,18
200900038905,9,9,17,30,3,1,1,3.0,7,18197,M,4.0,0,18
200900038906,9,9,22,2030,5,2,3,1.0,3,18033,M,,,18
200900038907,9,9,17,1830,1,1,1,1.0,1,18100,M,0.0,0,18
200900038908,9,9,22,1345,1,2,3,1.0,3,18205,M,,,18
200900038909,9,9,24,815,1,2,1,1.0,6,18033,M,,,18
200900038910,9,9,26,915,1,1,1,1.0,6,18141,M,4.0,0,18
200900038911,9,9,26,1045,1,1,1,1.0,2,18011,M,0.0,0,18
200900038912,9,9,28,1625,1,2,1,1.0,6,18033,M,,,18
200900038913,9,9,15,2207,5,2,2,1.0,1,18033,M,,,18
200900038914,9,9,15,800,1,2,6,2.0,3,18033,M,,,18
200900038915,9,9,8,825,1,2,3,1.0,6,18033,M,,,18
200900038916,9,9,2,1600,1,2,2,1.0,6,18205,M,,,18
200900038917,9,9,2,1800,1,1,2,1.0,1,18205,M,,,18
200900038918,9,9,10,805,1,2,1,1.0,2,18033,M,,,18
200900038919,9,9,11,1700,1,2,1,1.0,6,18279,M,,,18
200900038920,9,9,2,1220,1,2,3,1.0,2,18279,M,,,18
200900038921,9,9,14,755,1,2,1,1.0,2,18033,M,,,18
200900038922,9,9,7,1648,1,2,1,1.0,2,18033,M,,,18
200900038923,9,9,11,713,2,1,1,1.0,2,18033,M,,,18
200900038924,9,9,4,1000,1,1,1,2.0,6,18142,M,4.0,0,18
200900038925,9,9,15,715,2,1,1,1.0,1,18109,M,4.0,0,18
200900038926,9,9,13,1615,1,2,1,1.0,2,18127,M,4.0,0,18
200900038927,9,9,3,1600,1,1,1,1.0,3,18053,M,4.0,0,18
200900038928,9,9,17,1215,1,1,1,2.0,3,18115,M,0.0,0,18
200900038929,9,9,14,1415,1,1,1,1.0,1,18229,M,4.0,0,18
200900038930,9,9,5,430,3,1,1,1.0,7,18088,M,4.0,0,18
200900038931,9,9,6,1100,1,1,1,1.0,1,18188,M,4.0,0,18
200900038932,9,9,9,830,1,1,1,1.0,1,18126,M,4.0,0,18
200900038933,9,10,23,730,2,1,1,8.0,6,18258,M,0.0,0,18
200900038934,9,10,27,915,2,1,1,5.0,6,18243,M,0.0,0,18
200900038935,9,10,3,955,1,2,1,1.0,6,18033,M,,,18
200900038936,9,10,23,705,2,2,1,2.0,1,18033,M,,,18
200900038937,9,10,1,728,2,2,6,1.0,3,18033,M,,,18
200900038938,9,10,3,1415,1,1,1,1.0,1,18268,M,4.0,0,18
200900038939,9,10,3,2300,3,1,1,1.0,6,18059,M,4.0,0,18
200900038940,9,10,6,1630,1,2,1,1.0,2,18197,M,4.0,0,18
200900038941,9,10,7,1430,1,2,2,1.0,6,18033,M,,,18
200900038942,9,10,9,1355,1,2,1,1.0,3,18033,M,,,18
200900038943,9,10,9,2245,5,1,1,2.0,6,18109,M,0.0,0,18
200900038944,9,10,10,1015,1,2,7,2.0,6,18213,M,,,18
200900038945,9,10,16,1230,1,2,3,1.0,3,18205,M,,,18
200900038946,9,10,14,732,2,2,9,1.0,3,18033,M,,,18
200900038947,9,10,14,1330,1,2,3,1.0,3,18033,M,,,18
200900038948,9,10,14,1545,1,2,1,1.0,5,18011,M,0.0,0,18
200900038949,9,10,14,1750,1,2,1,1.0,4,18033,M,,,18
200900038950,9,10,21,800,2,2,3,2.0,4,18205,M,,,18
200900038951,9,10,25,1245,1,2,1,1.0,2,18026,M,0.0,0,18
200900038952,9,10,25,1415,1,1,1,1.0,6,18197,M,4.0,0,18
200900038953,9,10,27,1725,1,2,2,1.0,3,18205,M,,,18
200900038954,9,10,5,1355,1,1,1,1.0,7,18205,M,,,18
200900038955,9,3,9,1020,1,1,1,1.0,2,09225,M,,,09
200900038956,9,3,12,945,1,2,1,1.0,7,09122,M,,,09
200900038957,9,3,20,1950,2,2,1,1.0,3,09122,M,,,09
200900038958,9,3,14,1830,3,1,1,1.0,6,09138,M,0.0,0,09
200900038959,9,3,19,1815,1,1,1,1.0,1,09056,M,0.0,0,09
200900038960,9,3,30,705,1,2,1,1.0,6,09324,M,0.0,0,09
200900038961,9,3,29,15,5,2,6,2.0,6,09282,M,0.0,0,09
200900038962,9,3,10,1700,1,1,1,1.0,2,09050,M,0.0,0,09
200900038963,9,8,6,1400,1,1,1,1.0,2,18036,M,0.0,0,18
200900038964,9,8,9,615,3,1,1,1.0,6,18038,M,4.0,0,18
200900038965,9,8,22,1144,1,2,1,1.0,3,18279,M,,,18
200900038966,9,8,7,942,1,2,6,1.0,6,18033,M,,,18
200900038967,9,8,7,1845,1,2,1,1.0,3,18033,M,,,18
200900038968,9,8,1,1940,1,2,1,1.0,3,18033,M,,,18
200900038969,9,8,3,1057,1,2,1,1.0,3,18033,M,,,18
200900038970,9,8,14,1245,1,2,2,1.0,3,18033,M,,,18
200900038971,9,8,5,1410,1,2,2,1.0,3,18033,M,,,18
200900038972,9,8,2,1415,1,1,1,1.0,6,18034,M,4.0,0,18
200900038973,9,8,20,1530,1,1,1,1.0,6,18149,M,0.0,0,18
200900038974,9,8,2,1200,1,1,1,1.0,6,18115,M,0.0,0,18
200900038975,9,8,8,1600,1,1,1,1.0,3,18138,M,0.0,0,18
200900038976,9,8,21,1045,1,1,1,1.0,5,18011,M,0.0,0,18
200900038977,9,8,4,1830,1,2,1,1.0,6,18015,M,0.0,0,18
200900038978,9,8,1,1800,1,1,1,1.0,7,18141,M,4.0,0,18
200900038979,9,8,28,1230,1,1,1,1.0,5,18096,M,0.0,0,18
200900038980,9,8,21,1215,1,1,1,1.0,7,18063,M,0.0,0,18
200900038981,9,8,29,1615,1,2,1,1.0,1,18160,M,0.0,0,18
200900038982,9,8,5,2210,5,2,2,1.0,3,18279,M,,,18
200900038983,9,8,19,1650,1,2,1,1.0,2,18033,M,,,18
200900038984,9,8,17,1530,1,1,1,1.0,6,18033,M,,,18
200900038985,9,8,30,415,3,2,1,1.0,7,18279,M,,,18
200900038986,9,8,17,1400,1,1,1,1.0,3,18033,M,,,18
200900038987,9,8,3,1130,1,2,1,1.0,6,18279,M,,,18
200900038988,9,8,19,1130,1,2,1,1.0,6,18279,M,,,18
200900038989,9,8,26,755,1,2,6,1.0,3,18033,M,,,18
200900038990,9,8,30,525,5,2,3,1.0,6,18279,M,,,18
200900038991,9,8,28,2055,3,2,1,1.0,6,18279,M,,,18
200900038992,9,8,25,1200,1,1,1,1.0,2,18206,M,0.0,0,18
200900038993,9,8,26,2105,2,2,1,1.0,2,18033,M,,,18
200900038994,9,7,28,1645,1,1,1,1.0,7,09127,M,0.0,0,09
200900038995,9,7,3,1445,1,1,1,1.0,5,09070,M,4.0,0,09
200900038996,9,7,12,1430,1,1,1,1.0,6,09171,M,0.0,0,09
200900038997,9,7,31,1345,1,2,1,1.0,6,09261,M,4.0,0,09
200900038998,9,7,11,1500,1,1,1,1.0,1,09163,M,0.0,0,09
200900038999,9,7,21,810,1,1,1,1.0,3,09324,M,0.0,0,09
200900039000,9,7,8,1000,1,2,1,1.0,4,09093,M,0.0,0,09
200900039001,9,7,16,1,3,1,1,1.0,6,09188,M,0.0,0,09
200900039002,9,7,19,1145,1,1,1,1.0,6,09093,M,0.0,0,09
200900039003,9,7,16,1700,1,1,1,1.0,7,09050,M,0.0,0,09
200900039004,9,7,27,1800,1,1,1,8.0,6,09251,M,0.0,0,09
200900039005,9,7,8,1045,1,2,1,1.0,1,09176,M,4.0,0,09
200900039006,9,7,30,1810,1,1,1,1.0,6,09225,M,,,09
200900039007,9,7,14,130,5,1,1,1.0,7,09207,M,,,09
200900039008,9,7,25,1630,1,2,1,1.0,7,09225,M,,,09
200900039009,9,7,19,2005,1,1,1,1.0,6,09225,M,,,09
200900039010,9,5,17,40,3,1,2,1.0,3,09225,M,,,09
200900039011,9,5,23,1810,1,2,1,1.0,7,09225,M,,,09
200900039012,9,5,28,1800,1,2,1,1.0,7,09122,M,,,09
200900039013,9,5,19,1515,1,1,6,1.0,3,09122,M,,,09
200900039014,9,5,23,2245,5,2,1,1.0,6,09181,M,4.0,0,09
200900039015,9,5,8,1345,1,2,1,1.0,6,09075,M,4.0,0,09
200900039016,9,5,17,1845,2,1,1,2.0,7,09293,M,0.0,0,09
200900039017,9,5,29,2105,2,2,1,1.0,7,09225,M,,,09
200900039018,9,11,15,1130,1,1,1,1.0,6,09224,M,4.0,0,09
200900039019,9,11,12,1645,1,2,6,1.0,3,09306,M,4.0,-,09
200900039020,9,11,14,545,3,1,1,1.0,6,09326,M,4.0,0,09
200900039021,9,11,3,2000,5,2,9,9.0,1,09324,M,0.0,0,09
200900039022,9,11,22,900,1,1,1,1.0,7,09141,M,4.0,0,09
200900039023,9,11,20,115,3,1,1,1.0,6,09296,M,4.0,0,09
200900039024,9,11,24,1500,1,1,1,1.0,7,09318,M,4.0,0,09
200900039025,9,11,25,1730,2,1,1,1.0,6,09071,M,4.0,0,09
200900039026,9,11,23,1030,1,2,6,7.0,6,09160,M,4.0,0,09
200900039027,9,11,6,1700,1,2,1,1.0,2,09160,M,0.0,0,09
200900039028,9,11,1,1645,1,2,1,8.0,3,09244,M,0.0,0,09
200900039029,9,11,21,1445,1,1,1,1.0,3,09189,M,4.0,0,09
200900039030,9,11,22,1615,1,2,1,1.0,1,09336,M,4.0,0,09
200900039031,9,8,22,1715,1,1,1,1.0,1,46189,M,4.0,0,46
200900039032,9,8,30,1200,1,1,1,1.0,3,46110,M,0.0,0,46
200900039033,9,8,6,1545,1,1,1,1.0,7,46095,M,,,46
200900039034,9,8,5,1425,1,1,3,1.0,7,46191,M,,,46
200900039035,9,8,31,1730,1,1,1,1.0,7,46334,M,4.0,0,46
200900039036,9,8,23,2330,5,2,1,1.0,6,46231,M,0.0,0,46
200900039037,9,8,10,1630,1,2,1,1.0,7,46038,M,4.0,0,46
200900039038,9,8,17,615,3,1,1,1.0,6,46055,M,4.0,0,46
200900039039,9,8,30,1815,1,2,1,1.0,6,46127,M,4.0,0,46
200900039040,9,8,20,1715,1,1,3,2.0,1,46087,M,4.0,0,46
200900039041,9,8,4,645,1,2,1,1.0,1,46038,M,4.0,0,46
200900039042,9,8,18,1915,1,1,1,1.0,1,46063,M,0.0,0,46
200900039043,9,8,14,2300,3,1,1,1.0,2,46153,M,4.0,0,46
200900039044,9,8,11,1645,1,1,1,1.0,6,46091,M,4.0,0,46
200900039045,9,8,28,1430,1,1,1,1.0,7,46273,M,4.0,0,46
200900039046,9,8,24,15,3,1,1,1.0,1,46127,M,4.0,0,46
200900039047,9,8,4,1445,1,1,1,1.0,7,46127,M,4.0,0,46
200900039048,9,8,14,1415,1,2,1,1.0,2,46042,M,,,46
200900039049,9,8,15,2035,1,2,3,1.0,3,46042,M,,,46
200900039050,9,8,24,1730,1,2,2,1.0,3,46042,M,,,46
200900039051,9,9,11,1230,1,1,1,1.0,7,46113,M,0.0,0,46
200900039052,9,9,12,2315,5,2,1,1.0,6,46042,M,,,46
200900039053,9,9,1,1545,1,1,1,1.0,5,46200,M,4.0,0,46
200900039054,9,9,2,1630,1,1,1,1.0,5,46102,M,4.0,0,46
200900039055,9,9,3,1145,1,1,1,2.0,6,46240,M,4.0,0,46
200900039056,9,9,9,1845,1,1,1,1.0,6,46182,M,0.0,0,46
200900039057,9,9,13,1015,1,2,1,1.0,6,46309,M,4.0,0,46
200900039058,9,9,24,1745,1,1,1,1.0,3,46224,M,,,46
200900039059,9,9,28,1430,1,1,1,1.0,3,46087,M,4.0,0,46
200900039060,9,9,29,2000,2,1,1,1.0,6,46113,M,4.0,0,46
200900039061,9,9,6,1830,1,1,1,1.0,7,46194,M,0.0,0,46
200900039062,9,9,30,945,1,2,1,1.0,7,46229,M,0.0,0,46
200900039063,9,9,11,2300,3,1,1,1.0,1,46028,M,4.0,0,46
200900039064,9,9,9,1500,1,1,1,1.0,7,46304,M,0.0,0,46
200900039065,9,9,9,730,1,1,1,1.0,3,46038,M,4.0,0,46
200900039066,9,9,5,1630,1,1,1,1.0,7,46148,M,4.0,0,46
200900039067,9,7,14,1045,1,1,1,1.0,3,65460,M,0.0,0,65
200900039068,9,7,17,1400,1,1,1,1.0,2,65007,M,0.0,0,65
200900039069,9,7,25,1830,1,2,1,1.0,7,65315,M,0.0,0,65
200900039070,9,7,26,1130,1,1,1,1.0,1,65006,M,4.0,0,65
200900039071,9,7,19,1915,1,1,1,1.0,6,65226,M,4.0,0,65
200900039072,9,7,5,900,1,2,1,1.0,6,65407,M,4.0,0,65
200900039073,9,7,13,330,3,1,6,1.0,7,65025,M,0.0,0,65
200900039074,9,7,11,1815,1,1,1,1.0,1,65257,M,0.0,0,65
200900039075,9,7,13,2045,2,2,1,1.0,1,65473,M,0.0,0,65
200900039076,9,7,25,1945,1,1,1,1.0,7,65127,M,4.0,0,65
200900039077,9,7,3,1100,1,1,1,2.0,6,65340,M,0.0,0,65
200900039078,9,7,31,1115,1,1,1,1.0,3,65320,M,4.0,0,65
200900039079,9,7,7,745,1,1,1,8.0,1,65360,M,4.0,-,65
200900039080,9,7,23,2145,5,2,2,1.0,3,65440,M,,,65
200900039081,9,7,16,1730,1,2,1,1.0,6,65286,M,,,65
200900039082,9,7,7,1215,1,2,1,1.0,6,65440,M,,,65
200900039083,9,7,22,1730,1,1,4,1.0,3,65286,M,,,65
200900039084,9,7,17,1724,1,1,1,2.0,2,65286,M,,,65
200900039085,9,7,2,1720,1,2,3,1.0,3,65047,M,,,65
200900039086,9,7,25,1830,1,2,4,1.0,3,65440,M,,,65
200900039087,9,7,5,1530,1,2,3,1.0,6,65440,M,,,65
200900039088,9,7,6,2055,1,1,1,2.0,7,65226,M,,,65