Num_Acc,an,mois,jour,hrmn,lum,agg,int,atm,col,com,gps,lat,long,dep
200900039089,9,7,2,1825,1,2,6,1.0,4,65440,M,,,65
200900039090,9,7,17,2110,1,1,1,1.0,6,65100,M,,,65
200900039091,9,7,13,1920,1,2,1,1.0,3,65440,M,,,65
200900039092,9,7,3,455,5,2,3,1.0,6,65440,M,,,65
200900039093,9,7,7,50,5,2,1,2.0,7,65331,M,,,65
200900039094,9,7,4,1155,1,2,1,2.0,6,65286,M,,,65
200900039095,9,8,1,1740,1,2,1,1.0,2,65440,M,,,65
200900039096,9,8,22,1018,1,2,3,1.0,3,65286,M,,,65
200900039097,9,8,17,2020,2,1,1,1.0,7,65286,M,,,65
200900039098,9,8,14,1210,1,2,1,1.0,3,65331,M,,,65
200900039099,9,8,17,1055,1,2,3,1.0,6,65047,M,,,65
200900039100,9,8,3,1945,1,2,2,1.0,1,65440,M,,,65
200900039101,9,8,13,1045,1,2,1,1.0,6,65258,M,4.0,0,65
200900039102,9,8,15,1145,1,1,1,1.0,2,65463,M,0.0,0,65
200900039103,9,8,28,1915,1,2,6,1.0,6,65025,M,4.0,-,65
200900039104,9,8,19,2000,1,2,1,1.0,6,65059,M,4.0,0,65
200900039105,9,8,19,2100,2,1,1,1.0,7,65301,M,4.0,0,65
200900039106,9,8,6,30,3,1,1,2.0,6,65394,M,0.0,0,65
200900039107,9,8,5,1145,1,1,1,1.0,3,65123,M,0.0,0,65
200900039108,9,8,21,1800,1,1,1,1.0,1,65123,M,4.0,0,65
200900039109,9,8,1,1215,1,1,1,1.0,1,65039,M,4.0,0,65
200900039110,9,8,24,1845,2,1,1,2.0,1,65075,M,4.0,0,65
200900039111,9,8,31,1730,1,1,2,1.0,3,65226,M,,,65
200900039112,9,8,26,825,1,2,1,1.0,6,65440,M,,,65
200900039113,9,8,28,2050,2,2,1,2.0,6,65440,M,,,65
200900039114,9,8,23,320,5,2,1,1.0,6,65331,M,,,65
200900039115,9,8,31,1340,1,2,1,1.0,6,65047,M,,,65
200900039116,9,9,7,1210,1,1,1,1.0,7,65226,M,,,65
200900039117,9,9,27,650,5,2,2,1.0,3,65047,M,,,65
200900039118,9,9,8,804,1,2,1,1.0,4,65440,M,,,65
200900039119,9,9,12,905,1,2,2,1.0,6,65440,M,,,65
200900039120,9,9,19,600,3,1,1,1.0,7,65331,M,,,65
200900039121,9,9,19,150,5,1,1,1.0,6,65226,M,,,65
200900039122,9,9,18,2110,5,2,9,2.0,7,65440,M,,,65
200900039123,9,9,19,1030,1,1,1,1.0,3,65440,M,,,65
200900039124,9,9,6,2035,2,2,1,1.0,6,65440,M,,,65
200900039125,9,9,14,755,1,2,2,8.0,3,65440,M,,,65
200900039126,9,9,6,1030,1,2,1,1.0,6,65440,M,,,65
200900039127,9,9,26,1425,1,1,1,1.0,7,65226,M,,,65
200900039128,9,9,10,1830,1,2,1,1.0,6,65440,M,,,65
200900039129,9,9,10,1340,1,2,1,1.0,6,65286,M,,,65
200900039130,9,9,23,1650,1,2,2,1.0,1,65440,M,,,65
200900039131,9,9,23,1030,1,2,1,1.0,6,65286,M,,,65
200900039132,9,9,19,1716,1,2,1,1.0,1,65286,M,,,65
200900039133,9,9,6,2045,2,2,1,1.0,3,65395,M,4.0,-,65
200900039134,9,9,13,1515,1,1,1,8.0,1,65062,M,0.0,0,65
200900039135,9,9,12,1500,1,1,1,1.0,6,65126,M,0.0,0,65
200900039136,9,9,23,700,3,1,1,5.0,1,65372,M,4.0,0,65
200900039137,9,9,20,145,3,2,1,1.0,6,65147,M,0.0,0,65
200900039138,9,8,21,2035,2,2,1,1.0,1,74281,M,,,74
200900039139,9,8,31,750,1,2,1,1.0,1,74218,M,,,74
200900039140,9,8,4,1705,1,2,3,1.0,3,74218,M,,,74
200900039141,9,8,17,2015,2,2,3,1.0,1,74281,M,,,74
200900039142,9,8,14,1300,1,1,1,1.0,4,74109,M,4.0,0,74
200900039143,9,8,18,1805,1,2,1,1.0,5,74218,M,,,74
200900039144,9,8,19,1615,1,1,3,1.0,3,74224,M,0.0,0,74
200900039145,9,8,20,1730,1,1,1,1.0,6,74309,M,4.0,0,74
200900039146,9,8,14,1224,1,2,1,1.0,6,74172,M,,,74
200900039147,9,8,24,1515,1,2,1,1.0,4,74218,M,,,74
200900039148,9,8,29,2132,5,2,3,1.0,3,74281,M,,,74
200900039149,9,8,28,1630,1,1,1,1.0,1,74190,M,4.0,0,74
200900039150,9,8,31,2015,5,2,1,1.0,7,74208,M,0.0,0,74
200900039151,9,8,8,2110,2,2,2,1.0,6,74010,M,,,74
200900039152,9,8,4,730,1,2,1,1.0,1,74010,M,,,74
200900039153,9,8,13,938,1,2,1,1.0,6,74010,M,,,74
200900039154,9,8,9,130,5,2,2,1.0,6,74010,M,,,74
200900039155,9,8,4,1500,1,1,3,1.0,1,74208,M,0.0,0,74
200900039156,9,8,26,800,1,1,3,1.0,3,74154,M,0.0,0,74
200900039157,9,8,26,1700,1,2,1,1.0,1,74268,M,4.0,0,74
200900039158,9,8,4,1000,1,1,1,1.0,6,74104,M,0.0,0,74
200900039159,9,8,4,1415,1,1,1,1.0,6,74199,M,4.0,0,74
200900039160,9,8,18,1945,1,1,1,1.0,1,74291,M,0.0,0,74
200900039161,9,8,1,830,1,2,6,1.0,1,74181,M,0.0,0,74
200900039162,9,8,30,1545,1,1,1,1.0,1,74243,M,0.0,0,74
200900039163,9,8,18,1945,1,1,1,1.0,3,74084,M,0.0,0,74
200900039164,9,8,14,1800,1,1,1,1.0,3,74205,M,4.0,0,74
200900039165,9,8,21,1830,1,2,3,1.0,6,74043,M,4.0,0,74
200900039166,9,8,8,2045,2,2,9,1.0,3,74213,M,4.0,0,74
200900039167,9,8,9,145,3,1,1,1.0,7,74244,M,0.0,0,74
200900039168,9,8,18,1615,1,1,1,1.0,4,74104,M,0.0,0,74
200900039169,9,8,2,1,3,1,1,1.0,6,74118,M,0.0,0,74
200900039170,9,8,6,1100,1,2,1,1.0,6,74224,M,0.0,0,74
200900039171,9,8,21,900,1,1,1,1.0,6,74181,M,4.0,0,74
200900039172,9,8,13,1830,1,1,1,1.0,1,74003,M,0.0,0,74
200900039173,9,8,29,2145,5,2,1,1.0,1,74150,M,4.0,0,74
200900039174,9,8,30,1030,1,1,1,1.0,1,74179,M,0.0,0,74
200900039175,9,8,27,715,1,1,1,1.0,7,74217,M,4.0,0,74
200900039176,9,8,16,1830,1,1,1,1.0,7,74308,M,0.0,0,74
200900039177,9,8,27,1330,1,1,3,1.0,3,74031,M,0.0,0,74
200900039178,9,8,18,1000,1,1,3,1.0,2,74256,M,0.0,0,74
200900039179,9,8,23,1930,1,1,1,1.0,5,74136,M,0.0,0,74
200900039180,9,8,9,45,3,1,1,1.0,7,74073,M,0.0,0,74
200900039181,9,8,22,1130,1,2,6,1.0,6,74236,M,4.0,0,74
200900039182,9,8,1,1915,1,1,1,1.0,1,74055,M,4.0,0,74
200900039183,9,8,14,1845,1,1,3,1.0,3,74211,M,0.0,0,74
200900039184,9,8,29,1100,1,1,1,1.0,1,74165,M,4.0,0,74
200900039185,9,8,1,1400,1,1,1,1.0,7,74134,M,4.0,0,74
200900039186,9,8,21,1700,1,2,1,1.0,3,74268,M,4.0,0,74
200900039187,9,8,16,630,2,1,1,1.0,6,74165,M,4.0,0,74
200900039188,9,8,27,1445,1,1,1,1.0,5,74116,M,0.0,0,74
200900039189,9,8,19,1630,1,1,1,1.0,6,74197,M,0.0,0,74
200900039190,9,8,16,430,5,1,1,1.0,6,74127,M,0.0,0,74
200900039191,9,8,13,1700,1,1,1,1.0,2,74042,M,4.0,0,74
200900039192,9,8,29,1145,1,1,1,1.0,7,74038,M,0.0,0,74
200900039193,9,8,31,1130,1,2,1,1.0,2,74268,M,4.0,0,74
200900039194,9,8,9,1430,1,2,1,1.0,6,74134,M,4.0,0,74
200900039195,9,8,23,415,3,2,1,1.0,6,74105,M,4.0,0,74
200900039196,9,8,30,2145,3,1,1,1.0,3,74159,M,4.0,0,74
200900039197,9,8,15,225,5,2,2,1.0,6,74010,M,,,74
200900039198,9,8,17,2120,5,2,3,1.0,3,74010,M,,,74
200900039199,9,8,29,2115,2,2,3,1.0,3,74010,M,,,74
200900039200,9,8,18,2030,2,1,1,1.0,7,74097,M,0.0,0,74
200900039201,9,8,12,815,1,1,1,1.0,7,74294,M,4.0,0,74
200900039202,9,8,25,2015,2,2,1,1.0,1,74294,M,4.0,0,74
200900039203,9,8,28,1515,1,1,1,1.0,6,74293,M,4.0,0,74
200900039204,9,9,27,1930,3,1,1,1.0,7,26198,M,,,26
200900039205,9,9,14,1710,1,1,1,1.0,3,26198,M,,,26
200900039206,9,9,5,210,5,2,1,1.0,7,26198,M,,,26
200900039207,9,9,9,1530,1,2,1,1.0,6,26281,M,,,26
200900039208,9,9,13,2100,3,1,1,1.0,6,26146,M,4.0,0,26
200900039209,9,9,12,2310,5,1,1,1.0,7,26058,M,,,26
200900039210,9,9,21,1555,1,2,1,1.0,6,26281,M,,,26
200900039211,9,9,2,1220,1,2,1,1.0,1,26362,M,,,26
200900039212,9,9,19,1625,1,1,6,1.0,3,26057,M,,,26
200900039213,9,9,24,1350,1,2,1,1.0,6,26362,M,,,26
200900039214,9,9,7,1030,1,2,1,2.0,2,26058,M,,,26
200900039215,9,9,14,1925,2,2,1,1.0,2,26362,M,,,26
200900039216,9,9,24,1750,1,2,1,1.0,1,26362,M,,,26
200900039217,9,9,15,915,1,2,6,2.0,6,26281,M,,,26
200900039218,9,9,5,2350,5,2,1,1.0,2,26362,M,,,26
200900039219,9,9,24,1500,1,2,1,1.0,2,26281,M,,,26
200900039220,9,9,6,1900,1,2,1,1.0,6,26281,M,,,26
200900039221,9,9,24,1854,1,2,1,1.0,2,26281,M,,,26
200900039222,9,9,4,1140,1,2,2,1.0,3,26281,M,,,26
200900039223,9,9,12,945,1,1,1,8.0,7,26232,M,0.0,0,26
200900039224,9,9,15,830,1,2,1,3.0,5,26124,M,0.0,0,26
200900039225,9,9,15,1830,1,1,1,3.0,1,26236,M,4.0,0,26
200900039226,9,9,12,1745,1,1,1,1.0,3,26088,M,4.0,0,26
200900039227,9,9,3,1530,1,1,9,1.0,7,26056,M,0.0,0,26
200900039228,9,9,25,1315,1,2,1,1.0,6,26108,M,0.0,0,26
200900039229,9,9,18,1515,1,2,1,1.0,3,26347,M,0.0,0,26
200900039230,9,9,11,1015,1,1,2,1.0,1,26197,M,4.0,0,26
200900039231,9,9,16,1645,1,1,1,1.0,5,26106,M,4.0,0,26
200900039232,9,9,26,1545,1,1,3,1.0,3,26339,M,4.0,0,26
200900039233,9,9,3,1100,1,1,1,1.0,1,26365,M,0.0,0,26
200900039234,9,9,25,1600,1,2,1,1.0,3,26108,M,0.0,0,26
200900039235,9,9,14,1300,1,1,1,1.0,1,26337,M,4.0,0,26
200900039236,9,9,19,1900,2,1,1,3.0,7,26332,M,0.0,0,26
200900039237,9,9,6,1830,1,1,1,1.0,3,26325,M,4.0,0,26
200900039238,9,9,15,1530,1,1,1,3.0,7,26162,M,0.0,0,26
200900039239,9,9,1,1815,1,1,1,1.0,1,26313,M,0.0,0,26
200900039240,9,9,19,1645,1,1,1,8.0,6,26301,M,0.0,0,26
200900039241,9,9,26,1615,1,2,1,1.0,3,26307,M,4.0,0,26
200900039242,9,9,5,1845,1,1,1,1.0,1,26115,M,0.0,0,26
200900039243,9,9,18,230,3,1,1,1.0,5,26337,M,4.0,0,26
200900039244,9,9,11,2300,3,1,1,1.0,7,26088,M,0.0,0,26
200900039245,9,1,10,1915,3,1,1,9.0,6,63428,M,4.0,0,63
200900039246,9,1,14,700,3,1,1,9.0,7,63128,M,4.0,0,63
200900039247,9,1,15,1815,5,2,1,8.0,6,63141,M,4.0,0,63
200900039248,9,1,25,220,5,2,1,9.0,6,63113,M,,,63
200900039249,9,1,29,150,5,2,1,1.0,6,63113,M,,,63
200900039250,9,1,15,2245,5,2,1,1.0,6,63075,M,,,63
200900039251,9,1,9,750,2,2,2,9.0,6,63075,M,,,63
200900039252,9,1,29,1250,1,2,1,1.0,6,63113,M,,,63
200900039253,9,1,15,850,1,2,1,2.0,6,63113,M,,,63
200900039254,9,1,10,930,1,2,1,2.0,2,63113,M,,,63
200900039255,9,1,4,40,5,2,2,1.0,3,63113,M,,,63
200900039256,9,1,8,1345,1,2,1,1.0,3,63113,M,,,63
200900039257,9,1,8,1630,1,2,2,1.0,5,63113,M,,,63
200900039258,9,1,14,1500,1,2,1,9.0,6,63032,M,,,63
200900039259,9,1,3,1450,1,1,1,9.0,6,63308,M,,,63
200900039260,9,1,8,820,1,2,1,9.0,1,63113,M,,,63
200900039261,9,1,13,1910,4,2,1,1.0,6,63075,M,,,63
200900039262,9,1,14,930,1,2,3,8.0,3,63113,M,,,63
200900039263,9,1,11,1420,1,2,1,1.0,3,63014,M,,,63
200900039264,9,1,8,1715,1,2,1,1.0,6,63113,M,,,63
200900039265,9,1,13,800,1,2,1,1.0,6,63113,M,,,63
200900039266,9,1,8,1525,1,2,2,1.0,1,63124,M,,,63
200900039267,9,1,28,1140,1,2,1,1.0,6,63113,M,,,63
200900039268,9,1,7,1615,1,1,1,1.0,6,63070,M,,,63
200900039269,9,1,19,1230,1,2,1,1.0,6,63113,M,,,63
200900039270,9,1,30,750,2,2,1,1.0,6,63075,M,,,63
200900039271,9,1,7,1840,5,2,1,1.0,6,63014,M,,,63
200900039272,9,1,5,1750,5,2,1,1.0,6,63113,M,,,63
200900039273,9,1,16,2100,5,2,5,1.0,6,63113,M,,,63
200900039274,9,1,29,340,5,2,1,9.0,6,63014,M,,,63
200900039275,9,1,20,1050,1,2,3,1.0,3,63113,M,,,63
200900039276,9,1,20,1610,1,2,9,1.0,3,63113,M,,,63
200900039277,9,1,30,1125,1,2,1,1.0,6,63113,M,,,63
200900039278,9,1,30,1230,1,2,9,1.0,6,63113,M,,,63
200900039279,9,1,20,745,5,2,1,1.0,3,63032,M,,,63
200900039280,9,1,23,1730,2,2,3,1.0,3,63113,M,,,63
200900039281,9,1,22,1650,1,1,3,1.0,3,63070,M,,,63
200900039282,9,1,28,1840,5,2,1,1.0,2,63113,M,,,63
200900039283,9,1,22,1040,1,2,1,4.0,6,63070,M,,,63
200900039284,9,1,30,250,5,2,2,1.0,6,63113,M,,,63
200900039285,9,1,23,2030,5,2,2,1.0,3,63113,M,,,63
200900039286,9,1,11,1645,1,1,1,1.0,6,63282,M,0.0,0,63
200900039287,9,1,29,1130,1,1,2,7.0,3,63436,M,0.0,0,63
200900039288,9,1,22,1730,2,1,4,1.0,3,63089,M,4.0,0,63
200900039289,9,1,9,1930,3,1,1,1.0,6,63258,M,4.0,0,63
200900039290,9,1,21,515,3,1,1,1.0,6,63392,M,4.0,0,63
200900039291,9,1,25,1215,1,2,1,1.0,3,63141,M,0.0,0,63
200900039292,9,1,12,2245,3,1,1,1.0,6,63347,M,4.0,0,63
200900039293,9,1,9,1345,1,1,2,1.0,1,63146,M,4.0,0,63
200900039294,9,1,30,730,1,2,1,1.0,5,63273,M,4.0,0,63
200900039295,9,1,15,1330,1,1,1,1.0,6,63228,M,4.0,0,63
200900039296,9,1,8,1730,5,2,1,1.0,6,63003,M,0.0,0,63
200900039297,9,1,26,1230,1,1,1,1.0,6,63012,M,4.0,0,63
200900039298,9,1,22,1645,1,2,1,8.0,1,63050,M,4.0,0,63
200900039299,9,1,5,1245,1,1,1,1.0,6,63205,M,0.0,0,63
200900039300,9,1,16,1745,1,1,1,1.0,1,63204,M,0.0,0,63
200900039301,9,1,31,1930,5,1,2,1.0,3,63210,M,4.0,0,63
200900039302,9,1,26,1615,1,1,1,1.0,6,63179,M,0.0,0,63
200900039303,9,1,10,930,2,2,1,7.0,3,63178,M,0.0,0,63
200900039304,9,1,15,900,1,1,1,5.0,5,63311,M,0.0,0,63
200900039305,9,1,15,1400,1,1,1,1.0,1,63168,M,4.0,0,63
200900039306,9,1,6,1645,1,2,1,1.0,1,63301,M,0.0,0,63
200900039307,9,1,4,2000,1,2,9,1.0,6,63113,M,,,63
200900039308,9,1,15,1340,1,1,6,1.0,2,63164,M,,,63
200900039309,9,1,3,1815,5,2,1,1.0,2,63113,M,,,63
200900039310,9,1,5,725,5,2,1,1.0,1,63113,M,,,63
200900039311,9,1,20,1820,5,2,1,1.0,6,63113,M,,,63
200900039312,9,2,28,1830,3,1,1,1.0,3,63453,M,4.0,0,63
200900039313,9,2,27,1830,3,1,1,1.0,1,63327,M,4.0,0,63
200900039314,9,2,27,1015,1,1,1,1.0,5,63242,M,4.0,0,63
200900039315,9,2,5,745,2,1,1,4.0,6,63003,M,0.0,0,63
200900039316,9,2,9,1530,1,1,1,1.0,1,63455,M,0.0,0,63
200900039317,9,2,27,1530,1,1,1,1.0,6,63196,M,4.0,0,63
200900039318,9,2,11,1345,1,1,6,8.0,3,63273,M,4.0,0,63
200900039319,9,2,24,1130,1,1,1,1.0,7,63198,M,4.0,0,63
200900039320,9,2,21,1445,1,1,1,1.0,5,63350,M,0.0,0,63
200900039321,9,2,13,2030,3,1,1,2.0,1,63350,M,0.0,0,63
200900039322,9,2,17,900,1,1,1,1.0,2,63113,M,0.0,0,63
200900039323,9,2,7,145,3,1,1,2.0,6,63034,M,4.0,0,63
200900039324,9,2,3,800,1,1,1,4.0,1,63210,M,4.0,0,63
200900039325,9,2,2,1715,1,1,1,2.0,2,63045,M,4.0,0,63
200900039326,9,2,5,740,2,2,2,1.0,3,63113,M,,,63
200900039327,9,2,5,1051,1,2,2,1.0,6,63113,M,,,63
200900039328,9,2,3,1300,1,1,1,4.0,1,63070,M,,,63
200900039329,9,2,9,740,2,2,2,1.0,7,63113,M,,,63
200900039330,9,2,7,720,5,2,2,2.0,6,63113,M,,,63
200900039331,9,2,13,1920,5,2,1,8.0,1,63113,M,,,63
200900039332,9,2,12,1755,1,2,2,1.0,6,63014,M,,,63
200900039333,9,2,11,1255,1,2,2,1.0,6,63113,M,,,63
200900039334,9,2,2,745,5,2,1,2.0,6,63113,M,,,63
200900039335,9,2,14,1920,2,2,1,1.0,7,63113,M,,,63
200900039336,9,2,4,1805,5,2,1,1.0,6,63113,M,,,63
200900039337,9,2,8,840,1,2,1,1.0,6,63113,M,,,63
200900039338,9,2,23,2130,5,2,6,2.0,2,63124,M,,,63
200900039339,9,2,25,940,1,2,7,1.0,6,63113,M,,,63
200900039340,9,2,23,1950,5,2,1,1.0,7,63113,M,,,63
200900039341,9,2,25,1,5,2,6,1.0,2,63113,M,,,63
200900039342,9,2,27,2135,5,2,1,1.0,6,63113,M,,,63
200900039343,9,2,25,1730,1,2,9,1.0,3,63113,M,,,63
200900039344,9,2,28,825,1,2,1,1.0,3,63113,M,,,63
200900039345,9,2,20,900,1,1,9,1.0,3,63113,M,,,63
200900039346,9,2,27,1455,1,2,1,1.0,6,63113,M,,,63
200900039347,9,2,26,1715,1,2,9,1.0,6,63113,M,,,63
200900039348,9,2,23,1625,1,2,9,1.0,3,63014,M,,,63
200900039349,9,2,23,1950,4,2,1,1.0,6,63113,M,,,63
200900039350,9,2,16,1430,1,2,1,1.0,6,63113,M,,,63
200900039351,9,2,25,1145,1,2,2,1.0,6,63113,M,,,63
200900039352,9,2,28,1545,1,2,1,1.0,2,63113,M,,,63
200900039353,9,2,17,1040,1,2,1,1.0,6,63113,M,,,63
200900039354,9,2,25,850,1,2,1,1.0,6,63113,M,,,63
200900039355,9,2,25,1610,1,2,1,1.0,3,63113,M,,,63
200900039356,9,2,22,1230,1,2,2,1.0,6,63075,M,,,63
200900039357,9,2,18,2110,5,2,1,1.0,6,63014,M,,,63
200900039358,9,11,11,1800,2,2,1,1.0,6,60057,M,,,60
200900039359,9,11,3,1300,1,2,1,1.0,1,60471,M,0.0,0,60
200900039360,9,11,12,715,3,2,1,1.0,6,60471,M,0.0,0,60
200900039361,9,11,20,1800,5,2,1,2.0,6,60689,M,0.0,0,60
200900039362,9,11,4,1245,1,1,1,2.0,3,60604,M,0.0,0,60
200900039363,9,11,2,1900,3,1,1,1.0,3,60471,M,0.0,0,60
200900039364,9,11,14,530,3,1,6,2.0,7,60009,M,4.0,0,60
200900039365,9,11,6,2130,5,2,1,1.0,2,60581,M,0.0,0,60
200900039366,9,11,12,1830,2,1,1,8.0,1,60330,M,0.0,0,60
200900039367,9,11,23,1430,1,1,1,3.0,6,60281,M,0.0,0,60
200900039368,9,11,20,1930,3,1,1,2.0,7,60279,M,0.0,0,60
200900039369,9,11,18,1345,1,2,1,1.0,6,60203,M,0.0,0,60
200900039370,9,11,10,2000,3,1,1,5.0,1,60211,M,4.0,0,60
200900039371,9,11,21,1600,1,1,1,1.0,6,60040,M,0.0,0,60
200900039372,9,11,27,1700,2,1,3,1.0,2,60286,M,0.0,0,60
200900039373,9,11,21,1615,2,2,1,2.0,1,60315,M,0.0,0,60
200900039374,9,11,30,1845,4,1,1,8.0,5,60160,M,0.0,0,60
200900039375,9,11,28,845,1,2,1,2.0,1,60141,M,0.0,0,60
200900039376,9,11,13,715,5,2,1,8.0,6,60471,M,0.0,0,60
200900039377,9,11,5,2045,3,1,1,1.0,2,60060,M,0.0,0,60
200900039378,9,11,28,1400,1,1,1,1.0,3,60149,M,0.0,0,60
200900039379,9,11,19,1645,2,1,1,1.0,7,60540,M,,,60
200900039380,9,11,7,415,3,1,1,8.0,6,60393,M,0.0,0,60
200900039381,9,11,18,715,2,1,1,1.0,5,60022,M,0.0,0,60
200900039382,9,11,30,1730,3,1,1,2.0,1,60149,M,4.0,0,60
200900039383,9,11,4,1200,1,1,9,1.0,5,60138,M,0.0,0,60
200900039384,9,11,21,1545,2,1,1,1.0,6,60581,M,4.0,0,60
200900039385,9,11,7,1615,1,1,1,1.0,1,60395,M,0.0,0,60
200900039386,9,11,21,2015,3,1,1,1.0,7,60492,M,0.0,0,60
200900039387,9,9,4,1731,1,2,1,1.0,3,21231,M,,,21
200900039388,9,9,12,1532,1,2,3,1.0,1,21231,M,,,21
200900039389,9,9,15,955,1,2,3,1.0,6,21231,M,,,21
200900039390,9,9,10,910,1,2,7,1.0,2,21231,M,,,21
200900039391,9,9,10,1115,1,2,2,1.0,2,21231,M,,,21
200900039392,9,9,1,107,5,2,1,1.0,6,21278,M,,,21
200900039393,9,9,11,1955,2,2,1,1.0,2,21617,M,,,21
200900039394,9,9,12,1856,1,2,1,1.0,3,21231,M,,,21
200900039395,9,9,9,1423,1,2,1,1.0,6,21231,M,,,21
200900039396,9,9,6,1651,1,2,1,1.0,2,21231,M,,,21
200900039397,9,9,11,22,5,2,7,1.0,6,21231,M,,,21
200900039398,9,9,3,1916,1,2,2,1.0,1,21231,M,,,21
200900039399,9,9,27,1515,1,1,1,1.0,6,21651,M,4.0,0,21
200900039400,9,9,26,1830,1,2,1,1.0,7,21596,M,4.0,0,21
200900039401,9,9,20,2200,1,2,2,1.0,1,21623,M,4.0,0,21
200900039402,9,9,20,1930,2,1,2,1.0,3,21492,M,4.0,0,21
200900039403,9,9,11,2145,3,1,1,1.0,6,21244,M,,,21
200900039404,9,9,3,1400,1,1,1,1.0,6,21336,M,,,21
200900039405,9,9,26,1200,1,1,1,1.0,3,21023,M,4.0,0,21
200900039406,9,9,4,2000,3,1,1,1.0,1,21133,M,4.0,0,21
200900039407,9,9,25,1700,1,1,1,1.0,1,21416,M,4.0,0,21
200900039408,9,9,22,1730,1,1,1,1.0,3,21598,M,4.0,0,21
200900039409,9,9,12,1945,1,2,1,1.0,6,21661,M,4.0,0,21
200900039410,9,9,11,1630,1,1,1,1.0,7,21527,M,4.0,0,21
200900039411,9,9,12,1700,1,1,1,1.0,6,21136,M,4.0,0,21
200900039412,9,9,13,1530,1,1,1,1.0,7,21408,M,4.0,0,21
200900039413,9,9,20,730,2,1,1,1.0,6,21527,M,,,21
200900039414,9,9,29,1530,1,1,1,1.0,3,21641,M,0.0,0,21
200900039415,9,9,23,900,1,1,1,1.0,1,21028,M,4.0,0,21
200900039416,9,9,11,1730,1,2,1,1.0,1,21383,M,4.0,0,21
200900039417,9,9,15,1830,1,2,1,2.0,5,21412,M,,,21
200900039418,9,9,18,1445,1,2,1,1.0,1,21663,M,4.0,0,21
200900039419,9,9,1,1620,1,2,1,2.0,2,21390,M,,,21
200900039420,9,9,5,1535,1,2,6,1.0,3,21390,M,,,21
200900039421,9,9,30,1238,1,2,3,1.0,3,21231,M,,,21
200900039422,9,9,18,1105,1,2,2,1.0,3,21166,M,,,21
200900039423,9,9,22,1743,1,2,1,1.0,2,21231,M,,,21
200900039424,9,9,22,1350,1,2,1,1.0,3,21231,M,,,21
200900039425,9,9,22,853,1,2,2,1.0,6,21231,M,,,21
200900039426,9,9,23,723,2,2,2,1.0,3,21231,M,,,21
200900039427,9,9,23,1852,1,2,1,1.0,6,21231,M,,,21
200900039428,9,9,28,835,1,2,3,1.0,6,21231,M,,,21
200900039429,9,9,22,1221,1,2,2,1.0,3,21231,M,,,21
200900039430,9,9,23,1015,1,2,2,1.0,3,21231,M,,,21
200900039431,9,9,24,855,1,2,1,1.0,6,21231,M,,,21
200900039432,9,9,21,2058,5,2,2,1.0,3,21231,M,,,21
200900039433,9,9,20,1046,1,2,1,1.0,6,21355,M,,,21
200900039434,9,9,28,1431,1,2,1,1.0,1,21231,M,,,21
200900039435,9,8,12,1210,1,1,1,1.0,2,31555,M,,,31
200900039436,9,9,4,355,5,2,2,1.0,3,31555,M,,,31
200900039437,9,9,6,320,5,2,1,1.0,6,31555,M,,,31
200900039438,9,9,16,2230,5,2,1,1.0,3,31555,M,,,31
200900039439,9,4,7,1215,1,1,1,3.0,6,42284,M,4.0,0,42
200900039440,9,4,9,800,1,1,1,1.0,2,42218,M,,,42
200900039441,9,4,9,1752,1,2,2,1.0,3,42187,M,,,42
200900039442,9,4,10,1335,1,2,6,1.0,3,42187,M,,,42
200900039443,9,4,10,1715,1,1,1,8.0,4,42330,M,,,42
200900039444,9,10,1,1900,1,2,1,1.0,1,21343,M,,,21
200900039445,9,10,5,930,1,1,2,1.0,3,21388,M,4.0,0,21
200900039446,9,10,2,1515,1,1,1,1.0,3,21173,M,,,21
200900039447,9,10,29,1400,1,1,1,1.0,3,21397,M,4.0,0,21
200900039448,9,10,10,2245,3,2,6,5.0,1,21171,M,4.0,0,21
200900039449,9,10,8,1045,1,1,1,2.0,1,21374,M,4.0,0,21
200900039450,9,10,7,1200,1,2,1,1.0,6,21425,M,4.0,0,21
200900039451,9,10,24,1915,3,1,1,8.0,4,21501,M,4.0,0,21
200900039452,9,10,29,1000,1,2,1,1.0,3,21379,M,4.0,0,21
200900039453,9,10,26,1730,1,1,1,1.0,2,21505,M,4.0,0,21
200900039454,9,10,9,2100,5,2,1,1.0,2,21408,M,4.0,0,21
200900039455,9,10,31,1500,1,1,1,1.0,1,21404,M,4.0,0,21
200900039456,9,10,19,1721,1,2,2,1.0,3,21231,M,,,21
200900039457,9,10,27,947,1,2,3,1.0,1,21617,M,,,21
200900039458,9,10,26,1655,1,2,7,1.0,6,21231,M,,,21
200900039459,9,10,21,1758,1,2,1,3.0,2,21231,M,,,21
200900039460,9,10,30,1623,1,2,1,1.0,4,21355,M,,,21
200900039461,9,10,24,455,5,2,2,1.0,3,21231,M,,,21
200900039462,9,10,31,1645,1,2,1,1.0,6,21231,M,,,21
200900039463,9,10,29,814,1,2,3,1.0,6,21231,M,,,21
200900039464,9,10,22,802,1,2,1,2.0,6,21231,M,,,21
200900039465,9,10,17,1741,1,2,5,1.0,3,21231,M,,,21
200900039466,9,10,16,2019,5,2,4,1.0,5,21617,M,,,21
200900039467,9,10,29,2034,5,2,1,1.0,1,21231,M,,,21
200900039468,9,10,16,1443,1,2,7,1.0,6,21231,M,,,21
200900039469,9,10,23,1732,1,2,1,1.0,6,21231,M,,,21
200900039470,9,10,20,1654,1,2,7,1.0,6,21231,M,,,21