Num_Acc,an,mois,jour,hrmn,lum,agg,int,atm,col,com,gps,lat,long,dep
200900039471,9,10,30,941,1,2,2,1.0,3,21617,M,,,21
200900039472,9,10,23,1912,1,2,3,1.0,1,21231,M,,,21
200900039473,9,10,12,1719,1,2,9,1.0,2,21355,M,,,21
200900039474,9,10,27,2328,5,2,2,1.0,1,21231,M,,,21
200900039475,9,10,8,1740,1,2,2,3.0,3,21231,M,,,21
200900039476,9,10,21,1750,1,2,2,3.0,3,21231,M,,,21
200900039477,9,10,3,1258,1,2,1,1.0,2,21231,M,,,21
200900039478,9,10,16,1410,1,1,4,8.0,4,21231,M,,,21
200900039479,9,10,11,1840,1,2,3,1.0,2,21617,M,,,21
200900039480,9,10,11,523,5,2,1,1.0,6,21390,M,,,21
200900039481,9,10,8,1726,1,2,3,2.0,3,21231,M,,,21
200900039482,9,10,8,1617,1,2,2,3.0,3,21231,M,,,21
200900039483,9,10,2,1720,1,2,1,1.0,6,21231,M,,,21
200900039484,9,10,14,1235,1,2,4,1.0,3,21231,M,,,21
200900039485,9,10,15,1635,1,2,1,1.0,3,21231,M,,,21
200900039486,9,10,8,928,1,2,2,2.0,1,21231,M,,,21
200900039487,9,10,6,1511,1,2,2,1.0,6,21231,M,,,21
200900039488,9,10,3,1219,1,2,3,1.0,3,21231,M,,,21
200900039489,9,10,15,2106,4,2,6,1.0,3,21231,M,,,21
200900039490,9,10,4,1147,1,2,3,1.0,3,21231,M,,,21
200900039491,9,10,2,1021,1,2,1,1.0,6,21231,M,,,21
200900039492,9,10,6,1357,1,2,3,1.0,3,21231,M,,,21
200900039493,9,10,6,858,1,2,2,1.0,3,21231,M,,,21
200900039494,9,10,7,1626,1,2,2,1.0,6,21231,M,,,21
200900039495,9,10,10,1900,2,2,1,1.0,2,21390,M,,,21
200900039496,9,10,1,1025,1,2,1,1.0,1,21278,M,,,21
200900039497,9,10,5,1250,1,2,3,1.0,2,21231,M,,,21
200900039498,9,10,9,1806,1,2,1,1.0,5,21355,M,,,21
200900039499,9,10,8,2010,5,2,5,2.0,1,21231,M,,,21
200900039500,9,8,2,1215,1,1,1,1.0,7,48032,M,,,48
200900039501,9,8,16,240,3,1,1,1.0,6,48122,M,,,48
200900039502,9,8,22,1220,1,1,1,1.0,6,48151,M,,,48
200900039503,9,8,1,1640,1,1,1,1.0,1,48080,M,,,48
200900039504,9,8,6,820,1,1,1,1.0,7,48032,M,,,48
200900039505,9,8,6,1847,1,1,1,2.0,7,48086,M,,,48
200900039506,9,8,12,2210,3,1,1,1.0,7,48092,M,,,48
200900039507,9,8,19,1550,1,1,1,1.0,7,48053,M,,,48
200900039508,9,7,4,1540,1,1,1,1.0,7,48049,M,,,48
200900039509,9,7,13,1220,1,1,1,1.0,7,48140,M,,,48
200900039510,9,3,20,1330,1,2,9,1.0,6,63113,M,,,63
200900039511,9,3,5,735,1,2,1,1.0,6,63113,M,,,63
200900039512,9,3,6,1500,1,2,1,1.0,6,63113,M,,,63
200900039513,9,3,14,520,5,2,9,1.0,6,63113,M,,,63
200900039514,9,3,6,845,1,2,1,1.0,6,63113,M,,,63
200900039515,9,3,18,1310,1,2,1,1.0,6,63113,M,,,63
200900039516,9,3,24,2020,3,2,1,1.0,3,63113,M,,,63
200900039517,9,3,18,1545,1,2,1,1.0,6,63113,M,,,63
200900039518,9,3,31,1820,1,2,1,1.0,6,63113,M,,,63
200900039519,9,3,29,1840,1,2,1,7.0,3,63113,M,,,63
200900039520,9,3,10,1920,5,2,1,8.0,6,63113,M,,,63
200900039521,9,3,12,1300,1,2,6,1.0,6,63124,M,,,63
200900039522,9,3,17,1500,1,2,1,1.0,3,63070,M,,,63
200900039523,9,3,7,1630,1,2,1,1.0,4,63014,M,,,63
200900039524,9,3,31,2020,2,2,9,1.0,2,63113,M,,,63
200900039525,9,3,20,1810,1,1,1,1.0,3,63193,M,,,63
200900039526,9,3,11,1445,1,2,2,1.0,1,63113,M,,,63
200900039527,9,3,15,1710,1,2,2,1.0,6,63113,M,,,63
200900039528,9,3,7,2130,5,2,1,1.0,6,63113,M,,,63
200900039529,9,3,16,825,1,2,9,1.0,3,63113,M,,,63
200900039530,9,3,10,2140,5,2,2,2.0,5,63113,M,,,63
200900039531,9,3,26,744,1,2,1,2.0,6,63113,M,,,63
200900039532,9,3,19,1825,1,2,1,1.0,2,63075,M,,,63
200900039533,9,3,5,955,1,2,1,1.0,3,63113,M,,,63
200900039534,9,3,30,1200,1,2,1,1.0,6,63113,M,,,63
200900039535,9,3,9,1300,1,2,1,1.0,6,63113,M,,,63
200900039536,9,3,28,910,1,2,1,1.0,6,63113,M,,,63
200900039537,9,3,11,1800,1,2,1,1.0,7,63113,M,,,63
200900039538,9,3,7,330,5,2,2,1.0,3,63113,M,,,63
200900039539,9,3,16,1130,1,2,1,1.0,6,63113,M,,,63
200900039540,9,3,21,1010,1,2,1,1.0,6,63113,M,,,63
200900039541,9,3,5,1200,1,2,2,1.0,3,63113,M,,,63
200900039542,9,3,15,1800,1,1,1,1.0,2,63212,M,,,63
200900039543,9,3,30,1320,1,2,1,1.0,5,63124,M,,,63
200900039544,9,3,2,1150,1,2,1,1.0,6,63113,M,,,63
200900039545,9,3,6,1445,1,2,1,1.0,6,63113,M,,,63
200900039546,9,3,3,1655,1,2,1,1.0,6,63113,M,,,63
200900039547,9,3,5,330,5,2,1,1.0,6,63014,M,,,63
200900039548,9,3,25,800,1,2,9,1.0,6,63113,M,,,63
200900039549,9,3,14,1210,1,2,1,1.0,6,63113,M,,,63
200900039550,9,3,17,1750,1,2,1,1.0,3,63113,M,,,63
200900039551,9,3,6,1135,1,2,1,1.0,6,63113,M,,,63
200900039552,9,3,10,800,1,2,6,8.0,3,63302,M,0.0,0,63
200900039553,9,3,18,1245,1,2,2,1.0,3,63287,M,0.0,0,63
200900039554,9,3,18,1300,1,2,1,1.0,1,63102,M,4.0,0,63
200900039555,9,3,15,1330,1,2,2,1.0,3,63455,M,0.0,0,63
200900039556,9,3,29,1730,1,1,1,1.0,2,63116,M,4.0,0,63
200900039557,9,3,19,1630,1,1,1,1.0,6,63214,M,0.0,0,63
200900039558,9,3,11,1100,1,1,1,1.0,6,63243,M,4.0,0,63
200900039559,9,3,14,1915,3,1,1,1.0,6,63317,M,4.0,0,63
200900039560,9,3,14,1700,1,1,1,1.0,3,63003,M,0.0,0,63
200900039561,9,3,7,1830,1,2,1,1.0,3,63271,M,4.0,0,63
200900039562,9,3,27,2145,3,1,3,1.0,1,63322,M,4.0,0,63
200900039563,9,3,6,2315,5,1,1,1.0,6,63471,M,4.0,0,63
200900039564,9,3,30,730,1,2,1,1.0,3,63108,M,4.0,0,63
200900039565,9,3,26,1745,1,1,1,1.0,6,63113,M,0.0,0,63
200900039566,9,3,11,1630,1,1,1,1.0,1,63102,M,0.0,0,63
200900039567,9,3,20,1230,1,1,1,1.0,1,63137,M,0.0,0,63
200900039568,9,3,24,815,1,1,1,4.0,6,63470,M,4.0,0,63
200900039569,9,3,11,1630,1,2,1,1.0,3,63470,M,0.0,0,63
200900039570,9,3,7,1200,1,2,1,1.0,7,63047,M,4.0,0,63
200900039571,9,3,20,800,1,2,1,1.0,6,63284,M,0.0,0,63
200900039572,9,3,17,1400,1,1,1,1.0,1,63170,M,0.0,0,63
200900039573,9,3,27,2200,3,1,1,1.0,7,63291,M,4.0,0,63
200900039574,9,3,16,815,1,2,1,1.0,6,63113,M,,,63
200900039575,9,3,26,30,3,2,1,1.0,7,63301,M,4.0,0,63
200900039576,9,3,2,820,1,2,1,1.0,2,78401,M,4.0,0,78
200900039577,9,3,13,1715,1,1,2,1.0,3,78621,M,4.0,0,78
200900039578,9,3,14,2025,5,2,2,1.0,3,78401,M,4.0,0,78
200900039579,9,3,24,2330,5,2,2,1.0,6,78490,M,4.0,0,78
200900039580,9,3,27,1550,1,2,1,1.0,6,78621,M,4.0,0,78
200900039581,9,3,28,1500,1,2,1,2.0,2,78621,M,4.0,0,78
200900039582,9,3,28,1905,2,2,1,1.0,6,78621,M,4.0,0,78
200900039583,9,3,31,900,1,2,1,1.0,6,78227,M,4.0,0,78
200900039584,9,8,17,1120,1,2,1,8.0,6,56013,M,4.0,-,56
200900039585,9,8,26,205,5,2,6,1.0,6,56260,M,,,56
200900039586,9,8,12,1605,1,1,2,1.0,3,56098,M,,,56
200900039587,9,8,2,1615,1,2,1,1.0,7,56121,M,4.0,-,56
200900039588,9,8,14,1249,1,2,2,1.0,3,56098,M,,,56
200900039589,9,8,11,1810,1,2,1,1.0,7,56121,M,4.0,-,56
200900039590,9,8,7,2025,2,2,1,1.0,2,56121,M,4.0,-,56
200900039591,9,8,14,720,2,2,1,1.0,7,56121,M,4.0,-,56
200900039592,9,8,6,1103,1,2,6,1.0,3,56121,M,4.0,-,56
200900039593,9,8,10,127,5,2,1,1.0,6,56121,M,4.0,-,56
200900039594,9,8,3,1958,1,2,1,2.0,7,56098,M,,,56
200900039595,9,8,12,1805,1,2,2,1.0,6,56098,M,,,56
200900039596,9,8,11,935,1,2,1,1.0,3,56121,M,4.0,-,56
200900039597,9,8,11,1430,1,2,1,1.0,2,56121,M,4.0,-,56
200900039598,9,8,26,1800,1,2,1,1.0,1,56126,M,0.0,0,56
200900039599,9,8,23,300,3,1,1,1.0,6,56090,M,0.0,0,56
200900039600,9,8,9,915,1,1,1,1.0,3,56026,M,4.0,-,56
200900039601,9,8,18,1845,1,1,1,1.0,1,56240,M,4.0,-,56
200900039602,9,8,5,1900,1,1,1,1.0,6,56101,M,0.0,0,56
200900039603,9,8,2,930,1,1,1,1.0,7,56060,M,4.0,-,56
200900039604,9,8,8,1300,1,2,1,1.0,3,56175,M,4.0,-,56
200900039605,9,8,31,2145,3,1,1,1.0,7,56166,M,4.0,-,56
200900039606,9,8,3,1415,1,2,1,1.0,1,56007,M,4.0,-,56
200900039607,9,8,14,1445,1,2,1,1.0,7,56118,M,4.0,-,56
200900039608,9,8,29,1530,1,1,1,1.0,6,56177,M,4.0,-,56
200900039609,9,8,24,1615,1,2,1,1.0,6,56078,M,4.0,-,56
200900039610,9,8,8,1700,1,1,1,1.0,2,56243,M,0.0,0,56
200900039611,9,8,23,1630,1,2,2,1.0,3,56186,M,0.0,0,56
200900039612,9,8,23,1345,1,1,1,1.0,3,56074,M,4.0,-,56
200900039613,9,8,10,2115,2,1,1,1.0,6,56119,M,0.0,0,56
200900039614,9,8,7,1500,1,1,1,1.0,6,56094,M,0.0,0,56
200900039615,9,8,6,900,1,2,6,8.0,2,56193,M,0.0,0,56
200900039616,9,8,29,1800,1,2,1,1.0,3,56190,M,0.0,0,56
200900039617,9,8,25,1900,1,1,1,1.0,3,56222,M,4.0,-,56
200900039618,9,8,18,1630,1,1,1,1.0,1,56013,M,0.0,0,56
200900039619,9,8,19,900,1,1,1,1.0,3,56161,M,0.0,0,56
200900039620,9,8,2,1630,1,1,1,1.0,5,56161,M,4.0,-,56
200900039621,9,8,13,1130,1,1,1,1.0,7,56174,M,0.0,0,56
200900039622,9,8,26,830,1,2,1,1.0,3,56101,M,4.0,-,56
200900039623,9,8,14,1815,1,1,1,1.0,7,56134,M,0.0,0,56
200900039624,9,8,15,515,3,1,1,1.0,6,56166,M,0.0,0,56
200900039625,9,8,9,1515,1,1,1,1.0,7,56105,M,0.0,0,56
200900039626,9,8,8,2000,1,2,1,1.0,1,56240,M,4.0,-,56
200900039627,9,8,13,1530,1,1,1,1.0,3,56258,M,0.0,0,56
200900039628,9,8,28,1900,1,1,1,7.0,6,56058,M,0.0,0,56
200900039629,9,8,5,1415,1,2,1,1.0,6,56223,M,4.0,-,56
200900039630,9,8,1,1600,1,1,1,8.0,2,56034,M,4.0,-,56
200900039631,9,8,30,1230,1,1,1,1.0,7,56006,M,4.0,-,56
200900039632,9,8,14,1530,1,1,1,1.0,5,56251,M,0.0,0,56
200900039633,9,8,14,1615,1,1,1,1.0,7,56165,M,0.0,0,56
200900039634,9,8,17,1430,1,2,1,1.0,6,56234,M,0.0,0,56
200900039635,9,8,28,1700,1,1,1,1.0,7,56033,M,4.0,-,56
200900039636,9,8,11,1115,1,1,1,1.0,6,56034,M,0.0,0,56
200900039637,9,8,11,1515,1,1,1,1.0,7,56180,M,0.0,0,56
200900039638,9,8,20,935,1,2,1,1.0,6,56083,M,4.0,-,56
200900039639,9,8,11,1655,1,2,6,1.0,3,56260,M,4.0,-,56
200900039640,9,8,22,2204,5,2,1,1.0,6,56121,M,,,56
200900039641,9,8,4,1900,1,2,2,1.0,3,56260,M,,,56
200900039642,9,8,25,1750,1,2,3,1.0,6,56260,M,,,56
200900039643,9,8,17,1824,1,1,1,1.0,2,56121,M,4.0,-,56
200900039644,9,8,29,1030,1,2,4,1.0,7,56260,M,,,56
200900039645,9,8,27,1447,1,2,1,1.0,3,56121,M,4.0,-,56
200900039646,9,8,1,1220,1,2,6,8.0,2,56260,M,4.0,-,56
200900039647,9,8,22,1150,1,2,1,1.0,7,56098,M,,,56
200900039648,9,8,26,1338,1,2,1,1.0,6,56083,M,,,56
200900039649,9,8,18,1449,1,1,1,1.0,6,56083,M,4.0,-,56
200900039650,9,8,27,1523,1,2,2,1.0,3,56121,M,,,56
200900039651,9,8,24,1425,1,2,1,1.0,7,56121,M,,,56
200900039652,9,8,22,1841,1,2,6,2.0,3,56162,M,,,56
200900039653,9,8,27,1625,1,2,1,1.0,3,56260,M,,,56
200900039654,9,8,17,1625,1,2,1,1.0,6,56260,M,,,56
200900039655,9,8,22,1210,1,2,1,1.0,2,56121,M,,,56
200900039656,9,8,30,2038,1,2,1,1.0,7,56098,M,,,56
200900039657,9,8,12,1640,1,2,1,1.0,3,56260,M,,,56
200900039658,9,8,6,800,1,2,6,1.0,3,56260,M,4.0,-,56
200900039659,9,8,26,1513,1,2,2,1.0,3,56121,M,,,56
200900039660,9,8,25,1900,1,2,1,1.0,6,56121,M,,,56
200900039661,9,8,7,1545,1,1,1,1.0,2,56162,M,,,56
200900039662,9,8,12,105,5,1,1,1.0,5,56107,M,,,56
200900039663,9,8,26,1853,1,2,1,2.0,6,56121,M,,,56
200900039664,9,8,28,2245,3,1,1,1.0,6,56100,M,4.0,-,56
200900039665,9,8,9,1855,1,1,1,1.0,6,56162,M,,,56
200900039666,9,8,9,1145,1,1,1,1.0,2,56034,M,0.0,0,56
200900039667,9,8,7,1645,1,1,1,1.0,3,56246,M,4.0,-,56
200900039668,9,4,11,1100,1,2,1,1.0,2,63014,M,,,63
200900039669,9,4,13,1815,1,2,1,1.0,6,63113,M,,,63
200900039670,9,4,6,845,1,2,1,1.0,7,63113,M,,,63
200900039671,9,4,6,1425,1,2,2,1.0,6,63113,M,,,63
200900039672,9,4,10,1755,1,2,2,1.0,6,63113,M,,,63
200900039673,9,4,8,1550,1,2,1,1.0,7,63014,M,,,63
200900039674,9,4,12,1620,1,2,2,1.0,3,63014,M,,,63
200900039675,9,4,8,745,1,2,1,1.0,6,63113,M,,,63
200900039676,9,4,12,105,4,2,1,1.0,6,63113,M,,,63
200900039677,9,4,3,1428,1,2,1,1.0,6,63113,M,,,63
200900039678,9,4,1,1715,1,2,1,2.0,6,63113,M,,,63
200900039679,9,4,10,500,5,2,1,1.0,6,63113,M,,,63
200900039680,9,4,2,2120,5,2,1,1.0,3,63113,M,,,63
200900039681,9,4,9,1330,1,2,1,1.0,6,63113,M,,,63
200900039682,9,4,2,840,1,2,2,1.0,6,63113,M,,,63
200900039683,9,4,14,735,2,2,2,1.0,3,63193,M,,,63
200900039684,9,4,16,1100,1,2,1,1.0,6,63047,M,4.0,0,63
200900039685,9,4,10,1415,1,1,1,1.0,1,63054,M,0.0,0,63
200900039686,9,4,9,1530,1,1,1,6.0,6,63362,M,0.0,0,63
200900039687,9,4,8,1545,1,1,1,1.0,1,63206,M,4.0,0,63
200900039688,9,4,9,1145,1,1,1,1.0,7,63013,M,4.0,0,63
200900039689,9,4,29,1545,1,1,1,1.0,6,63102,M,4.0,0,63
200900039690,9,4,6,815,1,2,1,1.0,3,63213,M,0.0,0,63
200900039691,9,4,28,930,1,2,1,2.0,7,63099,M,0.0,0,63
200900039692,9,4,29,2230,3,1,1,1.0,1,63014,M,0.0,0,63
200900039693,9,4,12,600,3,1,1,1.0,7,63029,M,0.0,0,63
200900039694,9,4,22,1900,1,1,1,1.0,3,63030,M,4.0,0,63
200900039695,9,4,25,2145,3,1,1,2.0,7,63430,M,0.0,0,63
200900039696,9,4,1,1515,1,1,1,1.0,4,63113,M,0.0,0,63
200900039697,9,4,27,1900,1,2,1,1.0,1,63082,M,0.0,0,63
200900039698,9,4,6,1800,1,1,1,1.0,3,63352,M,4.0,0,63
200900039699,9,4,23,1630,1,1,1,1.0,3,63132,M,4.0,0,63
200900039700,9,4,28,1145,1,1,1,1.0,6,63204,M,4.0,0,63
200900039701,9,4,12,2000,1,2,1,2.0,1,63214,M,0.0,0,63
200900039702,9,4,20,1930,2,1,1,1.0,6,63338,M,4.0,0,63
200900039703,9,4,7,900,1,2,1,2.0,6,63327,M,0.0,0,63
200900039704,9,4,23,1145,1,1,1,1.0,1,63349,M,4.0,0,63
200900039705,9,4,27,1915,1,1,1,7.0,7,63092,M,4.0,0,63
200900039706,9,4,7,1900,1,1,1,2.0,1,63133,M,4.0,0,63
200900039707,9,4,19,1345,1,1,1,2.0,7,63470,M,4.0,0,63
200900039708,9,4,16,2030,3,1,1,3.0,4,63091,M,0.0,0,63
200900039709,9,4,5,1830,1,1,1,1.0,7,63323,M,4.0,0,63
200900039710,9,4,27,1600,1,1,1,1.0,6,63278,M,4.0,0,63
200900039711,9,4,6,1445,1,1,1,1.0,1,63016,M,4.0,0,63
200900039712,9,4,28,1645,1,1,1,1.0,7,63198,M,4.0,0,63
200900039713,9,4,16,1815,1,2,1,1.0,3,63026,M,0.0,0,63
200900039714,9,4,18,100,3,1,1,1.0,1,63300,M,,,63
200900039715,9,4,22,1150,1,2,1,1.0,6,63113,M,,,63
200900039716,9,4,29,1320,1,2,1,1.0,3,63113,M,,,63
200900039717,9,4,24,1947,1,2,1,1.0,6,63032,M,,,63
200900039718,9,4,23,1745,1,2,2,1.0,3,63113,M,,,63
200900039719,9,4,28,1015,1,2,1,1.0,6,63113,M,,,63
200900039720,9,4,17,1940,1,2,2,1.0,2,63113,M,,,63
200900039721,9,4,23,815,1,2,1,1.0,3,63113,M,,,63
200900039722,9,4,25,1500,1,2,1,1.0,6,63113,M,,,63
200900039723,9,4,27,1655,1,2,1,1.0,4,63113,M,,,63
200900039724,9,4,22,1915,1,2,1,1.0,6,63113,M,,,63
200900039725,9,4,17,1516,1,2,1,1.0,6,63113,M,,,63
200900039726,9,4,24,1900,1,1,1,1.0,7,63070,M,,,63
200900039727,9,4,15,2150,5,2,1,2.0,2,63300,M,,,63
200900039728,9,4,27,800,1,2,1,2.0,2,63113,M,,,63
200900039729,9,4,19,1230,1,2,2,1.0,3,63113,M,,,63
200900039730,9,4,26,1245,1,1,1,2.0,3,63113,M,,,63
200900039731,9,4,27,1605,1,2,1,1.0,6,63113,M,,,63
200900039732,9,4,18,1945,2,2,1,1.0,6,63113,M,,,63
200900039733,9,5,31,1945,1,2,1,1.0,6,63113,M,,,63
200900039734,9,5,30,2140,5,2,1,1.0,6,63113,M,,,63
200900039735,9,5,16,1055,1,2,1,1.0,6,63113,M,,,63
200900039736,9,5,30,55,5,2,2,1.0,6,63113,M,,,63
200900039737,9,5,28,1400,1,2,1,1.0,6,63113,M,,,63
200900039738,9,5,27,1920,1,2,1,1.0,6,63113,M,,,63
200900039739,9,5,18,1340,1,2,1,1.0,6,63113,M,,,63
200900039740,9,5,25,1210,1,2,1,1.0,4,63113,M,,,63
200900039741,9,5,25,1500,1,2,1,1.0,3,63113,M,,,63
200900039742,9,5,27,1825,1,2,1,1.0,6,63113,M,,,63
200900039743,9,5,17,1700,1,2,6,2.0,6,63113,M,,,63
200900039744,9,5,30,350,5,2,1,1.0,6,63113,M,,,63
200900039745,9,5,30,850,1,2,1,1.0,6,63113,M,,,63
200900039746,9,5,25,930,1,2,1,1.0,6,63113,M,,,63
200900039747,9,5,23,1535,1,2,1,1.0,2,63113,M,,,63
200900039748,9,5,29,710,1,2,2,1.0,3,63113,M,,,63
200900039749,9,5,20,1250,1,2,3,1.0,1,63032,M,,,63
200900039750,9,5,26,1530,1,2,3,1.0,3,63113,M,,,63
200900039751,9,5,19,740,1,2,1,1.0,2,63113,M,,,63
200900039752,9,5,17,120,5,2,2,1.0,3,63113,M,,,63
200900039753,9,5,26,1445,1,2,6,1.0,6,63075,M,,,63
200900039754,9,5,29,1640,1,2,1,1.0,6,63113,M,,,63
200900039755,9,5,29,1830,1,2,1,1.0,6,63113,M,,,63
200900039756,9,5,20,2015,1,2,1,1.0,6,63113,M,,,63
200900039757,9,5,30,100,5,2,1,1.0,7,63113,M,,,63
200900039758,9,5,27,1750,1,2,1,1.0,6,63032,M,,,63
200900039759,9,5,25,930,1,2,1,1.0,6,63113,M,,,63
200900039760,9,5,7,2310,5,2,2,1.0,3,63075,M,,,63
200900039761,9,5,7,910,1,2,1,1.0,3,63113,M,,,63
200900039762,9,5,11,500,2,2,1,1.0,5,63113,M,,,63
200900039763,9,5,7,1930,1,2,1,1.0,6,63113,M,,,63
200900039764,9,5,7,1850,1,2,9,1.0,2,63113,M,,,63
200900039765,9,5,2,1740,1,2,2,1.0,6,63113,M,,,63
200900039766,9,5,4,745,1,2,2,1.0,3,63124,M,,,63
200900039767,9,5,15,1840,1,2,1,1.0,6,63113,M,,,63
200900039768,9,5,1,1430,1,2,2,1.0,3,63113,M,,,63
200900039769,9,5,12,1310,1,2,3,1.0,3,63113,M,,,63
200900039770,9,5,14,1134,1,1,1,2.0,7,63113,M,,,63
200900039771,9,5,8,840,1,2,2,1.0,5,63113,M,,,63
200900039772,9,5,10,1830,1,2,1,1.0,6,63075,M,,,63
200900039773,9,5,15,2115,5,2,1,1.0,3,63113,M,,,63
200900039774,9,5,9,1830,1,2,1,1.0,6,63393,M,0.0,0,63
200900039775,9,5,25,930,1,1,1,1.0,1,63419,M,4.0,0,63
200900039776,9,5,17,2345,3,1,1,8.0,6,63016,M,4.0,0,63
200900039777,9,5,6,15,5,2,1,1.0,6,63066,M,0.0,0,63
200900039778,9,5,17,1830,1,1,1,3.0,7,63385,M,4.0,0,63
200900039779,9,5,14,800,1,1,1,3.0,7,63138,M,0.0,0,63
200900039780,9,5,31,1715,1,2,1,1.0,7,63247,M,0.0,0,63
200900039781,9,5,18,1645,1,1,9,1.0,7,63455,M,0.0,0,63
200900039782,9,5,27,1915,1,2,1,1.0,1,63291,M,4.0,0,63
200900039783,9,5,7,945,1,2,1,1.0,3,63364,M,4.0,0,63
200900039784,9,5,16,2200,5,2,1,1.0,6,63100,M,4.0,0,63
200900039785,9,5,1,1715,1,1,1,1.0,1,63470,M,0.0,0,63
200900039786,9,5,31,1915,1,1,9,1.0,3,63164,M,0.0,0,63
200900039787,9,5,4,1630,1,2,1,1.0,6,63327,M,0.0,0,63
200900039788,9,5,15,330,5,1,1,2.0,1,63417,M,0.0,0,63
200900039789,9,5,30,1430,1,1,1,1.0,6,63327,M,0.0,0,63
200900039790,9,5,6,1900,1,2,1,1.0,3,63284,M,4.0,0,63
200900039791,9,5,23,1545,1,1,1,1.0,1,63015,M,4.0,0,63
200900039792,9,5,6,1745,1,1,1,1.0,6,63381,M,,,63
200900039793,9,6,3,1835,1,2,1,1.0,6,63113,M,,,63
200900039794,9,6,15,1630,1,2,2,1.0,3,63113,M,,,63
200900039795,9,6,11,700,1,2,2,1.0,3,63075,M,,,63
200900039796,9,6,5,1925,1,2,1,3.0,6,63032,M,,,63
200900039797,9,6,10,1400,1,2,1,1.0,5,63075,M,,,63
200900039798,9,6,5,1700,1,1,1,1.0,5,63124,M,,,63
200900039799,9,6,1,740,1,2,1,1.0,6,63113,M,,,63
200900039800,9,6,2,955,1,2,1,1.0,6,63113,M,,,63
200900039801,9,6,4,1200,1,2,1,1.0,6,63113,M,,,63
200900039802,9,6,6,400,5,2,1,8.0,6,63124,M,,,63
200900039803,9,6,2,840,1,2,3,1.0,1,63113,M,,,63
200900039804,9,6,10,1430,1,2,1,1.0,2,63124,M,,,63
200900039805,9,6,14,1750,1,2,9,1.0,3,63113,M,,,63
200900039806,9,6,2,750,1,2,1,1.0,6,63113,M,,,63
200900039807,9,6,3,835,1,2,1,1.0,6,63113,M,,,63
200900039808,9,6,8,635,1,2,1,1.0,6,63113,M,,,63
200900039809,9,6,6,1630,1,2,9,1.0,2,63113,M,,,63
200900039810,9,6,13,1835,1,2,1,1.0,6,63113,M,,,63
200900039811,9,6,8,1805,1,2,1,1.0,6,63014,M,,,63
200900039812,9,6,3,1900,1,2,1,1.0,2,63014,M,,,63
200900039813,9,6,9,1850,1,2,2,1.0,3,63113,M,,,63
200900039814,9,6,4,745,1,2,6,1.0,3,63124,M,,,63
200900039815,9,6,5,1320,1,2,1,1.0,4,63113,M,,,63
200900039816,9,6,13,1145,1,2,2,1.0,6,63113,M,,,63
200900039817,9,6,2,1930,1,2,3,1.0,6,63113,M,,,63
200900039818,9,6,10,1600,1,2,1,1.0,6,63113,M,,,63
200900039819,9,6,5,2215,5,1,3,8.0,3,63113,M,,,63
200900039820,9,6,2,1610,1,2,1,1.0,6,63113,M,,,63
200900039821,9,6,22,2000,1,1,1,1.0,1,63422,M,4.0,0,63
200900039822,9,6,12,1400,1,1,1,1.0,7,63016,M,4.0,0,63
200900039823,9,6,29,1845,1,1,9,7.0,3,63392,M,0.0,0,63
200900039824,9,6,11,2300,3,1,9,1.0,6,63354,M,0.0,0,63
200900039825,9,6,8,1915,1,1,1,2.0,6,63178,M,0.0,0,63
200900039826,9,6,2,815,1,2,1,1.0,6,63275,M,4.0,0,63
200900039827,9,6,12,1645,1,1,1,1.0,3,63347,M,4.0,0,63
200900039828,9,6,1,1830,1,2,6,1.0,7,63281,M,0.0,0,63
200900039829,9,6,19,2045,1,1,2,1.0,3,63271,M,4.0,0,63
200900039830,9,6,13,1200,1,1,1,1.0,1,63021,M,0.0,0,63
200900039831,9,6,15,1415,1,2,1,1.0,3,63430,M,0.0,0,63
200900039832,9,6,25,1215,1,1,1,1.0,3,63072,M,4.0,0,63
200900039833,9,6,27,700,2,1,1,1.0,2,63242,M,4.0,0,63
200900039834,9,6,11,2030,1,1,1,1.0,7,63126,M,0.0,0,63
200900039835,9,6,8,1215,1,1,1,2.0,6,63459,M,4.0,0,63
200900039836,9,6,21,1430,1,1,1,1.0,6,63031,M,4.0,0,63
200900039837,9,6,24,1600,1,1,2,1.0,3,63031,M,0.0,0,63
200900039838,9,6,9,2100,1,1,1,1.0,6,63106,M,4.0,0,63
200900039839,9,6,1,1400,1,1,3,1.0,3,63417,M,0.0,0,63
200900039840,9,6,12,2100,1,1,1,1.0,6,63133,M,0.0,0,63
200900039841,9,6,21,1715,1,1,1,1.0,3,63052,M,4.0,0,63
200900039842,9,6,20,535,1,2,1,1.0,5,63113,M,,,63
200900039843,9,6,27,1510,1,1,1,1.0,6,63113,M,,,63
200900039844,9,6,27,1700,1,2,1,1.0,3,63113,M,,,63
200900039845,9,6,28,20,5,2,1,1.0,6,63014,M,,,63
200900039846,9,6,27,820,1,2,1,1.0,4,63113,M,,,63
200900039847,9,6,30,2150,4,2,1,1.0,3,63113,M,,,63
200900039848,9,6,24,1707,1,2,1,1.0,6,63113,M,,,63
200900039849,9,6,20,1220,1,2,1,1.0,3,63075,M,,,63
200900039850,9,6,21,920,1,2,2,1.0,3,63113,M,,,63
200900039851,9,6,30,1345,1,2,2,1.0,3,63113,M,,,63
200900039852,9,6,26,2150,2,2,1,1.0,6,63113,M,,,63
200900039853,9,6,26,1900,1,2,1,1.0,6,63113,M,,,63
200900039854,9,6,19,1700,1,2,2,1.0,6,63113,M,,,63