Num_Acc,an,mois,jour,hrmn,lum,agg,int,atm,col,com,gps,lat,long,dep
200900039855,9,6,30,2158,5,2,2,1.0,1,63113,M,,,63
200900039856,9,6,18,500,2,2,2,1.0,3,63113,M,,,63
200900039857,9,6,17,1335,1,2,1,1.0,6,63113,M,,,63
200900039858,9,7,29,1245,1,1,3,1.0,3,63446,M,4.0,0,63
200900039859,9,7,16,1045,1,1,1,1.0,5,63372,M,4.0,0,63
200900039860,9,7,2,1145,1,2,1,1.0,1,63307,M,0.0,0,63
200900039861,9,7,9,1600,1,2,1,1.0,7,63417,M,4.0,0,63
200900039862,9,7,9,1800,1,1,1,1.0,6,63178,M,4.0,0,63
200900039863,9,7,25,400,3,1,1,1.0,6,63163,M,4.0,0,63
200900039864,9,7,1,2230,3,1,1,1.0,6,63263,M,4.0,0,63
200900039865,9,7,21,1130,1,1,1,1.0,7,63163,M,4.0,0,63
200900039866,9,7,8,930,1,1,1,1.0,7,63045,M,4.0,0,63
200900039867,9,7,13,1500,1,1,1,1.0,3,63187,M,4.0,0,63
200900039868,9,7,11,2000,1,1,1,1.0,7,63038,M,4.0,0,63
200900039869,9,7,7,1715,1,1,1,1.0,1,63240,M,4.0,0,63
200900039870,9,7,4,2200,2,1,1,9.0,1,63055,M,4.0,0,63
200900039871,9,7,7,2000,1,1,1,1.0,7,63113,M,0.0,0,63
200900039872,9,7,31,1400,1,1,1,1.0,7,63307,M,4.0,0,63
200900039873,9,7,11,2200,5,2,1,1.0,3,63231,M,0.0,0,63
200900039874,9,7,3,1658,1,2,1,1.0,6,63113,M,,,63
200900039875,9,7,11,204,5,2,2,1.0,6,63113,M,,,63
200900039876,9,7,7,1210,1,2,2,1.0,3,63113,M,,,63
200900039877,9,7,9,1745,1,2,1,1.0,2,63113,M,,,63
200900039878,9,7,6,445,5,2,1,1.0,2,63113,M,,,63
200900039879,9,7,1,1830,1,2,1,1.0,4,63014,M,,,63
200900039880,9,7,10,1530,1,2,1,1.0,6,63124,M,,,63
200900039881,9,7,2,845,1,2,1,1.0,2,63113,M,,,63
200900039882,9,7,7,1600,1,2,1,1.0,6,63113,M,,,63
200900039883,9,7,12,1130,1,2,1,1.0,6,63113,M,,,63
200900039884,9,7,11,1050,1,2,1,1.0,3,63113,M,,,63
200900039885,9,7,10,2130,1,2,1,1.0,3,63113,M,,,63
200900039886,9,7,9,745,1,2,1,1.0,3,63113,M,,,63
200900039887,9,7,1,40,5,2,1,1.0,6,63113,M,,,63
200900039888,9,7,2,920,1,2,2,1.0,6,63113,M,,,63
200900039889,9,7,7,1045,1,2,1,1.0,6,63113,M,,,63
200900039890,9,7,6,1245,1,2,1,1.0,4,63113,M,,,63
200900039891,9,7,14,1435,1,2,1,1.0,3,63113,M,,,63
200900039892,9,7,12,120,5,2,1,1.0,6,63113,M,,,63
200900039893,9,7,8,1600,1,2,1,1.0,6,63113,M,,,63
200900039894,9,7,5,1125,1,2,1,8.0,3,63113,M,,,63
200900039895,9,7,2,1800,1,2,5,3.0,6,63113,M,,,63
200900039896,9,7,8,1300,1,2,1,1.0,6,63113,M,,,63
200900039897,9,7,3,1550,1,2,3,1.0,3,63113,M,,,63
200900039898,9,7,10,1855,1,2,1,1.0,6,63070,M,,,63
200900039899,9,7,7,1910,1,2,1,1.0,1,63070,M,,,63
200900039900,9,7,16,845,1,2,1,1.0,6,63113,M,,,63
200900039901,9,7,24,1515,1,2,1,1.0,2,63308,M,,,63
200900039902,9,7,16,1710,1,2,1,1.0,3,63113,M,,,63
200900039903,9,7,31,2120,1,2,1,1.0,6,63113,M,,,63
200900039904,9,7,18,900,1,2,1,1.0,6,63113,M,,,63
200900039905,9,7,28,1940,1,2,1,1.0,7,63113,M,,,63
200900039906,9,7,16,1640,1,2,1,1.0,6,63113,M,,,63
200900039907,9,7,22,2115,5,2,3,1.0,3,63103,M,,,63
200900039908,9,7,28,1830,1,2,2,1.0,6,63113,M,,,63
200900039909,9,7,24,1120,1,2,1,1.0,7,63113,M,,,63
200900039910,9,7,18,2200,4,2,1,1.0,6,63113,M,,,63
200900039911,9,7,24,1148,1,2,1,1.0,6,63308,M,,,63
200900039912,9,7,27,2340,5,2,2,1.0,6,63113,M,,,63
200900039913,9,7,17,1610,1,2,2,1.0,3,63113,M,,,63
200900039914,9,7,7,2320,5,2,2,1.0,3,63245,M,,,63
200900039915,9,7,27,1155,1,2,1,1.0,4,63113,M,,,63
200900039916,9,7,29,1955,1,2,1,1.0,6,63103,M,,,63
200900039917,9,7,31,1130,1,2,1,1.0,2,63113,M,,,63
200900039918,9,7,20,1555,1,2,1,1.0,6,63113,M,,,63
200900039919,9,7,20,1250,1,1,1,1.0,6,63014,M,,,63
200900039920,9,7,16,945,1,2,1,1.0,6,63113,M,,,63
200900039921,9,7,16,1515,1,1,1,1.0,2,63300,M,,,63
200900039922,9,10,18,1540,1,2,1,1.0,6,56260,M,,,56
200900039923,9,10,25,155,5,2,1,1.0,6,56260,M,,,56
200900039924,9,10,27,1430,1,2,1,1.0,6,56260,M,,,56
200900039925,9,10,30,1445,1,2,9,1.0,6,56260,M,,,56
200900039926,9,10,22,2035,5,2,2,1.0,3,56260,M,,,56
200900039927,9,10,21,2055,5,2,3,1.0,3,56260,M,,,56
200900039928,9,10,26,1730,1,2,6,1.0,3,56260,M,,,56
200900039929,9,10,17,605,5,2,6,1.0,6,56260,M,,,56
200900039930,9,10,16,2030,3,1,1,1.0,7,56126,M,0.0,0,56
200900039931,9,10,7,1700,1,1,2,2.0,3,56131,M,4.0,-,56
200900039932,9,10,15,1800,1,2,1,1.0,6,56124,M,0.0,0,56
200900039933,9,10,2,1930,5,2,7,1.0,7,56008,M,4.0,-,56
200900039934,9,10,16,2245,3,1,1,1.0,2,56033,M,4.0,-,56
200900039935,9,10,1,30,5,1,1,1.0,6,56075,M,4.0,-,56
200900039936,9,10,24,2215,3,1,1,1.0,6,56169,M,4.0,-,56
200900039937,9,10,25,800,1,1,6,1.0,7,56206,M,4.0,-,56
200900039938,9,10,27,1745,1,1,3,1.0,5,56151,M,4.0,-,56
200900039939,9,10,3,1600,1,2,6,1.0,3,56010,M,4.0,-,56
200900039940,9,10,4,1630,1,1,1,1.0,3,56126,M,4.0,-,56
200900039941,9,10,5,1715,1,2,1,1.0,1,56206,M,0.0,0,56
200900039942,9,10,18,1445,1,1,2,1.0,1,56135,M,0.0,0,56
200900039943,9,10,8,1045,1,1,1,8.0,1,56133,M,0.0,0,56
200900039944,9,10,6,715,2,1,1,2.0,6,56178,M,4.0,-,56
200900039945,9,10,26,1750,1,2,1,1.0,2,56083,M,,,56
200900039946,9,10,28,953,1,1,1,1.0,7,56162,M,,,56
200900039947,9,10,16,2340,5,2,1,1.0,7,56121,M,4.0,-,56
200900039948,9,10,18,39,5,2,1,1.0,7,56121,M,,,56
200900039949,9,10,19,739,5,2,1,1.0,7,56121,M,,,56
200900039950,9,10,30,1246,1,2,1,1.0,6,56083,M,,,56
200900039951,9,10,26,1659,1,2,6,1.0,3,56107,M,,,56
200900039952,9,10,21,1524,1,2,1,8.0,7,56098,M,,,56
200900039953,9,10,22,2205,5,2,1,1.0,3,56098,M,,,56
200900039954,9,10,16,1045,1,2,1,1.0,7,56121,M,,,56
200900039955,9,10,31,27,5,2,1,1.0,7,56121,M,4.0,-,56
200900039956,9,10,19,135,5,2,1,1.0,7,56121,M,4.0,-,56
200900039957,9,10,27,1215,1,2,1,1.0,4,56260,M,,,56
200900039958,9,10,17,1833,5,1,1,1.0,7,56162,M,,,56
200900039959,9,10,22,1050,1,2,1,3.0,6,56260,M,,,56
200900039960,9,10,23,745,3,2,1,1.0,1,56121,M,,,56
200900039961,9,10,24,1405,1,2,1,2.0,7,56162,M,,,56
200900039962,9,10,22,753,5,2,7,2.0,3,56083,M,,,56
200900039963,9,10,26,1153,1,2,1,1.0,2,56162,M,,,56
200900039964,9,10,29,1845,1,1,2,1.0,3,56162,M,,,56
200900039965,9,10,30,1011,1,2,1,7.0,7,56121,M,,,56
200900039966,9,10,11,1730,1,2,1,1.0,6,56260,M,,,56
200900039967,9,10,13,1050,1,2,1,1.0,6,56260,M,,,56
200900039968,9,10,14,1500,1,2,1,1.0,6,56260,M,,,56
200900039969,9,10,7,1617,1,2,2,8.0,3,56121,M,4.0,-,56
200900039970,9,10,9,849,1,2,1,1.0,7,56098,M,,,56
200900039971,9,10,11,2135,5,2,1,1.0,7,56121,M,,,56
200900039972,9,10,4,1020,1,2,6,1.0,7,56098,M,,,56
200900039973,9,10,4,2045,5,2,1,2.0,4,56260,M,,,56
200900039974,9,10,10,625,5,2,1,2.0,1,56260,M,,,56
200900039975,9,10,12,1705,1,2,1,1.0,6,56260,M,,,56
200900039976,9,10,9,2015,5,2,3,1.0,3,56121,M,,,56
200900039977,9,10,1,1655,1,2,1,1.0,1,56260,M,,,56
200900039978,9,10,14,540,5,2,1,1.0,6,56121,M,4.0,-,56
200900039979,9,10,2,2320,5,2,1,1.0,7,56098,M,,,56
200900039980,9,10,15,1250,1,2,2,1.0,3,56098,M,,,56
200900039981,9,10,10,1105,1,2,1,1.0,7,56121,M,,,56
200900039982,9,10,7,1750,1,2,1,1.0,7,56121,M,,,56
200900039983,9,8,24,1850,1,2,1,1.0,6,63113,M,,,63
200900039984,9,8,7,2105,1,2,2,1.0,3,63113,M,,,63
200900039985,9,8,14,1945,1,2,3,1.0,3,63113,M,,,63
200900039986,9,8,3,1450,1,2,1,1.0,7,63113,M,,,63
200900039987,9,8,14,225,5,2,1,1.0,6,63070,M,,,63
200900039988,9,8,5,700,1,2,1,1.0,6,63113,M,,,63
200900039989,9,8,8,1735,1,2,2,1.0,3,63113,M,,,63
200900039990,9,8,2,1305,1,2,1,1.0,6,63113,M,,,63
200900039991,9,8,14,1410,1,2,6,1.0,6,63113,M,,,63
200900039992,9,8,13,1100,1,2,1,1.0,7,63075,M,,,63
200900039993,9,8,13,1315,1,2,2,1.0,3,63113,M,,,63
200900039994,9,8,15,1920,1,2,9,1.0,6,63113,M,,,63
200900039995,9,8,9,1935,1,2,1,9.0,6,63113,M,,,63
200900039996,9,8,13,1620,1,2,1,1.0,6,63113,M,,,63
200900039997,9,8,5,915,1,2,1,1.0,3,63308,M,,,63
200900039998,9,8,10,1830,1,2,1,1.0,2,63113,M,,,63
200900039999,9,8,3,1215,1,2,1,1.0,2,63014,M,,,63
200900040000,9,8,13,1945,1,2,1,1.0,2,63014,M,,,63
200900040001,9,8,6,820,1,2,6,1.0,6,63113,M,,,63
200900040002,9,8,7,1745,1,2,1,1.0,3,63214,M,0.0,0,63
200900040003,9,8,6,1830,1,1,1,1.0,7,63125,M,0.0,0,63
200900040004,9,8,19,430,5,1,1,1.0,7,63430,M,0.0,0,63
200900040005,9,8,17,2300,3,1,1,1.0,6,63393,M,0.0,0,63
200900040006,9,8,22,1830,1,1,1,1.0,6,63345,M,0.0,0,63
200900040007,9,8,7,1115,1,1,1,2.0,6,63297,M,4.0,0,63
200900040008,9,8,4,1645,1,1,1,1.0,2,63327,M,0.0,0,63
200900040009,9,8,6,45,5,2,1,1.0,6,63099,M,0.0,0,63
200900040010,9,8,14,1100,1,1,2,1.0,3,63041,M,0.0,0,63
200900040011,9,8,1,1630,1,1,1,1.0,1,63380,M,4.0,0,63
200900040012,9,8,2,445,5,2,1,8.0,1,63453,M,4.0,0,63
200900040013,9,8,31,1915,1,2,1,1.0,3,63195,M,0.0,0,63
200900040014,9,8,26,815,1,2,1,1.0,6,63132,M,0.0,0,63
200900040015,9,8,13,1745,1,1,1,1.0,5,63228,M,4.0,0,63
200900040016,9,8,1,1930,1,1,1,1.0,7,63394,M,4.0,0,63
200900040017,9,8,29,845,1,2,1,1.0,6,63012,M,0.0,0,63
200900040018,9,8,18,1630,1,1,2,1.0,3,63203,M,0.0,0,63
200900040019,9,8,3,945,1,1,1,1.0,4,63052,M,4.0,0,63
200900040020,9,8,25,1515,1,1,1,3.0,6,63110,M,4.0,0,63
200900040021,9,8,11,1315,1,1,1,1.0,7,63470,M,0.0,0,63
200900040022,9,8,13,1845,1,1,1,1.0,1,63179,M,0.0,0,63
200900040023,9,8,21,2000,1,2,1,1.0,7,63378,M,0.0,0,63
200900040024,9,8,14,2000,1,1,3,1.0,3,63307,M,0.0,0,63
200900040025,9,8,26,1630,1,1,1,1.0,7,63110,M,4.0,0,63
200900040026,9,8,21,2130,3,1,3,1.0,1,63426,M,0.0,0,63
200900040027,9,8,7,1215,1,1,1,1.0,1,63268,M,4.0,0,63
200900040028,9,8,24,2015,5,2,1,3.0,6,63231,M,0.0,0,63
200900040029,9,8,25,1030,1,1,1,2.0,6,63113,M,0.0,0,63
200900040030,9,8,9,345,3,1,1,1.0,6,63236,M,4.0,0,63
200900040031,9,8,5,1700,1,1,1,1.0,2,63430,M,4.0,0,63
200900040032,9,8,10,815,1,2,1,8.0,6,63455,M,4.0,0,63
200900040033,9,8,5,1800,1,1,1,1.0,2,63291,M,4.0,0,63
200900040034,9,8,22,815,1,1,1,1.0,6,63181,M,0.0,0,63
200900040035,9,8,9,2255,5,2,1,1.0,2,63300,M,,,63
200900040036,9,8,27,2317,5,2,1,1.0,6,63113,M,,,63
200900040037,9,8,27,1410,1,2,1,1.0,6,63113,M,,,63
200900040038,9,8,26,1832,1,1,1,1.0,6,63113,M,,,63
200900040039,9,8,21,750,1,2,1,2.0,6,63113,M,,,63
200900040040,9,8,25,1850,1,2,1,3.0,6,63113,M,,,63
200900040041,9,8,31,955,1,2,1,1.0,6,63113,M,,,63
200900040042,9,8,28,1830,1,2,1,1.0,3,63113,M,,,63
200900040043,9,8,25,1620,1,2,1,2.0,7,63113,M,,,63
200900040044,9,8,18,2100,1,2,1,1.0,3,63075,M,,,63
200900040045,9,8,27,1615,1,1,1,1.0,3,63113,M,,,63
200900040046,9,8,21,1850,1,2,1,1.0,6,63113,M,,,63
200900040047,9,8,25,1930,2,1,1,3.0,1,63124,M,,,63
200900040048,9,8,28,830,1,2,2,1.0,6,63113,M,,,63
200900040049,9,8,31,1155,1,2,2,1.0,3,63014,M,,,63
200900040050,9,9,10,1105,1,1,2,1.0,3,12176,M,,,12
200900040051,9,9,8,1105,1,2,1,1.0,6,12202,M,,,12
200900040052,9,9,29,745,1,1,1,1.0,3,12059,M,4.0,0,12
200900040053,9,9,2,1715,1,1,1,1.0,2,12301,M,0.0,0,12
200900040054,9,9,13,815,1,1,1,1.0,6,12008,M,4.0,0,12
200900040055,9,9,13,915,1,1,1,1.0,1,12096,M,4.0,0,12
200900040056,9,9,16,630,5,2,1,1.0,6,12138,M,4.0,0,12
200900040057,9,9,15,1045,1,1,1,1.0,6,12008,M,4.0,0,12
200900040058,9,9,24,1345,1,1,1,1.0,7,12270,M,4.0,0,12
200900040059,9,9,16,1300,1,1,1,1.0,3,12291,M,0.0,0,12
200900040060,9,9,3,745,1,1,3,1.0,5,12021,M,4.0,0,12
200900040061,9,9,7,900,1,1,1,1.0,1,12020,M,4.0,0,12
200900040062,9,9,4,1545,1,1,1,1.0,1,12171,M,4.0,0,12
200900040063,9,9,13,1230,1,1,1,1.0,7,12234,M,0.0,0,12
200900040064,9,10,9,1430,1,1,8,2.0,1,12157,M,4.0,0,12
200900040065,9,10,2,1300,1,1,1,1.0,3,12294,M,4.0,0,12
200900040066,9,10,18,1415,1,1,1,1.0,7,12290,M,0.0,0,12
200900040067,9,10,2,2330,3,1,1,1.0,6,12241,M,0.0,0,12
200900040068,9,10,30,1215,1,1,1,1.0,1,12026,M,4.0,0,12
200900040069,9,10,10,1330,1,1,1,1.0,1,12061,M,4.0,0,12
200900040070,9,10,17,1545,1,2,1,1.0,6,12287,M,4.0,0,12
200900040071,9,10,29,1515,1,2,1,1.0,6,12208,M,4.0,0,12
200900040072,9,10,25,1515,1,1,1,1.0,6,12205,M,4.0,0,12
200900040073,9,10,30,1240,1,1,3,1.0,7,12176,M,,,12
200900040074,9,10,27,1205,1,1,1,1.0,6,12176,M,,,12
200900040075,9,10,30,1615,1,2,1,1.0,7,12202,M,,,12
200900040076,9,10,25,2020,5,2,1,1.0,2,12202,M,,,12
200900040077,9,10,6,1330,1,2,1,1.0,6,12202,M,,,12
200900040078,9,10,9,725,2,2,1,2.0,6,12202,M,,,12
200900040079,9,4,11,1715,1,2,1,1.0,5,42187,M,,,42
200900040080,9,4,14,930,1,2,1,1.0,1,42056,M,4.0,0,42
200900040081,9,10,4,1415,1,1,1,1.0,7,32370,M,4.0,0,32
200900040082,9,10,5,1015,1,1,1,1.0,1,32393,M,4.0,0,32
200900040083,9,10,5,1757,1,2,2,1.0,2,32013,M,4.0,0,32
200900040084,9,10,27,200,5,2,1,1.0,6,32024,M,4.0,0,32
200900040085,9,10,28,800,1,1,1,7.0,6,32160,M,4.0,0,32
200900040086,9,10,29,1815,3,1,1,1.0,3,32027,M,4.0,-,32
200900040087,9,10,8,1715,1,1,2,3.0,3,32254,M,4.0,0,32
200900040088,9,10,13,1430,1,2,1,1.0,6,32013,M,4.0,0,32
200900040089,9,10,14,1815,1,2,3,1.0,3,32013,M,4.0,0,32
200900040090,9,10,17,930,1,1,2,1.0,3,32043,M,4.0,0,32
200900040091,9,10,19,1335,1,2,2,1.0,2,32013,M,4.0,0,32
200900040092,9,10,19,1715,1,1,1,1.0,3,32397,M,4.0,0,32
200900040093,9,10,23,1130,1,1,3,1.0,3,32066,M,4.0,0,32
200900040094,9,10,23,1800,2,1,1,2.0,1,32036,M,4.0,0,32
200900040095,9,10,29,1400,1,2,1,1.0,2,32132,M,4.0,0,32
200900040096,9,10,20,1900,2,2,1,1.0,1,32013,M,4.0,0,32
200900040097,9,4,14,1803,1,1,1,1.0,5,42330,M,,,42
200900040098,9,4,15,1023,1,2,2,1.0,3,42218,M,,,42
200900040099,9,9,16,1115,1,1,1,2.0,1,63193,M,,,63
200900040100,9,9,16,1455,1,2,2,1.0,6,63113,M,,,63
200900040101,9,9,9,1730,1,1,1,1.0,6,63070,M,,,63
200900040102,9,9,9,1800,1,2,1,1.0,2,63113,M,,,63
200900040103,9,9,11,1430,1,2,2,1.0,6,63113,M,,,63
200900040104,9,9,22,1325,1,2,1,1.0,6,63113,M,,,63
200900040105,9,9,25,1650,1,2,3,1.0,3,63300,M,,,63
200900040106,9,9,18,800,1,2,2,1.0,3,63113,M,,,63
200900040107,9,9,7,850,1,2,1,1.0,1,63113,M,,,63
200900040108,9,9,4,1210,1,2,1,1.0,6,63113,M,,,63
200900040109,9,9,24,1355,1,2,2,1.0,6,63113,M,,,63
200900040110,9,9,14,850,1,2,1,1.0,6,63113,M,,,63
200900040111,9,9,9,1255,1,2,1,1.0,2,63113,M,,,63
200900040112,9,9,7,1600,1,2,1,1.0,2,63113,M,,,63
200900040113,9,9,25,2240,4,2,1,1.0,3,63113,M,,,63
200900040114,9,9,29,1510,1,2,1,1.0,6,63032,M,,,63
200900040115,9,9,22,1630,1,2,1,1.0,6,63113,M,,,63
200900040116,9,9,23,1540,1,2,1,1.0,3,63014,M,,,63
200900040117,9,9,18,920,1,2,1,1.0,2,63113,M,,,63
200900040118,9,9,24,935,1,2,1,1.0,6,63113,M,,,63
200900040119,9,9,15,1235,1,2,2,1.0,3,63124,M,,,63
200900040120,9,9,6,1925,1,2,1,1.0,6,63113,M,,,63
200900040121,9,9,21,2000,2,2,1,1.0,7,63113,M,,,63
200900040122,9,9,15,2205,5,2,1,1.0,3,63113,M,,,63
200900040123,9,9,9,1755,1,2,2,1.0,6,63014,M,,,63
200900040124,9,9,25,1615,1,2,1,1.0,6,63113,M,,,63
200900040125,9,9,20,2016,1,2,1,2.0,6,63075,M,,,63
200900040126,9,9,25,2255,5,2,1,1.0,6,63124,M,,,63
200900040127,9,9,4,950,1,2,1,1.0,6,63113,M,,,63
200900040128,9,9,29,1900,1,2,1,1.0,6,63113,M,,,63
200900040129,9,9,24,1730,1,2,1,1.0,4,63113,M,,,63
200900040130,9,9,14,1615,1,2,2,1.0,6,63113,M,,,63
200900040131,9,9,23,1500,1,2,1,1.0,6,63113,M,,,63
200900040132,9,9,10,825,1,2,1,1.0,6,63113,M,,,63
200900040133,9,9,29,740,1,2,3,1.0,6,63113,M,,,63
200900040134,9,9,21,1510,1,1,1,1.0,5,63113,M,,,63
200900040135,9,9,2,1900,1,2,1,1.0,6,63113,M,,,63
200900040136,9,9,27,2200,1,2,1,1.0,6,63113,M,,,63
200900040137,9,9,25,2300,5,2,1,1.0,2,63113,M,,,63
200900040138,9,9,28,1325,1,2,1,1.0,3,63113,M,,,63
200900040139,9,9,24,1250,1,2,1,1.0,7,63014,M,,,63
200900040140,9,9,2,1510,1,2,1,1.0,3,63113,M,,,63
200900040141,9,9,24,820,1,2,1,1.0,6,63113,M,,,63
200900040142,9,9,4,1115,1,2,1,1.0,4,63113,M,,,63
200900040143,9,9,28,1000,1,2,1,1.0,3,63113,M,,,63
200900040144,9,9,17,1325,1,2,2,1.0,3,63113,M,,,63
200900040145,9,9,11,1115,1,2,1,1.0,6,63113,M,,,63
200900040146,9,9,24,710,1,2,1,1.0,6,63113,M,,,63
200900040147,9,9,4,840,1,2,1,1.0,6,63113,M,,,63
200900040148,9,9,30,1800,1,2,1,1.0,6,63113,M,,,63
200900040149,9,9,27,1900,1,2,2,1.0,6,63113,M,,,63
200900040150,9,9,22,1130,1,2,1,1.0,3,63113,M,,,63
200900040151,9,9,6,340,5,2,1,1.0,2,63300,M,,,63
200900040152,9,9,19,1745,1,2,1,1.0,7,63113,M,,,63
200900040153,9,9,4,1915,1,2,1,1.0,6,63113,M,,,63
200900040154,9,9,30,1740,1,2,1,1.0,6,63113,M,,,63
200900040155,9,9,22,930,1,2,1,1.0,6,63113,M,,,63
200900040156,9,9,11,1940,1,2,1,1.0,7,63113,M,,,63
200900040157,9,9,15,1230,1,1,1,1.0,4,63211,M,0.0,0,63
200900040158,9,9,3,900,1,1,9,2.0,1,63397,M,4.0,0,63
200900040159,9,9,11,1315,1,2,1,1.0,3,63047,M,4.0,0,63
200900040160,9,9,24,2245,3,1,1,1.0,7,63243,M,0.0,0,63
200900040161,9,9,16,2045,3,1,1,2.0,7,63269,M,4.0,0,63
200900040162,9,9,23,1115,1,2,1,1.0,6,63295,M,4.0,0,63
200900040163,9,9,2,1900,1,1,1,1.0,3,63254,M,0.0,0,63
200900040164,9,9,10,1900,1,1,1,1.0,3,63181,M,0.0,0,63
200900040165,9,9,6,415,3,1,1,1.0,7,63204,M,4.0,0,63
200900040166,9,9,23,1915,1,2,1,1.0,4,63180,M,4.0,0,63
200900040167,9,9,8,1700,1,1,1,1.0,3,63278,M,0.0,0,63
200900040168,9,9,23,2015,3,1,1,8.0,6,63306,M,0.0,0,63
200900040169,9,9,2,1100,1,1,1,1.0,6,63196,M,4.0,0,63
200900040170,9,9,21,1945,3,1,1,1.0,6,63030,M,4.0,0,63
200900040171,9,9,4,2000,1,2,2,1.0,3,63424,M,0.0,0,63
200900040172,9,9,6,430,3,1,1,1.0,1,63207,M,0.0,0,63
200900040173,9,9,13,1745,1,2,1,1.0,3,63349,M,0.0,0,63
200900040174,9,9,13,1030,1,1,1,1.0,7,63417,M,0.0,0,63
200900040175,9,9,10,1630,1,2,1,1.0,3,63229,M,4.0,0,63
200900040176,9,9,29,830,1,1,1,9.0,3,63354,M,0.0,0,63
200900040177,9,10,1,1430,1,1,1,1.0,6,63047,M,4.0,0,63
200900040178,9,10,19,1345,1,1,1,1.0,1,63231,M,0.0,0,63
200900040179,9,10,14,1815,1,2,1,9.0,6,63121,M,4.0,0,63
200900040180,9,10,5,1700,1,2,1,1.0,1,63254,M,0.0,0,63
200900040181,9,10,9,830,2,1,1,1.0,2,63302,M,0.0,0,63
200900040182,9,10,11,2100,3,1,1,1.0,5,63135,M,0.0,0,63
200900040183,9,10,17,2200,5,1,1,1.0,1,63262,M,0.0,0,63
200900040184,9,10,26,1945,5,2,1,1.0,5,63307,M,0.0,0,63
200900040185,9,10,25,1830,2,1,1,1.0,3,63380,M,4.0,0,63
200900040186,9,10,6,1530,1,1,1,2.0,5,63084,M,4.0,0,63
200900040187,9,10,15,900,1,1,1,1.0,7,63125,M,4.0,0,63
200900040188,9,10,27,1815,3,1,1,1.0,2,63143,M,4.0,0,63
200900040189,9,10,13,1130,1,1,8,1.0,1,63049,M,4.0,0,63
200900040190,9,10,18,230,3,1,1,1.0,7,63276,M,0.0,0,63
200900040191,9,10,30,1800,5,2,1,1.0,6,63276,M,0.0,0,63
200900040192,9,10,1,530,3,1,1,1.0,6,63143,M,4.0,0,63
200900040193,9,10,27,1900,3,1,1,1.0,5,63420,M,4.0,0,63
200900040194,9,10,13,730,2,2,1,1.0,1,63035,M,4.0,0,63
200900040195,9,10,17,1815,1,2,1,1.0,3,63040,M,4.0,0,63
200900040196,9,10,8,645,3,1,9,2.0,4,63113,M,0.0,0,63
200900040197,9,10,5,1645,1,1,1,1.0,1,63240,M,0.0,0,63
200900040198,9,10,12,830,1,1,1,2.0,1,63291,M,4.0,0,63
200900040199,9,10,9,1615,1,1,1,1.0,7,63053,M,4.0,0,63
200900040200,9,10,2,1415,1,2,1,1.0,6,63430,M,0.0,0,63
200900040201,9,10,30,1745,2,1,1,1.0,3,63470,M,0.0,0,63
200900040202,9,10,24,2155,5,2,1,1.0,6,63113,M,,,63
200900040203,9,10,16,15,5,2,1,1.0,6,63113,M,,,63
200900040204,9,10,17,1555,1,2,1,1.0,6,63014,M,,,63
200900040205,9,10,29,1420,1,2,1,1.0,6,63113,M,,,63
200900040206,9,10,30,1310,1,2,1,1.0,3,63113,M,,,63
200900040207,9,10,21,1530,1,2,1,1.0,6,63113,M,,,63
200900040208,9,10,23,2255,5,2,1,1.0,6,63113,M,,,63
200900040209,9,10,26,1740,1,2,1,1.0,2,63113,M,,,63
200900040210,9,10,21,1345,1,2,1,1.0,4,63113,M,,,63
200900040211,9,10,24,1945,5,2,1,2.0,2,63113,M,,,63
200900040212,9,10,23,905,1,2,2,1.0,3,63124,M,,,63
200900040213,9,10,19,1800,1,2,1,1.0,6,63113,M,,,63
200900040214,9,10,28,1850,1,2,1,1.0,6,63113,M,,,63
200900040215,9,10,20,1145,1,2,1,1.0,6,63113,M,,,63
200900040216,9,10,31,2125,3,2,1,1.0,3,63113,M,,,63
200900040217,9,10,19,735,5,2,2,1.0,6,63113,M,,,63
200900040218,9,10,18,2035,5,2,2,1.0,3,63124,M,,,63
200900040219,9,10,19,1150,1,2,1,1.0,3,63113,M,,,63
200900040220,9,10,28,1610,1,2,1,1.0,6,63075,M,,,63
200900040221,9,10,23,852,1,2,1,1.0,6,63014,M,,,63
200900040222,9,10,31,1440,1,2,1,1.0,6,63113,M,,,63
200900040223,9,10,26,1655,1,2,2,1.0,3,63193,M,,,63
200900040224,9,10,19,1210,1,2,1,1.0,6,63113,M,,,63
200900040225,9,10,27,1805,5,2,1,1.0,6,63300,M,,,63
200900040226,9,10,17,2325,5,2,1,1.0,6,63113,M,,,63
200900040227,9,10,31,1735,2,2,2,1.0,6,63113,M,,,63
200900040228,9,10,2,2330,3,1,1,1.0,6,63199,M,4.0,0,63
200900040229,9,10,25,1915,5,1,1,1.0,1,63121,M,4.0,0,63
200900040230,9,10,20,1850,1,2,1,1.0,6,63032,M,,,63
200900040231,9,10,22,1810,1,2,2,1.0,3,63014,M,,,63
200900040232,9,10,23,1600,1,2,1,8.0,3,63113,M,,,63
200900040233,9,10,8,1900,2,2,1,1.0,6,63014,M,,,63
200900040234,9,10,10,1645,1,2,2,1.0,3,63113,M,,,63
200900040235,9,10,8,1820,1,2,1,1.0,6,63113,M,,,63
200900040236,9,10,8,2340,5,2,2,1.0,3,63113,M,,,63