Num_Acc,an,mois,jour,hrmn,lum,agg,int,atm,col,com,gps,lat,long,dep
200900041391,9,4,30,1815,1,1,1,1.0,2,13055,M,4.0,0,13
200900041392,9,4,28,750,1,1,1,1.0,3,13055,M,4.0,0,13
200900041393,9,4,28,1940,1,1,1,1.0,2,13055,M,4.0,0,13
200900041394,9,4,24,1226,1,1,1,1.0,4,13055,M,4.0,0,13
200900041395,9,4,1,1625,1,1,1,2.0,7,13055,M,4.0,0,13
200900041396,9,4,10,1255,1,1,1,1.0,2,13001,M,4.0,0,13
200900041397,9,4,21,1405,1,1,1,1.0,3,13055,M,4.0,0,13
200900041398,9,4,11,1300,1,1,1,1.0,6,13070,M,4.0,0,13
200900041399,9,4,5,855,2,1,1,1.0,2,13055,M,4.0,0,13
200900041400,9,4,9,1610,1,1,1,1.0,7,13001,M,4.0,0,13
200900041401,9,4,4,1530,1,1,1,1.0,6,13001,M,4.0,0,13
200900041402,9,4,2,1645,1,1,1,1.0,6,13014,M,4.0,0,13
200900041403,9,4,2,1810,1,1,1,8.0,6,13004,M,,,13
200900041404,9,4,2,1811,1,1,1,8.0,2,13015,M,4.0,0,13
200900041405,9,4,4,1230,1,2,1,1.0,6,13039,M,,,13
200900041406,9,4,5,1630,1,1,1,1.0,7,13099,M,4.0,0,13
200900041407,9,4,11,840,1,1,1,3.0,6,13039,M,4.0,0,13
200900041408,9,4,22,1800,1,2,6,1.0,2,13071,M,4.0,0,13
200900041409,9,4,24,530,5,1,1,1.0,6,13071,M,,,13
200900041410,9,4,13,1630,1,1,1,1.0,1,13051,M,4.0,0,13
200900041411,9,4,16,1600,1,2,1,1.0,6,13001,M,,,13
200900041412,9,4,18,1430,1,2,1,1.0,3,13001,M,,,13
200900041413,9,4,19,530,5,1,1,9.0,6,13001,M,,,13
200900041414,9,4,19,1020,1,1,1,1.0,6,13103,M,,,13
200900041415,9,4,21,1740,1,1,1,1.0,7,13056,M,,,13
200900041416,9,4,21,2000,5,1,1,4.0,7,13001,M,,,13
200900041417,9,4,30,1620,1,1,1,1.0,4,13071,M,,,13
200900041418,9,4,30,1840,1,2,3,1.0,3,13117,M,,,13
200900041419,9,4,2,2035,5,2,3,1.0,3,13102,M,,,13
200900041420,9,4,29,1240,1,2,1,1.0,6,13070,M,,,13
200900041421,9,4,13,915,1,2,6,1.0,7,13005,M,,,13
200900041422,9,4,2,2330,5,2,1,1.0,6,13054,M,,,13
200900041423,9,4,23,2015,2,2,1,1.0,6,13211,M,,,13
200900041424,9,4,7,15,5,2,1,1.0,1,13215,M,,,13
200900041425,9,4,23,1500,1,2,1,1.0,3,13208,M,,,13
200900041426,9,4,1,830,1,2,3,2.0,3,13201,M,,,13
200900041427,9,4,1,715,1,2,1,2.0,6,13208,M,,,13
200900041428,9,4,25,1810,2,2,1,1.0,6,13055,M,,,13
200900041429,9,4,27,105,5,2,1,1.0,4,13204,M,,,13
200900041430,9,4,27,830,1,2,1,1.0,6,13210,M,,,13
200900041431,9,4,11,725,1,2,2,2.0,3,13055,M,,,13
200900041432,9,4,7,2115,5,2,2,1.0,3,13204,M,,,13
200900041433,9,4,18,515,5,2,1,1.0,6,13213,M,,,13
200900041434,9,4,4,1145,1,2,3,1.0,3,13055,M,,,13
200900041435,9,4,7,1815,1,2,1,1.0,6,13205,M,,,13
200900041436,9,4,30,1300,1,2,1,1.0,2,13204,M,,,13
200900041437,9,4,23,845,1,2,1,1.0,3,13055,M,,,13
200900041438,9,4,17,1130,1,2,1,1.0,6,13055,M,,,13
200900041439,9,4,1,1215,1,2,1,2.0,6,13002,M,,,13
200900041440,9,4,5,1450,1,2,1,1.0,6,13055,M,,,13
200900041441,9,4,14,1600,1,2,1,1.0,4,13212,M,,,13
200900041442,9,4,28,1645,1,2,1,1.0,6,13208,M,,,13
200900041443,9,4,14,1600,1,2,1,1.0,3,13208,M,,,13
200900041444,9,4,3,700,1,2,1,1.0,7,13205,M,,,13
200900041445,9,4,10,1150,1,2,1,1.0,6,13213,M,,,13
200900041446,9,4,13,1330,1,2,1,1.0,3,13203,M,,,13
200900041447,9,4,10,1250,1,2,1,1.0,1,13211,M,,,13
200900041448,9,4,17,630,2,2,3,1.0,1,13211,M,,,13
200900041449,9,4,28,1155,1,2,1,1.0,2,13213,M,,,13
200900041450,9,4,1,2130,5,2,1,3.0,5,13211,M,,,13
200900041451,9,4,16,730,1,2,2,1.0,3,13201,M,,,13
200900041452,9,4,1,1220,1,2,1,8.0,3,13055,M,4.0,0,13
200900041453,9,4,30,2040,1,2,1,1.0,2,13205,M,,,13
200900041454,9,4,13,1145,1,2,1,1.0,3,13208,M,,,13
200900041455,9,4,30,1245,1,2,1,1.0,3,13212,M,,,13
200900041456,9,4,6,1500,1,2,1,1.0,1,13208,M,,,13
200900041457,9,4,18,1030,1,2,3,1.0,3,13211,M,,,13
200900041458,9,4,15,1500,1,2,9,2.0,1,13203,M,,,13
200900041459,9,4,11,1610,1,2,2,2.0,6,13204,M,,,13
200900041460,9,4,6,1500,1,2,1,1.0,7,13201,M,,,13
200900041461,9,4,4,1900,1,2,1,1.0,2,13211,M,,,13
200900041462,9,4,19,515,5,2,1,1.0,6,13213,M,,,13
200900041463,9,4,30,1440,1,2,1,1.0,3,13055,M,,,13
200900041464,9,4,14,1500,1,2,1,1.0,6,13208,M,,,13
200900041465,9,4,11,1400,1,2,1,1.0,3,13215,M,,,13
200900041466,9,4,23,820,1,2,2,1.0,1,13208,M,,,13
200900041467,9,4,13,2200,5,2,1,1.0,3,13214,M,,,13
200900041468,9,4,1,1610,1,2,1,1.0,6,13206,M,,,13
200900041469,9,4,21,1345,1,2,1,1.0,3,13209,M,,,13
200900041470,9,4,9,1735,1,2,3,1.0,3,13055,M,,,13
200900041471,9,4,4,1942,5,2,3,1.0,3,13210,M,,,13
200900041472,9,4,6,1030,1,2,1,1.0,7,13203,M,,,13
200900041473,9,4,18,2345,5,2,2,1.0,3,13208,M,,,13
200900041474,9,4,25,1720,1,2,2,1.0,1,13210,M,,,13
200900041475,9,4,9,1730,1,1,1,1.0,6,13002,M,4.0,0,13
200900041476,9,4,18,1110,1,2,1,1.0,6,13204,M,,,13
200900041477,9,4,24,2320,5,2,5,1.0,2,13203,M,,,13
200900041478,9,4,3,1615,1,2,1,1.0,6,13055,M,,,13
200900041479,9,4,6,800,1,2,1,1.0,3,13055,M,,,13
200900041480,9,4,29,840,1,2,1,1.0,2,13055,M,,,13
200900041481,9,4,19,35,5,2,3,8.0,3,13205,M,,,13
200900041482,9,4,8,1920,1,2,1,1.0,5,13210,M,,,13
200900041483,9,4,12,2030,5,2,1,1.0,3,13208,M,,,13
200900041484,9,4,14,1700,1,2,1,1.0,6,13201,M,,,13
200900041485,9,4,26,2100,5,2,1,3.0,6,13204,M,,,13
200900041486,9,4,19,1740,1,2,2,1.0,6,13204,M,,,13
200900041487,9,4,16,1900,1,2,1,1.0,6,13211,M,,,13
200900041488,9,4,7,930,1,2,3,1.0,3,13201,M,,,13
200900041489,9,4,18,1045,1,2,1,1.0,3,13213,M,,,13
200900041490,9,4,20,1825,2,2,1,8.0,4,13207,M,,,13
200900041491,9,4,8,950,1,2,3,1.0,3,13211,M,,,13
200900041492,9,4,19,1820,1,2,1,1.0,6,13204,M,,,13
200900041493,9,4,29,2010,1,2,1,1.0,3,13214,M,,,13
200900041494,9,4,8,1830,1,2,1,1.0,3,13202,M,,,13
200900041495,9,4,28,1745,1,2,1,1.0,1,13055,M,,,13
200900041496,9,4,13,2300,5,2,3,1.0,3,13055,M,4.0,0,13
200900041497,9,4,8,1600,1,2,1,1.0,6,13207,M,,,13
200900041498,9,4,12,504,5,2,5,2.0,3,13209,M,,,13
200900041499,9,4,29,745,1,2,1,1.0,6,13055,M,,,13
200900041500,9,4,1,900,1,2,1,2.0,6,13215,M,,,13
200900041501,9,4,15,1630,1,2,1,1.0,3,13205,M,,,13
200900041502,9,4,5,1245,1,2,1,1.0,1,13213,M,,,13
200900041503,9,4,3,1555,1,2,1,1.0,6,13211,M,,,13
200900041504,9,4,7,1020,1,2,1,1.0,6,13201,M,,,13
200900041505,9,4,27,1130,1,2,1,1.0,3,13201,M,,,13
200900041506,9,4,20,1045,1,2,1,1.0,2,13055,M,,,13
200900041507,9,4,24,2000,2,2,1,1.0,3,13205,M,,,13
200900041508,9,4,2,1845,1,2,1,8.0,6,13208,M,,,13
200900041509,9,4,24,1800,1,2,1,1.0,3,13208,M,,,13
200900041510,9,4,24,2230,5,2,3,1.0,3,13055,M,,,13
200900041511,9,4,30,2355,5,2,1,1.0,6,13206,M,,,13
200900041512,9,4,20,1600,1,2,1,1.0,3,13206,M,,,13
200900041513,9,4,17,2045,5,2,1,3.0,3,13206,M,,,13
200900041514,9,4,1,800,1,2,3,8.0,7,13075,M,,,13
200900041515,9,4,12,2045,5,2,1,1.0,6,13213,M,,,13
200900041516,9,4,29,2200,5,2,3,1.0,3,13203,M,,,13
200900041517,9,4,13,1845,1,2,1,1.0,3,13055,M,,,13
200900041518,9,4,17,1400,1,2,2,1.0,3,13212,M,,,13
200900041519,9,4,21,310,5,2,1,1.0,6,13204,M,,,13
200900041520,9,4,16,1620,1,2,1,1.0,6,13209,M,,,13
200900041521,9,4,10,2200,5,2,1,1.0,6,13201,M,,,13
200900041522,9,4,14,1900,1,2,1,1.0,3,13207,M,,,13
200900041523,9,4,23,1900,1,2,1,1.0,3,13207,M,,,13
200900041524,9,4,11,1500,1,2,1,1.0,3,13203,M,,,13
200900041525,9,4,29,2100,5,2,1,1.0,1,13055,M,,,13
200900041526,9,4,6,1520,1,2,1,1.0,2,13055,M,,,13
200900041527,9,4,8,1345,1,2,1,1.0,3,13215,M,,,13
200900041528,9,4,17,955,1,2,3,1.0,6,13209,M,,,13
200900041529,9,4,25,910,1,2,2,1.0,3,13206,M,,,13
200900041530,9,4,17,950,1,2,1,1.0,6,13205,M,,,13
200900041531,9,4,23,1100,1,2,1,1.0,2,13055,M,,,13
200900041532,9,4,6,1515,1,2,1,1.0,6,13203,M,,,13
200900041533,9,4,25,915,1,2,1,1.0,3,13055,M,,,13
200900041534,9,4,4,1430,1,2,1,1.0,3,13208,M,,,13
200900041535,9,4,6,1720,1,2,1,1.0,3,13212,M,,,13
200900041536,9,4,23,2140,3,2,1,1.0,7,13055,M,4.0,0,13
200900041537,9,4,25,1625,1,2,6,1.0,3,13210,M,,,13
200900041538,9,4,14,2245,5,2,1,1.0,6,13205,M,,,13
200900041539,9,4,25,1435,1,2,1,1.0,7,13209,M,,,13
200900041540,9,4,6,2000,2,2,3,1.0,6,13055,M,,,13
200900041541,9,4,17,1945,5,2,1,2.0,2,13214,M,,,13
200900041542,9,4,17,1315,1,2,2,1.0,3,13202,M,,,13
200900041543,9,4,6,1625,1,2,1,1.0,3,13204,M,,,13
200900041544,9,4,14,1230,1,2,1,1.0,6,13201,M,,,13
200900041545,9,4,26,2030,5,2,9,2.0,2,13055,M,,,13
200900041546,9,4,14,1020,1,2,3,1.0,3,13204,M,,,13
200900041547,9,4,10,1800,1,2,9,1.0,3,13207,M,,,13
200900041548,9,4,24,1345,1,2,3,1.0,3,13215,M,,,13
200900041549,9,4,8,1550,1,2,9,1.0,6,13209,M,,,13
200900041550,9,4,26,1400,1,2,6,2.0,3,13210,M,,,13
200900041551,9,4,3,850,1,2,1,1.0,3,13204,M,,,13
200900041552,9,4,6,815,1,2,1,1.0,6,13215,M,,,13
200900041553,9,4,16,1550,1,2,1,1.0,2,13213,M,,,13
200900041554,9,4,10,120,5,2,1,1.0,7,13208,M,,,13
200900041555,9,4,21,1930,1,2,1,2.0,2,13209,M,,,13
200900041556,9,4,9,1045,1,2,1,1.0,3,13201,M,,,13
200900041557,9,4,29,850,1,2,1,1.0,6,13055,M,,,13
200900041558,9,4,30,1420,1,2,1,1.0,2,13204,M,,,13
200900041559,9,4,3,730,1,2,1,1.0,3,13209,M,,,13
200900041560,9,4,7,1550,1,2,1,1.0,2,13212,M,,,13
200900041561,9,4,25,1505,1,2,1,1.0,2,13055,M,,,13
200900041562,9,4,14,1820,1,2,1,1.0,3,13210,M,,,13
200900041563,9,4,10,1905,1,2,1,1.0,3,13202,M,,,13
200900041564,9,4,24,2245,5,2,2,1.0,3,13212,M,,,13
200900041565,9,4,15,915,1,2,9,1.0,6,13055,M,,,13
200900041566,9,4,28,1540,1,2,9,1.0,6,13055,M,,,13
200900041567,9,4,5,1530,1,2,1,1.0,6,13208,M,,,13
200900041568,9,4,19,1920,1,2,1,1.0,6,13055,M,,,13
200900041569,9,4,25,2350,5,2,2,1.0,3,13055,M,,,13
200900041570,9,4,9,45,5,2,1,1.0,6,13215,M,,,13
200900041571,9,4,9,1915,1,2,1,1.0,6,13214,M,,,13
200900041572,9,4,15,1830,1,2,1,1.0,7,13209,M,,,13
200900041573,9,4,13,1430,1,2,1,1.0,6,13212,M,,,13
200900041574,9,4,10,2000,2,2,1,1.0,6,13212,M,,,13
200900041575,9,4,22,1500,1,2,1,1.0,6,13075,M,,,13
200900041576,9,4,28,745,1,2,2,1.0,3,13204,M,,,13
200900041577,9,4,16,1330,1,2,1,1.0,6,13201,M,,,13
200900041578,9,4,24,1930,1,2,1,1.0,6,13209,M,,,13
200900041579,9,4,27,845,1,2,1,1.0,6,13055,M,,,13
200900041580,9,4,30,1215,1,2,1,1.0,3,13055,M,,,13
200900041581,9,4,25,945,1,2,1,1.0,2,13201,M,,,13
200900041582,9,4,30,1200,1,2,1,1.0,1,13205,M,,,13
200900041583,9,4,1,850,1,2,1,2.0,4,13215,M,,,13
200900041584,9,4,5,2150,5,2,1,1.0,1,13210,M,,,13
200900041585,9,4,9,1325,1,2,1,1.0,6,13201,M,,,13
200900041586,9,4,8,1130,1,2,1,1.0,6,13215,M,,,13
200900041587,9,4,29,1200,1,2,1,1.0,2,13207,M,,,13
200900041588,9,4,1,1105,1,2,1,2.0,3,13204,M,,,13
200900041589,9,4,18,1400,1,2,1,1.0,3,13055,M,,,13
200900041590,9,4,2,1100,1,2,3,1.0,3,13055,M,,,13
200900041591,9,4,9,1915,2,2,1,1.0,6,13205,M,,,13
200900041592,9,4,15,1100,1,2,1,1.0,6,13216,M,,,13
200900041593,9,4,15,1400,1,2,1,1.0,6,13055,M,,,13
200900041594,9,4,2,1700,1,2,1,2.0,2,13202,M,,,13
200900041595,9,4,14,1530,1,2,1,1.0,6,13211,M,,,13
200900041596,9,4,9,1535,1,2,2,1.0,3,13212,M,,,13
200900041597,9,4,1,2100,5,2,1,3.0,6,13201,M,,,13
200900041598,9,4,12,450,4,2,1,2.0,6,13201,M,,,13
200900041599,9,4,5,1330,1,2,9,1.0,3,13208,M,,,13
200900041600,9,4,11,1020,1,2,1,1.0,1,13055,M,,,13
200900041601,9,4,13,1700,1,1,1,1.0,1,13002,M,4.0,0,13
200900041602,9,4,10,820,1,2,1,1.0,6,13208,M,,,13
200900041603,9,4,17,745,1,2,1,1.0,6,13201,M,,,13
200900041604,9,4,14,2145,5,2,1,1.0,1,13211,M,,,13
200900041605,9,4,1,730,2,2,1,2.0,6,13213,M,,,13
200900041606,9,4,9,935,1,2,1,1.0,1,13055,M,,,13
200900041607,9,4,10,1645,1,2,1,1.0,7,13206,M,,,13
200900041608,9,4,27,2205,5,2,3,1.0,1,13055,M,4.0,0,13
200900041609,9,4,17,20,5,2,1,1.0,3,13206,M,,,13
200900041610,9,4,9,1935,1,2,1,1.0,7,13208,M,,,13
200900041611,9,4,9,830,1,2,1,1.0,2,13204,M,,,13
200900041612,9,4,7,1245,1,2,1,1.0,3,13208,M,,,13
200900041613,9,4,7,1220,1,2,1,1.0,6,13213,M,,,13
200900041614,9,4,24,1850,2,2,3,1.0,3,13055,M,,,13
200900041615,9,4,6,1315,1,2,3,1.0,1,13209,M,,,13
200900041616,9,4,8,2000,1,2,2,1.0,3,13208,M,,,13
200900041617,9,4,21,930,1,2,1,1.0,6,13207,M,,,13
200900041618,9,4,21,1705,1,2,1,1.0,6,13201,M,,,13
200900041619,9,4,8,1800,1,2,2,1.0,3,13215,M,,,13
200900041620,9,4,29,1830,1,2,1,1.0,2,13213,M,,,13
200900041621,9,4,5,2045,5,2,1,1.0,3,13211,M,,,13
200900041622,9,4,3,1930,1,2,1,1.0,6,13205,M,,,13
200900041623,9,4,23,1920,5,2,5,1.0,3,13210,M,,,13
200900041624,9,4,19,1320,1,2,1,1.0,4,13213,M,,,13
200900041625,9,4,27,1330,1,2,1,1.0,6,13210,M,,,13
200900041626,9,4,26,847,1,2,3,3.0,3,13209,M,,,13
200900041627,9,4,7,1710,1,2,1,1.0,6,13055,M,,,13
200900041628,9,4,21,2115,5,2,1,1.0,6,13055,M,,,13
200900041629,9,4,23,1900,5,2,3,1.0,6,13055,M,,,13
200900041630,9,4,26,2020,5,2,1,1.0,5,13055,M,4.0,0,13
200900041631,9,4,7,805,1,2,6,1.0,6,13209,M,,,13
200900041632,9,4,29,1800,2,2,3,1.0,3,13210,M,,,13
200900041633,9,4,4,1455,1,2,1,1.0,1,13203,M,,,13
200900041634,9,4,14,400,2,2,1,1.0,6,13211,M,,,13
200900041635,9,4,3,1315,1,2,1,1.0,1,13215,M,,,13
200900041636,9,4,19,345,5,2,1,1.0,1,13055,M,4.0,0,13
200900041637,9,4,28,715,1,2,1,1.0,2,13208,M,,,13
200900041638,9,4,23,1450,1,2,1,1.0,1,13055,M,4.0,0,13
200900041639,9,4,30,2150,3,2,1,1.0,6,13055,M,,,13
200900041640,9,4,8,1940,1,2,1,1.0,2,13205,M,,,13
200900041641,9,4,4,700,2,2,1,1.0,2,13201,M,,,13
200900041642,9,4,7,2100,5,2,2,1.0,3,13209,M,,,13
200900041643,9,11,17,1310,1,2,1,1.0,6,63113,M,,,63
200900041644,9,11,17,2040,2,2,1,1.0,6,63113,M,,,63
200900041645,9,11,18,1815,5,2,1,1.0,6,63113,M,,,63
200900041646,9,11,20,710,5,2,1,1.0,6,63113,M,,,63
200900041647,9,9,7,1125,1,1,1,1.0,7,60494,M,,,60
200900041648,9,10,30,730,2,2,1,1.0,6,60057,M,,,60
200900041649,9,10,31,1400,1,2,1,1.0,6,60057,M,,,60
200900041650,9,11,20,1615,1,2,1,1.0,6,63113,M,,,63
200900041651,9,11,20,2020,5,2,6,1.0,6,63014,M,,,63
200900041652,9,11,16,730,1,1,1,1.0,3,60159,M,,,60
200900041653,9,11,19,1740,2,2,6,1.0,6,60159,M,,,60
200900041654,9,11,22,900,1,1,1,2.0,7,60057,M,,,60
200900041655,9,11,22,1900,5,2,1,2.0,6,60057,M,,,60
200900041656,9,11,24,1730,2,2,1,1.0,6,60159,M,,,60
200900041657,9,11,14,615,2,1,1,6.0,1,80642,M,0.0,0,80
200900041658,9,11,14,515,3,1,1,1.0,1,80600,M,0.0,0,80
200900041659,9,11,9,830,2,1,2,1.0,3,80087,M,0.0,0,80
200900041660,9,11,19,2100,3,1,1,1.0,6,80616,M,0.0,0,80
200900041661,9,11,28,1845,3,1,1,2.0,5,80527,M,0.0,0,80
200900041662,9,11,20,2330,3,1,1,2.0,4,80646,M,0.0,0,80
200900041663,9,11,28,1730,2,1,1,2.0,6,80815,M,0.0,0,80
200900041664,9,11,13,600,3,1,1,2.0,7,80802,M,0.0,0,80
200900041665,9,11,23,2030,2,1,1,1.0,6,80238,M,0.0,0,80
200900041666,9,11,23,315,3,1,1,2.0,6,80307,M,0.0,0,80
200900041667,9,11,16,2145,5,2,6,1.0,3,80063,M,0.0,0,80
200900041668,9,11,12,1600,1,1,2,1.0,3,80447,M,0.0,0,80
200900041669,9,11,16,1400,1,1,1,1.0,7,80725,M,0.0,0,80
200900041670,9,11,13,1915,5,2,1,1.0,6,80298,M,0.0,0,80
200900041671,9,11,14,1445,1,2,2,1.0,3,80606,M,0.0,0,80
200900041672,9,11,23,1745,5,2,1,3.0,6,80799,M,0.0,0,80
200900041673,9,11,26,1915,5,2,1,3.0,6,80793,M,0.0,0,80
200900041674,9,11,29,1215,1,1,1,1.0,1,80707,M,0.0,0,80
200900041675,9,11,7,2115,3,1,1,1.0,6,80039,M,0.0,0,80
200900041676,9,11,22,845,1,1,1,6.0,6,80767,M,0.0,0,80
200900041677,9,11,23,730,2,1,1,1.0,1,80634,M,0.0,0,80
200900041678,9,11,18,1745,3,2,1,1.0,2,80585,M,0.0,0,80
200900041679,9,11,23,1215,1,1,1,2.0,6,80002,M,0.0,0,80
200900041680,9,11,2,730,1,1,1,2.0,6,80421,M,0.0,0,80
200900041681,9,11,3,1300,1,1,1,3.0,1,80804,M,0.0,0,80
200900041682,9,11,6,1830,3,1,1,2.0,5,80240,M,0.0,0,80
200900041683,9,11,18,1915,5,2,1,1.0,5,80021,M,,,80
200900041684,9,11,30,1405,1,2,1,1.0,4,80674,M,,,80
200900041685,9,11,23,1910,5,2,1,1.0,2,80021,M,,,80
200900041686,9,11,13,834,1,2,1,1.0,7,80021,M,,,80
200900041687,9,11,6,1205,1,2,2,1.0,3,80021,M,,,80
200900041688,9,11,5,1940,5,2,1,2.0,7,80021,M,,,80
200900041689,9,11,14,2000,5,2,1,1.0,2,80021,M,,,80
200900041690,9,11,24,1630,1,2,1,1.0,3,80021,M,,,80
200900041691,9,11,23,1720,5,2,1,3.0,3,80164,M,,,80
200900041692,9,11,25,1900,5,2,1,1.0,3,80021,M,,,80
200900041693,9,11,19,940,1,2,1,1.0,2,80021,M,,,80
200900041694,9,11,26,1945,5,2,6,2.0,4,80021,M,,,80
200900041695,9,11,24,1211,1,2,1,1.0,7,80021,M,,,80
200900041696,9,11,13,1205,1,2,1,1.0,3,80021,M,,,80
200900041697,9,11,13,1515,1,2,1,1.0,2,80021,M,,,80
200900041698,9,11,24,1750,5,2,1,3.0,3,80021,M,,,80
200900041699,9,11,20,735,2,1,1,1.0,1,80261,M,,,80
200900041700,9,11,20,2010,5,2,1,1.0,6,80021,M,,,80
200900041701,9,11,23,1700,5,2,1,1.0,6,80021,M,,,80
200900041702,9,11,6,718,4,2,1,3.0,6,80001,M,,,80
200900041703,9,11,18,800,1,2,1,1.0,5,80021,M,,,80
200900041704,9,11,23,1210,1,2,3,2.0,3,80021,M,,,80
200900041705,9,11,18,2100,5,2,1,1.0,6,80021,M,,,80
200900041706,9,11,19,1140,1,2,2,1.0,3,80724,M,,,80
200900041707,9,11,12,1720,5,1,1,1.0,2,80021,M,,,80
200900041708,9,11,26,2130,5,1,1,2.0,7,80021,M,,,80
200900041709,9,11,3,800,1,2,1,3.0,7,80021,M,,,80
200900041710,9,11,3,1155,1,2,1,2.0,7,80021,M,,,80
200900041711,9,11,7,1920,5,2,2,1.0,6,80021,M,,,80
200900041712,9,11,8,10,5,2,1,1.0,6,80021,M,,,80
200900041713,9,2,16,945,1,1,1,1.0,7,91433,M,,,91
200900041714,9,2,25,930,1,1,4,1.0,3,91469,M,,,91
200900041715,9,11,21,1750,5,2,9,1.0,6,63113,M,,,63
200900041716,9,11,24,705,1,2,3,1.0,6,63113,M,,,63
200900041717,9,4,27,1307,1,1,6,2.0,2,42189,M,,,42
200900041718,9,11,30,1745,5,2,1,8.0,6,02820,M,0.0,0,02
200900041719,9,11,17,1500,1,1,4,1.0,3,02336,M,0.0,0,02
200900041720,9,11,21,2020,3,1,1,1.0,1,02218,M,0.0,0,02
200900041721,9,11,15,835,1,2,2,1.0,3,02381,M,0.0,0,02
200900041722,9,11,7,1430,1,1,1,1.0,6,02591,M,0.0,0,02
200900041723,9,11,14,1320,1,1,1,1.0,6,02297,M,0.0,0,02
200900041724,9,11,15,310,3,1,1,8.0,7,02703,M,0.0,0,02
200900041725,9,11,26,1200,1,2,2,1.0,1,02810,M,0.0,0,02
200900041726,9,11,12,2320,3,1,1,1.0,7,02424,M,0.0,0,02
200900041727,9,11,1,930,1,2,1,2.0,6,02658,M,0.0,0,02
200900041728,9,11,22,1800,5,2,1,2.0,6,02789,M,0.0,0,02
200900041729,9,11,2,1955,3,1,1,1.0,6,02303,M,0.0,0,02
200900041730,9,11,25,1740,5,2,1,6.0,6,02361,M,0.0,0,02
200900041731,9,11,22,10,3,1,1,2.0,2,02746,M,0.0,0,02
200900041732,9,11,22,1420,1,2,1,1.0,6,02262,M,0.0,0,02
200900041733,9,11,5,1745,3,1,1,2.0,3,02305,M,0.0,0,02
200900041734,9,11,28,1145,1,1,1,2.0,1,02385,M,0.0,0,02
200900041735,9,11,6,1945,3,1,1,1.0,1,02554,M,4.0,0,02
200900041736,9,11,10,815,1,2,1,1.0,1,02663,M,0.0,0,02
200900041737,9,11,2,1845,3,1,2,2.0,3,02020,M,0.0,0,02
200900041738,9,11,20,720,3,1,1,8.0,5,02746,M,0.0,0,02
200900041739,9,11,11,2200,5,2,1,1.0,6,02381,M,0.0,0,02
200900041740,9,11,30,1815,3,1,1,8.0,2,02336,M,0.0,0,02
200900041741,9,11,26,2020,3,1,1,2.0,6,02821,M,0.0,0,02
200900041742,9,11,12,745,2,1,1,1.0,5,02746,M,0.0,0,02
200900041743,9,11,7,1530,1,1,1,7.0,1,02810,M,4.0,0,02
200900041744,9,11,2,1200,1,2,1,1.0,7,02358,M,4.0,0,02
200900041745,9,11,30,1810,5,2,1,2.0,6,02691,M,,,02
200900041746,9,11,27,2030,5,2,3,1.0,1,02810,M,0.0,0,02
200900041747,9,9,4,1555,1,2,1,1.0,1,30028,M,4.0,0,30
200900041748,9,9,4,1620,1,2,3,1.0,3,30028,M,4.0,0,30
200900041749,9,9,5,410,3,2,2,6.0,7,30032,M,4.0,0,30
200900041750,9,9,5,1415,1,2,3,1.0,3,30028,M,4.0,0,30
200900041751,9,9,9,845,1,2,6,1.0,3,30032,M,4.0,0,30
200900041752,9,9,15,1020,1,2,2,1.0,3,30032,M,4.0,0,30
200900041753,9,9,15,1445,1,2,1,1.0,1,30028,M,4.0,0,30
200900041754,9,9,16,1655,1,2,4,1.0,2,30028,M,4.0,0,30
200900041755,9,3,28,1735,1,2,1,2.0,3,02722,M,,,02
200900041756,9,9,21,1805,1,2,3,1.0,3,30028,M,4.0,0,30
200900041757,9,9,23,1750,1,2,1,1.0,2,30032,M,,,30
200900041758,9,4,29,2029,1,2,2,1.0,3,42218,M,,,42
200900041759,9,4,30,1445,1,2,1,1.0,7,42147,M,,,42
200900041760,9,9,5,1045,1,2,1,1.0,2,19031,M,4.0,0,19
200900041761,9,9,4,1355,1,2,4,1.0,3,19272,M,4.0,0,19
200900041762,9,9,15,1020,1,2,3,1.0,2,19031,M,4.0,0,19
200900041763,9,9,5,1730,1,2,1,1.0,4,19031,M,4.0,0,19
200900041764,9,9,7,1040,1,2,1,1.0,6,19031,M,4.0,0,19
200900041765,9,9,10,1000,1,1,1,1.0,7,19028,M,4.0,0,19
200900041766,9,9,13,2115,3,1,3,1.0,5,19218,M,4.0,0,19
200900041767,9,9,10,1505,1,2,2,1.0,2,19031,M,4.0,0,19
200900041768,9,9,12,1700,1,1,1,1.0,3,19248,M,4.0,0,19
200900041769,9,9,15,1345,1,1,1,2.0,6,19121,M,4.0,0,19
200900041770,9,9,17,1300,1,2,1,1.0,2,19031,M,4.0,0,19
200900041771,9,9,19,1010,1,2,3,2.0,6,19031,M,4.0,0,19
200900041772,9,9,19,1325,1,2,2,2.0,3,19031,M,4.0,0,19
200900041773,9,9,19,1430,1,1,1,2.0,6,19286,M,4.0,0,19
200900041774,9,9,19,2040,5,2,2,2.0,3,19031,M,4.0,0,19
200900041775,9,9,20,1800,1,1,1,2.0,1,19070,M,4.0,0,19
200900041776,9,9,22,1620,1,2,1,1.0,2,19031,M,4.0,0,19
200900041777,9,9,25,900,1,2,6,1.0,3,19031,M,4.0,0,19