Num_Acc,an,mois,jour,hrmn,lum,agg,int,atm,col,com,gps,lat,long,dep
200900041778,9,9,25,1645,1,1,1,1.0,3,19076,M,4.0,0,19
200900041779,9,9,25,1745,1,2,1,1.0,5,19031,M,4.0,0,19
200900041780,9,9,25,1800,1,1,1,1.0,3,19081,M,4.0,0,19
200900041781,9,9,25,2045,5,2,1,1.0,6,19031,M,4.0,0,19
200900041782,9,9,28,1600,1,1,1,1.0,1,19192,M,4.0,0,19
200900041783,9,9,29,1640,1,2,1,1.0,6,19031,M,4.0,0,19
200900041784,9,9,30,1825,1,2,1,1.0,3,19031,M,4.0,0,19
200900041785,9,9,30,2315,3,1,1,1.0,6,19218,M,4.0,0,19
200900041786,9,9,3,1405,1,2,1,1.0,3,19031,M,4.0,0,19
200900041787,9,4,30,1610,1,2,1,1.0,2,42095,M,,,42
200900041788,9,4,30,1620,1,2,1,1.0,6,42218,M,,,42
200900041789,9,4,3,1535,1,2,1,1.0,2,91692,M,,,91
200900041790,9,4,3,1715,1,2,1,1.0,7,91122,M,,,91
200900041791,9,4,9,755,1,1,1,1.0,6,42270,M,4.0,0,42
200900041792,9,4,4,1555,1,1,1,1.0,3,42316,M,4.0,0,42
200900041793,9,4,12,1600,1,2,4,8.0,3,42095,M,4.0,0,42
200900041794,9,4,26,2115,5,2,1,2.0,6,42044,M,4.0,0,42
200900041795,9,4,1,740,1,2,2,1.0,3,42218,M,,,42
200900041796,9,4,9,1539,1,2,1,1.0,6,42218,M,4.0,0,42
200900041797,9,4,28,1855,1,2,3,1.0,3,42187,M,4.0,0,42
200900041798,9,4,19,1815,1,1,3,2.0,3,42094,M,4.0,0,42
200900041799,9,4,26,1630,1,1,1,3.0,1,42013,M,4.0,0,42
200900041800,9,4,8,1645,1,2,3,1.0,3,42094,M,4.0,0,42
200900041801,9,4,7,1730,1,1,1,2.0,6,42256,M,4.0,0,42
200900041802,9,4,17,1815,1,1,1,1.0,5,42174,M,4.0,0,42
200900041803,9,4,5,730,1,1,1,1.0,7,42260,M,4.0,0,42
200900041804,9,4,9,745,1,1,1,1.0,3,42005,M,4.0,0,42
200900041805,9,4,13,845,1,1,1,1.0,7,42015,M,4.0,0,42
200900041806,9,4,25,930,1,1,1,1.0,2,42174,M,4.0,0,42
200900041807,9,4,3,1645,1,2,1,1.0,6,42218,M,,,42
200900041808,9,4,2,1700,1,1,1,1.0,3,42128,M,4.0,0,42
200900041809,9,4,21,1500,1,1,1,1.0,1,42208,M,4.0,0,42
200900041810,9,4,27,1830,1,2,1,1.0,3,42187,M,4.0,0,42
200900041811,9,4,4,1234,1,1,1,1.0,6,42218,M,,,42
200900041812,9,4,7,1147,1,2,9,2.0,3,42218,M,4.0,0,42
200900041813,9,4,27,1830,1,2,3,1.0,3,42218,M,4.0,0,42
200900041814,9,4,6,2010,2,2,3,1.0,3,42218,M,4.0,0,42
200900041815,9,4,6,1518,1,2,2,1.0,3,42218,M,4.0,0,42
200900041816,9,4,18,1220,1,1,1,7.0,3,42330,M,,,42
200900041817,9,4,6,1817,1,2,4,1.0,3,42218,M,,,42
200900041818,9,4,16,1420,1,2,2,1.0,3,42218,M,4.0,0,42
200900041819,9,4,7,1940,1,1,1,2.0,6,42218,M,,,42
200900041820,9,4,24,1700,1,1,1,1.0,2,42218,M,,,42
200900041821,9,4,7,1035,1,1,1,1.0,2,42218,M,,,42
200900041822,9,4,30,1650,1,1,1,1.0,5,42218,M,,,42
200900041823,9,4,12,1705,1,1,1,2.0,3,42110,M,,,42
200900041824,9,7,4,1335,1,1,1,2.0,6,69199,M,,,69
200900041825,9,7,31,45,4,1,1,1.0,6,69294,M,,,69
200900041826,9,7,12,645,1,1,1,1.0,7,69152,M,,,69
200900041827,9,7,13,1010,1,1,1,1.0,6,69149,M,,,69
200900041828,9,7,14,1130,2,1,1,3.0,3,69169,M,0.0,0,69
200900041829,9,7,12,1015,1,1,1,1.0,4,69115,M,0.0,0,69
200900041830,9,7,31,2245,3,1,1,1.0,1,69059,M,0.0,0,69
200900041831,9,7,31,1530,1,1,1,1.0,7,69103,M,0.0,0,69
200900041832,9,7,31,630,2,1,1,1.0,1,69086,M,0.0,0,69
200900041833,9,7,31,1015,1,1,1,1.0,3,69197,M,4.0,0,69
200900041834,9,7,25,100,5,1,1,1.0,6,69298,M,4.0,0,69
200900041835,9,7,24,2040,5,2,9,1.0,6,69072,M,4.0,0,69
200900041836,9,7,14,1400,1,2,6,1.0,6,69286,M,0.0,0,69
200900041837,9,7,19,315,3,1,1,1.0,7,69215,M,4.0,0,69
200900041838,9,7,24,230,5,2,1,1.0,6,69204,M,0.0,0,69
200900041839,9,7,13,1100,1,2,1,1.0,3,69121,M,0.0,0,69
200900041840,9,7,23,1915,1,2,1,1.0,1,69190,M,0.0,0,69
200900041841,9,7,30,1715,1,2,1,1.0,1,69006,M,0.0,0,69
200900041842,9,7,27,1715,1,2,1,1.0,2,69089,M,0.0,0,69
200900041843,9,7,6,1900,1,2,1,1.0,6,69107,M,0.0,0,69
200900041844,9,7,12,400,5,2,1,1.0,7,69046,M,0.0,0,69
200900041845,9,7,3,1445,1,1,1,1.0,6,69043,M,4.0,0,69
200900041846,9,7,6,1100,1,1,1,1.0,1,69052,M,4.0,0,69
200900041847,9,7,31,2230,3,2,1,1.0,7,69010,M,0.0,0,69
200900041848,9,7,24,800,1,2,6,1.0,3,69271,M,0.0,0,69
200900041849,9,7,6,1215,1,1,1,1.0,1,69110,M,0.0,0,69
200900041850,9,7,3,1215,1,1,3,1.0,2,69108,M,0.0,0,69
200900041851,9,7,17,1945,1,2,1,1.0,3,69208,M,0.0,0,69
200900041852,9,7,23,1800,1,1,3,1.0,3,69056,M,0.0,0,69
200900041853,9,7,12,2045,5,2,1,1.0,6,69018,M,0.0,0,69
200900041854,9,7,31,1800,1,2,1,1.0,5,69285,M,0.0,0,69
200900041855,9,7,21,1715,1,1,2,1.0,3,69035,M,0.0,0,69
200900041856,9,7,27,1745,1,1,1,1.0,1,69296,M,0.0,0,69
200900041857,9,7,7,730,1,1,1,1.0,3,69209,M,0.0,0,69
200900041858,9,7,23,1800,1,2,1,1.0,3,69228,M,4.0,0,69
200900041859,9,7,8,1645,1,1,1,1.0,3,69269,M,0.0,0,69
200900041860,9,7,3,1235,1,2,1,1.0,3,69389,M,,,69
200900041861,9,7,9,1750,1,2,4,1.0,3,69290,M,,,69
200900041862,9,7,8,1040,1,2,9,1.0,6,69389,M,,,69
200900041863,9,7,15,1650,1,2,1,1.0,2,69389,M,,,69
200900041864,9,7,8,1730,1,2,2,1.0,1,69385,M,,,69
200900041865,9,7,6,945,1,2,3,1.0,6,69383,M,,,69
200900041866,9,7,16,1400,1,1,1,1.0,7,69266,M,,,69
200900041867,9,7,8,345,5,2,6,2.0,7,69100,M,,,69
200900041868,9,7,21,1620,1,2,1,1.0,3,69063,M,,,69
200900041869,9,7,1,2215,3,2,9,1.0,6,69131,M,,,69
200900041870,9,7,6,1130,1,2,6,1.0,6,69286,M,,,69
200900041871,9,7,10,730,1,2,1,1.0,1,69209,M,,,69
200900041872,9,7,12,40,3,2,1,1.0,7,69024,M,,,69
200900041873,9,7,17,1830,1,2,1,2.0,6,69259,M,,,69
200900041874,9,7,27,1800,1,2,1,1.0,6,69389,M,,,69
200900041875,9,7,20,1345,1,2,2,1.0,3,69259,M,,,69
200900041876,9,7,10,1505,1,2,3,1.0,3,69259,M,,,69
200900041877,9,7,25,2130,5,2,2,1.0,3,69383,M,,,69
200900041878,9,7,3,2013,1,2,9,1.0,7,69259,M,,,69
200900041879,9,7,5,245,5,2,1,1.0,6,69199,M,,,69
200900041880,9,7,11,1605,1,2,1,1.0,1,69259,M,,,69
200900041881,9,7,20,1930,1,2,4,1.0,6,69383,M,,,69
200900041882,9,7,22,15,5,2,2,1.0,3,69383,M,,,69
200900041883,9,7,17,1135,1,2,1,1.0,2,69386,M,,,69
200900041884,9,7,21,1650,1,2,2,1.0,6,69386,M,,,69
200900041885,9,7,25,2245,5,2,1,1.0,7,69259,M,,,69
200900041886,9,7,28,945,1,2,2,1.0,6,69383,M,,,69
200900041887,9,7,23,1735,1,2,1,1.0,7,69385,M,,,69
200900041888,9,7,31,1705,1,2,2,1.0,4,69383,M,,,69
200900041889,9,7,20,635,1,2,9,1.0,2,69096,M,,,69
200900041890,9,7,9,1230,1,2,2,1.0,3,69259,M,,,69
200900041891,9,7,23,2145,5,2,2,1.0,2,69386,M,,,69
200900041892,9,7,6,755,1,2,2,1.0,3,69259,M,,,69
200900041893,9,7,4,1400,1,2,3,2.0,1,69259,M,,,69
200900041894,9,7,17,1455,1,2,1,3.0,1,69256,M,,,69
200900041895,9,7,2,2110,1,2,1,1.0,1,69259,M,,,69
200900041896,9,7,12,500,5,2,1,1.0,6,69259,M,,,69
200900041897,9,7,30,2323,5,2,1,1.0,4,69381,M,,,69
200900041898,9,7,31,1010,1,2,2,1.0,3,69386,M,,,69
200900041899,9,7,25,2230,5,2,2,1.0,3,69387,M,,,69
200900041900,9,7,2,1245,1,2,1,1.0,6,69034,M,,,69
200900041901,9,7,5,2300,5,2,2,1.0,6,69387,M,,,69
200900041902,9,7,15,1,5,2,1,3.0,6,69382,M,,,69
200900041903,9,7,14,1650,1,2,1,1.0,6,69034,M,,,69
200900041904,9,7,18,1320,1,2,1,1.0,1,69034,M,,,69
200900041905,9,7,3,1715,1,2,1,1.0,6,69387,M,,,69
200900041906,9,7,11,1335,1,2,2,1.0,5,69387,M,,,69
200900041907,9,7,31,1140,1,2,7,1.0,3,69382,M,,,69
200900041908,9,7,20,1510,1,2,2,1.0,3,69382,M,,,69
200900041909,9,7,8,1835,1,2,3,1.0,2,69034,M,,,69
200900041910,9,7,27,1530,1,1,1,1.0,7,69055,M,,,69
200900041911,9,7,4,1220,1,1,1,1.0,3,69055,M,,,69
200900041912,9,7,8,2130,2,1,1,1.0,3,69199,M,,,69
200900041913,9,7,12,1115,1,1,1,1.0,2,69266,M,,,69
200900041914,9,7,28,850,1,1,1,1.0,2,69055,M,,,69
200900041915,9,7,17,810,1,1,1,2.0,6,69193,M,,,69
200900041916,9,7,21,1330,1,1,1,1.0,3,69297,M,,,69
200900041917,9,7,16,1830,1,2,1,1.0,6,69290,M,,,69
200900041918,9,7,1,1920,1,2,1,1.0,6,69290,M,,,69
200900041919,9,7,1,1505,1,1,1,1.0,7,69149,M,,,69
200900041920,9,7,2,1530,1,2,4,1.0,6,69385,M,,,69
200900041921,9,7,2,1615,1,2,1,1.0,3,69034,M,,,69
200900041922,9,7,3,1410,1,2,2,1.0,3,69259,M,,,69
200900041923,9,7,4,1125,1,2,1,1.0,7,69382,M,,,69
200900041924,9,7,6,1400,1,2,2,1.0,3,69259,M,,,69
200900041925,9,7,6,1800,1,1,1,1.0,7,69199,M,,,69
200900041926,9,7,7,1320,1,2,1,2.0,2,69384,M,,,69
200900041927,9,7,8,25,5,2,2,1.0,2,69381,M,,,69
200900041928,9,7,9,1550,1,2,1,1.0,2,69202,M,,,69
200900041929,9,7,10,200,5,2,1,1.0,6,69381,M,,,69
200900041930,9,7,11,750,1,1,1,1.0,6,69266,M,,,69
200900041931,9,7,11,1450,1,1,1,1.0,2,69152,M,,,69
200900041932,9,7,12,710,1,1,1,1.0,7,69199,M,,,69
200900041933,9,7,12,1830,1,2,1,1.0,2,69389,M,,,69
200900041934,9,7,15,720,1,2,1,2.0,6,69290,M,,,69
200900041935,9,7,15,1700,1,1,1,1.0,2,69189,M,,,69
200900041936,9,7,15,1710,1,2,1,1.0,6,69384,M,,,69
200900041937,9,7,12,2150,2,1,1,1.0,7,69297,M,,,69
200900041938,9,7,14,1000,1,1,1,1.0,6,69193,M,0.0,0,69
200900041939,9,7,17,815,1,2,1,2.0,1,69290,M,,,69
200900041940,9,7,19,320,3,1,1,1.0,7,69125,M,,,69
200900041941,9,7,20,900,1,1,1,1.0,3,69297,M,,,69
200900041942,9,7,18,1130,1,2,1,1.0,3,69069,M,0.0,0,69
200900041943,9,7,18,1435,1,2,2,1.0,3,69389,M,,,69
200900041944,9,7,18,1845,1,1,1,1.0,1,69031,M,0.0,0,69
200900041945,9,7,23,1145,1,1,1,1.0,3,69273,M,,,69
200900041946,9,7,21,1220,1,2,3,1.0,3,69256,M,,,69
200900041947,9,7,21,1545,1,2,2,1.0,3,69034,M,,,69
200900041948,9,7,24,1,5,2,1,1.0,7,69387,M,,,69
200900041949,9,7,23,1545,1,2,5,1.0,3,69259,M,,,69
200900041950,9,7,23,1920,1,2,1,1.0,3,69152,M,,,69
200900041951,9,7,25,1530,1,2,1,1.0,1,69081,M,4.0,0,69
200900041952,9,7,25,1725,1,2,2,1.0,3,69199,M,,,69
200900041953,9,7,24,1915,1,2,2,1.0,3,69259,M,,,69
200900041954,9,7,27,30,3,1,1,1.0,3,69299,M,4.0,0,69
200900041955,9,7,27,1420,1,2,1,1.0,3,69387,M,,,69
200900041956,9,7,27,1545,1,1,1,1.0,4,69283,M,,,69
200900041957,9,7,27,1920,1,2,3,1.0,2,69152,M,,,69
200900041958,9,7,27,1945,1,1,1,1.0,7,69188,M,0.0,0,69
200900041959,9,7,28,1440,1,2,1,1.0,6,69385,M,,,69
200900041960,9,7,28,1600,1,1,1,1.0,3,69297,M,,,69
200900041961,9,7,28,1800,1,2,1,7.0,6,69143,M,0.0,0,69
200900041962,9,7,29,845,1,1,1,1.0,3,69297,M,,,69
200900041963,9,7,30,1615,1,2,9,1.0,6,69381,M,,,69
200900041964,9,7,30,1945,1,2,1,1.0,6,69081,M,4.0,0,69
200900041965,9,7,31,430,3,1,1,1.0,1,69219,M,0.0,0,69
200900041966,9,7,31,1630,1,2,1,1.0,6,69034,M,,,69
200900041967,9,7,1,1834,1,2,1,1.0,4,69034,M,,,69
200900041968,9,7,2,300,5,2,1,1.0,7,69168,M,4.0,0,69
200900041969,9,7,2,815,1,1,1,1.0,3,69007,M,0.0,0,69
200900041970,9,7,2,945,1,1,9,1.0,3,69102,M,0.0,0,69
200900041971,9,7,2,1210,1,2,2,1.0,3,69382,M,,,69
200900041972,9,8,21,945,1,1,1,1.0,2,69389,M,,,69
200900041973,9,8,25,1515,1,1,1,1.0,2,69290,M,,,69
200900041974,9,8,28,1810,1,1,1,1.0,5,69256,M,,,69
200900041975,9,8,18,815,1,1,1,1.0,3,69389,M,,,69
200900041976,9,8,28,1230,1,1,1,1.0,6,69297,M,,,69
200900041977,9,8,31,1830,1,1,1,1.0,2,69072,M,,,69
200900041978,9,8,25,1142,1,1,1,2.0,7,69290,M,,,69
200900041979,9,8,24,1623,1,1,1,1.0,2,69281,M,,,69
200900041980,9,8,24,1750,1,2,1,1.0,3,69149,M,,,69
200900041981,9,8,27,2050,2,2,2,1.0,3,69383,M,,,69
200900041982,9,8,31,1825,1,2,1,1.0,2,69389,M,,,69
200900041983,9,8,17,1130,1,1,1,1.0,3,69242,M,4.0,0,69
200900041984,9,8,20,2315,5,2,1,1.0,6,69057,M,0.0,0,69
200900041985,9,8,17,1130,1,2,1,1.0,1,69238,M,0.0,0,69
200900041986,9,8,19,930,1,1,1,1.0,1,69074,M,0.0,0,69
200900041987,9,8,29,1500,1,2,1,1.0,3,69244,M,0.0,0,69
200900041988,9,8,22,2200,5,2,1,1.0,7,69177,M,0.0,0,69
200900041989,9,8,16,1945,1,1,1,1.0,6,69264,M,0.0,0,69
200900041990,9,8,26,45,5,2,1,1.0,6,69046,M,0.0,0,69
200900041991,9,8,20,1415,1,1,1,1.0,1,69147,M,0.0,0,69
200900041992,9,8,25,2015,3,1,1,3.0,7,69021,M,0.0,0,69
200900041993,9,8,29,1815,1,1,1,1.0,3,69264,M,0.0,0,69
200900041994,9,8,22,1900,1,2,1,1.0,1,69286,M,0.0,0,69
200900041995,9,8,31,2130,3,1,1,1.0,2,69211,M,0.0,0,69
200900041996,9,8,26,1520,1,2,2,1.0,3,69387,M,,,69
200900041997,9,8,31,1920,2,2,2,1.0,3,69383,M,,,69
200900041998,9,8,31,1750,1,1,1,1.0,3,69091,M,,,69
200900041999,9,8,22,1930,1,2,1,1.0,7,69387,M,,,69
200900042000,9,8,24,950,1,2,1,1.0,6,69383,M,,,69
200900042001,9,8,30,1900,1,2,2,1.0,3,69290,M,,,69
200900042002,9,8,24,1500,1,2,3,1.0,3,69259,M,,,69
200900042003,9,8,26,1810,1,2,2,1.0,6,69383,M,,,69
200900042004,9,8,25,810,1,2,2,1.0,3,69387,M,,,69
200900042005,9,8,26,1730,1,2,2,1.0,6,69386,M,,,69
200900042006,9,8,24,1345,1,2,1,1.0,6,69290,M,,,69
200900042007,9,8,29,930,1,2,9,1.0,3,69389,M,,,69
200900042008,9,8,24,2115,5,2,2,1.0,3,69387,M,,,69
200900042009,9,8,27,1730,1,2,1,1.0,6,69034,M,,,69
200900042010,9,8,25,2245,5,2,2,1.0,6,69383,M,,,69
200900042011,9,8,26,1210,1,2,1,1.0,3,69387,M,,,69
200900042012,9,8,22,1730,1,2,1,1.0,4,69389,M,,,69
200900042013,9,8,22,1440,1,2,2,1.0,1,69256,M,,,69
200900042014,9,8,22,1150,1,2,2,1.0,6,69387,M,,,69
200900042015,9,8,21,1900,1,2,1,1.0,3,69385,M,,,69
200900042016,9,8,22,1025,1,2,2,1.0,3,69389,M,,,69
200900042017,9,8,31,1130,1,2,2,1.0,3,69383,M,,,69
200900042018,9,8,23,800,1,2,1,1.0,6,69383,M,,,69
200900042019,9,8,27,1848,1,2,1,1.0,7,69385,M,,,69
200900042020,9,8,24,2020,2,2,1,1.0,6,69383,M,,,69
200900042021,9,8,30,1930,1,2,2,1.0,6,69383,M,,,69
200900042022,9,8,25,705,1,2,1,1.0,6,69290,M,,,69
200900042023,9,8,26,100,3,1,1,2.0,6,69256,M,,,69
200900042024,9,8,25,100,3,1,1,1.0,6,69271,M,,,69
200900042025,9,8,27,1800,1,1,1,1.0,2,69281,M,,,69
200900042026,9,8,24,940,1,1,1,1.0,6,69029,M,,,69
200900042027,9,8,14,1100,1,1,1,1.0,3,69276,M,,,69
200900042028,9,8,31,1440,1,1,1,1.0,5,69270,M,,,69
200900042029,9,8,27,1630,1,1,1,1.0,3,69294,M,,,69
200900042030,9,8,28,1630,1,1,1,1.0,7,69199,M,,,69
200900042031,9,8,1,1445,1,2,1,1.0,2,69383,M,,,69
200900042032,9,8,1,1715,1,2,2,1.0,3,69256,M,,,69
200900042033,9,8,1,1120,1,2,2,1.0,3,69386,M,,,69
200900042034,9,8,1,1220,1,2,1,1.0,6,69389,M,,,69
200900042035,9,8,2,1120,1,1,1,1.0,7,69029,M,,,69
200900042036,9,8,2,1730,1,1,1,1.0,6,69290,M,,,69
200900042037,9,8,4,1940,1,2,2,1.0,3,69290,M,,,69
200900042038,9,8,3,1300,1,2,1,1.0,6,69383,M,,,69
200900042039,9,8,3,1520,1,2,1,1.0,3,69386,M,,,69
200900042040,9,8,3,1745,1,2,1,1.0,6,69383,M,,,69
200900042041,9,8,4,520,2,2,1,1.0,3,69382,M,,,69
200900042042,9,8,4,1645,1,1,2,1.0,3,69219,M,0.0,0,69
200900042043,9,8,4,1830,1,2,7,1.0,6,69382,M,,,69
200900042044,9,8,5,1130,1,1,9,1.0,6,69272,M,,,69
200900042045,9,8,5,1630,1,2,2,1.0,6,69386,M,,,69
200900042046,9,8,5,1915,1,2,1,1.0,2,69385,M,,,69
200900042047,9,8,5,2325,5,2,2,1.0,3,69387,M,,,69
200900042048,9,8,6,1609,1,2,9,1.0,1,69142,M,,,69
200900042049,9,8,7,1205,1,2,2,2.0,3,69383,M,,,69
200900042050,9,8,25,1815,1,2,3,1.0,3,69381,M,,,69
200900042051,9,8,25,745,1,2,3,1.0,7,69149,M,,,69
200900042052,9,8,2,300,5,2,3,2.0,3,69384,M,,,69
200900042053,9,8,5,1200,1,2,1,1.0,1,69384,M,,,69
200900042054,9,8,8,630,2,1,1,8.0,1,69014,M,0.0,0,69
200900042055,9,8,9,955,1,2,1,8.0,7,69385,M,,,69
200900042056,9,8,10,630,2,1,1,2.0,6,69278,M,,,69
200900042057,9,8,8,900,1,2,1,1.0,3,69290,M,,,69
200900042058,9,8,9,900,1,1,1,1.0,6,69256,M,,,69
200900042059,9,8,10,1100,1,2,2,2.0,3,69259,M,,,69
200900042060,9,8,10,1200,1,2,4,2.0,2,69259,M,,,69
200900042061,9,8,10,1510,1,2,2,1.0,1,69389,M,,,69
200900042062,9,8,10,1530,1,2,1,1.0,2,69066,M,0.0,0,69
200900042063,9,8,11,1100,1,2,1,1.0,6,69389,M,,,69
200900042064,9,8,11,1650,1,2,2,1.0,3,69387,M,,,69
200900042065,9,8,11,2042,1,2,1,1.0,1,69259,M,,,69
200900042066,9,8,12,940,1,1,1,1.0,2,69276,M,,,69
200900042067,9,8,13,1,3,1,1,1.0,2,69077,M,0.0,0,69
200900042068,9,8,13,1830,1,2,1,1.0,6,69276,M,0.0,0,69
200900042069,9,8,27,1015,1,1,1,1.0,3,69175,M,0.0,0,69
200900042070,9,8,14,1505,1,2,1,1.0,2,69382,M,,,69
200900042071,9,8,15,1320,1,2,1,1.0,7,69385,M,,,69
200900042072,9,8,15,2235,5,2,2,1.0,3,69266,M,,,69
200900042073,9,8,16,2220,5,2,1,1.0,6,69383,M,,,69
200900042074,9,8,17,1015,1,2,2,1.0,3,69266,M,,,69
200900042075,9,8,14,525,5,2,1,1.0,7,69389,M,,,69
200900042076,9,8,17,1500,1,2,1,1.0,2,69383,M,,,69
200900042077,9,8,17,1651,1,2,3,1.0,3,69149,M,,,69
200900042078,9,8,18,2045,5,2,3,1.0,3,69387,M,,,69
200900042079,9,8,19,1315,1,2,2,1.0,3,69387,M,,,69
200900042080,9,8,19,1650,1,2,2,1.0,6,69386,M,,,69
200900042081,9,8,19,1815,1,2,6,1.0,3,69091,M,,,69
200900042082,9,8,19,1925,1,2,1,1.0,3,69290,M,,,69
200900042083,9,8,19,2100,2,2,2,1.0,3,69386,M,,,69
200900042084,9,8,20,1100,1,1,1,1.0,4,69199,M,,,69
200900042085,9,8,21,1300,1,2,1,1.0,3,69290,M,,,69
200900042086,9,9,1,30,5,2,3,1.0,3,69381,M,,,69
200900042087,9,9,1,1710,1,2,2,1.0,6,69383,M,,,69
200900042088,9,9,2,1627,1,2,2,1.0,6,69386,M,,,69
200900042089,9,9,5,1315,1,2,2,1.0,3,69290,M,,,69
200900042090,9,9,7,900,1,2,3,1.0,3,69386,M,,,69
200900042091,9,9,7,1110,1,2,1,1.0,6,69386,M,,,69
200900042092,9,9,7,1800,1,1,1,1.0,4,69029,M,,,69
200900042093,9,9,8,740,1,2,1,1.0,6,69381,M,,,69
200900042094,9,9,9,830,1,1,1,1.0,3,69385,M,,,69
200900042095,9,9,10,1200,1,2,1,1.0,3,69389,M,,,69
200900042096,9,9,11,530,5,1,1,1.0,6,69275,M,,,69
200900042097,9,9,9,1705,1,1,1,1.0,3,69297,M,,,69
200900042098,9,9,9,1820,1,2,3,1.0,6,69386,M,,,69
200900042099,9,9,10,110,5,1,1,1.0,5,69029,M,,,69
200900042100,9,9,11,1739,1,2,1,1.0,3,69389,M,,,69
200900042101,9,9,14,1630,1,2,1,1.0,6,69018,M,0.0,0,69
200900042102,9,9,26,2240,5,1,1,1.0,2,69382,M,,,69
200900042103,9,9,13,930,1,2,1,1.0,4,69116,M,0.0,0,69
200900042104,9,9,15,1200,1,2,2,2.0,6,69387,M,,,69
200900042105,9,9,18,1810,1,2,2,1.0,3,69387,M,,,69
200900042106,9,9,17,1245,1,1,1,1.0,7,69039,M,0.0,0,69
200900042107,9,9,18,1550,1,2,3,1.0,3,69389,M,,,69
200900042108,9,9,20,1050,1,2,1,2.0,2,69091,M,,,69
200900042109,9,9,19,2000,2,2,1,1.0,6,69081,M,0.0,0,69
200900042110,9,9,20,810,1,1,1,2.0,6,69256,M,,,69
200900042111,9,9,21,1420,1,1,1,1.0,7,69382,M,,,69
200900042112,9,9,23,750,1,1,1,1.0,3,69125,M,,,69
200900042113,9,9,24,900,1,1,1,1.0,3,69100,M,0.0,0,69
200900042114,9,9,21,2100,5,2,1,1.0,7,69136,M,4.0,0,69
200900042115,9,9,23,700,2,2,1,1.0,1,69149,M,,,69
200900042116,9,9,23,1845,1,1,1,1.0,1,69133,M,0.0,0,69
200900042117,9,9,24,1645,1,2,1,1.0,2,69091,M,,,69
200900042118,9,9,24,1650,1,1,1,1.0,4,69199,M,,,69
200900042119,9,9,25,815,1,1,1,1.0,3,69286,M,,,69
200900042120,9,9,25,1735,1,2,2,1.0,2,69386,M,,,69
200900042121,9,9,26,1915,5,1,1,1.0,4,69266,M,,,69
200900042122,9,9,28,130,5,2,3,1.0,2,69383,M,,,69
200900042123,9,9,28,1720,1,2,1,1.0,3,69290,M,,,69
200900042124,9,9,29,55,5,2,1,1.0,3,69389,M,,,69
200900042125,9,9,29,740,1,2,2,1.0,3,69387,M,,,69
200900042126,9,9,30,830,1,1,1,1.0,1,69180,M,0.0,0,69
200900042127,9,9,29,1230,1,2,1,1.0,2,69387,M,,,69
200900042128,9,9,1,725,1,1,1,1.0,7,69385,M,,,69
200900042129,9,9,17,1900,1,2,1,1.0,3,69244,M,0.0,0,69
200900042130,9,9,1,1330,1,2,4,1.0,6,69091,M,,,69
200900042131,9,9,2,1800,1,2,1,1.0,1,69286,M,4.0,0,69
200900042132,9,9,3,1215,1,2,1,1.0,6,69243,M,0.0,0,69
200900042133,9,9,4,1830,1,2,2,1.0,3,69386,M,,,69
200900042134,9,9,6,1550,1,1,1,1.0,3,69072,M,,,69
200900042135,9,9,7,645,1,1,1,1.0,1,69151,M,4.0,0,69
200900042136,9,9,8,1645,1,1,1,1.0,2,69206,M,0.0,0,69
200900042137,9,9,9,2050,5,2,1,1.0,6,69259,M,,,69
200900042138,9,9,10,1745,1,1,1,1.0,1,69235,M,0.0,0,69
200900042139,9,9,11,1525,1,1,1,1.0,7,69081,M,,,69
200900042140,9,9,10,1900,1,1,1,1.0,1,69074,M,0.0,0,69
200900042141,9,9,11,1730,1,1,2,1.0,3,69084,M,4.0,0,69
200900042142,9,9,11,1730,1,2,1,1.0,2,69286,M,4.0,0,69
200900042143,9,9,12,600,4,1,1,1.0,6,69019,M,0.0,0,69
200900042144,9,9,12,1340,1,1,1,1.0,7,69389,M,,,69
200900042145,9,9,13,310,5,2,1,1.0,6,69387,M,,,69
200900042146,9,9,13,1230,1,1,9,1.0,3,69286,M,,,69
200900042147,9,9,13,2215,3,1,1,1.0,7,69299,M,0.0,0,69
200900042148,9,9,13,2315,3,1,1,1.0,6,69110,M,0.0,0,69
200900042149,9,9,15,1200,1,2,1,1.0,2,69383,M,,,69
200900042150,9,9,15,2055,5,1,1,2.0,7,69389,M,,,69
200900042151,9,9,16,1030,1,1,1,1.0,6,69142,M,,,69
200900042152,9,9,16,1230,1,1,1,2.0,1,69025,M,0.0,0,69
200900042153,9,9,16,1230,1,2,1,1.0,4,69383,M,,,69
200900042154,9,9,16,2010,5,2,1,1.0,6,69387,M,,,69
200900042155,9,9,17,730,2,2,2,1.0,3,69387,M,,,69
200900042156,9,9,17,1635,1,2,1,7.0,6,69385,M,,,69
200900042157,9,9,17,1815,1,2,1,1.0,2,69286,M,4.0,0,69
200900042158,9,9,19,925,1,2,1,1.0,6,69386,M,,,69
200900042159,9,9,19,1655,1,2,2,1.0,3,69386,M,,,69
200900042160,9,9,20,1330,1,1,1,3.0,7,69255,M,0.0,0,69
200900042161,9,9,24,1620,1,2,1,1.0,5,69383,M,,,69
200900042162,9,9,26,405,4,2,1,1.0,6,69385,M,,,69
200900042163,9,9,26,1015,1,2,3,1.0,5,69253,M,0.0,0,69
200900042164,9,9,26,1330,1,2,9,7.0,1,69276,M,0.0,0,69
200900042165,9,9,26,1615,1,1,1,1.0,1,69135,M,0.0,0,69