Num_Acc,an,mois,jour,hrmn,lum,agg,int,atm,col,com,gps,lat,long,dep
200900042166,9,9,26,1700,1,1,1,1.0,3,69169,M,0.0,0,69
200900042167,9,9,26,1930,1,2,1,1.0,3,69389,M,,,69
200900042168,9,9,27,930,1,2,1,1.0,2,69259,M,,,69
200900042169,9,9,27,1745,1,2,1,1.0,3,69159,M,4.0,0,69
200900042170,9,9,28,1240,1,2,3,1.0,3,69259,M,,,69
200900042171,9,9,28,1515,1,2,2,1.0,2,69383,M,,,69
200900042172,9,9,29,820,1,2,1,1.0,7,69259,M,,,69
200900042173,9,9,29,915,1,2,1,1.0,1,69131,M,0.0,0,69
200900042174,9,9,30,1333,1,2,1,1.0,7,69149,M,,,69
200900042175,9,9,10,1045,1,1,1,1.0,2,69072,M,4.0,0,69
200900042176,9,9,17,1145,1,2,1,1.0,3,69069,M,0.0,0,69
200900042177,9,9,11,1715,1,2,2,1.0,3,69385,M,,,69
200900042178,9,9,13,150,5,2,1,1.0,5,69385,M,,,69
200900042179,9,9,15,1115,1,2,1,2.0,6,69389,M,,,69
200900042180,9,9,27,2045,5,2,1,1.0,6,69389,M,,,69
200900042181,9,9,14,1900,1,2,1,1.0,3,69383,M,,,69
200900042182,9,9,30,720,1,2,1,1.0,6,69386,M,,,69
200900042183,9,9,11,2118,5,2,1,1.0,3,69384,M,,,69
200900042184,9,9,25,1153,1,2,1,1.0,6,69259,M,,,69
200900042185,9,9,9,1200,1,2,3,1.0,2,69384,M,,,69
200900042186,9,9,23,2215,3,2,2,1.0,1,69259,M,,,69
200900042187,9,9,7,1740,1,2,1,1.0,6,69386,M,,,69
200900042188,9,9,1,1040,1,2,2,1.0,6,69386,M,,,69
200900042189,9,9,21,930,1,2,2,1.0,3,69383,M,,,69
200900042190,9,9,1,2135,5,2,2,3.0,3,69149,M,,,69
200900042191,9,9,27,1200,1,2,1,1.0,3,69389,M,,,69
200900042192,9,9,17,1700,1,2,1,1.0,6,69259,M,,,69
200900042193,9,9,19,1900,1,2,1,1.0,3,69383,M,,,69
200900042194,9,9,6,1600,1,2,1,1.0,2,69149,M,,,69
200900042195,9,9,1,1400,1,2,1,1.0,6,69383,M,,,69
200900042196,9,9,26,1545,1,2,1,1.0,7,69385,M,,,69
200900042197,9,9,16,1610,1,2,2,1.0,3,69386,M,,,69
200900042198,9,9,27,1610,1,2,2,1.0,6,69383,M,,,69
200900042199,9,9,19,1850,1,2,1,1.0,1,69259,M,,,69
200900042200,9,9,28,1310,1,2,5,1.0,1,69387,M,,,69
200900042201,9,9,15,1245,1,2,1,3.0,3,69152,M,,,69
200900042202,9,9,12,1500,1,2,3,1.0,4,69199,M,,,69
200900042203,9,9,17,1345,1,2,1,1.0,2,69383,M,,,69
200900042204,9,9,3,815,1,1,1,1.0,1,69215,M,0.0,0,69
200900042205,9,9,25,2230,5,2,1,1.0,3,69019,M,0.0,0,69
200900042206,9,9,27,1715,1,1,1,1.0,6,69111,M,0.0,0,69
200900042207,9,5,1,1130,1,1,1,1.0,7,42331,M,4.0,0,42
200900042208,9,5,2,1700,1,2,1,1.0,1,42168,M,4.0,0,42
200900042209,9,4,5,1555,1,2,3,1.0,2,91692,M,,,91
200900042210,9,4,7,720,1,2,3,2.0,3,91471,M,,,91
200900042211,9,4,10,1130,1,2,1,1.0,2,91692,M,,,91
200900042212,9,4,11,1415,1,2,2,1.0,3,91312,M,,,91
200900042213,9,11,24,1130,1,2,2,1.0,3,63113,M,,,63
200900042214,9,4,12,1750,1,2,6,1.0,3,91471,M,,,91
200900042215,9,5,4,1230,1,2,1,1.0,7,42187,M,,,42
200900042216,9,4,13,1720,1,2,1,1.0,7,91064,M,,,91
200900042217,9,5,6,750,1,2,2,1.0,6,42071,M,,,42
200900042218,9,5,7,1100,1,2,1,1.0,1,42129,M,4.0,0,42
200900042219,9,9,1,1900,1,2,6,1.0,2,30032,M,,,30
200900042220,9,9,28,820,1,2,1,1.0,2,30028,M,,,30
200900042221,9,9,29,600,3,1,1,1.0,7,30032,M,,,30
200900042222,9,9,30,1235,1,1,2,1.0,3,30032,M,,,30
200900042223,9,5,7,1315,1,2,3,1.0,3,42184,M,,,42
200900042224,9,5,7,1330,1,2,2,1.0,3,42218,M,,,42
200900042225,9,5,8,1320,1,1,6,1.0,2,42189,M,,,42
200900042226,9,5,8,2142,1,2,1,1.0,6,42218,M,,,42
200900042227,9,5,8,2355,5,2,2,1.0,3,42218,M,,,42
200900042228,9,5,9,1612,1,1,6,1.0,7,42147,M,,,42
200900042229,9,5,10,30,5,2,2,1.0,3,42218,M,,,42
200900042230,9,8,29,1500,1,2,2,1.0,3,80021,M,,,80
200900042231,9,8,21,1425,1,2,1,1.0,5,80021,M,,,80
200900042232,9,8,31,850,1,2,1,1.0,3,80021,M,,,80
200900042233,9,8,31,810,1,2,1,1.0,6,80489,M,,,80
200900042234,9,8,31,1725,1,2,1,1.0,3,80021,M,,,80
200900042235,9,8,26,1750,1,1,1,1.0,4,80261,M,,,80
200900042236,9,8,18,1900,1,1,1,1.0,7,80632,M,,,80
200900042237,9,8,12,815,1,2,1,1.0,2,80261,M,,,80
200900042238,9,8,8,1655,1,2,1,1.0,5,80021,M,,,80
200900042239,9,8,24,1650,1,2,1,1.0,3,80021,M,,,80
200900042240,9,8,12,1455,1,2,1,1.0,6,80021,M,,,80
200900042241,9,8,5,1700,1,2,1,1.0,3,80021,M,,,80
200900042242,9,8,16,2115,2,2,1,1.0,7,80021,M,,,80
200900042243,9,8,26,850,1,2,3,1.0,6,80021,M,,,80
200900042244,9,8,28,1105,1,1,1,1.0,2,80021,M,,,80
200900042245,9,8,25,1120,1,2,1,1.0,7,80021,M,,,80
200900042246,9,8,25,1640,1,2,1,1.0,3,80021,M,,,80
200900042247,9,8,23,1850,1,2,1,1.0,2,80489,M,,,80
200900042248,9,8,1,1915,1,2,1,1.0,3,80021,M,,,80
200900042249,9,8,8,1110,1,2,1,1.0,6,80261,M,,,80
200900042250,9,8,20,1130,1,2,1,1.0,7,80021,M,,,80
200900042251,9,8,31,920,1,2,1,1.0,3,80021,M,,,80
200900042252,9,8,24,1230,1,2,1,1.0,3,80021,M,,,80
200900042253,9,8,10,1845,1,2,1,1.0,7,80160,M,,,80
200900042254,9,8,18,1700,1,2,1,1.0,7,80021,M,,,80
200900042255,9,8,24,1810,1,2,1,1.0,6,80021,M,,,80
200900042256,9,8,5,1750,1,2,2,1.0,3,80021,M,,,80
200900042257,9,8,8,1930,1,1,1,1.0,6,80020,M,4.0,0,80
200900042258,9,8,28,1200,1,1,1,1.0,6,80783,M,0.0,0,80
200900042259,9,8,2,1730,1,1,1,1.0,2,80003,M,0.0,0,80
200900042260,9,8,22,1430,1,1,1,1.0,1,80417,M,0.0,0,80
200900042261,9,8,8,1400,1,1,1,1.0,1,80163,M,0.0,0,80
200900042262,9,8,7,445,4,1,1,2.0,1,80149,M,5.0,0,80
200900042263,9,8,23,1100,1,1,1,1.0,6,80030,M,0.0,0,80
200900042264,9,8,15,2015,1,1,9,1.0,3,80685,M,0.0,0,80
200900042265,9,8,16,1315,1,1,1,1.0,7,80549,M,5.0,0,80
200900042266,9,8,20,1930,1,2,1,1.0,6,80043,M,5.0,0,80
200900042267,9,8,8,2100,1,2,1,1.0,6,80461,M,0.0,0,80
200900042268,9,8,30,1100,1,1,9,1.0,3,80126,M,0.0,0,80
200900042269,9,8,9,1845,1,2,1,1.0,3,80512,M,0.0,0,80
200900042270,9,8,22,2145,3,1,1,1.0,7,80416,M,0.0,0,80
200900042271,9,8,12,115,3,1,1,1.0,6,80024,M,0.0,0,80
200900042272,9,8,13,1300,1,2,2,8.0,3,80003,M,0.0,0,80
200900042273,9,8,31,2100,3,1,1,1.0,6,80499,M,0.0,0,80
200900042274,9,8,30,1400,1,2,1,1.0,6,80200,M,0.0,0,80
200900042275,9,8,23,130,3,1,1,1.0,7,80285,M,0.0,0,80
200900042276,9,8,30,1700,1,1,1,1.0,7,80776,M,5.0,0,80
200900042277,9,8,30,1630,1,2,1,1.0,6,80649,M,5.0,0,80
200900042278,9,8,3,1530,1,1,1,1.0,5,80159,M,4.0,0,80
200900042279,9,8,22,930,1,1,2,1.0,5,80333,M,5.0,0,80
200900042280,9,8,22,1230,1,1,1,1.0,1,80145,M,0.0,0,80
200900042281,9,8,29,1428,1,2,1,1.0,1,80001,M,,,80
200900042282,9,8,25,1515,1,1,2,1.0,3,80583,M,0.0,0,80
200900042283,9,5,10,1100,1,2,1,1.0,7,42218,M,,,42
200900042284,9,5,11,1810,1,2,1,1.0,6,42218,M,,,42
200900042285,9,5,12,1257,1,2,2,1.0,3,42218,M,,,42
200900042286,9,5,13,1050,1,2,1,1.0,6,42218,M,,,42
200900042287,9,11,24,1530,1,2,1,1.0,6,63113,M,,,63
200900042288,9,11,26,1340,1,2,1,1.0,6,63014,M,,,63
200900042289,9,11,26,1600,1,2,9,1.0,7,63014,M,,,63
200900042290,9,10,1,630,2,1,9,1.0,3,30156,M,4.0,0,30
200900042291,9,10,1,809,1,2,9,1.0,6,30189,M,4.0,0,30
200900042292,9,10,1,1058,1,2,1,1.0,6,30189,M,4.0,0,30
200900042293,9,10,1,1215,1,2,1,1.0,6,30211,M,4.0,0,30
200900042294,9,10,1,1300,1,1,1,1.0,7,30277,M,4.0,0,30
200900042295,9,10,1,1530,1,1,1,1.0,6,30034,M,4.0,0,30
200900042296,9,10,1,1721,1,1,1,1.0,5,30189,M,4.0,0,30
200900042297,9,10,1,1845,2,2,2,1.0,1,30147,M,4.0,0,30
200900042298,9,10,2,2309,5,2,1,1.0,6,30189,M,4.0,0,30
200900042299,9,10,3,110,3,2,1,1.0,2,30189,M,,,30
200900042300,9,10,3,430,3,1,1,1.0,7,30228,M,4.0,0,30
200900042301,9,10,3,1630,1,2,1,1.0,4,30307,M,4.0,0,30
200900042302,9,10,3,2000,4,1,1,1.0,1,30042,M,4.0,0,30
200900042303,9,10,9,1615,1,1,1,1.0,6,30317,M,4.0,0,30
200900042304,9,10,4,228,5,2,1,1.0,6,30189,M,4.0,0,30
200900042305,9,10,4,830,1,2,1,1.0,2,30143,M,4.0,0,30
200900042306,9,10,4,1830,1,1,3,1.0,3,30184,M,4.0,0,30
200900042307,9,10,5,900,1,2,2,1.0,6,30189,M,4.0,0,30
200900042308,9,10,6,1200,1,2,1,1.0,7,30007,M,4.0,0,30
200900042309,9,10,7,2045,3,1,1,1.0,6,30089,M,4.0,0,30
200900042310,9,10,8,842,1,2,2,2.0,6,30189,M,4.0,0,30
200900042311,9,10,8,2000,3,1,1,1.0,1,30228,M,4.0,0,30
200900042312,9,10,9,330,3,2,1,2.0,6,30189,M,4.0,0,30
200900042313,9,10,9,905,1,2,1,1.0,4,30007,M,4.0,0,30
200900042314,9,10,9,2140,5,2,9,1.0,3,30189,M,4.0,0,30
200900042315,9,10,10,1015,1,1,1,1.0,6,30203,M,4.0,0,30
200900042316,9,10,13,1611,1,2,1,6.0,7,30189,M,4.0,0,30
200900042317,9,10,10,1905,1,2,1,1.0,6,30189,M,4.0,0,30
200900042318,9,10,10,2000,5,2,1,1.0,1,30209,M,0.0,0,30
200900042319,9,10,11,215,3,1,1,1.0,7,30053,M,4.0,0,30
200900042320,9,10,11,1345,1,1,1,1.0,3,30346,M,4.0,0,30
200900042321,9,10,11,1602,1,2,1,1.0,6,30189,M,4.0,0,30
200900042322,9,10,12,951,1,2,1,1.0,6,30189,M,4.0,0,30
200900042323,9,10,12,1145,1,2,1,1.0,2,30007,M,4.0,0,30
200900042324,9,10,12,1730,1,2,1,1.0,6,30189,M,4.0,0,30
200900042325,9,10,12,2011,5,2,1,1.0,6,30189,M,4.0,0,30
200900042326,9,10,14,815,1,2,1,1.0,2,30189,M,4.0,0,30
200900042327,9,10,13,1405,1,2,1,1.0,7,30143,M,,,30
200900042328,9,10,15,730,2,1,1,1.0,3,30019,M,0.0,0,30
200900042329,9,10,15,1940,5,2,1,6.0,6,30189,M,4.0,0,30
200900042330,9,10,14,1630,1,1,1,1.0,4,30326,M,4.0,0,30
200900042331,9,10,18,1120,1,2,2,1.0,3,30007,M,4.0,0,30
200900042332,9,10,18,2345,5,2,6,1.0,6,30258,M,4.0,0,30
200900042333,9,10,15,1815,1,2,1,1.0,6,30034,M,4.0,0,30
200900042334,9,10,17,945,1,2,1,1.0,7,30007,M,4.0,0,30
200900042335,9,10,17,1145,1,1,1,1.0,7,30239,M,4.0,0,30
200900042336,9,10,17,1805,1,2,1,1.0,6,30007,M,4.0,0,30
200900042337,9,10,18,1400,1,1,1,1.0,7,30210,M,4.0,0,30
200900042338,9,10,19,1215,1,2,1,1.0,1,30007,M,4.0,0,30
200900042339,9,10,20,1145,1,1,1,1.0,3,30209,M,4.0,0,30
200900042340,9,10,22,1530,1,2,1,3.0,3,30210,M,4.0,0,30
200900042341,9,10,22,1845,5,2,1,3.0,1,30014,M,0.0,0,30
200900042342,9,10,23,930,1,1,1,1.0,6,30340,M,4.0,0,30
200900042343,9,10,23,1630,1,2,1,1.0,1,30167,M,4.0,0,30
200900042344,9,10,23,1735,1,2,1,1.0,1,30007,M,4.0,0,30
200900042345,9,10,23,2015,3,1,1,1.0,6,30334,M,4.0,0,30
200900042346,9,10,24,1045,1,1,1,1.0,1,30300,M,4.0,0,30
200900042347,9,10,24,1910,5,2,1,1.0,6,30007,M,4.0,0,30
200900042348,9,10,9,1915,3,1,1,1.0,3,30155,M,4.0,0,30
200900042349,9,10,25,1745,1,1,1,1.0,1,30350,M,4.0,0,30
200900042350,9,10,26,1800,5,2,1,1.0,1,30007,M,,,30
200900042351,9,10,28,745,1,1,1,1.0,1,30290,M,4.0,0,30
200900042352,9,10,28,1231,1,2,1,1.0,4,30007,M,,,30
200900042353,9,10,28,1800,1,1,1,1.0,3,30209,M,4.0,0,30
200900042354,9,10,28,2015,3,1,1,1.0,5,30237,M,4.0,0,30
200900042355,9,10,29,1,3,1,1,1.0,7,30122,M,4.0,0,30
200900042356,9,10,31,230,3,1,1,5.0,4,30034,M,4.0,0,30
200900042357,9,10,29,1445,1,1,1,1.0,3,30312,M,4.0,0,30
200900042358,9,10,29,1445,1,1,1,1.0,1,30201,M,4.0,0,30
200900042359,9,10,30,1445,1,2,1,1.0,6,30334,M,4.0,0,30
200900042360,9,10,30,1530,1,1,1,1.0,7,30143,M,,,30
200900042361,9,10,5,1030,1,2,1,1.0,2,30032,M,4.0,0,30
200900042362,9,10,2,900,1,1,3,1.0,3,30032,M,4.0,0,30
200900042363,9,10,7,1110,1,2,2,1.0,3,30032,M,4.0,0,30
200900042364,9,10,7,1455,1,2,1,1.0,6,30028,M,4.0,0,30
200900042365,9,10,8,1005,1,2,1,1.0,6,30028,M,4.0,0,30
200900042366,9,10,8,1335,1,1,1,1.0,7,30032,M,4.0,0,30
200900042367,9,10,14,1400,1,2,1,1.0,2,30032,M,4.0,0,30
200900042368,9,10,16,1338,1,1,1,1.0,3,30189,M,4.0,0,30
200900042369,9,10,16,1630,1,2,1,1.0,3,30189,M,4.0,0,30
200900042370,9,10,17,520,3,2,6,1.0,7,30032,M,4.0,0,30
200900042371,9,10,14,1900,1,2,1,1.0,2,30189,M,,,30
200900042372,9,10,15,1855,1,1,2,1.0,3,30032,M,4.0,0,30
200900042373,9,10,16,850,1,2,2,1.0,3,30189,M,4.0,0,30
200900042374,9,10,16,1238,1,2,1,1.0,6,30189,M,4.0,0,30
200900042375,9,10,17,704,5,2,1,1.0,1,30189,M,4.0,0,30
200900042376,9,10,17,2045,3,2,1,1.0,6,30189,M,4.0,0,30
200900042377,9,10,17,2340,5,2,2,1.0,3,30189,M,4.0,0,30
200900042378,9,10,20,829,1,2,1,2.0,2,30189,M,4.0,0,30
200900042379,9,10,20,1504,1,2,2,2.0,3,30189,M,4.0,0,30
200900042380,9,10,20,1925,5,2,1,2.0,4,30189,M,4.0,0,30
200900042381,9,10,21,1730,1,2,3,2.0,3,30189,M,4.0,0,30
200900042382,9,10,21,2030,5,2,2,3.0,6,30189,M,4.0,0,30
200900042383,9,10,22,1830,5,2,1,3.0,6,30189,M,4.0,0,30
200900042384,9,10,23,1745,1,2,6,1.0,6,30189,M,4.0,0,30
200900042385,9,10,31,1245,1,2,2,1.0,3,30189,M,4.0,0,30
200900042386,9,10,25,2001,5,2,2,1.0,3,30189,M,4.0,0,30
200900042387,9,10,27,2355,5,2,1,1.0,6,30189,M,4.0,0,30
200900042388,9,10,25,440,3,1,1,1.0,6,30189,M,4.0,0,30
200900042389,9,10,26,610,2,2,1,1.0,6,30189,M,4.0,0,30
200900042390,9,10,27,1405,1,2,3,1.0,3,30028,M,4.0,0,30
200900042391,9,10,28,1504,1,2,1,1.0,2,30189,M,,,30
200900042392,9,10,28,1735,1,2,1,1.0,6,30032,M,4.0,0,30
200900042393,9,10,28,2048,5,2,6,1.0,3,30189,M,4.0,0,30
200900042394,9,10,29,350,5,2,1,1.0,2,30189,M,4.0,0,30
200900042395,9,10,31,1209,1,2,6,1.0,3,30189,M,4.0,0,30
200900042396,9,10,29,1756,3,2,1,1.0,6,30189,M,,,30
200900042397,9,10,29,1740,2,2,3,1.0,3,30189,M,4.0,0,30
200900042398,9,10,29,2032,3,2,2,1.0,3,30189,M,4.0,0,30
200900042399,9,10,30,1847,5,2,1,1.0,2,30189,M,4.0,0,30
200900042400,9,10,17,1520,1,2,1,1.0,6,30189,M,4.0,0,30
200900042401,9,10,5,1220,1,2,1,1.0,7,30007,M,4.0,0,30
200900042402,9,10,1,1937,3,2,2,1.0,7,30189,M,4.0,0,30
200900042403,9,5,13,1820,1,1,1,1.0,7,42207,M,,,42
200900042404,9,5,14,715,1,2,1,1.0,3,42169,M,,,42
200900042405,9,5,17,1115,1,2,1,1.0,1,42162,M,4.0,0,42
200900042406,9,5,17,1140,1,2,1,1.0,1,42218,M,4.0,0,42
200900042407,9,4,8,2040,5,2,1,2.0,2,78029,M,4.0,0,78
200900042408,9,4,12,530,3,2,1,1.0,6,78440,M,4.0,0,78
200900042409,9,4,12,1450,1,2,3,1.0,6,78238,M,4.0,0,78
200900042410,9,4,19,2055,5,2,4,1.0,7,78029,M,4.0,0,78
200900042411,9,4,27,700,1,2,1,1.0,3,78403,M,4.0,0,78
200900042412,9,4,27,1910,1,2,2,2.0,6,78440,M,4.0,0,78
200900042413,9,11,30,1754,5,2,1,1.0,6,63113,M,,,63
200900042414,9,11,29,2045,5,2,2,1.0,6,63113,M,,,63
200900042415,9,11,29,300,3,1,9,1.0,6,63032,M,,,63
200900042416,9,11,28,1700,1,2,1,1.0,6,63113,M,,,63
200900042417,9,11,27,1840,5,2,1,1.0,6,63113,M,,,63
200900042418,9,11,27,1600,1,2,1,1.0,6,63113,M,,,63
200900042419,9,11,27,1510,1,2,1,1.0,6,63113,M,,,63
200900042420,9,11,27,800,2,2,1,1.0,3,63113,M,,,63
200900042421,9,11,26,2110,5,2,2,1.0,6,63113,M,,,63
200900042422,9,1,30,1240,1,2,3,1.0,3,94041,M,4.0,0,94
200900042423,9,11,17,1215,1,2,1,1.0,6,63014,M,,,63
200900042424,9,5,24,1230,1,2,1,1.0,6,94081,M,4.0,0,94
200900042425,9,5,11,1025,1,2,1,2.0,6,94038,M,4.0,0,94
200900042426,9,5,27,1630,1,2,1,8.0,3,94021,M,4.0,0,94
200900042427,9,5,15,2125,2,2,1,1.0,3,94011,M,4.0,0,94
200900042428,9,5,18,900,1,2,2,1.0,3,94068,M,4.0,0,94
200900042429,9,5,29,10,4,2,1,1.0,6,94017,M,4.0,0,94
200900042430,9,5,2,1505,1,2,1,1.0,3,94077,M,4.0,0,94
200900042431,9,5,15,1730,1,2,1,1.0,3,94068,M,4.0,0,94
200900042432,9,5,10,2200,5,2,1,2.0,6,94068,M,4.0,0,94
200900042433,9,5,19,1510,1,2,1,1.0,2,94004,M,4.0,0,94
200900042434,9,5,6,1800,1,2,1,1.0,3,94081,M,4.0,0,94
200900042435,9,5,13,1940,1,2,3,2.0,6,94028,M,4.0,0,94
200900042436,9,5,20,850,1,2,1,1.0,2,94065,M,4.0,0,94
200900042437,9,5,25,900,1,2,3,1.0,3,94046,M,4.0,0,94
200900042438,9,5,4,1735,1,2,2,1.0,2,94042,M,4.0,0,94
200900042439,9,5,2,1135,1,2,1,1.0,7,94001,M,4.0,0,94
200900042440,9,5,6,1240,1,2,1,1.0,2,94076,M,4.0,0,94
200900042441,9,5,9,1355,1,2,2,2.0,3,94068,M,4.0,0,94
200900042442,9,5,8,1840,1,2,1,1.0,7,94016,M,4.0,0,94
200900042443,9,5,18,1844,1,2,1,1.0,6,94044,M,4.0,0,94
200900042444,9,5,10,1340,1,2,1,1.0,2,94067,M,4.0,0,94
200900042445,9,5,20,1620,1,2,3,1.0,6,94034,M,4.0,0,94
200900042446,9,5,18,1310,1,2,2,1.0,3,94065,M,4.0,0,94
200900042447,9,5,15,810,1,2,1,8.0,3,94052,M,4.0,0,94
200900042448,9,5,6,1055,1,2,1,1.0,3,94068,M,4.0,0,94
200900042449,9,5,13,1045,1,2,1,1.0,3,94041,M,4.0,0,94
200900042450,9,5,8,1025,1,2,1,1.0,6,94068,M,4.0,0,94
200900042451,9,5,9,1020,1,2,1,1.0,6,94028,M,4.0,0,94
200900042452,9,5,17,1140,1,2,1,2.0,7,94003,M,4.0,0,94
200900042453,9,5,6,1420,1,2,3,1.0,3,94043,M,4.0,0,94
200900042454,9,5,18,1800,1,2,1,1.0,3,94004,M,4.0,0,94
200900042455,9,5,23,2335,5,2,1,1.0,2,94017,M,4.0,0,94
200900042456,9,5,23,1910,1,2,1,1.0,6,94028,M,4.0,0,94
200900042457,9,5,31,1944,1,2,1,1.0,6,94003,M,4.0,0,94
200900042458,9,5,17,2010,2,2,3,1.0,3,94046,M,4.0,0,94
200900042459,9,5,26,957,1,2,4,1.0,2,94044,M,4.0,0,94
200900042460,9,5,15,1505,1,2,2,1.0,2,94081,M,4.0,0,94
200900042461,9,5,26,1600,1,2,5,1.0,2,94033,M,4.0,0,94
200900042462,9,5,26,1640,1,2,1,1.0,6,94028,M,4.0,0,94
200900042463,9,5,8,45,5,2,3,8.0,3,94071,M,4.0,0,94
200900042464,9,5,9,1445,1,2,1,2.0,4,94074,M,4.0,0,94
200900042465,9,5,1,1400,1,2,3,1.0,1,94080,M,4.0,0,94
200900042466,9,5,18,1750,1,2,2,1.0,1,94021,M,4.0,0,94
200900042467,9,5,24,1645,1,2,5,1.0,3,94011,M,4.0,0,94
200900042468,9,5,4,800,1,2,1,1.0,6,94068,M,4.0,0,94
200900042469,9,5,15,1710,1,2,1,1.0,3,94081,M,4.0,0,94
200900042470,9,5,18,1310,1,2,1,1.0,3,94017,M,4.0,0,94
200900042471,9,5,3,1600,1,2,1,8.0,5,94076,M,4.0,0,94
200900042472,9,5,26,1315,1,2,1,8.0,6,94081,M,4.0,0,94
200900042473,9,5,7,2130,2,2,1,1.0,6,94028,M,4.0,0,94
200900042474,9,5,5,1305,1,2,2,1.0,3,94068,M,4.0,0,94
200900042475,9,5,5,810,1,2,1,1.0,5,94011,M,4.0,0,94
200900042476,9,5,7,815,1,2,2,1.0,1,94028,M,4.0,0,94
200900042477,9,5,14,1615,1,2,1,1.0,6,94028,M,4.0,0,94
200900042478,9,5,17,1710,1,2,2,1.0,3,94028,M,4.0,0,94
200900042479,9,5,25,1245,1,2,2,1.0,3,94033,M,4.0,0,94
200900042480,9,5,3,50,5,2,2,1.0,3,94076,M,4.0,0,94
200900042481,9,5,28,1640,1,2,1,1.0,3,94068,M,4.0,0,94
200900042482,9,5,17,2130,2,2,1,1.0,3,94028,M,4.0,0,94
200900042483,9,5,20,1030,1,2,3,1.0,3,94074,M,4.0,0,94
200900042484,9,5,18,2155,5,2,6,2.0,3,94081,M,4.0,0,94
200900042485,9,5,19,740,1,2,2,1.0,6,94068,M,4.0,0,94
200900042486,9,5,29,1720,1,2,1,1.0,3,94041,M,4.0,0,94
200900042487,9,5,7,1700,1,2,1,1.0,2,94076,M,4.0,0,94
200900042488,9,5,23,2050,1,2,1,1.0,6,94078,M,4.0,0,94
200900042489,9,5,28,1805,1,2,1,1.0,3,94019,M,4.0,0,94
200900042490,9,5,15,755,1,2,3,1.0,6,94080,M,4.0,0,94
200900042491,9,5,6,2000,5,2,1,1.0,1,94081,M,4.0,0,94
200900042492,9,5,14,1845,1,2,1,2.0,3,94017,M,4.0,0,94
200900042493,9,5,7,1800,1,2,2,1.0,6,94037,M,4.0,0,94
200900042494,9,5,2,200,5,2,1,1.0,7,94078,M,4.0,0,94
200900042495,9,5,7,2130,5,2,4,8.0,3,94058,M,4.0,0,94
200900042496,9,5,15,1655,1,2,1,1.0,2,94003,M,4.0,0,94
200900042497,9,5,13,1740,1,2,1,1.0,6,94081,M,4.0,0,94
200900042498,9,5,30,825,1,2,4,1.0,3,94077,M,4.0,0,94
200900042499,9,5,29,1705,1,2,3,1.0,3,94016,M,4.0,0,94
200900042500,9,5,28,2220,5,2,2,1.0,7,94016,M,4.0,0,94
200900042501,9,5,19,1550,1,2,4,1.0,3,94017,M,4.0,0,94
200900042502,9,5,12,1635,1,2,1,1.0,6,94080,M,4.0,0,94
200900042503,9,5,20,940,1,2,2,1.0,3,94080,M,4.0,0,94
200900042504,9,5,25,2100,1,2,1,1.0,3,94079,M,4.0,0,94
200900042505,9,5,14,940,1,2,3,2.0,3,94002,M,,,94
200900042506,9,5,6,1920,1,2,1,1.0,3,94052,M,4.0,0,94
200900042507,9,5,28,1200,1,2,1,8.0,2,94021,M,4.0,0,94
200900042508,9,5,11,1620,1,2,1,1.0,6,94033,M,4.0,0,94
200900042509,9,5,14,1500,1,2,3,1.0,3,94071,M,4.0,0,94
200900042510,9,5,22,1105,1,2,2,1.0,6,94078,M,4.0,0,94
200900042511,9,5,30,1830,1,2,1,1.0,7,94081,M,4.0,0,94
200900042512,9,5,22,1540,1,2,1,1.0,6,94043,M,4.0,0,94
200900042513,9,5,20,1010,1,2,2,1.0,2,94076,M,4.0,0,94
200900042514,9,5,29,845,1,2,1,1.0,6,94076,M,4.0,0,94
200900042515,9,5,12,2310,5,2,2,1.0,6,94081,M,4.0,0,94
200900042516,9,5,14,1540,1,2,1,2.0,3,94041,M,4.0,0,94
200900042517,9,5,12,1935,1,2,1,1.0,7,94081,M,4.0,0,94
200900042518,9,5,19,5,5,2,2,1.0,2,94073,M,4.0,0,94
200900042519,9,5,11,550,2,2,2,2.0,6,94076,M,4.0,0,94
200900042520,9,5,11,905,1,2,2,2.0,1,94080,M,4.0,0,94
200900042521,9,5,16,1700,1,2,1,3.0,1,94021,M,4.0,0,94
200900042522,9,5,30,1310,1,2,1,1.0,7,94041,M,4.0,0,94
200900042523,9,5,28,1950,1,2,3,1.0,2,94068,M,4.0,0,94
200900042524,9,5,3,1915,1,2,2,1.0,3,94058,M,4.0,0,94
200900042525,9,5,8,2215,5,2,2,1.0,3,94042,M,4.0,0,94
200900042526,9,5,24,130,5,2,1,1.0,6,94011,M,4.0,0,94
200900042527,9,5,6,805,1,2,1,1.0,6,94042,M,4.0,0,94
200900042528,9,5,25,1510,1,2,1,1.0,2,94003,M,4.0,0,94
200900042529,9,5,20,2000,1,2,1,1.0,7,94028,M,4.0,0,94
200900042530,9,5,26,1240,1,2,4,2.0,2,94080,M,4.0,0,94
200900042531,9,5,26,1640,1,2,2,1.0,3,94081,M,4.0,0,94
200900042532,9,5,6,1925,1,2,1,1.0,2,94058,M,4.0,0,94
200900042533,9,5,30,2120,1,2,1,1.0,1,94037,M,4.0,0,94
200900042534,9,5,31,1938,1,2,1,1.0,6,94028,M,4.0,0,94
200900042535,9,5,27,905,1,2,1,1.0,2,94021,M,4.0,0,94
200900042536,9,5,27,910,1,2,3,1.0,3,94076,M,4.0,0,94
200900042537,9,5,2,1215,1,2,1,1.0,7,94034,M,4.0,0,94
200900042538,9,5,10,1120,1,2,1,1.0,2,94070,M,4.0,0,94