Num_Acc,an,mois,jour,hrmn,lum,agg,int,atm,col,com,gps,lat,long,dep
200900042539,9,5,3,1050,1,2,2,1.0,2,94081,M,4.0,0,94
200900042540,9,5,25,1600,1,2,1,1.0,2,94019,M,4.0,0,94
200900042541,9,5,7,1330,1,2,1,1.0,6,94081,M,4.0,0,94
200900042542,9,5,25,1705,1,2,3,1.0,2,94075,M,4.0,0,94
200900042543,9,5,2,2110,2,2,1,1.0,3,94074,M,4.0,0,94
200900042544,9,5,6,1700,1,2,1,1.0,6,94011,M,4.0,0,94
200900042545,9,5,28,1715,1,2,1,1.0,3,94074,M,4.0,0,94
200900042546,9,5,11,1524,1,2,1,1.0,6,94028,M,4.0,0,94
200900042547,9,5,20,1745,1,2,3,1.0,3,94017,M,4.0,0,94
200900042548,9,5,5,855,1,2,2,1.0,3,94068,M,4.0,0,94
200900042549,9,5,16,825,1,2,3,1.0,5,94071,M,4.0,0,94
200900042550,9,5,27,940,1,2,1,1.0,3,94041,M,4.0,0,94
200900042551,9,5,6,830,1,2,1,1.0,7,94037,M,4.0,0,94
200900042552,9,5,23,2130,4,2,3,1.0,3,94017,M,4.0,0,94
200900042553,9,5,7,2300,5,2,1,2.0,2,94041,M,4.0,0,94
200900042554,9,5,3,1615,1,2,1,1.0,6,94068,M,4.0,0,94
200900042555,9,5,26,1155,1,2,2,2.0,3,94076,M,4.0,0,94
200900042556,9,5,26,1645,1,2,1,1.0,6,94033,M,4.0,0,94
200900042557,9,5,8,1755,1,2,3,1.0,3,94046,M,4.0,0,94
200900042558,9,5,5,1400,1,2,2,1.0,3,94046,M,4.0,0,94
200900042559,9,5,2,30,5,2,3,1.0,3,94079,M,4.0,0,94
200900042560,9,5,14,1840,1,2,2,2.0,3,94046,M,4.0,0,94
200900042561,9,5,7,1555,1,2,2,1.0,3,94046,M,4.0,0,94
200900042562,9,5,13,1625,1,2,2,1.0,5,94079,M,4.0,0,94
200900042563,9,5,5,920,1,2,3,8.0,6,94022,M,4.0,0,94
200900042564,9,5,4,1120,1,2,1,1.0,2,94046,M,4.0,0,94
200900042565,9,5,13,1700,1,2,1,1.0,2,94019,M,4.0,0,94
200900042566,9,5,7,825,1,2,1,7.0,6,94079,M,4.0,0,94
200900042567,9,5,7,1845,1,1,1,1.0,4,94017,M,4.0,0,94
200900042568,9,5,29,2011,1,1,1,1.0,4,94038,M,4.0,0,94
200900042569,9,5,15,915,1,1,1,8.0,6,94034,M,4.0,0,94
200900042570,9,5,28,1034,1,1,1,1.0,2,94015,M,4.0,0,94
200900042571,9,5,28,1715,1,1,1,1.0,2,94028,M,4.0,0,94
200900042572,9,5,11,1858,1,1,1,8.0,2,94003,M,4.0,0,94
200900042573,9,5,23,1414,1,1,1,2.0,2,94034,M,4.0,0,94
200900042574,9,5,12,915,1,1,1,8.0,6,94044,M,4.0,0,94
200900042575,9,5,3,1111,1,1,1,1.0,2,94028,M,4.0,0,94
200900042576,9,5,28,1645,1,1,1,1.0,2,94069,M,4.0,0,94
200900042577,9,5,17,454,5,1,1,2.0,7,94038,M,4.0,0,94
200900042578,9,5,26,1033,1,1,1,1.0,7,94016,M,4.0,0,94
200900042579,9,5,20,655,2,1,1,1.0,2,94018,M,4.0,0,94
200900042580,9,5,26,1930,1,1,1,1.0,3,94018,M,4.0,0,94
200900042581,9,5,27,1545,1,1,1,1.0,3,94076,M,4.0,0,94
200900042582,9,5,27,1820,1,1,1,2.0,3,94034,M,4.0,0,94
200900042583,9,5,5,800,1,1,1,1.0,2,94021,M,4.0,0,94
200900042584,9,5,22,140,5,1,1,1.0,7,94018,M,4.0,0,94
200900042585,9,5,25,2127,5,1,1,1.0,6,94052,M,4.0,0,94
200900042586,9,5,9,1830,1,1,1,8.0,6,94044,M,4.0,0,94
200900042587,9,5,27,1230,1,1,1,1.0,3,94028,M,4.0,0,94
200900042588,9,5,3,1700,1,1,1,1.0,3,94033,M,4.0,0,94
200900042589,9,5,4,1815,1,1,1,1.0,3,94034,M,4.0,0,94
200900042590,9,5,17,1000,1,1,1,1.0,6,94037,M,4.0,0,94
200900042591,9,5,10,1700,1,1,1,1.0,4,94017,M,4.0,0,94
200900042592,9,5,9,405,3,1,1,1.0,6,94043,M,4.0,0,94
200900042593,9,5,27,1140,1,2,3,1.0,3,94022,M,4.0,0,94
200900042594,9,5,26,1240,1,2,1,2.0,3,94054,M,4.0,0,94
200900042595,9,5,29,1120,1,2,1,1.0,1,94022,M,4.0,0,94
200900042596,9,5,28,840,1,2,1,1.0,3,94022,M,4.0,0,94
200900042597,9,5,21,30,5,2,3,1.0,3,94054,M,4.0,0,94
200900042598,9,5,29,830,1,2,3,1.0,2,94022,M,4.0,0,94
200900042599,9,5,26,2240,5,2,1,1.0,3,94022,M,4.0,0,94
200900042600,9,5,23,1743,1,2,1,1.0,6,94022,M,4.0,0,94
200900042601,9,5,28,1700,1,2,3,8.0,6,94022,M,4.0,0,94
200900042602,9,5,28,1400,1,2,1,1.0,4,94052,M,4.0,0,94
200900042603,9,5,27,1605,1,2,1,2.0,6,94052,M,4.0,0,94
200900042604,9,5,19,1900,1,2,2,1.0,3,94042,M,4.0,0,94
200900042605,9,5,23,2215,5,2,5,1.0,3,94058,M,4.0,0,94
200900042606,9,5,5,845,1,2,1,1.0,6,94054,M,4.0,0,94
200900042607,9,5,5,1615,1,2,6,1.0,3,94028,M,4.0,0,94
200900042608,9,5,7,2145,5,2,2,2.0,4,94069,M,4.0,0,94
200900042609,9,5,10,2030,5,2,1,2.0,5,94054,M,4.0,0,94
200900042610,9,5,11,1415,1,2,1,1.0,6,94028,M,4.0,0,94
200900042611,9,5,17,1300,1,1,1,2.0,5,94018,M,4.0,0,94
200900042612,9,5,25,1730,1,1,1,1.0,3,94069,M,4.0,0,94
200900042613,9,5,27,1545,1,1,1,1.0,6,94028,M,4.0,0,94
200900042614,9,5,30,1705,1,1,1,1.0,2,94065,M,4.0,0,94
200900042615,9,5,9,1607,1,1,1,2.0,2,94017,M,4.0,0,94
200900042616,9,5,7,2240,5,2,6,1.0,5,94028,M,4.0,0,94
200900042617,9,5,1,1020,1,2,6,1.0,3,94016,M,4.0,0,94
200900042618,9,5,4,1335,1,2,3,1.0,3,94067,M,4.0,0,94
200900042619,9,5,4,1405,1,2,3,1.0,2,94081,M,4.0,0,94
200900042620,9,5,4,1710,1,2,1,1.0,6,94046,M,4.0,0,94
200900042621,9,5,5,1556,1,1,1,1.0,3,94043,M,4.0,0,94
200900042622,9,5,7,1750,1,2,1,1.0,1,94075,M,4.0,0,94
200900042623,9,5,10,1351,1,1,1,1.0,7,94017,M,4.0,0,94
200900042624,9,5,14,1730,1,1,1,1.0,3,94046,M,4.0,0,94
200900042625,9,5,21,1320,1,2,1,1.0,2,94015,M,4.0,0,94
200900042626,9,5,22,1445,1,2,3,1.0,1,94071,M,4.0,0,94
200900042627,9,5,24,1855,1,2,1,1.0,3,94028,M,4.0,0,94
200900042628,9,5,26,1520,1,2,1,8.0,2,94068,M,4.0,0,94
200900042629,9,5,27,1215,1,1,1,1.0,3,94038,M,4.0,0,94
200900042630,9,5,30,2135,1,2,1,1.0,6,94028,M,4.0,0,94
200900042631,9,5,30,2150,2,2,2,1.0,6,94068,M,4.0,0,94
200900042632,9,5,31,1115,1,2,1,1.0,2,94018,M,4.0,0,94
200900042633,9,5,10,1625,1,2,3,1.0,3,94075,M,4.0,0,94
200900042634,9,5,17,610,1,2,3,1.0,1,94011,M,4.0,0,94
200900042635,9,5,29,1930,1,2,4,1.0,6,94018,M,4.0,0,94
200900042636,9,5,7,1910,1,2,3,1.0,6,94018,M,4.0,0,94
200900042637,9,5,30,1750,1,2,1,1.0,7,94069,M,4.0,0,94
200900042638,9,5,20,1300,1,2,3,1.0,3,94069,M,4.0,0,94
200900042639,9,5,5,830,1,2,1,1.0,1,94069,M,4.0,0,94
200900042640,9,5,29,840,1,2,1,1.0,6,94069,M,4.0,0,94
200900042641,9,5,17,1735,1,2,2,1.0,3,42218,M,4.0,0,42
200900042642,9,5,19,1025,1,2,1,1.0,2,42187,M,4.0,0,42
200900042643,9,5,22,1340,1,2,1,1.0,2,42218,M,4.0,0,42
200900042644,9,5,23,127,5,2,1,1.0,3,42187,M,4.0,0,42
200900042645,9,5,23,1730,2,1,1,1.0,6,42182,M,0.0,0,42
200900042646,9,5,25,1156,1,2,2,1.0,3,42218,M,4.0,0,42
200900042647,9,5,25,1830,1,2,6,1.0,3,42184,M,4.0,0,42
200900042648,9,5,27,717,1,2,1,1.0,3,42207,M,4.0,0,42
200900042649,9,5,27,1645,1,2,3,1.0,3,42275,M,4.0,0,42
200900042650,9,5,30,1422,1,2,1,1.0,1,42218,M,4.0,0,42
200900042651,9,7,2,2339,5,2,1,1.0,6,87085,M,,,87
200900042652,9,7,18,2210,5,2,1,1.0,2,87085,M,,,87
200900042653,9,8,28,1210,1,2,1,1.0,6,87085,M,,,87
200900042654,9,10,3,1445,1,1,1,1.0,2,83137,M,,,83
200900042655,9,10,5,710,1,1,1,1.0,2,83137,M,,,83
200900042656,9,10,17,30,5,1,1,1.0,7,83144,M,,,83
200900042657,9,5,30,1840,1,2,1,1.0,3,42170,M,4.0,0,42
200900042658,9,5,28,2105,1,2,3,1.0,3,42095,M,4.0,0,42
200900042659,9,5,12,1620,1,2,1,1.0,7,42218,M,,,42
200900042660,9,5,1,1145,1,2,1,1.0,1,42044,M,,,42
200900042661,9,5,16,1400,1,2,1,1.0,1,42044,M,4.0,0,42
200900042662,9,5,19,1840,1,2,1,1.0,3,42095,M,4.0,0,42
200900042663,9,5,5,1855,1,2,1,1.0,3,42095,M,,,42
200900042664,9,5,11,1419,1,2,1,1.0,6,42218,M,4.0,0,42
200900042665,9,5,11,2150,5,2,1,1.0,6,42095,M,,,42
200900042666,9,5,14,2020,1,2,3,2.0,3,42127,M,,,42
200900042667,9,5,1,2230,5,2,1,1.0,6,42183,M,,,42
200900042668,9,5,12,1650,1,2,1,1.0,7,42183,M,,,42
200900042669,9,5,5,1525,1,2,1,1.0,6,42316,M,,,42
200900042670,9,5,25,847,1,2,1,1.0,1,42095,M,4.0,0,42
200900042671,9,5,2,1637,1,2,1,1.0,2,42330,M,,,42
200900042672,9,5,2,1215,1,2,1,1.0,6,42147,M,4.0,0,42
200900042673,9,5,20,1740,1,1,1,1.0,3,42218,M,,,42
200900042674,9,5,4,1200,1,1,1,1.0,3,42186,M,,,42
200900042675,9,5,9,625,1,1,1,5.0,6,42218,M,,,42
200900042676,9,5,24,525,2,1,1,1.0,7,42237,M,,,42
200900042677,9,5,12,1830,1,1,1,1.0,2,42097,M,,,42
200900042678,9,5,30,1310,1,1,1,1.0,7,42183,M,,,42
200900042679,9,5,24,1750,1,1,1,1.0,6,42207,M,,,42
200900042680,9,5,6,1500,1,1,1,1.0,6,42237,M,,,42
200900042681,9,5,21,1330,1,1,1,1.0,6,42274,M,4.0,0,42
200900042682,9,5,5,1130,1,1,1,1.0,6,42151,M,4.0,0,42
200900042683,9,5,31,2045,1,1,1,1.0,3,42266,M,4.0,0,42
200900042684,9,5,12,515,3,1,1,1.0,6,42272,M,4.0,0,42
200900042685,9,5,20,1530,1,2,6,1.0,1,42279,M,4.0,0,42
200900042686,9,5,31,1430,1,1,1,1.0,3,42075,M,4.0,0,42
200900042687,9,5,1,2030,1,1,1,1.0,6,42014,M,4.0,0,42
200900042688,9,5,21,145,5,2,1,1.0,6,42081,M,4.0,0,42
200900042689,9,5,27,915,1,1,1,1.0,1,42327,M,4.0,0,42
200900042690,9,5,2,1830,1,1,1,1.0,6,42325,M,4.0,0,42
200900042691,9,5,17,1500,1,1,1,1.0,6,42128,M,4.0,0,42
200900042692,9,5,17,2330,3,1,1,3.0,1,42153,M,4.0,0,42
200900042693,9,5,6,1830,1,2,1,1.0,1,42069,M,4.0,0,42
200900042694,9,5,31,345,3,1,1,1.0,1,42046,M,4.0,0,42
200900042695,9,4,3,2100,3,2,3,1.0,2,78621,M,4.0,0,78
200900042696,9,4,4,935,1,2,3,1.0,6,78158,M,4.0,0,78
200900042697,9,4,14,2110,1,2,1,1.0,1,78124,M,4.0,0,78
200900042698,9,4,15,2135,5,2,3,2.0,3,78646,M,4.0,0,78
200900042699,9,4,22,1820,1,2,2,1.0,3,78621,M,4.0,0,78
200900042700,9,4,29,1045,1,2,3,1.0,3,78621,M,4.0,0,78
200900042701,9,4,30,1120,1,2,2,1.0,6,78311,M,4.0,0,78
200900042702,9,9,16,1340,1,1,1,2.0,6,44114,M,,,44
200900042703,9,1,21,1850,3,1,1,2.0,5,44114,M,,,44
200900042704,9,2,8,840,1,1,1,1.0,7,44109,M,,,44
200900042705,9,9,21,1745,1,1,1,9.0,6,44098,M,0.0,0,44
200900042706,9,10,1,700,3,1,1,8.0,6,44113,M,0.0,0,44
200900042707,9,10,20,1100,1,1,1,1.0,5,44066,M,0.0,0,44
200900042708,9,11,6,100,5,1,1,1.0,7,44210,M,0.0,0,44
200900042709,9,11,14,445,3,1,1,3.0,6,44217,M,0.0,0,44
200900042710,9,2,6,735,1,2,1,1.0,6,44114,M,,,44
200900042711,9,9,9,1430,1,2,1,1.0,6,37063,M,0.0,0,37
200900042712,9,9,14,845,1,1,1,1.0,6,37003,M,0.0,0,37
200900042713,9,9,11,1945,1,1,2,1.0,3,37104,M,4.0,0,37
200900042714,9,9,14,1400,1,1,1,1.0,7,37141,M,4.0,0,37
200900042715,9,9,19,2330,3,1,1,1.0,7,37079,M,4.0,0,37
200900042716,9,9,22,1815,1,2,1,1.0,6,37231,M,4.0,0,37
200900042717,9,9,24,1930,2,2,1,1.0,7,37054,M,4.0,0,37
200900042718,9,9,3,805,2,2,1,1.0,7,37214,M,,,37
200900042719,9,9,11,1645,1,2,2,1.0,3,37233,M,,,37
200900042720,9,9,10,352,5,2,1,1.0,6,37261,M,,,37
200900042721,9,9,10,1815,1,2,1,1.0,2,37122,M,,,37
200900042722,9,9,6,2020,1,2,2,1.0,3,37261,M,,,37
200900042723,9,9,11,1110,1,2,3,1.0,6,37122,M,,,37
200900042724,9,9,12,843,1,2,1,1.0,6,37195,M,,,37
200900042725,9,9,10,2143,5,2,2,1.0,3,37261,M,,,37
200900042726,9,9,10,1510,1,2,2,1.0,7,37122,M,,,37
200900042727,9,9,13,340,5,2,6,1.0,7,37261,M,,,37
200900042728,9,9,11,1450,1,2,3,1.0,3,37261,M,,,37
200900042729,9,9,12,1635,1,2,1,1.0,6,37122,M,,,37
200900042730,9,9,1,800,1,2,5,1.0,3,37261,M,,,37
200900042731,9,9,1,1010,1,2,1,1.0,6,37261,M,,,37
200900042732,9,9,1,1135,1,2,1,3.0,6,37261,M,,,37
200900042733,9,9,1,1805,1,2,2,1.0,3,37261,M,,,37
200900042734,9,9,2,1830,1,2,1,1.0,2,37261,M,,,37
200900042735,9,9,2,1010,1,2,3,1.0,3,37261,M,,,37
200900042736,9,9,2,2220,3,1,1,1.0,7,37122,M,,,37
200900042737,9,9,3,1640,1,2,1,1.0,5,37261,M,,,37
200900042738,9,9,4,1805,1,2,2,1.0,3,37261,M,,,37
200900042739,9,9,4,2300,5,2,4,1.0,6,37261,M,,,37
200900042740,9,9,5,1934,1,2,3,1.0,3,37214,M,,,37
200900042741,9,9,5,1736,1,2,1,1.0,3,37261,M,,,37
200900042742,9,9,6,43,5,2,2,1.0,1,37261,M,,,37
200900042743,9,9,1,1940,1,1,1,1.0,7,37122,M,,,37
200900042744,9,9,10,1700,1,2,1,1.0,5,37208,M,,,37
200900042745,9,9,11,812,1,2,6,1.0,3,37261,M,,,37
200900042746,9,9,11,2145,5,2,3,1.0,7,37195,M,,,37
200900042747,9,9,14,815,2,2,1,1.0,7,37233,M,,,37
200900042748,9,9,14,1730,1,2,1,1.0,1,37261,M,,,37
200900042749,9,9,23,1525,1,2,1,1.0,7,37261,M,,,37
200900042750,9,9,24,1150,1,2,2,1.0,3,37122,M,,,37
200900042751,9,9,26,1815,1,2,3,1.0,2,37261,M,,,37
200900042752,9,9,30,1930,2,2,1,1.0,7,37122,M,,,37
200900042753,9,9,16,1445,1,2,2,2.0,3,37261,M,,,37
200900042754,9,9,16,1110,1,2,1,1.0,6,37261,M,,,37
200900042755,9,9,16,750,1,2,2,2.0,3,37233,M,,,37
200900042756,9,9,16,845,1,2,6,2.0,3,37195,M,,,37
200900042757,9,9,17,1440,1,2,1,1.0,6,37122,M,,,37
200900042758,9,9,17,718,2,2,1,2.0,7,37214,M,,,37
200900042759,9,9,17,1730,1,2,1,1.0,7,37261,M,,,37
200900042760,9,9,18,757,1,2,1,1.0,3,37261,M,,,37
200900042761,9,9,21,1420,1,2,6,1.0,3,37261,M,,,37
200900042762,9,9,19,45,5,2,2,1.0,6,37214,M,,,37
200900042763,9,9,20,115,5,2,2,1.0,3,37261,M,,,37
200900042764,9,9,20,2020,2,2,2,1.0,3,37261,M,,,37
200900042765,9,9,23,1734,1,1,1,1.0,7,37261,M,,,37
200900042766,9,9,28,940,1,2,1,1.0,4,37261,M,,,37
200900042767,9,9,23,2350,5,2,9,1.0,2,37261,M,,,37
200900042768,9,9,24,555,2,2,1,1.0,6,37261,M,,,37
200900042769,9,9,24,1759,1,2,1,1.0,3,37261,M,,,37
200900042770,9,9,24,2055,5,2,3,1.0,3,37233,M,,,37
200900042771,9,9,28,1436,1,2,1,1.0,6,37233,M,,,37
200900042772,9,9,28,1652,1,2,1,1.0,2,37261,M,,,37
200900042773,9,9,28,1740,1,2,3,1.0,3,37261,M,,,37
200900042774,9,9,29,1015,1,2,1,1.0,6,37261,M,,,37
200900042775,9,9,30,855,1,2,1,2.0,7,37261,M,,,37
200900042776,9,9,29,755,2,2,6,1.0,6,37214,M,,,37
200900042777,9,9,29,1230,1,2,1,1.0,2,37261,M,,,37
200900042778,9,9,29,1334,1,2,5,1.0,7,37261,M,,,37
200900042779,9,9,29,2045,5,2,1,2.0,2,37261,M,,,37
200900042780,9,9,29,1752,1,1,1,1.0,3,37214,M,,,37
200900042781,9,9,30,1748,1,2,1,1.0,6,37261,M,,,37
200900042782,9,9,10,745,1,2,1,1.0,6,37159,M,0.0,0,37
200900042783,9,9,10,1715,1,1,1,1.0,7,37081,M,0.0,0,37
200900042784,9,9,11,1700,1,1,1,1.0,1,37016,M,0.0,0,37
200900042785,9,9,25,2030,4,1,1,1.0,3,37119,M,0.0,0,37
200900042786,9,9,1,1245,1,1,1,1.0,1,37171,M,4.0,0,37
200900042787,9,9,5,1815,1,2,1,1.0,3,37226,M,0.0,0,37
200900042788,9,9,6,1215,1,1,9,1.0,7,37276,M,4.0,0,37
200900042789,9,9,26,2330,3,1,1,1.0,6,37194,M,4.0,0,37
200900042790,9,9,5,1945,1,1,1,1.0,3,37185,M,4.0,0,37
200900042791,9,9,21,1615,1,1,1,1.0,7,37199,M,0.0,0,37
200900042792,9,9,16,715,2,1,1,2.0,3,37251,M,4.0,0,37
200900042793,9,9,21,715,1,1,2,8.0,3,37057,M,4.0,0,37
200900042794,9,9,30,1615,1,2,1,1.0,3,37003,M,0.0,0,37
200900042795,9,9,22,755,1,2,1,1.0,6,55545,M,,,55
200900042796,9,9,26,1415,1,2,2,1.0,3,55545,M,4.0,0,55
200900042797,9,3,22,1045,1,2,7,1.0,6,78440,M,4.0,0,78
200900042798,9,1,10,1450,1,2,2,9.0,2,78238,M,4.0,0,78
200900042799,9,3,5,1530,1,2,4,1.0,6,78440,M,4.0,0,78
200900042800,9,3,10,930,1,2,6,1.0,2,78440,M,4.0,0,78
200900042801,9,5,6,1330,1,2,1,1.0,6,78517,M,4.0,0,78
200900042802,9,5,3,2005,1,2,1,1.0,6,78335,M,4.0,0,78
200900042803,9,5,11,650,1,1,1,2.0,6,78220,M,4.0,0,78
200900042804,9,5,26,920,1,2,2,1.0,3,78498,M,4.0,0,78
200900042805,9,5,28,1830,1,2,1,1.0,6,78361,M,4.0,0,78
200900042806,9,5,10,1610,1,2,1,1.0,6,78490,M,4.0,0,78
200900042807,9,5,31,950,1,2,3,1.0,6,78486,M,4.0,0,78
200900042808,9,5,22,1140,1,1,1,1.0,2,78490,M,4.0,0,78
200900042809,9,5,8,1910,1,2,1,1.0,6,78383,M,4.0,0,78
200900042810,9,5,17,2130,1,2,1,1.0,2,78624,M,4.0,0,78
200900042811,9,5,1,1630,1,1,1,1.0,6,78297,M,4.0,0,78
200900042812,9,5,7,910,1,2,1,1.0,5,78423,M,4.0,0,78
200900042813,9,5,15,715,1,2,1,1.0,6,78551,M,4.0,0,78
200900042814,9,5,29,1440,1,2,1,1.0,6,78672,M,4.0,0,78
200900042815,9,5,11,700,1,2,1,2.0,2,78297,M,,,78
200900042816,9,5,13,1835,1,1,2,1.0,3,78551,M,4.0,0,78
200900042817,9,5,19,1540,1,2,1,1.0,6,78545,M,4.0,0,78
200900042818,9,5,24,845,1,1,1,1.0,1,78251,M,4.0,0,78
200900042819,9,5,29,1440,1,2,2,1.0,3,78498,M,4.0,0,78
200900042820,9,5,19,1345,1,2,1,1.0,6,78551,M,4.0,0,78
200900042821,9,5,20,1150,1,2,7,1.0,2,78361,M,4.0,0,78
200900042822,9,5,4,900,1,2,6,1.0,3,78297,M,4.0,0,78
200900042823,9,5,10,115,5,2,1,1.0,6,78311,M,4.0,0,78
200900042824,9,5,4,2010,2,2,1,1.0,3,78372,M,4.0,0,78
200900042825,9,5,19,1710,1,2,3,1.0,3,78311,M,4.0,0,78
200900042826,9,5,25,1610,1,2,2,1.0,1,78490,M,4.0,0,78
200900042827,9,5,27,1900,1,2,3,1.0,2,78165,M,4.0,0,78
200900042828,9,5,30,1145,1,2,1,1.0,2,78362,M,4.0,0,78
200900042829,9,5,14,1225,1,2,1,1.0,6,78551,M,4.0,0,78
200900042830,9,5,29,2050,1,2,1,1.0,6,78517,M,4.0,0,78
200900042831,9,5,1,2150,5,2,1,1.0,1,78423,M,4.0,0,78
200900042832,9,5,19,900,1,2,1,1.0,6,78586,M,4.0,0,78
200900042833,9,5,20,1955,1,2,2,1.0,2,78643,M,4.0,0,78
200900042834,9,5,26,1605,1,2,6,1.0,6,78498,M,4.0,0,78
200900042835,9,5,28,2058,2,1,1,1.0,5,78545,M,4.0,0,78
200900042836,9,5,18,1620,1,2,1,1.0,3,78165,M,4.0,0,78
200900042837,9,5,12,2025,2,2,6,1.0,2,78208,M,4.0,0,78
200900042838,9,5,8,820,1,2,1,1.0,3,78168,M,4.0,0,78
200900042839,9,5,7,550,2,2,2,1.0,2,78674,M,4.0,0,78
200900042840,9,5,25,1100,1,2,1,1.0,6,78551,M,4.0,0,78
200900042841,9,5,23,1955,1,2,2,1.0,3,78486,M,4.0,0,78
200900042842,9,5,10,1300,1,1,1,1.0,6,78590,M,4.0,0,78
200900042843,9,5,6,1830,1,2,1,1.0,3,78092,M,4.0,0,78
200900042844,9,5,6,1020,1,2,1,1.0,6,78361,M,,,78
200900042845,9,5,14,1745,1,2,2,1.0,6,78123,M,4.0,0,78
200900042846,9,5,6,1845,1,2,6,1.0,3,78361,M,4.0,0,78
200900042847,9,5,1,1545,1,2,1,1.0,6,78643,M,4.0,0,78
200900042848,9,5,5,30,5,2,1,1.0,6,78643,M,4.0,0,78
200900042849,9,5,6,1945,1,2,2,1.0,3,78361,M,4.0,0,78
200900042850,9,5,10,1035,1,2,3,1.0,2,78314,M,4.0,0,78
200900042851,9,5,11,810,1,2,3,2.0,5,78498,M,4.0,0,78
200900042852,9,5,12,1245,1,2,2,8.0,3,78362,M,4.0,0,78
200900042853,9,5,5,1320,1,1,1,1.0,5,78402,M,4.0,0,78
200900042854,9,5,29,1755,1,1,1,1.0,3,78646,M,4.0,0,78
200900042855,9,5,25,855,1,1,1,1.0,2,78640,M,4.0,0,78
200900042856,9,5,14,1300,1,1,1,2.0,6,78640,M,4.0,0,78
200900042857,9,5,27,1840,1,1,1,1.0,3,78073,M,4.0,0,78
200900042858,9,5,11,535,3,1,1,2.0,6,78490,M,4.0,0,78
200900042859,9,5,23,1150,1,1,1,8.0,6,78545,M,4.0,0,78
200900042860,9,5,25,2030,1,1,1,1.0,6,78206,M,4.0,0,78
200900042861,9,5,19,800,1,1,1,1.0,3,78217,M,4.0,0,78
200900042862,9,5,2,1820,1,1,1,1.0,6,78490,M,4.0,0,78
200900042863,9,5,1,2015,2,1,1,1.0,4,78140,M,4.0,0,78
200900042864,9,5,12,1625,1,1,1,1.0,6,78206,M,4.0,0,78
200900042865,9,5,29,1655,1,1,1,1.0,2,78545,M,4.0,0,78
200900042866,9,5,7,1305,1,1,1,1.0,3,78206,M,4.0,0,78
200900042867,9,5,21,1600,1,1,1,1.0,6,78291,M,4.0,0,78
200900042868,9,5,7,2215,3,1,1,1.0,6,78423,M,4.0,0,78
200900042869,9,5,11,305,5,1,1,2.0,6,78362,M,4.0,0,78
200900042870,9,5,16,1735,1,1,1,8.0,6,78297,M,4.0,0,78
200900042871,9,5,21,1250,1,1,1,1.0,6,78545,M,4.0,0,78
200900042872,9,5,29,2310,5,1,1,1.0,3,78646,M,4.0,0,78
200900042873,9,5,5,1150,1,1,1,1.0,6,78640,M,4.0,0,78
200900042874,9,5,10,1630,1,1,1,1.0,2,78158,M,4.0,0,78
200900042875,9,5,27,1005,1,1,1,1.0,7,78423,M,4.0,0,78
200900042876,9,5,28,245,5,1,1,1.0,2,78029,M,4.0,0,78
200900042877,9,5,12,1645,1,1,2,1.0,5,78020,M,4.0,0,78
200900042878,9,5,5,830,1,2,1,1.0,1,78616,M,4.0,0,78
200900042879,9,5,7,1730,1,2,3,1.0,3,78255,M,4.0,0,78
200900042880,9,5,6,700,1,1,1,1.0,1,78320,M,4.0,0,78
200900042881,9,5,29,2030,2,1,1,7.0,6,78263,M,4.0,0,78
200900042882,9,5,7,1945,1,2,1,1.0,6,78356,M,4.0,0,78
200900042883,9,5,20,1745,1,2,1,1.0,6,78239,M,4.0,0,78
200900042884,9,5,11,945,1,2,2,1.0,1,78655,M,0.0,0,78
200900042885,9,5,25,1345,1,2,5,7.0,3,78537,M,0.0,0,78
200900042886,9,5,15,1645,1,1,1,1.0,1,78321,M,4.0,0,78
200900042887,9,5,8,1100,1,1,1,1.0,2,78590,M,4.0,0,78
200900042888,9,5,16,1215,1,1,1,1.0,5,78050,M,4.0,0,78
200900042889,9,5,13,1830,1,2,3,1.0,2,78418,M,4.0,0,78
200900042890,9,5,7,100,5,2,2,1.0,6,78146,M,4.0,0,78
200900042891,9,5,7,1910,1,2,2,1.0,6,78650,M,4.0,0,78
200900042892,9,5,2,1850,1,2,4,1.0,1,78650,M,4.0,0,78
200900042893,9,5,3,1745,1,2,4,1.0,3,78238,M,4.0,0,78
200900042894,9,5,30,1943,1,2,2,1.0,3,78029,M,4.0,0,78
200900042895,9,5,30,1830,1,2,1,7.0,4,78401,M,4.0,0,78
200900042896,9,5,19,918,1,2,6,1.0,2,78440,M,4.0,0,78
200900042897,9,5,10,1004,1,2,1,1.0,6,78640,M,4.0,0,78
200900042898,9,5,6,815,1,2,1,1.0,6,78640,M,4.0,0,78
200900042899,9,5,10,1950,1,2,1,1.0,7,78640,M,4.0,0,78
200900042900,9,5,2,400,5,2,4,1.0,3,78686,M,4.0,0,78
200900042901,9,5,3,1100,1,2,1,1.0,6,78246,M,4.0,0,78
200900042902,9,5,3,1950,1,2,7,1.0,3,78401,M,4.0,0,78
200900042903,9,5,12,1730,1,2,6,1.0,3,78029,M,4.0,0,78
200900042904,9,5,26,2030,1,2,9,1.0,3,78640,M,4.0,0,78
200900042905,9,3,4,1125,1,1,1,4.0,7,14188,M,4.0,-,14
200900042906,9,3,4,1130,1,1,1,4.0,2,14374,M,4.0,-,14
200900042907,9,3,5,1730,1,1,1,1.0,1,14032,M,4.0,0,14
200900042908,9,3,16,755,2,1,1,7.0,6,14415,M,4.0,-,14
200900042909,9,3,19,1800,1,2,2,1.0,3,14225,M,4.0,-,14
200900042910,9,3,22,540,5,2,1,5.0,6,14701,M,4.0,0,14
200900042911,9,3,23,855,1,2,1,7.0,6,14762,M,4.0,-,14
200900042912,9,3,28,1150,1,1,1,3.0,5,14258,M,4.0,-,14
200900042913,9,3,28,1645,1,1,1,1.0,6,14162,M,4.0,-,14