Num_Acc,an,mois,jour,hrmn,lum,agg,int,atm,col,com,gps,lat,long,dep
200900043283,9,7,27,530,5,1,1,1.0,2,94017,M,4.0,0,94
200900043284,9,7,27,1028,1,2,1,1.0,2,94068,M,4.0,0,94
200900043285,9,7,27,2355,5,2,2,1.0,3,94018,M,4.0,0,94
200900043286,9,7,28,820,1,2,2,1.0,3,94034,M,4.0,0,94
200900043287,9,7,29,140,5,2,2,1.0,3,94046,M,4.0,0,94
200900043288,9,7,29,1230,1,1,1,1.0,2,94073,M,4.0,0,94
200900043289,9,7,30,950,1,2,1,1.0,6,94068,M,4.0,0,94
200900043290,9,7,31,25,5,2,3,1.0,2,94080,M,4.0,0,94
200900043291,9,7,31,1835,1,2,1,1.0,3,94022,M,4.0,0,94
200900043292,9,7,21,1540,1,2,2,1.0,3,94081,M,4.0,0,94
200900043293,9,7,28,935,1,2,1,1.0,3,94019,M,4.0,0,94
200900043294,9,7,28,945,1,2,2,1.0,3,94002,M,,,94
200900043295,9,7,21,1540,1,2,2,1.0,3,94021,M,4.0,0,94
200900043296,9,7,30,1,5,2,3,1.0,3,94018,M,4.0,0,94
200900043297,9,7,24,2140,5,2,3,1.0,3,94080,M,4.0,0,94
200900043298,9,7,27,1230,1,2,2,3.0,1,94081,M,4.0,0,94
200900043299,9,7,31,2000,1,2,3,1.0,3,94028,M,4.0,0,94
200900043300,9,7,29,1455,1,2,1,1.0,6,94019,M,4.0,0,94
200900043301,9,7,16,1630,1,2,2,1.0,3,94028,M,4.0,0,94
200900043302,9,7,28,1250,1,2,1,1.0,5,94052,M,4.0,0,94
200900043303,9,7,31,1815,1,2,1,1.0,2,94079,M,4.0,0,94
200900043304,9,7,22,1900,1,2,1,1.0,6,94011,M,4.0,0,94
200900043305,9,7,9,1340,1,2,2,1.0,7,94018,M,4.0,0,94
200900043306,9,7,18,50,3,2,1,3.0,6,94044,M,4.0,0,94
200900043307,9,7,18,930,1,2,1,1.0,6,94052,M,4.0,0,94
200900043308,9,7,30,1105,1,2,1,1.0,6,94077,M,4.0,0,94
200900043309,9,7,8,915,1,2,1,1.0,2,94033,M,4.0,0,94
200900043310,9,7,31,900,1,2,3,2.0,1,94002,M,,,94
200900043311,9,7,28,1455,1,2,1,1.0,3,94034,M,4.0,0,94
200900043312,9,7,31,2205,5,2,1,1.0,7,94073,M,4.0,0,94
200900043313,9,7,26,1455,1,2,1,1.0,2,94073,M,4.0,0,94
200900043314,9,7,24,1020,1,2,3,1.0,1,94078,M,4.0,0,94
200900043315,9,7,30,2105,2,2,2,1.0,3,94019,M,4.0,0,94
200900043316,9,7,16,1835,1,2,1,1.0,3,94077,M,4.0,0,94
200900043317,9,7,21,945,1,2,1,1.0,6,94052,M,4.0,0,94
200900043318,9,7,9,1900,1,2,1,1.0,6,94004,M,4.0,0,94
200900043319,9,7,21,1200,1,2,1,1.0,1,94073,M,4.0,0,94
200900043320,9,7,29,740,1,2,1,1.0,2,94046,M,4.0,0,94
200900043321,9,7,7,900,1,2,1,1.0,3,94004,M,4.0,0,94
200900043322,9,7,4,1220,1,2,2,1.0,3,94021,M,4.0,0,94
200900043323,9,7,15,935,1,2,1,1.0,2,94073,M,4.0,0,94
200900043324,9,7,5,945,1,2,1,1.0,2,94021,M,4.0,0,94
200900043325,9,7,21,1715,1,2,2,1.0,3,94054,M,4.0,0,94
200900043326,9,7,27,25,3,2,3,1.0,1,94028,M,4.0,0,94
200900043327,9,7,31,1655,1,2,1,1.0,3,94060,M,4.0,0,94
200900043328,9,7,21,1050,1,2,1,1.0,6,94078,M,4.0,0,94
200900043329,9,7,16,55,5,2,2,1.0,7,94028,M,4.0,0,94
200900043330,9,7,21,1915,1,2,1,1.0,7,94081,M,4.0,0,94
200900043331,9,7,26,1925,1,2,1,1.0,6,94011,M,4.0,0,94
200900043332,9,7,30,1015,1,2,1,1.0,2,94058,M,4.0,0,94
200900043333,9,7,2,820,1,2,3,1.0,3,94081,M,4.0,0,94
200900043334,9,7,2,1335,1,2,1,1.0,6,94081,M,4.0,0,94
200900043335,9,7,28,1825,1,2,3,1.0,3,94075,M,4.0,0,94
200900043336,9,7,13,1155,1,2,2,1.0,3,94041,M,4.0,0,94
200900043337,9,7,17,730,1,2,2,8.0,3,94069,M,4.0,0,94
200900043338,9,7,14,1810,1,2,1,1.0,3,94038,M,4.0,0,94
200900043339,9,7,21,1755,1,2,3,1.0,6,94046,M,4.0,0,94
200900043340,9,7,30,5,5,2,2,1.0,2,94067,M,4.0,0,94
200900043341,9,7,7,1845,1,2,1,2.0,5,94073,M,4.0,0,94
200900043342,9,7,7,2225,3,2,2,1.0,3,94073,M,4.0,0,94
200900043343,9,7,22,1300,1,2,1,1.0,6,94028,M,4.0,0,94
200900043344,9,7,22,1500,1,2,2,1.0,3,94073,M,4.0,0,94
200900043345,9,7,16,2320,5,2,1,2.0,5,94022,M,4.0,0,94
200900043346,9,7,26,405,5,2,5,1.0,3,94081,M,4.0,0,94
200900043347,9,7,10,1650,1,2,1,8.0,6,94034,M,4.0,0,94
200900043348,9,7,21,740,1,2,3,1.0,6,94021,M,4.0,0,94
200900043349,9,7,25,400,3,2,1,1.0,7,94073,M,4.0,0,94
200900043350,9,7,2,535,2,2,1,1.0,7,94041,M,4.0,0,94
200900043351,9,7,27,930,1,2,1,1.0,3,94074,M,4.0,0,94
200900043352,9,7,31,1455,1,2,1,1.0,6,94081,M,4.0,0,94
200900043353,9,7,15,1600,1,2,1,1.0,7,94018,M,4.0,0,94
200900043354,9,7,21,1210,1,2,1,1.0,6,94028,M,4.0,0,94
200900043355,9,7,31,1550,1,2,1,1.0,6,94052,M,4.0,0,94
200900043356,9,7,26,2000,1,2,1,1.0,6,94081,M,4.0,0,94
200900043357,9,7,30,1724,1,2,1,1.0,6,94068,M,4.0,0,94
200900043358,9,7,2,1400,1,2,1,1.0,3,94034,M,4.0,0,94
200900043359,9,7,10,1710,1,1,1,1.0,3,94017,M,4.0,0,94
200900043360,9,7,22,1930,1,1,1,8.0,7,94028,M,4.0,0,94
200900043361,9,7,4,1745,1,1,1,1.0,6,94003,M,4.0,0,94
200900043362,9,7,13,1010,1,1,1,1.0,7,94073,M,4.0,0,94
200900043363,9,7,13,1500,1,1,1,1.0,5,94052,M,4.0,0,94
200900043364,9,7,1,1340,1,1,1,1.0,4,94017,M,4.0,0,94
200900043365,9,7,25,445,5,2,1,1.0,6,94021,M,4.0,0,94
200900043366,9,9,8,1650,1,1,1,1.0,6,69290,M,,,69
200900043367,9,9,11,1415,1,1,1,1.0,4,69290,M,,,69
200900043368,9,9,18,1710,1,1,9,1.0,7,69029,M,,,69
200900043369,9,9,24,1945,2,1,1,1.0,2,69266,M,,,69
200900043370,9,9,25,910,1,1,1,1.0,2,69034,M,,,69
200900043371,9,9,25,1530,1,1,1,1.0,3,69297,M,,,69
200900043372,9,4,6,645,2,2,2,1.0,3,92073,M,,,92
200900043373,9,4,16,1915,1,2,1,1.0,3,92020,M,,,92
200900043374,9,4,3,1455,1,2,3,1.0,3,92049,M,,,92
200900043375,9,4,2,1840,1,2,1,1.0,3,92040,M,,,92
200900043376,9,4,22,2235,5,2,1,1.0,6,92032,M,,,92
200900043377,9,4,14,1455,1,2,1,1.0,3,92064,M,,,92
200900043378,9,4,7,1140,1,2,2,1.0,3,92024,M,,,92
200900043379,9,4,2,1910,1,2,1,1.0,6,92024,M,,,92
200900043380,9,4,9,1055,1,2,1,1.0,2,92062,M,,,92
200900043381,9,4,1,915,1,2,1,1.0,3,92025,M,,,92
200900043382,9,4,14,1010,1,2,2,1.0,3,92026,M,,,92
200900043383,9,4,23,1210,1,2,6,1.0,3,92019,M,,,92
200900043384,9,4,2,1600,1,2,4,1.0,7,92073,M,,,92
200900043385,9,4,2,1655,1,2,3,1.0,3,92078,M,,,92
200900043386,9,4,21,730,1,2,1,1.0,3,92020,M,,,92
200900043387,9,4,9,1125,1,2,1,1.0,3,92046,M,,,92
200900043388,9,4,3,1820,1,2,2,1.0,1,92025,M,,,92
200900043389,9,4,12,1345,1,2,2,1.0,3,92046,M,,,92
200900043390,9,4,5,1130,1,2,1,1.0,1,92073,M,,,92
200900043391,9,4,20,1440,1,2,4,1.0,3,92062,M,,,92
200900043392,9,4,14,940,1,2,2,1.0,3,92025,M,,,92
200900043393,9,4,2,805,1,2,1,1.0,4,92024,M,,,92
200900043394,9,4,15,720,1,2,5,1.0,6,92024,M,,,92
200900043395,9,4,13,1405,1,2,3,1.0,3,92063,M,,,92
200900043396,9,4,6,2200,5,2,2,1.0,3,92073,M,,,92
200900043397,9,4,7,1830,1,2,1,1.0,3,92026,M,,,92
200900043398,9,4,1,810,1,2,1,1.0,6,92040,M,,,92
200900043399,9,4,7,1000,1,2,2,8.0,2,92026,M,,,92
200900043400,9,4,5,1745,1,2,2,1.0,3,92062,M,,,92
200900043401,9,4,2,835,1,2,6,1.0,3,92063,M,,,92
200900043402,9,4,7,835,1,2,3,2.0,2,92062,M,,,92
200900043403,9,4,7,1215,1,2,3,1.0,3,92036,M,,,92
200900043404,9,4,10,1345,1,2,1,1.0,6,92063,M,,,92
200900043405,9,4,22,1720,1,2,6,1.0,6,92048,M,,,92
200900043406,9,4,13,1930,1,2,1,1.0,4,92025,M,,,92
200900043407,9,4,29,1730,1,2,1,2.0,6,92025,M,,,92
200900043408,9,4,2,1110,1,2,6,1.0,3,92047,M,,,92
200900043409,9,4,9,925,1,2,1,8.0,6,92076,M,,,92
200900043410,9,4,10,1805,1,2,2,2.0,3,92040,M,,,92
200900043411,9,4,23,725,1,2,1,1.0,7,92049,M,,,92
200900043412,9,4,14,1645,1,2,2,1.0,3,92004,M,,,92
200900043413,9,4,8,1430,1,2,1,1.0,6,92026,M,,,92
200900043414,9,4,8,1410,1,2,1,2.0,6,92073,M,,,92
200900043415,9,4,7,1305,1,2,1,1.0,3,92024,M,,,92
200900043416,9,4,3,1300,1,2,1,1.0,6,92024,M,,,92
200900043417,9,4,10,1715,1,2,2,1.0,3,92020,M,,,92
200900043418,9,4,9,1520,1,2,1,1.0,6,92063,M,,,92
200900043419,9,4,7,1230,1,2,1,1.0,3,92024,M,,,92
200900043420,9,4,1,1400,1,2,1,1.0,3,92026,M,,,92
200900043421,9,4,7,1915,2,2,1,1.0,6,92064,M,,,92
200900043422,9,4,4,1350,1,2,1,1.0,6,92024,M,,,92
200900043423,9,4,19,1445,1,2,2,2.0,6,92024,M,,,92
200900043424,9,4,1,920,1,2,1,1.0,3,92019,M,,,92
200900043425,9,4,9,2220,5,2,2,1.0,3,92020,M,,,92
200900043426,9,4,9,1800,1,2,1,1.0,6,92026,M,,,92
200900043427,9,4,13,1950,1,2,9,1.0,3,92036,M,,,92
200900043428,9,4,12,435,5,2,2,3.0,2,92046,M,,,92
200900043429,9,4,23,1010,1,2,1,1.0,6,92049,M,,,92
200900043430,9,4,24,1125,1,2,1,1.0,6,92048,M,,,92
200900043431,9,4,3,1640,1,2,1,1.0,6,92064,M,,,92
200900043432,9,4,1,1640,1,2,1,1.0,6,92025,M,,,92
200900043433,9,4,23,135,5,2,1,1.0,2,92024,M,,,92
200900043434,9,4,1,1445,1,2,3,1.0,6,92078,M,,,92
200900043435,9,4,2,2015,2,2,2,1.0,3,92020,M,,,92
200900043436,9,4,12,405,5,2,1,2.0,1,92049,M,,,92
200900043437,9,4,27,1140,1,2,1,1.0,7,92062,M,,,92
200900043438,9,4,15,1750,1,2,2,1.0,1,92046,M,,,92
200900043439,9,4,8,1045,1,2,3,2.0,3,92025,M,,,92
200900043440,9,4,11,1005,1,2,2,1.0,3,92022,M,,,92
200900043441,9,4,8,920,1,2,4,2.0,6,92062,M,,,92
200900043442,9,4,18,1235,1,2,1,2.0,6,92025,M,,,92
200900043443,9,4,27,2020,5,2,2,3.0,2,92019,M,,,92
200900043444,9,4,14,915,1,2,2,1.0,6,92046,M,,,92
200900043445,9,4,12,1410,1,2,1,1.0,2,92019,M,,,92
200900043446,9,4,22,300,5,2,2,1.0,2,92025,M,,,92
200900043447,9,4,15,1800,1,1,9,1.0,3,92026,M,,,92
200900043448,9,4,30,1325,1,2,1,1.0,6,92025,M,,,92
200900043449,9,4,2,1335,1,2,1,1.0,3,92040,M,,,92
200900043450,9,4,8,2125,5,2,3,2.0,7,92040,M,,,92
200900043451,9,4,29,1210,1,2,2,2.0,3,92062,M,,,92
200900043452,9,4,17,1810,1,2,1,1.0,6,92024,M,,,92
200900043453,9,4,6,830,1,2,3,1.0,6,92073,M,,,92
200900043454,9,4,7,1700,1,2,3,1.0,3,92036,M,,,92
200900043455,9,4,20,1120,1,2,2,1.0,3,92024,M,,,92
200900043456,9,4,16,2150,5,2,1,1.0,6,92024,M,,,92
200900043457,9,4,7,2320,5,2,1,1.0,1,92073,M,,,92
200900043458,9,4,15,1320,1,2,1,1.0,6,92063,M,,,92
200900043459,9,4,24,1905,1,2,1,1.0,3,92024,M,,,92
200900043460,9,4,30,2200,5,2,1,9.0,3,92050,M,,,92
200900043461,9,4,29,1020,1,2,1,1.0,6,92051,M,,,92
200900043462,9,4,20,1233,1,2,3,1.0,3,92051,M,,,92
200900043463,9,4,21,950,1,2,1,1.0,6,92046,M,,,92
200900043464,9,4,23,1940,1,2,2,1.0,3,92051,M,,,92
200900043465,9,4,25,2027,3,2,1,1.0,2,92051,M,,,92
200900043466,9,4,15,2010,1,2,1,2.0,3,92051,M,,,92
200900043467,9,4,20,1252,1,2,1,1.0,3,92051,M,,,92
200900043468,9,4,28,1840,1,2,1,2.0,6,92073,M,,,92
200900043469,9,4,10,1811,1,2,1,2.0,6,92050,M,,,92
200900043470,9,4,28,1530,1,2,3,1.0,6,92004,M,,,92
200900043471,9,4,29,1725,1,2,1,2.0,2,92073,M,,,92
200900043472,9,4,12,1150,1,2,3,1.0,6,92004,M,,,92
200900043473,9,4,11,1945,1,2,1,2.0,6,92004,M,,,92
200900043474,9,4,22,1520,1,2,3,1.0,6,92014,M,,,92
200900043475,9,4,29,1745,1,2,1,3.0,6,92064,M,,,92
200900043476,9,4,17,945,1,2,2,1.0,3,92023,M,,,92
200900043477,9,4,29,1650,1,2,1,3.0,6,92072,M,,,92
200900043478,9,4,28,1015,1,2,6,1.0,6,92063,M,,,92
200900043479,9,4,29,2130,5,2,2,8.0,1,92063,M,,,92
200900043480,9,4,20,1425,1,2,2,1.0,3,92062,M,,,92
200900043481,9,4,22,2240,5,2,9,1.0,2,92026,M,,,92
200900043482,9,4,30,2145,5,2,1,1.0,2,92062,M,,,92
200900043483,9,4,29,930,1,2,1,1.0,7,92026,M,,,92
200900043484,9,4,15,1520,1,2,2,1.0,3,92004,M,,,92
200900043485,9,4,30,1840,1,2,2,1.0,6,92062,M,,,92
200900043486,9,4,20,1630,1,2,3,1.0,2,92026,M,,,92
200900043487,9,4,9,2235,5,2,1,1.0,6,92023,M,,,92
200900043488,9,4,25,245,5,2,1,1.0,5,92050,M,,,92
200900043489,9,4,4,1950,2,2,1,1.0,6,92004,M,,,92
200900043490,9,4,20,1735,1,2,2,1.0,3,92036,M,,,92
200900043491,9,4,27,1440,1,2,1,1.0,6,92050,M,,,92
200900043492,9,4,28,1525,1,2,1,1.0,2,92050,M,,,92
200900043493,9,4,29,1745,1,2,2,2.0,3,92026,M,,,92
200900043494,9,4,17,2145,5,2,2,1.0,3,92026,M,,,92
200900043495,9,4,29,1750,1,2,1,3.0,3,92063,M,,,92
200900043496,9,4,30,815,1,2,1,1.0,6,92040,M,,,92
200900043497,9,4,18,555,5,2,2,1.0,6,92004,M,,,92
200900043498,9,4,25,2030,1,2,9,1.0,3,92036,M,,,92
200900043499,9,4,2,145,5,2,3,1.0,6,92009,M,,,92
200900043500,9,4,17,1445,1,2,1,1.0,7,92064,M,,,92
200900043501,9,4,11,1830,1,2,2,1.0,3,92004,M,,,92
200900043502,9,4,29,750,1,2,3,1.0,2,92062,M,,,92
200900043503,9,4,22,900,1,2,1,1.0,3,92050,M,,,92
200900043504,9,4,26,330,5,2,1,1.0,7,92073,M,,,92
200900043505,9,4,19,20,5,2,1,1.0,2,92023,M,,,92
200900043506,9,4,28,2055,1,2,1,1.0,6,92050,M,,,92
200900043507,9,4,11,650,1,2,2,1.0,3,92050,M,,,92
200900043508,9,4,24,740,1,2,1,1.0,3,92004,M,,,92
200900043509,9,4,19,340,5,2,2,2.0,3,92040,M,,,92
200900043510,9,4,16,805,1,2,1,9.0,6,92050,M,,,92
200900043511,9,4,9,905,1,2,1,1.0,3,92050,M,,,92
200900043512,9,4,30,1300,1,2,1,1.0,2,92040,M,,,92
200900043513,9,4,3,1600,1,2,1,1.0,6,92023,M,,,92
200900043514,9,4,30,1900,1,2,1,1.0,3,92023,M,,,92
200900043515,9,4,30,855,1,2,1,1.0,6,92064,M,,,92
200900043516,9,4,30,1630,1,2,1,1.0,6,92033,M,,,92
200900043517,9,4,2,2140,5,2,2,1.0,3,92004,M,,,92
200900043518,9,4,29,930,1,2,1,1.0,6,92064,M,,,92
200900043519,9,4,24,1700,1,2,1,1.0,3,92023,M,,,92
200900043520,9,4,4,1720,1,2,1,1.0,3,92009,M,,,92
200900043521,9,4,2,1230,1,2,2,1.0,3,92002,M,,,92
200900043522,9,4,7,900,1,2,1,8.0,3,92050,M,,,92
200900043523,9,4,22,1810,1,2,3,1.0,6,92062,M,,,92
200900043524,9,4,9,840,1,2,2,1.0,6,92004,M,,,92
200900043525,9,4,1,1800,1,2,1,7.0,6,92050,M,,,92
200900043526,9,4,21,830,1,2,9,1.0,6,92026,M,,,92
200900043527,9,4,1,1227,1,2,1,1.0,2,92023,M,,,92
200900043528,9,4,16,1735,1,2,1,1.0,5,92050,M,,,92
200900043529,9,4,29,1235,1,2,9,8.0,2,92064,M,,,92
200900043530,9,4,4,1250,1,1,1,1.0,4,92064,M,,,92
200900043531,9,4,2,1700,1,1,1,1.0,2,92019,M,,,92
200900043532,9,4,8,1105,1,1,1,1.0,4,92062,M,,,92
200900043533,9,4,3,1855,1,1,1,1.0,3,92064,M,,,92
200900043534,9,4,30,640,1,1,9,1.0,1,92023,M,,,92
200900043535,9,4,4,725,1,1,1,1.0,3,92036,M,,,92
200900043536,9,4,12,1215,1,1,1,1.0,4,92036,M,,,92
200900043537,9,4,17,2023,5,1,1,1.0,2,92002,M,,,92
200900043538,9,4,23,1900,1,1,1,1.0,2,92026,M,,,92
200900043539,9,4,1,850,1,1,1,1.0,3,92062,M,,,92
200900043540,9,4,19,610,5,1,1,3.0,6,92060,M,,,92
200900043541,9,4,17,1000,1,1,1,1.0,6,92002,M,,,92
200900043542,9,4,5,1457,1,1,1,1.0,3,92002,M,,,92
200900043543,9,4,2,915,1,1,1,1.0,7,92023,M,,,92
200900043544,9,4,22,910,1,1,1,1.0,2,92019,M,,,92
200900043545,9,4,21,1730,1,1,1,1.0,4,92036,M,,,92
200900043546,9,4,10,745,1,1,1,1.0,7,92036,M,,,92
200900043547,9,4,4,2300,5,1,1,1.0,4,92051,M,,,92
200900043548,9,4,24,1700,1,1,1,1.0,4,92048,M,,,92
200900043549,9,4,2,1845,1,2,2,1.0,3,92040,M,,,92
200900043550,9,4,7,1250,1,2,9,1.0,6,92036,M,,,92
200900043551,9,4,16,1950,2,2,1,1.0,2,92020,M,,,92
200900043552,9,4,30,1125,1,2,1,1.0,6,92072,M,,,92
200900043553,9,4,20,845,1,2,1,1.0,3,92051,M,,,92
200900043554,9,4,24,1605,1,2,1,1.0,3,92026,M,,,92
200900043555,9,4,8,5,4,2,1,1.0,3,92040,M,,,92
200900043556,9,9,28,2052,4,1,1,1.0,6,69142,M,,,69
200900043557,9,9,29,1815,1,1,1,1.0,4,69259,M,,,69
200900043558,9,9,30,820,1,1,1,1.0,4,69266,M,,,69
200900043559,9,9,30,1330,1,1,1,1.0,2,69034,M,,,69
200900043560,9,9,30,1715,1,1,1,1.0,3,69259,M,,,69
200900043561,9,10,24,1045,1,2,2,2.0,3,80047,M,5.0,0,80
200900043562,9,10,17,445,3,1,1,2.0,1,80082,M,4.0,0,80
200900043563,9,10,31,1015,1,1,6,1.0,1,80063,M,0.0,0,80
200900043564,9,10,4,1415,1,2,1,3.0,3,80484,M,0.0,0,80
200900043565,9,10,30,445,3,1,1,5.0,1,80650,M,4.0,0,80
200900043566,9,10,14,1300,1,1,1,1.0,1,80799,M,0.0,0,80
200900043567,9,10,11,2315,4,1,1,2.0,7,80585,M,4.0,0,80
200900043568,9,10,7,1845,2,1,1,8.0,6,80815,M,5.0,0,80
200900043569,9,10,24,1430,1,1,2,8.0,3,80761,M,0.0,0,80
200900043570,9,10,28,1545,1,2,6,1.0,1,80410,M,4.0,0,80
200900043571,9,10,24,500,3,2,1,2.0,1,80253,M,5.0,0,80
200900043572,9,10,13,2215,3,1,1,8.0,3,80291,M,4.0,0,80
200900043573,9,10,11,1315,1,1,2,1.0,5,80212,M,0.0,0,80
200900043574,9,10,8,1630,1,1,1,1.0,3,80820,M,5.0,0,80
200900043575,9,10,22,1400,1,1,1,1.0,5,80227,M,4.0,0,80
200900043576,9,10,6,1600,1,1,1,3.0,6,80020,M,4.0,0,80
200900043577,9,10,21,1400,1,1,1,1.0,7,80761,M,0.0,0,80
200900043578,9,10,18,430,5,1,1,1.0,7,80383,M,0.0,0,80
200900043579,9,10,24,2215,5,1,1,1.0,3,80585,M,4.0,0,80
200900043580,9,10,1,930,1,2,1,1.0,3,80561,M,0.0,0,80
200900043581,9,10,27,1800,2,1,1,1.0,7,80385,M,0.0,0,80
200900043582,9,10,17,1215,1,1,1,1.0,3,80459,M,0.0,0,80
200900043583,9,10,6,2030,3,1,1,1.0,2,80761,M,0.0,0,80
200900043584,9,10,17,1445,1,1,1,8.0,6,80809,M,0.0,0,80
200900043585,9,10,4,1100,1,1,1,2.0,1,80133,M,5.0,0,80
200900043586,9,10,24,1945,3,1,1,3.0,3,80391,M,0.0,0,80
200900043587,9,10,3,1845,3,1,1,6.0,1,80224,M,0.0,0,80
200900043588,9,10,29,1500,1,2,1,1.0,6,80093,M,0.0,0,80
200900043589,9,10,24,1215,1,1,1,1.0,1,80330,M,4.0,0,80
200900043590,9,10,10,1430,1,2,1,1.0,6,80338,M,0.0,0,80
200900043591,9,10,7,1845,5,2,1,2.0,7,80021,M,,,80
200900043592,9,10,20,1200,1,2,1,1.0,7,80021,M,,,80
200900043593,9,10,12,850,1,2,1,1.0,6,80001,M,,,80
200900043594,9,10,4,1955,5,2,1,1.0,6,80021,M,,,80
200900043595,9,10,19,1405,1,2,1,1.0,3,80021,M,,,80
200900043596,9,10,24,1145,1,2,2,1.0,3,80021,M,,,80
200900043597,9,10,8,1115,1,2,1,2.0,3,80021,M,,,80
200900043598,9,10,27,1115,1,2,1,1.0,3,80021,M,,,80
200900043599,9,10,17,1700,1,1,1,1.0,2,80379,M,,,80
200900043600,9,10,7,810,1,2,3,1.0,7,80021,M,,,80
200900043601,9,10,23,825,1,2,1,1.0,3,80632,M,,,80
200900043602,9,10,6,1630,1,2,1,3.0,7,80021,M,,,80
200900043603,9,10,22,1315,1,2,3,1.0,3,80021,M,,,80
200900043604,9,10,23,1455,1,2,2,1.0,3,80021,M,,,80
200900043605,9,10,12,2125,5,2,1,1.0,2,80021,M,,,80
200900043606,9,10,29,1810,1,2,2,1.0,3,80021,M,,,80
200900043607,9,10,12,1630,1,2,1,1.0,7,80021,M,,,80
200900043608,9,10,5,1005,1,2,1,2.0,7,80021,M,,,80
200900043609,9,10,22,755,2,2,1,8.0,6,80001,M,,,80
200900043610,9,10,1,1625,1,2,1,1.0,2,80021,M,,,80
200900043611,9,10,24,950,1,2,1,2.0,7,80021,M,,,80
200900043612,9,10,10,250,5,2,1,2.0,7,80489,M,,,80
200900043613,9,10,27,745,1,2,1,1.0,7,80021,M,,,80
200900043614,9,10,4,1505,1,1,1,2.0,3,80131,M,,,80
200900043615,9,10,20,1630,1,2,1,1.0,2,80021,M,,,80
200900043616,9,10,12,120,5,2,1,1.0,7,80021,M,,,80
200900043617,9,10,4,1335,1,1,1,2.0,7,80261,M,,,80
200900043618,9,10,9,1255,1,2,1,2.0,2,80021,M,,,80
200900043619,9,10,14,2235,5,2,1,1.0,3,80021,M,,,80
200900043620,9,10,2,1505,1,2,1,1.0,3,80674,M,,,80
200900043621,9,10,30,740,1,2,1,5.0,3,80021,M,,,80
200900043622,9,10,19,1810,1,2,1,1.0,2,80021,M,,,80
200900043623,9,10,8,740,2,2,1,2.0,7,80021,M,,,80
200900043624,9,10,20,1335,1,2,1,1.0,3,80021,M,,,80
200900043625,9,10,22,845,1,2,1,1.0,3,80021,M,,,80
200900043626,9,10,5,1235,1,1,1,8.0,7,80021,M,,,80
200900043627,9,10,21,1250,1,1,1,1.0,2,80632,M,,,80
200900043628,9,10,23,1200,1,1,1,1.0,7,80131,M,,,80
200900043629,9,10,28,1815,5,2,1,1.0,7,80021,M,,,80
200900043630,9,10,26,1610,1,2,1,1.0,3,80021,M,,,80
200900043631,9,10,7,2235,1,1,1,1.0,7,80021,M,,,80
200900043632,9,10,10,1750,1,2,1,1.0,7,80164,M,,,80
200900043633,9,10,10,1545,1,1,1,1.0,2,80674,M,,,80
200900043634,9,10,9,1945,2,2,1,2.0,2,80021,M,,,80
200900043635,9,10,14,1530,1,2,1,1.0,7,80021,M,,,80
200900043636,9,10,30,815,1,2,1,1.0,2,80725,M,,,80
200900043637,9,10,15,1405,1,2,1,1.0,2,80021,M,,,80
200900043638,9,10,29,2330,5,2,1,1.0,3,80021,M,,,80
200900043639,9,10,23,1640,1,2,1,1.0,7,80021,M,,,80
200900043640,9,10,11,1800,1,1,1,3.0,7,80746,M,0.0,0,80
200900043641,9,10,23,725,2,2,1,1.0,7,80021,M,,,80
200900043642,9,10,18,1800,1,1,1,1.0,2,80021,M,,,80
200900043643,9,10,18,215,3,1,1,9.0,6,80057,M,0.0,0,80
200900043644,9,10,25,1817,1,2,1,1.0,3,80021,M,,,80
200900043645,9,7,10,1630,1,1,3,1.0,3,22093,M,0.0,0,22
200900043646,9,7,9,1300,1,1,1,1.0,1,22156,M,0.0,0,22
200900043647,9,7,24,1845,1,1,4,1.0,3,22228,M,0.0,0,22
200900043648,9,7,16,1615,1,1,3,1.0,7,22339,M,0.0,0,22
200900043649,9,7,27,1245,1,1,1,1.0,1,22009,M,0.0,0,22
200900043650,9,7,13,1,3,1,1,1.0,6,22203,M,0.0,0,22
200900043651,9,7,7,945,1,1,1,1.0,5,22008,M,0.0,0,22
200900043652,9,7,7,1415,1,1,1,1.0,5,22251,M,4.0,-,22
200900043653,9,7,8,1900,1,2,1,1.0,3,22195,M,0.0,0,22
200900043654,9,7,13,2015,1,1,4,1.0,3,22136,M,0.0,0,22
200900043655,9,7,18,1815,1,1,2,1.0,3,22210,M,0.0,0,22
200900043656,9,7,1,1245,1,1,1,1.0,1,22357,M,0.0,0,22
200900043657,9,7,28,2345,3,1,2,1.0,3,22182,M,4.0,-,22
200900043658,9,7,14,1815,1,1,1,1.0,3,22234,M,4.0,-,22
200900043659,9,7,15,230,5,2,6,1.0,7,22389,M,0.0,0,22
200900043660,9,7,16,815,3,1,1,1.0,7,22256,M,4.0,-,22
200900043661,9,7,26,315,3,2,1,1.0,7,22176,M,0.0,0,22
200900043662,9,7,5,1515,1,1,1,1.0,7,22197,M,0.0,0,22
200900043663,9,7,14,245,5,2,1,1.0,1,22214,M,0.0,0,22
200900043664,9,7,4,1615,1,2,1,1.0,3,22389,M,0.0,0,22
200900043665,9,7,18,1845,1,2,1,1.0,6,22007,M,4.0,-,22
200900043666,9,7,8,1630,1,2,1,1.0,6,22343,M,0.0,0,22
200900043667,9,7,31,815,1,1,1,1.0,1,22118,M,0.0,0,22