Num_Acc,an,mois,jour,hrmn,lum,agg,int,atm,col,com,gps,lat,long,dep
200900043668,9,7,14,1015,1,1,1,1.0,1,22203,M,4.0,-,22
200900043669,9,7,7,1830,1,2,2,1.0,3,22279,M,0.0,0,22
200900043670,9,7,29,2045,2,1,1,1.0,7,22012,M,0.0,0,22
200900043671,9,7,28,1400,1,2,3,1.0,3,22117,M,0.0,0,22
200900043672,9,7,10,1715,1,1,2,1.0,1,22136,M,0.0,0,22
200900043673,9,7,16,2100,1,1,1,1.0,7,22210,M,0.0,0,22
200900043674,9,7,17,1345,1,1,6,2.0,7,22237,M,0.0,0,22
200900043675,9,7,19,1430,1,1,2,1.0,3,22087,M,0.0,0,22
200900043676,9,7,5,145,3,1,1,1.0,6,22198,M,0.0,0,22
200900043677,9,7,10,1930,1,1,6,1.0,7,22360,M,,,22
200900043678,9,7,3,1335,1,1,1,1.0,7,22215,M,,,22
200900043679,9,7,12,1627,1,2,2,1.0,3,22050,M,,,22
200900043680,9,7,6,1300,1,2,1,1.0,7,22278,M,,,22
200900043681,9,7,12,1600,1,2,4,1.0,7,22278,M,,,22
200900043682,9,7,4,1445,1,2,1,1.0,7,22278,M,,,22
200900043683,9,7,19,1745,1,2,1,1.0,2,22278,M,,,22
200900043684,9,7,16,1800,1,1,1,2.0,5,22360,M,,,22
200900043685,9,7,7,1730,1,2,1,1.0,2,22113,M,,,22
200900043686,9,7,17,1050,1,2,2,2.0,7,22106,M,,,22
200900043687,9,7,30,1050,1,2,1,1.0,7,22278,M,,,22
200900043688,9,7,30,1201,1,2,1,1.0,7,22278,M,,,22
200900043689,9,7,24,2115,1,2,1,1.0,3,22113,M,,,22
200900043690,9,5,11,1325,1,1,1,2.0,1,91182,M,,,91
200900043691,9,5,12,1238,1,2,2,8.0,6,91228,M,,,91
200900043692,9,5,19,1712,1,2,1,1.0,7,91477,M,,,91
200900043693,9,5,20,829,1,2,1,1.0,7,91161,M,,,91
200900043694,9,5,24,1100,1,2,1,1.0,7,91471,M,,,91
200900043695,9,5,5,1930,1,2,1,1.0,2,91570,M,,,91
200900043696,9,5,24,1815,1,2,1,1.0,7,91064,M,,,91
200900043697,9,5,27,1825,1,2,1,1.0,6,91421,M,,,91
200900043698,9,5,20,1600,1,2,2,1.0,3,91228,M,,,91
200900043699,9,5,12,1015,1,1,9,1.0,5,91514,M,,,91
200900043700,9,5,11,745,1,2,1,1.0,3,91201,M,,,91
200900043701,9,5,12,950,1,1,1,1.0,7,91223,M,,,91
200900043702,9,5,1,1310,1,2,1,1.0,3,91514,M,,,91
200900043703,9,5,20,1935,1,2,1,1.0,7,91692,M,,,91
200900043704,9,5,24,1450,1,2,1,1.0,1,91667,M,,,91
200900043705,9,5,4,1230,1,2,1,1.0,2,91215,M,,,91
200900043706,9,5,25,1850,1,2,1,1.0,6,91521,M,,,91
200900043707,9,5,22,1330,1,1,1,1.0,2,91421,M,,,91
200900043708,9,5,20,1510,1,2,1,1.0,2,91433,M,,,91
200900043709,9,5,31,235,5,2,1,1.0,7,91191,M,,,91
200900043710,9,5,4,1255,1,2,2,1.0,1,91549,M,,,91
200900043711,9,5,9,950,1,2,1,1.0,3,91549,M,,,91
200900043712,9,5,14,1225,1,1,1,1.0,3,91114,M,,,91
200900043713,9,5,28,940,1,2,1,1.0,6,91521,M,,,91
200900043714,9,5,26,240,3,1,1,1.0,7,91433,M,,,91
200900043715,9,5,11,440,5,2,6,2.0,3,91191,M,,,91
200900043716,9,5,11,1710,1,2,1,1.0,3,91174,M,,,91
200900043717,9,5,14,1350,1,1,1,2.0,7,91223,M,,,91
200900043718,9,5,6,2340,5,2,6,1.0,7,91549,M,,,91
200900043719,9,5,29,2105,1,2,2,1.0,1,91691,M,,,91
200900043720,9,5,10,1350,1,2,1,1.0,6,91223,M,,,91
200900043721,9,5,2,2330,5,2,3,1.0,3,91421,M,,,91
200900043722,9,5,17,1045,1,2,1,2.0,7,91312,M,,,91
200900043723,9,5,29,1510,1,1,1,1.0,2,91223,M,,,91
200900043724,9,5,4,1625,1,2,1,1.0,3,91477,M,,,91
200900043725,9,5,26,1815,1,2,1,1.0,3,91471,M,,,91
200900043726,9,5,31,915,1,2,1,1.0,2,91122,M,,,91
200900043727,9,5,28,1945,1,2,1,1.0,3,91064,M,,,91
200900043728,9,5,19,945,1,2,1,1.0,6,91228,M,,,91
200900043729,9,5,27,1140,1,2,4,1.0,1,91223,M,,,91
200900043730,9,5,13,1925,1,2,1,1.0,3,91223,M,,,91
200900043731,9,5,17,1430,1,2,3,2.0,3,91312,M,,,91
200900043732,9,5,5,1015,1,2,6,1.0,2,91570,M,,,91
200900043733,9,5,3,1810,1,2,1,1.0,3,91182,M,,,91
200900043734,9,5,8,2330,5,2,2,1.0,3,91570,M,,,91
200900043735,9,5,14,1844,1,2,1,8.0,7,91114,M,,,91
200900043736,9,5,16,1115,1,2,1,2.0,6,91433,M,,,91
200900043737,9,5,1,1545,1,2,1,1.0,3,91174,M,,,91
200900043738,9,5,26,920,1,2,2,1.0,3,91549,M,,,91
200900043739,9,5,25,1325,1,1,1,1.0,7,91223,M,,,91
200900043740,9,5,2,1350,1,2,1,1.0,7,91692,M,,,91
200900043741,9,5,1,2125,5,2,1,1.0,7,91312,M,,,91
200900043742,9,5,11,2000,1,2,3,1.0,3,91471,M,,,91
200900043743,9,5,15,850,1,2,1,1.0,3,91477,M,,,91
200900043744,9,5,9,1520,1,1,1,2.0,6,91340,M,,,91
200900043745,9,5,25,1717,1,1,1,1.0,2,91471,M,,,91
200900043746,9,5,31,1350,1,1,1,1.0,2,91471,M,,,91
200900043747,9,5,18,1830,1,1,1,1.0,6,91553,M,,,91
200900043748,9,5,28,945,1,1,1,1.0,3,91286,M,,,91
200900043749,9,5,29,900,1,1,1,1.0,2,91345,M,,,91
200900043750,9,5,14,932,1,1,1,2.0,4,91161,M,,,91
200900043751,9,5,21,1852,1,1,1,1.0,6,91521,M,,,91
200900043752,9,5,26,909,1,1,1,1.0,4,91064,M,,,91
200900043753,9,5,2,830,1,1,1,1.0,6,91521,M,,,91
200900043754,9,5,20,1720,1,1,1,1.0,4,91345,M,,,91
200900043755,9,5,27,1155,1,1,1,1.0,6,91182,M,,,91
200900043756,9,5,30,1622,1,1,1,7.0,2,91689,M,,,91
200900043757,9,5,12,555,2,1,1,3.0,4,91182,M,,,91
200900043758,9,5,20,1229,1,1,1,1.0,2,91471,M,,,91
200900043759,9,5,29,1840,1,1,1,1.0,3,91377,M,,,91
200900043760,9,5,25,908,1,1,1,1.0,6,91471,M,,,91
200900043761,9,5,27,757,1,1,1,1.0,3,91521,M,,,91
200900043762,9,5,13,1600,1,1,1,1.0,6,91064,M,,,91
200900043763,9,5,11,805,2,1,1,2.0,7,91521,M,,,91
200900043764,9,5,26,1729,1,1,1,1.0,3,91235,M,,,91
200900043765,9,5,6,1900,1,1,1,1.0,7,91477,M,,,91
200900043766,9,5,15,1700,1,1,1,2.0,2,91570,M,,,91
200900043767,9,5,18,904,1,1,1,1.0,4,91689,M,,,91
200900043768,9,5,26,640,1,1,1,1.0,2,91339,M,,,91
200900043769,9,5,13,1721,1,1,1,1.0,6,91179,M,,,91
200900043770,9,5,2,45,3,1,1,1.0,7,91434,M,,,91
200900043771,9,5,9,1550,1,1,1,2.0,6,91521,M,,,91
200900043772,9,5,19,1955,1,1,1,1.0,2,91174,M,,,91
200900043773,9,5,3,510,3,1,1,1.0,3,91689,M,,,91
200900043774,9,5,19,846,1,1,1,1.0,3,91434,M,,,91
200900043775,9,5,3,1950,1,1,1,1.0,2,91179,M,,,91
200900043776,9,5,22,1420,1,1,1,1.0,3,91340,M,,,91
200900043777,9,5,13,1803,1,1,1,1.0,4,91086,M,,,91
200900043778,9,5,15,1700,1,1,1,1.0,6,91589,M,,,91
200900043779,9,5,20,1647,1,1,1,1.0,7,91471,M,,,91
200900043780,9,5,7,1900,1,2,1,1.0,6,91386,M,4.0,0,91
200900043781,9,5,18,1600,1,2,1,1.0,1,91363,M,4.0,0,91
200900043782,9,5,18,2015,2,1,1,1.0,1,91198,M,4.0,0,91
200900043783,9,5,22,1600,1,1,1,1.0,2,91132,M,0.0,0,91
200900043784,9,5,29,1700,1,2,1,1.0,3,91458,M,4.0,0,91
200900043785,9,5,4,45,3,1,1,1.0,6,91587,M,4.0,0,91
200900043786,9,5,22,1945,1,2,2,1.0,3,91665,M,4.0,0,91
200900043787,9,5,20,700,1,2,1,1.0,3,91579,M,0.0,0,91
200900043788,9,5,23,2130,2,2,1,1.0,6,91553,M,4.0,0,91
200900043789,9,5,10,1615,1,2,1,1.0,3,91661,M,4.0,0,91
200900043790,9,5,15,1145,1,1,1,8.0,1,91634,M,0.0,0,91
200900043791,9,5,27,1300,1,1,1,1.0,1,91106,M,0.0,0,91
200900043792,9,5,24,1340,1,2,1,1.0,5,91201,M,,,91
200900043793,9,5,20,1310,1,2,1,1.0,7,91657,M,,,91
200900043794,9,5,20,1630,1,2,2,1.0,6,91027,M,,,91
200900043795,9,5,26,1110,1,2,1,1.0,3,91657,M,,,91
200900043796,9,5,22,845,1,2,1,1.0,7,91657,M,,,91
200900043797,9,5,16,1910,1,2,1,1.0,7,91201,M,,,91
200900043798,9,5,24,1535,1,2,1,1.0,2,91201,M,,,91
200900043799,9,5,20,2005,1,2,2,1.0,3,91657,M,,,91
200900043800,9,5,29,2230,5,2,1,1.0,6,91201,M,,,91
200900043801,9,5,27,1640,1,2,1,1.0,6,91027,M,,,91
200900043802,9,5,30,1620,1,2,9,1.0,6,91286,M,,,91
200900043803,9,5,18,845,1,2,1,1.0,7,91687,M,,,91
200900043804,9,5,5,1915,1,2,1,1.0,6,91286,M,,,91
200900043805,9,5,7,1450,1,2,1,1.0,4,91687,M,,,91
200900043806,9,5,21,2310,4,2,6,1.0,7,91326,M,,,91
200900043807,9,5,7,500,3,1,1,1.0,1,91494,M,0.0,0,91
200900043808,9,6,12,1855,1,2,1,1.0,6,91215,M,,,91
200900043809,9,6,13,1820,1,2,1,1.0,2,91477,M,,,91
200900043810,9,6,21,1850,1,1,1,1.0,2,91339,M,,,91
200900043811,9,6,5,2325,5,2,1,1.0,1,91114,M,,,91
200900043812,9,6,12,1610,1,2,1,1.0,6,91097,M,,,91
200900043813,9,6,2,1830,1,2,1,1.0,6,91692,M,,,91
200900043814,9,6,13,1710,1,2,1,1.0,6,91521,M,,,91
200900043815,9,6,6,1130,1,1,1,1.0,5,91223,M,,,91
200900043816,9,6,15,1030,1,2,1,1.0,6,91223,M,,,91
200900043817,9,6,9,1135,1,2,3,2.0,6,91570,M,,,91
200900043818,9,6,5,1040,1,2,1,1.0,7,91223,M,,,91
200900043819,9,6,5,1630,1,2,1,1.0,6,91097,M,,,91
200900043820,9,6,11,140,4,1,1,2.0,6,91692,M,,,91
200900043821,9,6,8,1645,1,2,1,2.0,6,91223,M,,,91
200900043822,9,6,12,710,1,2,3,1.0,3,91182,M,,,91
200900043823,9,6,13,1930,1,2,1,1.0,6,91191,M,,,91
200900043824,9,6,15,1400,1,2,1,1.0,7,91114,M,,,91
200900043825,9,6,14,1620,1,2,2,1.0,6,91570,M,,,91
200900043826,9,6,7,1700,1,1,1,2.0,6,91223,M,,,91
200900043827,9,6,14,1940,1,2,1,1.0,6,91223,M,,,91
200900043828,9,6,1,1645,1,2,1,1.0,1,91692,M,,,91
200900043829,9,6,7,1830,1,1,1,1.0,2,91223,M,,,91
200900043830,9,6,7,1135,1,2,6,1.0,3,91692,M,,,91
200900043831,9,6,3,2030,1,2,3,1.0,3,91691,M,,,91
200900043832,9,6,8,1700,1,2,1,2.0,6,91645,M,,,91
200900043833,9,6,6,1500,1,1,1,1.0,3,91433,M,,,91
200900043834,9,6,5,2200,2,2,1,1.0,3,91521,M,,,91
200900043835,9,6,6,1430,1,2,1,1.0,2,91228,M,,,91
200900043836,9,6,5,810,1,2,1,1.0,6,91228,M,,,91
200900043837,9,6,12,2225,4,2,1,1.0,6,91421,M,,,91
200900043838,9,6,11,2015,1,2,1,1.0,6,91345,M,,,91
200900043839,9,6,15,1110,1,2,2,2.0,3,91691,M,,,91
200900043840,9,6,10,1100,1,2,1,1.0,3,91421,M,,,91
200900043841,9,6,4,800,1,2,3,1.0,3,91182,M,,,91
200900043842,9,6,10,935,1,2,3,1.0,3,91549,M,,,91
200900043843,9,6,5,910,1,2,6,1.0,3,91471,M,,,91
200900043844,9,6,14,1630,1,2,1,1.0,6,91514,M,,,91
200900043845,9,6,7,2125,3,1,1,2.0,1,91433,M,,,91
200900043846,9,6,4,735,1,1,1,1.0,7,91228,M,,,91
200900043847,9,6,13,1700,1,1,1,1.0,3,91405,M,0.0,0,91
200900043848,9,6,20,2100,1,1,1,1.0,7,91045,M,0.0,0,91
200900043849,9,6,27,1730,1,1,1,1.0,1,91458,M,4.0,0,91
200900043850,9,6,13,1450,1,1,1,1.0,5,91546,M,4.0,0,91
200900043851,9,6,5,2050,1,2,2,1.0,1,91080,M,4.0,0,91
200900043852,9,6,19,1645,1,2,2,1.0,3,91573,M,4.0,0,91
200900043853,9,6,28,330,5,2,1,1.0,1,91573,M,4.0,0,91
200900043854,9,6,12,230,3,2,1,9.0,6,91568,M,4.0,0,91
200900043855,9,6,11,1600,1,1,1,1.0,3,91534,M,0.0,0,91
200900043856,9,6,24,1015,1,1,1,1.0,1,91247,M,4.0,0,91
200900043857,9,6,26,2045,1,1,1,1.0,1,91540,M,0.0,0,91
200900043858,9,6,13,1700,1,2,9,1.0,3,91659,M,4.0,0,91
200900043859,9,6,29,15,3,1,1,1.0,7,91494,M,0.0,0,91
200900043860,9,6,9,1630,1,1,1,1.0,5,91041,M,4.0,0,91
200900043861,9,6,20,1140,1,2,1,1.0,3,91421,M,,,91
200900043862,9,6,29,1525,1,2,2,1.0,3,91477,M,,,91
200900043863,9,6,29,750,1,2,2,1.0,3,91114,M,,,91
200900043864,9,6,21,1130,1,2,1,1.0,6,91471,M,,,91
200900043865,9,6,29,1835,1,2,1,1.0,3,91477,M,,,91
200900043866,9,6,19,1440,1,2,1,1.0,3,91514,M,,,91
200900043867,9,6,30,1655,1,2,1,1.0,5,91097,M,,,91
200900043868,9,6,23,1550,1,1,6,1.0,2,91692,M,,,91
200900043869,9,6,26,1640,1,2,1,1.0,3,91514,M,,,91
200900043870,9,6,22,915,1,2,1,1.0,6,91471,M,,,91
200900043871,9,6,30,2015,1,2,1,1.0,2,91097,M,,,91
200900043872,9,6,24,1040,1,2,1,1.0,6,91477,M,,,91
200900043873,9,6,18,832,1,1,1,1.0,3,91161,M,,,91
200900043874,9,6,19,1443,1,1,1,1.0,7,91161,M,,,91
200900043875,9,6,27,1740,1,2,1,1.0,3,91549,M,,,91
200900043876,9,6,19,1615,1,2,1,1.0,1,91549,M,,,91
200900043877,9,6,19,2030,2,2,2,1.0,3,91570,M,,,91
200900043878,9,6,28,950,1,2,2,1.0,6,91685,M,,,91
200900043879,9,6,16,1920,1,2,1,1.0,3,91549,M,,,91
200900043880,9,6,25,640,2,2,1,1.0,3,91421,M,,,91
200900043881,9,6,17,1735,1,2,2,1.0,3,91549,M,,,91
200900043882,9,6,19,1814,1,1,1,1.0,4,91549,M,,,91
200900043883,9,6,22,610,1,1,1,1.0,2,91286,M,,,91
200900043884,9,6,22,1445,1,1,1,1.0,6,91689,M,,,91
200900043885,9,6,22,1936,1,1,1,1.0,2,91340,M,,,91
200900043886,9,6,25,1242,1,1,1,1.0,6,91521,M,,,91
200900043887,9,6,25,1523,1,1,1,1.0,2,91689,M,,,91
200900043888,9,6,25,1857,1,1,1,1.0,2,91182,M,,,91
200900043889,9,6,25,1950,1,1,1,1.0,7,91182,M,,,91
200900043890,9,6,26,1525,1,1,1,1.0,6,91477,M,,,91
200900043891,9,6,26,1720,1,1,1,1.0,7,91468,M,,,91
200900043892,9,6,26,1810,1,1,1,1.0,2,91689,M,,,91
200900043893,9,6,26,2015,1,1,1,1.0,3,91534,M,,,91
200900043894,9,6,8,1400,1,1,1,3.0,5,91434,M,,,91
200900043895,9,6,30,1308,1,1,1,1.0,4,91228,M,,,91
200900043896,9,6,16,1349,1,1,1,1.0,7,91161,M,,,91
200900043897,9,6,16,1354,1,1,1,1.0,2,91434,M,,,91
200900043898,9,6,23,743,1,1,1,1.0,4,91086,M,,,91
200900043899,9,6,27,1530,1,1,1,1.0,7,91161,M,,,91
200900043900,9,6,1,745,1,1,1,1.0,7,91161,M,,,91
200900043901,9,6,6,1150,1,1,1,2.0,7,91064,M,,,91
200900043902,9,6,11,1935,1,1,1,3.0,4,91471,M,,,91
200900043903,9,6,28,1515,1,1,1,1.0,7,91692,M,,,91
200900043904,9,6,24,938,1,1,1,1.0,7,91161,M,,,91
200900043905,9,6,3,1050,1,1,1,1.0,7,91064,M,,,91
200900043906,9,6,3,1450,1,1,1,1.0,7,91521,M,,,91
200900043907,9,6,8,1405,1,1,1,2.0,7,91471,M,,,91
200900043908,9,6,17,1548,1,1,1,1.0,2,91689,M,,,91
200900043909,9,6,19,734,1,1,1,1.0,7,91340,M,,,91
200900043910,9,6,22,903,1,1,1,1.0,2,91589,M,,,91
200900043911,9,6,2,1410,1,1,1,1.0,3,91228,M,,,91
200900043912,9,6,5,1935,1,1,1,1.0,4,91182,M,,,91
200900043913,9,6,8,1710,1,1,1,2.0,5,91235,M,,,91
200900043914,9,6,8,2341,3,1,1,2.0,7,91235,M,,,91
200900043915,9,6,9,930,1,1,1,1.0,5,91286,M,,,91
200900043916,9,6,11,1715,1,1,1,2.0,2,91434,M,,,91
200900043917,9,6,11,2110,2,1,1,1.0,7,91347,M,,,91
200900043918,9,6,19,120,3,1,1,1.0,6,91182,M,,,91
200900043919,9,6,9,840,1,1,1,1.0,3,91687,M,,,91
200900043920,9,6,14,340,3,1,1,1.0,7,91339,M,,,91
200900043921,9,6,30,629,1,1,1,1.0,2,91553,M,,,91
200900043922,9,6,28,1956,1,1,1,1.0,7,91687,M,,,91
200900043923,9,6,17,648,1,1,1,1.0,5,91521,M,,,91
200900043924,9,6,3,720,1,1,1,1.0,7,91161,M,,,91
200900043925,9,6,8,1600,1,1,4,2.0,6,91521,M,,,91
200900043926,9,6,11,855,1,1,1,1.0,4,91521,M,,,91
200900043927,9,6,12,908,1,1,1,1.0,6,91689,M,,,91
200900043928,9,6,15,1125,1,1,1,3.0,6,91692,M,,,91
200900043929,9,6,29,2350,3,1,1,1.0,5,91521,M,,,91
200900043930,9,6,27,1820,1,1,1,1.0,3,91345,M,,,91
200900043931,9,6,2,922,1,1,1,1.0,4,91471,M,,,91
200900043932,9,6,15,750,1,1,1,3.0,6,91228,M,,,91
200900043933,9,6,22,1312,1,1,1,1.0,2,91339,M,,,91
200900043934,9,6,9,2000,1,1,2,1.0,3,91425,M,,,91
200900043935,9,6,24,1625,1,2,1,1.0,2,91223,M,,,91
200900043936,9,6,18,850,1,2,1,1.0,2,91223,M,,,91
200900043937,9,6,25,1640,1,2,1,1.0,7,91223,M,,,91
200900043938,9,6,17,2000,2,2,1,1.0,2,91223,M,,,91
200900043939,9,6,28,345,5,2,1,1.0,7,91223,M,,,91
200900043940,9,6,3,1755,1,2,3,1.0,3,91347,M,,,91
200900043941,9,6,10,1755,1,1,3,3.0,6,91339,M,,,91
200900043942,9,6,29,1630,1,2,1,1.0,6,91103,M,,,91
200900043943,9,6,29,1310,1,2,2,1.0,3,91434,M,,,91
200900043944,9,6,27,815,1,2,2,1.0,3,91326,M,,,91
200900043945,9,6,21,1555,1,2,2,1.0,3,91434,M,,,91
200900043946,9,6,16,2015,1,2,1,1.0,3,91286,M,,,91
200900043947,9,6,20,945,1,2,3,1.0,3,91326,M,,,91
200900043948,9,6,28,1830,1,2,1,1.0,3,91521,M,,,91
200900043949,9,6,18,1800,1,2,1,1.0,6,91228,M,,,91
200900043950,9,6,25,1800,1,2,1,1.0,6,91228,M,,,91
200900043951,9,6,17,935,1,2,3,1.0,3,91521,M,,,91
200900043952,9,6,29,1545,1,2,1,1.0,6,91228,M,,,91
200900043953,9,6,16,1305,1,2,2,1.0,2,91228,M,,,91
200900043954,9,9,9,740,1,1,3,1.0,3,40331,M,4.0,-,40
200900043955,9,9,9,1815,1,2,3,1.0,3,40065,M,0.0,0,40
200900043956,9,9,9,2324,5,2,1,1.0,1,40088,M,,,40
200900043957,9,9,13,100,3,2,1,1.0,7,40138,M,,,40
200900043958,9,9,2,1530,1,1,1,1.0,7,40205,M,4.0,-,40
200900043959,9,9,4,1515,1,2,3,1.0,3,40157,M,4.0,-,40
200900043960,9,9,5,435,3,1,1,1.0,7,40296,M,4.0,-,40
200900043961,9,9,13,1540,1,2,1,1.0,3,40046,M,0.0,0,40
200900043962,9,9,13,1645,1,1,1,1.0,7,40075,M,0.0,0,40
200900043963,9,9,14,145,3,1,1,1.0,2,40168,M,0.0,0,40
200900043964,9,9,14,800,1,2,3,1.0,5,40192,M,,,40
200900043965,9,9,15,815,1,1,1,1.0,1,40133,M,,,40
200900043966,9,9,16,1615,1,1,1,1.0,7,40210,M,0.0,0,40
200900043967,9,9,21,2115,3,1,1,1.0,4,40295,M,4.0,-,40
200900043968,9,9,5,1445,1,2,1,1.0,3,40209,M,4.0,-,40
200900043969,9,9,18,1330,1,1,1,3.0,5,40209,M,4.0,-,40
200900043970,9,9,19,2115,3,1,1,2.0,7,40331,M,0.0,0,40
200900043971,9,9,10,2150,3,1,1,1.0,2,40210,M,4.0,-,40
200900043972,9,9,23,1700,1,1,1,1.0,2,40046,M,,,40
200900043973,9,9,24,1430,1,1,1,1.0,1,40001,M,4.0,-,40
200900043974,9,9,26,15,3,1,1,1.0,6,40004,M,0.0,0,40
200900043975,9,9,26,835,1,2,3,1.0,3,40192,M,,,40
200900043976,9,9,30,1740,1,2,1,1.0,3,40036,M,0.0,0,40
200900043977,9,9,17,950,1,2,1,1.0,3,40192,M,,,40
200900043978,9,9,15,1645,1,2,1,1.0,6,40001,M,0.0,0,40
200900043979,9,9,30,1810,1,2,1,1.0,1,40313,M,0.0,0,40
200900043980,9,9,24,200,3,2,1,5.0,6,40304,M,4.0,-,40
200900043981,9,9,1,2310,5,2,1,1.0,7,40088,M,,,40
200900043982,9,9,13,1800,1,1,1,1.0,1,40002,M,0.0,0,40
200900043983,9,9,28,1655,1,2,1,1.0,3,40065,M,4.0,-,40
200900043984,9,10,4,750,1,1,1,1.0,6,82121,M,,,82
200900043985,9,10,26,1645,1,2,1,1.0,6,82142,M,4.0,0,82
200900043986,9,10,6,2240,3,1,1,1.0,6,82033,M,,,82
200900043987,9,10,18,1530,1,1,1,1.0,5,82124,M,4.0,0,82
200900043988,9,10,24,1645,1,1,1,8.0,6,82013,M,4.0,0,82
200900043989,9,10,6,1445,1,1,1,1.0,6,82126,M,4.0,0,82
200900043990,9,10,15,1910,1,2,5,1.0,3,82121,M,,,82
200900043991,9,10,16,400,3,1,1,1.0,6,82121,M,,,82
200900043992,9,10,16,745,1,2,1,1.0,3,82121,M,,,82
200900043993,9,10,24,1815,1,1,1,8.0,5,82161,M,4.0,0,82
200900043994,9,10,10,1555,1,2,3,1.0,3,82121,M,,,82
200900043995,9,10,11,1800,1,1,1,1.0,6,82182,M,4.0,0,82
200900043996,9,10,12,1540,1,2,1,1.0,2,82121,M,,,82
200900043997,9,10,13,1710,1,2,1,1.0,5,82121,M,,,82
200900043998,9,10,18,2330,3,1,1,1.0,6,82121,M,,,82
200900043999,9,10,21,1300,1,1,1,2.0,6,82018,M,4.0,0,82
200900044000,9,10,23,1600,1,1,1,2.0,6,82088,M,4.0,0,82
200900044001,9,10,24,2110,3,1,1,1.0,6,82121,M,,,82
200900044002,9,10,24,1030,1,1,1,1.0,3,82111,M,4.0,0,82
200900044003,9,10,25,1523,1,1,3,1.0,3,82033,M,,,82
200900044004,9,10,31,50,3,1,1,1.0,6,82121,M,,,82
200900044005,9,10,29,1500,1,1,1,1.0,6,82121,M,,,82
200900044006,9,10,16,1845,3,1,1,1.0,3,95252,M,4.0,0,95
200900044007,9,10,24,1315,1,1,1,2.0,5,95488,M,4.0,0,95
200900044008,9,10,26,800,1,1,1,1.0,2,95582,M,4.0,0,95
200900044009,9,10,10,430,3,1,1,8.0,3,95572,M,4.0,0,95
200900044010,9,5,16,1000,1,1,2,1.0,3,39198,M,,,39
200900044011,9,5,8,140,5,2,1,1.0,6,39198,M,,,39
200900044012,9,5,20,800,1,1,1,1.0,5,39188,M,4.0,0,39
200900044013,9,5,19,1800,1,1,1,1.0,4,39219,M,4.0,0,39
200900044014,9,5,9,600,1,1,1,1.0,1,39074,M,0.0,0,39
200900044015,9,5,30,1100,1,2,1,1.0,1,39186,M,0.0,0,39
200900044016,9,5,27,1715,1,1,1,1.0,7,39471,M,4.0,0,39
200900044017,9,5,13,730,1,1,4,1.0,3,39234,M,4.0,0,39
200900044018,9,5,27,615,1,1,1,1.0,3,39396,M,0.0,0,39
200900044019,9,5,27,2045,1,1,1,1.0,1,39415,M,4.0,0,39
200900044020,9,5,31,1500,1,1,1,1.0,3,39500,M,4.0,0,39
200900044021,9,5,26,1030,1,2,3,1.0,3,39415,M,4.0,0,39
200900044022,9,5,9,2215,5,2,1,1.0,6,39271,M,4.0,0,39
200900044023,9,5,22,1800,1,1,1,1.0,3,39128,M,4.0,0,39
200900044024,9,5,9,230,3,1,1,1.0,7,39579,M,4.0,0,39
200900044025,9,5,5,1334,1,2,3,1.0,6,39300,M,,,39
200900044026,9,4,12,1710,1,2,1,1.0,7,91471,M,,,91
200900044027,9,5,28,845,1,2,2,1.0,6,78646,M,4.0,0,78
200900044028,9,1,15,1210,1,2,1,1.0,7,34172,M,4.0,0,34
200900044029,9,9,26,2148,2,2,1,1.0,7,30189,M,4.0,0,30
200900044030,9,9,29,1642,1,2,1,1.0,6,30189,M,,,30
200900044031,9,10,29,1834,5,2,1,1.0,3,30189,M,4.0,0,30
200900044032,9,5,19,1720,1,2,3,1.0,6,95063,M,4.0,0,95
200900044033,9,9,2,1700,1,1,1,8.0,1,74238,M,4.0,0,74
200900044034,9,9,3,1045,1,1,1,3.0,2,74223,M,4.0,0,74
200900044035,9,9,4,900,1,1,1,1.0,6,74217,M,0.0,0,74
200900044036,9,9,1,1700,1,2,1,1.0,5,74220,M,4.0,0,74
200900044037,9,9,3,1245,1,1,1,1.0,4,74085,M,0.0,0,74
200900044038,9,9,4,700,1,1,1,1.0,6,74168,M,0.0,0,74
200900044039,9,9,4,715,2,1,1,1.0,5,74276,M,4.0,0,74
200900044040,9,9,4,1015,1,2,1,1.0,7,74063,M,0.0,0,74
200900044041,9,9,4,1900,1,1,1,9.0,3,74128,M,0.0,0,74
200900044042,9,9,5,1145,1,2,1,1.0,3,74267,M,0.0,0,74
200900044043,9,9,4,2245,5,2,1,1.0,3,74233,M,4.0,0,74
200900044044,9,9,6,1545,1,2,1,1.0,1,74254,M,0.0,0,74
200900044045,9,9,6,2100,5,2,1,1.0,1,74271,M,0.0,0,74
200900044046,9,9,7,1630,1,2,3,1.0,1,74012,M,,,74
200900044047,9,9,8,1915,1,2,1,1.0,3,74213,M,4.0,0,74
200900044048,9,9,11,1015,1,1,1,1.0,1,74068,M,0.0,0,74
200900044049,9,9,10,1030,1,2,1,1.0,6,74225,M,0.0,0,74
200900044050,9,9,12,1845,1,1,1,1.0,7,74005,M,4.0,0,74
200900044051,9,9,11,1210,1,2,1,1.0,6,74010,M,,,74
200900044052,9,9,11,2230,5,2,1,1.0,1,74243,M,0.0,0,74
200900044053,9,9,12,1030,1,1,1,8.0,3,74212,M,4.0,0,74
200900044054,9,9,12,1545,1,1,1,1.0,7,74086,M,0.0,0,74
200900044055,9,9,13,215,3,1,1,1.0,7,74236,M,0.0,0,74