Num_Acc,an,mois,jour,hrmn,lum,agg,int,atm,col,com,gps,lat,long,dep
200900044056,9,9,8,2130,3,1,1,1.0,2,74217,M,4.0,0,74
200900044057,9,9,13,520,5,2,1,1.0,6,74010,M,,,74
200900044058,9,9,13,545,3,1,1,1.0,6,74268,M,4.0,0,74
200900044059,9,9,13,1100,1,1,1,1.0,1,74056,M,0.0,0,74
200900044060,9,9,14,1700,1,2,1,1.0,6,74123,M,0.0,0,74
200900044061,9,9,14,625,1,2,3,1.0,6,74010,M,,,74
200900044062,9,9,16,1700,1,1,1,1.0,2,74128,M,0.0,0,74
200900044063,9,9,14,1705,1,2,3,1.0,6,74010,M,,,74
200900044064,9,9,18,1930,2,1,1,2.0,1,74262,M,0.0,0,74
200900044065,9,9,19,445,3,1,1,2.0,7,74073,M,0.0,0,74
200900044066,9,9,18,2340,5,2,2,9.0,1,74133,M,,,74
200900044067,9,9,20,1145,1,2,3,1.0,1,74272,M,0.0,0,74
200900044068,9,9,22,1315,1,2,1,1.0,4,74169,M,4.0,0,74
200900044069,9,9,23,1815,1,1,1,7.0,6,74140,M,0.0,0,74
200900044070,9,9,24,1636,1,2,3,1.0,3,74218,M,,,74
200900044071,9,9,23,215,3,1,9,1.0,7,74243,M,4.0,0,74
200900044072,9,9,26,1630,1,1,1,1.0,6,74226,M,4.0,0,74
200900044073,9,9,27,1615,1,1,1,1.0,3,74206,M,4.0,0,74
200900044074,9,9,27,1615,1,1,1,1.0,7,74161,M,0.0,0,74
200900044075,9,9,27,1730,1,1,1,1.0,6,74275,M,0.0,0,74
200900044076,9,9,27,1900,1,2,1,1.0,4,74250,M,0.0,0,74
200900044077,9,9,28,815,1,2,1,1.0,3,74181,M,0.0,0,74
200900044078,9,9,30,1340,1,2,9,1.0,3,74305,M,,,74
200900044079,9,9,30,2015,3,1,1,1.0,7,74263,M,4.0,0,74
200900044080,9,9,10,1315,1,2,3,1.0,3,74013,M,,,74
200900044081,9,9,13,1515,1,2,3,1.0,3,74172,M,,,74
200900044082,9,9,25,2050,2,2,3,1.0,3,74119,M,,,74
200900044083,9,10,9,1600,1,2,1,1.0,6,64260,M,4.0,-,64
200900044084,9,10,10,2320,5,2,1,1.0,2,64260,M,4.0,-,64
200900044085,9,10,16,850,1,1,3,1.0,3,64335,M,4.0,-,64
200900044086,9,10,16,1415,1,2,3,1.0,3,64445,M,4.0,-,64
200900044087,9,10,16,1605,1,2,1,1.0,2,64125,M,4.0,-,64
200900044088,9,10,17,930,1,2,1,1.0,3,64483,M,4.0,-,64
200900044089,9,10,17,1145,1,2,1,1.0,3,64129,M,4.0,-,64
200900044090,9,10,17,1605,1,2,1,1.0,6,64335,M,4.0,-,64
200900044091,9,7,2,1515,1,2,2,1.0,3,69383,M,,,69
200900044092,9,10,19,1510,1,2,2,1.0,2,64102,M,4.0,-,64
200900044093,9,7,2,1610,1,2,2,1.0,3,69383,M,,,69
200900044094,9,7,2,2210,5,2,1,1.0,6,69386,M,,,69
200900044095,9,10,19,1733,1,2,1,1.0,2,64335,M,4.0,-,64
200900044096,9,7,3,1335,1,2,2,1.0,6,69386,M,,,69
200900044097,9,10,20,800,2,2,1,1.0,7,64102,M,4.0,-,64
200900044098,9,10,31,1645,1,1,1,1.0,3,46127,M,0.0,0,46
200900044099,9,10,24,1245,1,1,1,3.0,7,46102,M,4.0,0,46
200900044100,9,10,18,1145,1,1,1,1.0,6,46217,M,0.0,0,46
200900044101,9,10,23,845,1,1,1,1.0,7,46127,M,4.0,0,46
200900044102,9,10,1,1945,2,2,1,1.0,6,46197,M,0.0,0,46
200900044103,9,10,16,845,1,2,1,1.0,6,46042,M,,,46
200900044104,9,10,26,1205,1,2,1,1.0,3,46042,M,,,46
200900044105,9,10,24,1200,1,2,1,1.0,2,46042,M,,,46
200900044106,9,10,2,1755,1,2,3,1.0,3,46191,M,,,46
200900044107,9,10,20,1410,1,1,6,1.0,2,64445,M,4.0,-,64
200900044108,9,10,20,1815,1,2,1,1.0,3,64445,M,4.0,-,64
200900044109,9,7,3,1905,1,2,2,1.0,6,69386,M,,,69
200900044110,9,7,4,1600,1,2,2,1.0,4,69383,M,,,69
200900044111,9,10,21,1530,1,2,1,1.0,2,64335,M,4.0,-,64
200900044112,9,10,21,1825,1,2,3,1.0,6,64445,M,4.0,-,64
200900044113,9,10,21,2110,5,2,3,8.0,3,64122,M,4.0,-,64
200900044114,9,7,8,940,1,2,1,1.0,2,69383,M,,,69
200900044115,9,10,22,800,5,2,2,8.0,6,64102,M,4.0,-,64
200900044116,9,7,10,200,5,2,2,1.0,3,69383,M,,,69
200900044117,9,7,10,1720,1,2,1,1.0,2,69383,M,,,69
200900044118,9,7,15,1410,1,2,2,1.0,3,69386,M,,,69
200900044119,9,8,11,1655,1,2,2,1.0,6,69383,M,,,69
200900044120,9,10,22,845,1,1,1,1.0,6,64445,M,4.0,-,64
200900044121,9,9,7,1830,1,2,1,1.0,2,69383,M,,,69
200900044122,9,10,22,1520,1,2,1,8.0,6,64122,M,4.0,-,64
200900044123,9,10,23,1125,1,2,3,8.0,6,64102,M,4.0,-,64
200900044124,9,10,23,1225,1,2,3,1.0,3,64445,M,4.0,-,64
200900044125,9,10,24,1600,1,2,1,1.0,3,64335,M,,,64
200900044126,9,10,26,1140,1,2,1,1.0,6,64445,M,4.0,-,64
200900044127,9,10,26,1555,1,2,1,1.0,1,64102,M,4.0,-,64
200900044128,9,10,26,1645,1,2,1,1.0,2,64335,M,4.0,-,64
200900044129,9,10,28,1140,1,2,1,1.0,6,64445,M,4.0,-,64
200900044130,9,10,30,800,1,2,2,1.0,3,64269,M,4.0,-,64
200900044131,9,10,30,1225,1,2,1,1.0,3,64189,M,4.0,-,64
200900044132,9,10,30,1745,1,2,1,1.0,6,64445,M,4.0,-,64
200900044133,9,10,31,615,5,2,1,1.0,7,64024,M,4.0,-,64
200900044134,9,10,31,625,3,2,1,1.0,6,64545,M,4.0,-,64
200900044135,9,10,31,2100,5,2,1,1.0,3,64445,M,4.0,-,64
200900044136,9,2,7,1912,5,2,1,2.0,6,20033,M,,,202
200900044137,9,10,5,1810,1,2,1,1.0,3,20033,M,,,202
200900044138,9,10,6,930,1,2,1,1.0,2,20134,M,0.0,0,202
200900044139,9,10,2,2348,5,2,1,1.0,3,20033,M,,,202
200900044140,9,10,4,2117,5,2,1,1.0,6,20033,M,,,202
200900044141,9,10,5,945,1,2,1,1.0,3,20033,M,,,202
200900044142,9,10,7,1030,1,1,1,1.0,1,20217,M,0.0,0,202
200900044143,9,10,7,1545,1,2,1,1.0,5,20168,M,0.0,0,202
200900044144,9,10,8,1530,1,1,1,1.0,3,20042,M,0.0,0,202
200900044145,9,10,8,2045,5,2,1,1.0,5,20033,M,,,202
200900044146,9,10,14,1015,1,2,1,1.0,3,20033,M,,,202
200900044147,9,10,17,200,5,2,1,1.0,6,20143,M,0.0,0,202
200900044148,9,10,15,1209,1,2,1,1.0,5,20033,M,,,202
200900044149,9,10,9,1930,1,1,1,1.0,5,20037,M,,,202
200900044150,9,10,23,1300,1,1,1,3.0,5,20350,M,0.0,0,202
200900044151,9,10,19,900,1,1,1,1.0,7,20332,M,0.0,0,202
200900044152,9,10,3,1833,1,2,1,1.0,5,20033,M,,,202
200900044153,9,10,16,845,1,1,1,1.0,7,20079,M,0.0,0,202
200900044154,9,10,13,1330,1,2,1,1.0,7,20298,M,0.0,0,202
200900044155,9,10,23,700,3,1,1,3.0,1,20337,M,0.0,0,202
200900044156,9,10,9,1937,1,1,1,1.0,5,20120,M,,,202
200900044157,9,10,1,1224,1,2,1,1.0,2,20033,M,,,202
200900044158,9,9,1,1619,1,2,2,1.0,6,87085,M,,,87
200900044159,9,9,1,1650,1,1,1,1.0,4,87085,M,4.0,0,87
200900044160,9,9,3,809,1,1,1,2.0,6,87113,M,4.0,0,87
200900044161,9,9,4,844,1,2,3,1.0,2,87085,M,4.0,0,87
200900044162,9,9,5,1219,1,2,1,1.0,1,87085,M,,,87
200900044163,9,9,5,1235,1,2,1,1.0,6,87114,M,,,87
200900044164,9,9,6,1157,1,2,1,1.0,6,87085,M,4.0,0,87
200900044165,9,9,6,1405,1,2,1,1.0,6,87085,M,,,87
200900044166,9,9,8,15,3,1,1,1.0,6,87021,M,4.0,0,87
200900044167,9,9,8,1053,1,2,2,1.0,2,87085,M,4.0,0,87
200900044168,9,9,8,1809,1,2,3,1.0,3,87085,M,,,87
200900044169,9,9,12,1542,1,2,1,1.0,6,87085,M,,,87
200900044170,9,9,9,811,1,2,3,1.0,3,87085,M,,,87
200900044171,9,9,11,2229,5,1,1,1.0,2,87085,M,,,87
200900044172,9,9,12,1236,1,2,1,1.0,2,87085,M,,,87
200900044173,9,9,17,1217,1,2,1,1.0,2,87085,M,,,87
200900044174,9,9,24,1756,1,2,1,1.0,6,87050,M,,,87
200900044175,9,9,14,1531,1,2,1,1.0,6,87085,M,,,87
200900044176,9,9,15,1636,1,2,1,1.0,6,87085,M,,,87
200900044177,9,9,16,1955,1,2,1,1.0,6,87085,M,,,87
200900044178,9,9,18,1123,1,2,2,1.0,3,87085,M,,,87
200900044179,9,9,17,1940,1,2,9,1.0,1,87085,M,,,87
200900044180,9,9,18,1953,2,2,3,1.0,2,87085,M,4.0,0,87
200900044181,9,9,19,20,5,2,9,1.0,3,87085,M,,,87
200900044182,9,9,18,1941,1,1,2,1.0,3,87050,M,,,87
200900044183,9,9,19,1817,1,1,1,2.0,6,87114,M,4.0,0,87
200900044184,9,9,20,928,1,2,2,2.0,3,87085,M,,,87
200900044185,9,9,20,1615,1,2,1,2.0,6,87085,M,,,87
200900044186,9,9,20,1639,1,1,1,2.0,6,87085,M,4.0,0,87
200900044187,9,9,21,2200,3,1,1,5.0,6,87154,M,,,87
200900044188,9,9,22,1630,1,2,2,1.0,3,87085,M,,,87
200900044189,9,9,22,110,5,2,1,1.0,6,87085,M,4.0,0,87
200900044190,9,9,22,1815,1,2,1,1.0,1,87154,M,4.0,0,87
200900044191,9,9,23,1925,1,2,1,1.0,6,87085,M,,,87
200900044192,9,9,24,945,1,2,3,1.0,1,87085,M,,,87
200900044193,9,9,24,1910,1,2,1,1.0,3,87085,M,,,87
200900044194,9,9,26,100,5,2,1,1.0,6,87126,M,4.0,0,87
200900044195,9,9,25,1213,1,2,1,1.0,2,87085,M,,,87
200900044196,9,9,26,1442,1,2,1,1.0,2,87085,M,,,87
200900044197,9,9,26,200,3,1,1,1.0,6,87112,M,4.0,0,87
200900044198,9,9,26,2247,5,2,1,1.0,6,87085,M,,,87
200900044199,9,9,28,1121,1,2,1,1.0,1,87048,M,,,87
200900044200,9,9,28,1815,1,2,3,1.0,2,87050,M,4.0,0,87
200900044201,9,9,29,845,1,2,2,1.0,3,87085,M,,,87
200900044202,9,9,30,335,5,2,1,1.0,6,87085,M,,,87
200900044203,9,9,30,1334,1,2,2,1.0,3,87085,M,,,87
200900044204,9,9,30,1822,1,2,1,1.0,6,87085,M,,,87
200900044205,9,9,1,953,1,2,1,2.0,7,87085,M,,,87
200900044206,9,9,30,1534,1,2,1,1.0,2,87085,M,4.0,0,87
200900044207,9,9,30,2102,3,1,1,1.0,6,87050,M,4.0,0,87
200900044208,9,9,7,1415,1,1,1,1.0,6,87082,M,4.0,0,87
200900044209,9,9,8,1415,1,2,1,1.0,5,87191,M,4.0,0,87
200900044210,9,9,8,1759,1,1,1,1.0,6,87113,M,4.0,0,87
200900044211,9,9,8,2052,1,2,2,1.0,3,87085,M,,,87
200900044212,9,9,15,1632,1,1,1,1.0,2,87085,M,4.0,0,87
200900044213,9,9,22,922,1,1,1,1.0,6,87085,M,4.0,0,87
200900044214,9,9,23,758,1,2,1,1.0,3,87085,M,4.0,0,87
200900044215,9,12,15,940,1,2,3,1.0,3,04112,M,,,04
200900044216,9,10,22,1730,1,2,1,1.0,6,20004,M,0.0,0,201
200900044217,9,10,18,1344,1,2,1,1.0,2,20004,M,0.0,0,201
200900044218,9,10,19,2042,5,2,1,1.0,2,20004,M,0.0,0,201
200900044219,9,10,21,1919,5,2,1,8.0,5,20004,M,0.0,0,201
200900044220,9,10,25,1935,5,2,1,1.0,3,20004,M,,,201
200900044221,9,10,27,1442,1,2,1,1.0,3,20004,M,,,201
200900044222,9,11,2,1715,5,2,1,3.0,7,20120,M,,,202
200900044223,9,11,30,1400,1,1,1,2.0,1,20188,M,0.0,0,202
200900044224,9,11,28,1430,1,2,1,1.0,3,20033,M,,,202
200900044225,9,11,27,1915,3,2,1,1.0,3,20049,M,0.0,0,202
200900044226,9,11,24,1710,5,2,1,1.0,2,20033,M,,,202
200900044227,9,11,23,2200,5,2,1,1.0,3,20033,M,,,202
200900044228,9,11,24,1430,1,2,1,1.0,1,20150,M,0.0,0,202
200900044229,9,11,23,1705,1,2,1,1.0,3,20033,M,,,202
200900044230,9,11,23,1344,1,2,1,1.0,2,20033,M,,,202
200900044231,9,11,8,1115,1,1,1,3.0,1,20355,M,0.0,0,202
200900044232,9,11,2,1228,1,2,1,2.0,2,20120,M,,,202
200900044233,9,11,2,1315,1,1,1,3.0,6,20029,M,0.0,0,202
200900044234,9,11,3,900,1,1,1,2.0,2,20342,M,0.0,0,202
200900044235,9,11,4,515,5,2,1,1.0,1,20096,M,0.0,0,202
200900044236,9,11,5,745,1,2,1,1.0,3,20033,M,,,202
200900044237,9,11,5,1929,5,2,1,1.0,2,20033,M,,,202
200900044238,9,11,7,2325,5,2,1,2.0,6,20033,M,,,202
200900044239,9,11,10,1235,1,1,1,1.0,6,20033,M,,,202
200900044240,9,11,8,946,1,2,1,2.0,2,20033,M,,,202
200900044241,9,11,8,1201,1,2,1,1.0,7,20120,M,,,202
200900044242,9,11,8,1600,1,2,1,2.0,1,20033,M,,,202
200900044243,9,11,12,1555,1,1,1,1.0,2,20120,M,,,202
200900044244,9,11,13,816,1,2,1,1.0,7,20033,M,,,202
200900044245,9,11,14,1931,5,2,1,1.0,3,20033,M,,,202
200900044246,9,11,15,1200,1,2,1,1.0,6,20096,M,0.0,0,202
200900044247,9,11,20,1115,1,2,1,1.0,7,20341,M,0.0,0,202
200900044248,9,11,20,1938,5,2,1,1.0,1,20033,M,,,202
200900044249,9,11,20,2057,5,2,1,1.0,6,20033,M,,,202
200900044250,9,11,21,1912,5,2,1,1.0,3,20033,M,,,202
200900044251,9,11,23,1128,1,2,1,1.0,6,20033,M,,,202
200900044252,9,11,30,1345,1,1,1,2.0,3,20247,M,4.0,0,201
200900044253,9,11,2,1630,1,2,1,1.0,3,20249,M,4.0,0,201
200900044254,9,11,13,1800,3,1,1,1.0,5,20269,M,4.0,0,201
200900044255,9,11,18,1715,5,2,1,1.0,1,20130,M,4.0,0,201
200900044256,9,11,18,115,5,2,1,5.0,6,20041,M,0.0,0,201
200900044257,9,11,9,1300,1,1,1,2.0,1,20272,M,4.0,0,201
200900044258,9,11,25,1200,1,1,1,1.0,6,20189,M,4.0,0,201
200900044259,9,11,27,1800,5,2,1,1.0,3,20004,M,4.0,0,201
200900044260,9,11,20,2318,5,2,1,1.0,6,20004,M,0.0,0,201
200900044261,9,11,18,940,1,2,1,1.0,5,20004,M,0.0,0,201
200900044262,9,11,30,1840,5,2,3,2.0,3,20004,M,4.0,0,201
200900044263,9,11,28,1947,5,2,3,1.0,1,20004,M,4.0,0,201
200900044264,9,11,27,1355,1,2,1,1.0,3,20004,M,,,201
200900044265,9,11,19,2155,5,2,1,1.0,6,20004,M,0.0,0,201
200900044266,9,11,19,905,1,2,1,1.0,1,20004,M,0.0,0,201
200900044267,9,11,23,1615,1,2,1,1.0,6,20004,M,4.0,0,201
200900044268,9,12,12,1815,5,2,1,1.0,3,20004,M,,,201
200900044269,9,12,11,1220,1,2,6,1.0,3,20004,M,,,201
200900044270,9,12,3,1920,5,2,1,2.0,6,20004,M,,,201
200900044271,9,12,11,1230,1,2,1,1.0,3,20004,M,0.0,0,201
200900044272,9,12,5,1240,1,1,1,1.0,3,20004,M,0.0,0,201
200900044273,9,12,3,1255,1,2,1,1.0,3,20004,M,,,201
200900044274,9,12,7,823,1,2,1,1.0,7,20004,M,0.0,0,201
200900044275,9,12,12,1018,1,2,6,1.0,3,20004,M,0.0,0,201
200900044276,9,12,15,1450,1,2,1,1.0,5,20004,M,,,201
200900044277,9,12,12,1230,1,2,1,1.0,1,20004,M,,,201
200900044278,9,11,2,945,1,1,1,1.0,6,30320,M,4.0,0,30
200900044279,9,11,3,730,1,1,1,1.0,1,30061,M,4.0,0,30
200900044280,9,11,5,930,1,2,1,1.0,1,30259,M,4.0,0,30
200900044281,9,11,5,1745,3,1,1,1.0,6,30220,M,4.0,0,30
200900044282,9,11,5,1500,1,1,1,7.0,1,30069,M,4.0,0,30
200900044283,9,11,6,815,1,1,1,1.0,3,30145,M,4.0,0,30
200900044284,9,11,8,515,3,1,1,1.0,2,30189,M,4.0,0,30
200900044285,9,11,8,700,3,1,1,1.0,7,30169,M,4.0,0,30
200900044286,9,11,10,1530,1,1,1,1.0,2,30133,M,4.0,0,30
200900044287,9,11,11,1145,1,1,1,1.0,1,30211,M,4.0,0,30
200900044288,9,11,12,1730,3,2,9,1.0,6,30321,M,4.0,0,30
200900044289,9,11,13,645,5,2,3,8.0,3,30227,M,4.0,0,30
200900044290,9,11,15,300,4,1,1,5.0,7,30198,M,4.0,0,30
200900044291,9,11,15,1930,3,1,1,1.0,6,30334,M,4.0,0,30
200900044292,9,11,15,2000,3,1,1,1.0,2,30116,M,4.0,0,30
200900044293,9,11,17,1930,3,2,1,1.0,1,30263,M,4.0,0,30
200900044294,9,11,19,1530,1,1,1,1.0,3,30083,M,4.0,0,30
200900044295,9,11,20,1815,2,2,1,1.0,1,30089,M,4.0,0,30
200900044296,9,11,27,1945,3,1,1,1.0,3,30092,M,4.0,0,30
200900044297,9,11,29,115,3,1,1,1.0,6,30012,M,4.0,0,30
200900044298,9,11,21,600,3,1,1,5.0,7,30331,M,4.0,0,30
200900044299,9,11,21,715,1,1,1,1.0,1,30217,M,4.0,0,30
200900044300,9,11,21,2215,3,1,1,1.0,6,30211,M,4.0,0,30
200900044301,9,11,22,1,3,1,1,1.0,7,30003,M,4.0,0,30
200900044302,9,11,23,645,3,1,1,2.0,6,30307,M,4.0,0,30
200900044303,9,11,25,1900,3,1,1,1.0,6,30288,M,4.0,0,30
200900044304,9,11,27,345,3,1,1,1.0,6,30225,M,4.0,0,30
200900044305,9,11,27,715,2,1,1,1.0,2,30107,M,4.0,0,30
200900044306,9,11,27,1015,1,2,7,1.0,6,30321,M,4.0,0,30
200900044307,9,11,29,1830,3,1,1,2.0,6,30202,M,4.0,0,30
200900044308,9,11,29,1915,3,1,1,3.0,5,30217,M,4.0,0,30
200900044309,9,11,2,1245,1,2,1,1.0,3,30007,M,,,30
200900044310,9,11,7,1940,5,2,1,2.0,6,30028,M,,,30
200900044311,9,11,9,1840,5,2,1,1.0,6,30189,M,4.0,0,30
200900044312,9,11,19,1438,1,2,1,1.0,6,30189,M,4.0,0,30
200900044313,9,11,1,10,3,2,1,1.0,6,30189,M,4.0,0,30
200900044314,9,11,20,1415,1,2,1,1.0,7,30007,M,,,30
200900044315,9,11,6,1325,1,2,1,1.0,6,30189,M,4.0,0,30
200900044316,9,11,2,1418,1,2,6,1.0,3,30189,M,4.0,0,30
200900044317,9,11,2,1440,1,2,1,1.0,4,30007,M,,,30
200900044318,9,11,2,1925,5,2,1,1.0,6,30189,M,,,30
200900044319,9,11,3,800,1,2,1,1.0,3,30007,M,,,30
200900044320,9,11,3,1847,4,2,1,1.0,6,30189,M,4.0,0,30
200900044321,9,11,4,1919,5,2,9,1.0,1,30189,M,4.0,0,30
200900044322,9,11,4,1950,5,2,1,1.0,7,30007,M,,,30
200900044323,9,11,5,1746,5,2,1,2.0,4,30189,M,4.0,0,30
200900044324,9,11,6,1124,1,2,1,1.0,3,30007,M,4.0,0,30
200900044325,9,11,6,1820,5,2,1,1.0,2,30243,M,4.0,0,30
200900044326,9,11,6,1916,5,2,1,1.0,6,30189,M,4.0,0,30
200900044327,9,11,7,731,1,2,2,1.0,3,30189,M,4.0,0,30
200900044328,9,11,7,1910,3,2,1,1.0,1,30028,M,4.0,0,30
200900044329,9,11,7,1339,1,2,3,1.0,4,30189,M,4.0,0,30
200900044330,9,11,8,20,5,2,1,1.0,6,30007,M,4.0,0,30
200900044331,9,11,8,421,3,2,1,1.0,6,30189,M,4.0,0,30
200900044332,9,11,9,715,2,2,1,1.0,7,30007,M,,,30
200900044333,9,11,9,1850,5,2,3,1.0,3,30189,M,4.0,0,30
200900044334,9,11,9,2352,5,1,1,1.0,6,30189,M,4.0,0,30
200900044335,9,11,9,1505,1,2,1,1.0,6,30189,M,4.0,0,30
200900044336,9,11,10,1646,1,2,1,1.0,3,30189,M,,,30
200900044337,9,11,10,1905,5,2,1,1.0,7,30007,M,4.0,0,30
200900044338,9,11,11,2204,3,1,1,1.0,6,30189,M,,,30
200900044339,9,11,11,2205,5,2,1,1.0,7,30007,M,,,30
200900044340,9,11,13,1713,5,2,1,1.0,6,30189,M,4.0,0,30
200900044341,9,11,13,920,1,2,1,1.0,4,30189,M,4.0,0,30
200900044342,9,11,24,1614,1,2,1,1.0,3,30189,M,4.0,0,30
200900044343,9,11,24,2140,3,1,1,1.0,6,30028,M,4.0,0,30
200900044344,9,11,13,1725,5,2,1,9.0,7,30007,M,,,30
200900044345,9,11,13,2027,5,2,1,1.0,6,30189,M,,,30
200900044346,9,11,13,2145,5,2,2,1.0,3,30189,M,4.0,0,30
200900044347,9,11,14,1147,1,2,9,1.0,6,30189,M,4.0,0,30
200900044348,9,11,14,1350,1,2,1,1.0,6,30028,M,,,30
200900044349,9,11,15,1210,1,2,1,1.0,3,30007,M,,,30
200900044350,9,11,16,1751,5,2,1,1.0,2,30189,M,4.0,0,30
200900044351,9,11,17,900,1,1,1,1.0,4,30028,M,,,30
200900044352,9,11,18,1110,1,2,1,1.0,2,30243,M,,,30
200900044353,9,11,19,1415,1,2,1,1.0,7,30189,M,4.0,0,30
200900044354,9,11,19,1634,1,2,2,1.0,6,30189,M,4.0,0,30
200900044355,9,11,20,1035,1,2,1,1.0,2,30189,M,4.0,0,30
200900044356,9,11,20,1410,1,2,1,1.0,3,30007,M,,,30
200900044357,9,11,20,1820,1,2,1,2.0,3,30007,M,,,30
200900044358,9,11,20,2030,5,2,1,1.0,7,30007,M,,,30
200900044359,9,11,21,530,3,1,1,1.0,6,30028,M,4.0,0,30
200900044360,9,11,21,1532,1,2,1,1.0,3,30189,M,,,30
200900044361,9,11,21,1624,1,2,2,1.0,1,30189,M,4.0,0,30
200900044362,9,11,21,1728,5,2,1,1.0,5,30189,M,4.0,0,30
200900044363,9,11,21,2000,3,1,1,1.0,7,30032,M,,,30
200900044364,9,11,22,1045,1,2,1,1.0,6,30007,M,,,30
200900044365,9,11,23,1350,1,2,1,1.0,7,30007,M,4.0,0,30
200900044366,9,11,23,1800,4,2,1,1.0,6,30007,M,4.0,0,30
200900044367,9,11,24,1459,1,2,1,1.0,1,30189,M,4.0,0,30
200900044368,9,11,24,1737,1,1,1,9.0,7,30189,M,,,30
200900044369,9,11,25,1604,1,2,2,1.0,2,30189,M,4.0,0,30
200900044370,9,11,26,1507,1,2,6,1.0,3,30189,M,4.0,0,30
200900044371,9,11,25,1217,1,2,1,1.0,6,30189,M,4.0,0,30
200900044372,9,11,27,1405,1,2,1,1.0,6,30007,M,,,30
200900044373,9,11,28,1016,1,2,1,1.0,3,30189,M,4.0,0,30
200900044374,9,11,28,1030,1,2,1,1.0,7,30032,M,,,30
200900044375,9,11,30,948,1,2,1,1.0,4,30007,M,,,30
200900044376,9,11,27,1552,1,2,1,1.0,6,30189,M,4.0,0,30
200900044377,9,11,29,1610,1,1,1,1.0,7,30032,M,,,30
200900044378,9,11,29,2228,5,2,1,3.0,6,30189,M,4.0,0,30
200900044379,9,11,30,1718,1,2,1,1.0,7,30189,M,,,30
200900044380,9,11,30,1810,2,2,1,1.0,2,30007,M,,,30
200900044381,9,3,28,145,5,2,3,1.0,7,78440,M,4.0,0,78
200900044382,9,6,1,1730,1,2,1,1.0,5,42005,M,4.0,0,42
200900044383,9,7,28,1745,1,2,1,1.0,6,64445,M,,,64
200900044384,9,10,13,1855,2,2,1,1.0,2,64348,M,4.0,-,64
200900044385,9,11,17,1745,2,2,2,3.0,3,64445,M,4.0,-,64
200900044386,9,11,1,1300,1,2,1,1.0,1,64065,M,4.0,-,64
200900044387,9,11,2,1105,1,2,1,2.0,1,64024,M,4.0,-,64
200900044388,9,11,6,1415,1,1,1,1.0,6,64186,M,4.0,-,64
200900044389,9,11,3,1520,1,1,1,1.0,1,64545,M,4.0,-,64
200900044390,9,11,7,1700,2,1,1,2.0,7,64014,M,,,64
200900044391,9,11,9,1830,5,2,1,1.0,3,64410,M,4.0,-,64
200900044392,9,11,8,2225,5,2,1,3.0,6,64483,M,4.0,-,64
200900044393,9,11,11,1915,3,1,1,8.0,4,64462,M,4.0,-,64
200900044394,9,11,14,1945,3,1,1,1.0,7,64362,M,4.0,-,64
200900044395,9,11,16,1140,1,2,4,1.0,3,64024,M,4.0,-,64
200900044396,9,11,16,2010,5,2,1,1.0,3,64545,M,4.0,-,64
200900044397,9,11,20,250,5,2,1,1.0,7,64024,M,4.0,-,64
200900044398,9,11,20,1045,1,2,1,1.0,6,64422,M,4.0,-,64
200900044399,9,11,20,1900,5,2,1,1.0,3,64314,M,4.0,-,64
200900044400,9,11,17,825,1,2,1,1.0,4,64284,M,4.0,-,64
200900044401,9,11,18,830,1,1,1,1.0,7,64524,M,4.0,-,64
200900044402,9,11,18,1900,5,2,4,1.0,3,64430,M,4.0,-,64
200900044403,9,11,18,1400,1,2,1,1.0,3,64024,M,4.0,-,64
200900044404,9,11,18,1440,1,2,3,1.0,3,64445,M,4.0,-,64
200900044405,9,11,18,1530,1,1,1,1.0,5,64443,M,4.0,-,64
200900044406,9,11,19,345,5,2,1,1.0,6,64445,M,4.0,-,64
200900044407,9,11,18,1615,1,2,1,1.0,2,64545,M,4.0,-,64
200900044408,9,11,19,1130,1,2,3,1.0,3,64445,M,4.0,-,64
200900044409,9,11,20,1908,5,2,6,1.0,3,64140,M,4.0,-,64
200900044410,9,11,20,2135,5,2,1,1.0,7,64249,M,4.0,-,64
200900044411,9,11,21,930,1,1,1,1.0,6,64518,M,4.0,-,64
200900044412,9,11,21,1435,1,2,3,1.0,3,64483,M,4.0,-,64
200900044413,9,11,21,1730,2,2,1,8.0,1,64065,M,4.0,-,64
200900044414,9,11,22,2135,5,2,1,1.0,6,64335,M,4.0,-,64
200900044415,9,11,23,1220,1,2,1,1.0,6,64445,M,4.0,-,64
200900044416,9,11,23,1555,1,2,1,1.0,1,64129,M,4.0,-,64
200900044417,9,11,23,1945,3,1,1,1.0,5,64156,M,4.0,-,64
200900044418,9,11,24,1140,1,2,3,1.0,3,64445,M,4.0,-,64
200900044419,9,11,24,1215,1,2,3,1.0,3,64445,M,4.0,-,64
200900044420,9,11,24,1830,5,2,1,1.0,1,64191,M,4.0,-,64
200900044421,9,11,25,1645,1,2,1,1.0,4,64445,M,4.0,-,64
200900044422,9,11,24,1800,1,2,1,1.0,2,64129,M,4.0,-,64
200900044423,9,11,26,1345,1,2,1,1.0,2,64445,M,4.0,-,64
200900044424,9,11,26,1445,1,1,1,1.0,7,64511,M,4.0,-,64
200900044425,9,11,27,955,1,1,3,1.0,3,64483,M,4.0,-,64
200900044426,9,11,27,1900,1,2,1,1.0,6,64445,M,4.0,-,64