Num_Acc,an,mois,jour,hrmn,lum,agg,int,atm,col,com,gps,lat,long,dep
200900044427,9,11,28,20,5,2,1,1.0,6,64024,M,4.0,-,64
200900044428,9,11,28,200,3,1,1,1.0,6,64535,M,4.0,-,64
200900044429,9,11,28,1330,1,2,1,1.0,2,64445,M,4.0,-,64
200900044430,9,11,28,1520,1,2,1,1.0,6,64129,M,4.0,-,64
200900044431,9,11,28,421,3,2,1,1.0,6,64407,M,4.0,-,64
200900044432,9,11,30,1320,1,2,3,2.0,3,64445,M,4.0,-,64
200900044433,9,11,30,1825,5,2,1,2.0,6,64445,M,4.0,-,64
200900044434,9,11,29,1900,3,1,1,2.0,1,64415,M,4.0,-,64
200900044435,9,11,29,2110,1,2,1,1.0,6,64445,M,4.0,-,64
200900044436,9,11,30,825,1,2,1,3.0,5,64445,M,,,64
200900044437,9,11,17,745,2,2,1,1.0,2,64129,M,4.0,-,64
200900044438,9,6,2,1725,1,2,1,1.0,6,42218,M,4.0,0,42
200900044439,9,6,4,724,1,2,3,1.0,3,42218,M,4.0,0,42
200900044440,9,6,4,1055,1,1,1,1.0,7,42259,M,4.0,0,42
200900044441,9,6,4,1136,1,2,1,1.0,2,42218,M,4.0,0,42
200900044442,9,5,30,1500,1,2,1,1.0,3,13001,M,,,13
200900044443,9,5,21,710,1,2,1,1.0,6,13071,M,,,13
200900044444,9,5,23,1450,1,1,1,1.0,1,13117,M,,,13
200900044445,9,5,8,2020,1,2,1,1.0,1,13117,M,,,13
200900044446,9,5,11,1710,1,2,1,8.0,3,13004,M,,,13
200900044447,9,5,25,1145,1,2,1,1.0,3,13004,M,,,13
200900044448,9,5,31,2220,5,2,1,1.0,6,13071,M,,,13
200900044449,9,5,15,1700,1,2,1,2.0,3,13071,M,,,13
200900044450,9,5,29,2215,5,2,6,1.0,7,13117,M,,,13
200900044451,9,5,24,2000,2,2,1,1.0,6,13056,M,,,13
200900044452,9,5,23,1830,1,2,1,1.0,3,13117,M,,,13
200900044453,9,5,5,1215,1,2,3,1.0,1,13001,M,,,13
200900044454,9,5,21,2200,5,2,1,1.0,7,13001,M,,,13
200900044455,9,5,7,755,1,2,4,1.0,3,13004,M,,,13
200900044456,9,5,15,1700,1,2,1,1.0,4,13117,M,,,13
200900044457,9,5,31,2210,5,2,1,2.0,6,13028,M,,,13
200900044458,9,5,29,1650,1,2,6,1.0,3,13117,M,,,13
200900044459,9,5,14,1305,1,2,1,1.0,3,13071,M,,,13
200900044460,9,5,31,1925,1,2,1,1.0,6,13028,M,,,13
200900044461,9,5,28,750,1,2,1,1.0,7,13078,M,,,13
200900044462,9,5,2,1310,1,2,4,1.0,2,13001,M,,,13
200900044463,9,5,22,1620,1,2,1,1.0,6,13001,M,,,13
200900044464,9,5,29,340,5,2,1,1.0,6,13001,M,,,13
200900044465,9,5,7,940,1,2,1,1.0,6,13001,M,,,13
200900044466,9,5,26,930,1,2,3,1.0,3,13103,M,,,13
200900044467,9,5,8,1410,1,2,1,9.0,6,13028,M,,,13
200900044468,9,5,5,1545,1,1,1,1.0,2,13055,M,4.0,0,13
200900044469,9,5,4,910,1,1,1,1.0,2,13001,M,4.0,0,13
200900044470,9,5,30,158,3,1,1,1.0,3,13055,M,4.0,0,13
200900044471,9,5,16,1215,1,1,1,1.0,7,13106,M,4.0,0,13
200900044472,9,5,14,1535,1,1,1,1.0,6,13071,M,4.0,0,13
200900044473,9,5,16,1825,1,1,1,1.0,4,13070,M,4.0,0,13
200900044474,9,5,20,1920,1,1,1,1.0,4,13055,M,4.0,0,13
200900044475,9,5,28,610,1,1,1,1.0,7,13001,M,4.0,0,13
200900044476,9,5,26,800,1,1,1,1.0,3,13055,M,4.0,0,13
200900044477,9,5,9,915,1,1,1,1.0,7,13005,M,4.0,0,13
200900044478,9,5,5,2155,3,1,1,1.0,7,13005,M,4.0,0,13
200900044479,9,5,22,1505,1,1,1,1.0,3,13055,M,4.0,0,13
200900044480,9,5,13,855,1,1,1,1.0,6,13015,M,4.0,0,13
200900044481,9,5,19,754,1,1,1,1.0,2,13055,M,4.0,0,13
200900044482,9,5,29,1215,1,1,1,1.0,6,13055,M,4.0,0,13
200900044483,9,5,13,1220,1,1,1,1.0,7,13202,M,,,13
200900044484,9,5,20,1748,1,1,1,1.0,6,13055,M,4.0,0,13
200900044485,9,5,25,1630,1,1,1,1.0,4,13071,M,4.0,0,13
200900044486,9,5,30,2050,1,1,9,1.0,6,13055,M,4.0,0,13
200900044487,9,5,23,1905,1,1,1,1.0,2,13026,M,4.0,0,13
200900044488,9,5,11,1820,1,1,1,1.0,5,13055,M,4.0,0,13
200900044489,9,5,30,1905,1,1,1,1.0,2,13071,M,4.0,0,13
200900044490,9,5,28,1020,1,1,1,1.0,3,13015,M,4.0,0,13
200900044491,9,5,24,1400,1,1,1,1.0,6,13055,M,4.0,0,13
200900044492,9,5,14,113,3,1,1,1.0,6,13071,M,4.0,0,13
200900044493,9,5,14,1030,1,1,1,1.0,7,13055,M,4.0,0,13
200900044494,9,5,23,2150,3,1,1,1.0,7,13085,M,4.0,0,13
200900044495,9,5,13,810,1,1,1,1.0,4,13055,M,4.0,0,13
200900044496,9,5,17,835,1,1,1,1.0,6,13005,M,4.0,0,13
200900044497,9,5,9,420,3,1,1,1.0,1,13055,M,4.0,0,13
200900044498,9,5,28,1548,1,1,1,1.0,7,13005,M,4.0,0,13
200900044499,9,5,1,1300,1,1,1,1.0,6,13106,M,4.0,0,13
200900044500,9,5,6,940,1,1,1,1.0,4,13071,M,4.0,0,13
200900044501,9,5,27,1430,1,1,1,1.0,5,13071,M,4.0,0,13
200900044502,9,5,4,1655,1,1,1,1.0,3,13055,M,4.0,0,13
200900044503,9,5,9,533,2,1,1,1.0,4,13055,M,4.0,0,13
200900044504,9,5,16,1330,1,1,1,1.0,3,13071,M,4.0,0,13
200900044505,9,5,19,1851,1,1,1,1.0,4,13055,M,4.0,0,13
200900044506,9,5,20,1525,1,1,1,1.0,2,13071,M,4.0,0,13
200900044507,9,5,2,1325,1,2,6,1.0,3,13028,M,,,13
200900044508,9,5,7,1235,1,1,6,1.0,3,13117,M,,,13
200900044509,9,5,1,745,1,1,1,1.0,7,13055,M,4.0,0,13
200900044510,9,5,5,1000,1,1,1,1.0,5,13110,M,4.0,0,13
200900044511,9,5,2,1845,1,2,1,1.0,7,13071,M,,,13
200900044512,9,5,6,1700,1,1,1,1.0,1,13103,M,4.0,0,13
200900044513,9,5,8,1415,1,1,1,1.0,1,13013,M,4.0,0,13
200900044514,9,5,11,1050,1,1,1,1.0,2,13071,M,,,13
200900044515,9,5,8,2010,1,2,2,1.0,3,13117,M,,,13
200900044516,9,5,11,1140,1,2,1,1.0,3,13001,M,,,13
200900044517,9,5,12,1555,1,2,2,1.0,3,13071,M,,,13
200900044518,9,5,12,1600,1,2,1,1.0,6,13001,M,,,13
200900044519,9,5,13,1530,1,1,1,1.0,2,13117,M,4.0,0,13
200900044520,9,5,14,2225,5,1,1,2.0,6,13117,M,,,13
200900044521,9,5,15,1215,1,1,4,2.0,3,13078,M,,,13
200900044522,9,5,16,1140,1,1,2,1.0,1,13103,M,,,13
200900044523,9,5,15,1300,1,1,1,2.0,4,13055,M,4.0,0,13
200900044524,9,5,18,1525,1,2,2,1.0,3,13004,M,,,13
200900044525,9,5,19,1125,1,2,1,1.0,1,13028,M,4.0,0,13
200900044526,9,5,18,710,1,2,2,1.0,3,13028,M,4.0,0,13
200900044527,9,5,20,1915,1,2,1,1.0,5,13004,M,,,13
200900044528,9,5,21,1820,1,1,1,1.0,7,13108,M,,,13
200900044529,9,5,22,1955,1,1,1,1.0,7,13028,M,4.0,0,13
200900044530,9,5,28,1145,1,2,1,1.0,6,13001,M,,,13
200900044531,9,5,26,1130,1,1,1,1.0,7,13004,M,4.0,0,13
200900044532,9,5,28,1800,1,1,3,1.0,3,13071,M,4.0,0,13
200900044533,9,5,28,1900,1,1,1,1.0,3,13001,M,,,13
200900044534,9,5,31,1725,1,2,1,1.0,3,13071,M,,,13
200900044535,9,5,30,15,3,1,1,1.0,5,13005,M,4.0,0,13
200900044536,9,5,31,835,1,1,1,1.0,2,13004,M,4.0,0,13
200900044537,9,5,3,2330,3,1,2,1.0,3,13006,M,4.0,0,13
200900044538,9,5,23,1800,1,2,1,1.0,1,13014,M,4.0,0,13
200900044539,9,5,13,1300,1,1,1,1.0,7,13103,M,4.0,0,13
200900044540,9,5,26,1715,1,1,1,1.0,3,13004,M,0.0,0,13
200900044541,9,5,18,2015,1,1,1,1.0,6,13014,M,0.0,0,13
200900044542,9,5,31,1915,1,1,1,1.0,1,13060,M,4.0,0,13
200900044543,9,5,12,1700,1,1,1,1.0,6,13018,M,4.0,0,13
200900044544,9,5,23,245,5,2,1,1.0,7,13033,M,0.0,0,13
200900044545,9,5,26,1730,1,1,3,1.0,3,13080,M,4.0,0,13
200900044546,9,5,24,1000,1,1,1,1.0,3,13074,M,4.0,0,13
200900044547,9,5,29,1000,1,1,1,1.0,5,13018,M,0.0,0,13
200900044548,9,5,23,615,2,1,1,1.0,6,13113,M,4.0,0,13
200900044549,9,5,16,345,3,1,1,1.0,5,13118,M,4.0,0,13
200900044550,9,5,25,830,1,2,1,1.0,3,13119,M,4.0,0,13
200900044551,9,5,6,1915,1,1,1,1.0,6,13050,M,4.0,0,13
200900044552,9,5,6,1600,1,1,1,1.0,1,13045,M,4.0,0,13
200900044553,9,5,22,1700,1,1,1,1.0,6,13033,M,4.0,0,13
200900044554,9,5,10,300,3,1,1,1.0,7,13059,M,4.0,0,13
200900044555,9,5,23,600,2,1,1,1.0,6,13082,M,4.0,0,13
200900044556,9,5,3,1445,1,1,1,1.0,1,13004,M,4.0,0,13
200900044557,9,5,14,1400,1,1,1,1.0,7,13094,M,4.0,0,13
200900044558,9,5,1,15,5,2,1,1.0,3,13104,M,4.0,0,13
200900044559,9,5,8,1315,1,1,1,1.0,7,13110,M,4.0,0,13
200900044560,9,5,29,1215,1,1,1,1.0,3,13064,M,0.0,0,13
200900044561,9,5,10,1500,1,1,3,1.0,3,13089,M,4.0,0,13
200900044562,9,5,10,30,3,1,9,1.0,6,13086,M,4.0,0,13
200900044563,9,5,25,945,1,1,1,1.0,2,13001,M,4.0,0,13
200900044564,9,5,28,1715,1,1,2,1.0,3,13094,M,4.0,0,13
200900044565,9,5,8,2015,1,1,1,1.0,6,13053,M,0.0,0,13
200900044566,9,5,17,1445,1,1,3,1.0,3,13045,M,4.0,0,13
200900044567,9,5,14,930,1,1,1,1.0,1,13023,M,4.0,0,13
200900044568,9,5,27,1715,1,2,1,1.0,2,13001,M,,,13
200900044569,9,5,29,1625,1,2,1,1.0,6,13054,M,,,13
200900044570,9,5,28,755,1,2,1,1.0,3,13054,M,,,13
200900044571,9,5,24,755,1,2,1,1.0,1,13043,M,,,13
200900044572,9,5,25,1300,1,1,1,1.0,2,13054,M,,,13
200900044573,9,5,12,815,1,2,1,1.0,3,13047,M,4.0,0,13
200900044574,9,5,14,1740,1,1,1,2.0,5,13047,M,,,13
200900044575,9,5,16,1755,1,1,1,1.0,6,13047,M,4.0,0,13
200900044576,9,5,27,1643,1,2,1,6.0,6,13047,M,,,13
200900044577,9,5,31,1445,1,1,1,1.0,1,13047,M,4.0,0,13
200900044578,9,5,30,1750,1,2,1,1.0,2,13005,M,,,13
200900044579,9,5,27,1355,1,1,1,1.0,7,13047,M,,,13
200900044580,9,5,9,628,2,1,1,1.0,6,13047,M,4.0,0,13
200900044581,9,5,21,2100,1,2,1,1.0,6,13047,M,,,13
200900044582,9,5,10,1915,1,2,1,1.0,2,13005,M,,,13
200900044583,9,5,19,2115,5,2,1,1.0,6,13005,M,,,13
200900044584,9,5,15,645,2,2,2,2.0,3,13005,M,,,13
200900044585,9,5,10,1100,1,2,1,1.0,2,13214,M,,,13
200900044586,9,5,8,530,5,2,1,1.0,3,13055,M,4.0,0,13
200900044587,9,5,29,1300,1,2,3,1.0,3,13055,M,,,13
200900044588,9,5,20,2300,5,2,3,1.0,3,13208,M,,,13
200900044589,9,5,15,1455,1,2,1,2.0,6,13211,M,,,13
200900044590,9,5,4,1525,1,2,1,1.0,6,13205,M,,,13
200900044591,9,5,17,1935,1,2,1,1.0,6,13055,M,,,13
200900044592,9,5,20,1140,1,2,1,1.0,2,13209,M,,,13
200900044593,9,5,13,1830,2,2,1,1.0,6,13055,M,,,13
200900044594,9,5,19,1645,1,2,1,1.0,3,13214,M,,,13
200900044595,9,5,28,815,1,2,1,1.0,6,13055,M,,,13
200900044596,9,5,16,1255,1,2,1,1.0,6,13208,M,,,13
200900044597,9,5,15,1319,1,2,1,3.0,6,13055,M,4.0,0,13
200900044598,9,5,11,930,1,2,1,1.0,6,13055,M,,,13
200900044599,9,5,13,1830,1,2,3,1.0,3,13055,M,,,13
200900044600,9,5,10,1530,1,2,1,1.0,6,13055,M,,,13
200900044601,9,5,7,2345,5,2,1,1.0,6,13055,M,,,13
200900044602,9,5,18,1230,1,2,2,1.0,3,13201,M,,,13
200900044603,9,5,30,2230,5,2,6,1.0,6,13055,M,,,13
200900044604,9,5,19,30,5,2,1,1.0,6,13204,M,,,13
200900044605,9,5,13,910,1,2,1,1.0,6,13202,M,,,13
200900044606,9,5,18,950,1,2,1,1.0,3,13207,M,,,13
200900044607,9,5,18,1130,1,2,1,1.0,4,13212,M,,,13
200900044608,9,5,30,1000,1,2,3,1.0,3,13055,M,,,13
200900044609,9,5,29,745,1,2,1,1.0,7,13209,M,,,13
200900044610,9,5,23,100,5,2,1,1.0,2,13055,M,,,13
200900044611,9,5,13,2010,1,2,1,1.0,2,13204,M,,,13
200900044612,9,5,28,1330,1,2,1,1.0,6,13055,M,,,13
200900044613,9,5,2,1650,1,2,1,1.0,3,13215,M,,,13
200900044614,9,5,12,1230,1,2,1,1.0,3,13204,M,,,13
200900044615,9,5,23,1500,1,2,1,1.0,2,13208,M,,,13
200900044616,9,5,26,1325,1,2,1,1.0,7,13055,M,,,13
200900044617,9,5,30,2350,5,2,3,1.0,3,13206,M,,,13
200900044618,9,5,9,1345,1,2,1,1.0,1,13055,M,,,13
200900044619,9,5,11,1110,1,2,1,1.0,3,13208,M,,,13
200900044620,9,5,7,1130,1,2,9,1.0,6,13002,M,,,13
200900044621,9,5,6,1850,1,2,1,1.0,2,13212,M,,,13
200900044622,9,5,3,2100,2,2,3,1.0,1,13055,M,,,13
200900044623,9,5,11,1100,1,2,1,1.0,3,13202,M,,,13
200900044624,9,5,29,1555,1,2,1,1.0,6,13201,M,,,13
200900044625,9,5,14,1935,1,2,1,1.0,6,13055,M,,,13
200900044626,9,5,20,1050,1,2,3,1.0,3,13203,M,,,13
200900044627,9,5,29,1900,1,2,3,1.0,3,13215,M,,,13
200900044628,9,5,2,1300,1,2,2,1.0,3,13207,M,,,13
200900044629,9,5,27,855,1,2,1,1.0,7,13212,M,,,13
200900044630,9,5,3,230,5,2,3,1.0,2,13055,M,4.0,0,13
200900044631,9,5,13,2140,5,2,6,1.0,3,13055,M,,,13
200900044632,9,5,5,940,1,2,6,1.0,6,13209,M,,,13
200900044633,9,5,7,1210,1,2,1,1.0,6,13214,M,,,13
200900044634,9,5,29,1915,1,2,1,1.0,5,13211,M,,,13
200900044635,9,5,1,1820,1,2,2,1.0,3,13206,M,,,13
200900044636,9,5,6,1850,1,2,3,1.0,3,13206,M,,,13
200900044637,9,5,22,2300,5,2,1,1.0,6,13055,M,4.0,0,13
200900044638,9,5,4,2015,5,2,1,1.0,6,13204,M,,,13
200900044639,9,5,13,1845,1,2,1,1.0,2,13205,M,,,13
200900044640,9,5,1,1345,1,2,1,1.0,6,13206,M,,,13
200900044641,9,5,29,730,1,2,1,1.0,6,13055,M,,,13
200900044642,9,5,3,2030,5,2,2,1.0,3,13206,M,,,13
200900044643,9,5,6,1450,1,2,1,1.0,4,13055,M,,,13
200900044644,9,5,2,1015,1,2,1,1.0,3,13206,M,,,13
200900044645,9,5,18,810,1,2,3,1.0,3,13212,M,,,13
200900044646,9,5,1,2020,5,2,1,1.0,6,13212,M,,,13
200900044647,9,5,20,1345,1,2,1,1.0,3,13204,M,,,13
200900044648,9,5,3,2130,5,2,6,1.0,2,13211,M,,,13
200900044649,9,5,9,1800,1,2,1,1.0,2,13203,M,,,13
200900044650,9,5,22,1830,1,2,1,1.0,3,13210,M,,,13
200900044651,9,5,11,700,1,2,1,1.0,3,13210,M,,,13
200900044652,9,5,11,1910,1,2,1,1.0,3,13055,M,,,13
200900044653,9,5,23,1845,1,2,3,1.0,3,13208,M,,,13
200900044654,9,5,21,1615,1,2,1,1.0,6,13201,M,,,13
200900044655,9,5,3,1600,1,2,1,1.0,1,13214,M,,,13
200900044656,9,5,20,1220,1,2,1,1.0,3,13075,M,,,13
200900044657,9,5,7,825,1,2,1,1.0,6,13055,M,,,13
200900044658,9,5,13,715,2,2,1,1.0,6,13055,M,,,13
200900044659,9,5,5,1430,1,2,3,1.0,3,13210,M,,,13
200900044660,9,5,29,2330,5,2,6,1.0,3,13055,M,,,13
200900044661,9,5,2,1745,1,2,1,1.0,6,13215,M,,,13
200900044662,9,5,13,1700,1,2,1,1.0,2,13204,M,,,13
200900044663,9,5,26,1915,1,2,1,1.0,3,13209,M,,,13
200900044664,9,5,25,855,1,2,2,1.0,3,13203,M,,,13
200900044665,9,5,24,2330,5,2,1,1.0,3,13214,M,,,13
200900044666,9,5,27,1900,1,2,1,1.0,3,13055,M,,,13
200900044667,9,5,19,1700,1,2,1,1.0,6,13204,M,,,13
200900044668,9,5,29,500,5,2,2,1.0,3,13206,M,,,13
200900044669,9,5,10,2320,3,2,1,1.0,6,13055,M,4.0,0,13
200900044670,9,5,10,215,5,2,1,1.0,3,13055,M,,,13
200900044671,9,5,5,1745,1,2,1,1.0,4,13208,M,,,13
200900044672,9,5,14,1900,2,2,1,1.0,3,13209,M,,,13
200900044673,9,5,20,850,1,2,1,1.0,6,13207,M,,,13
200900044674,9,5,25,740,1,2,2,1.0,3,13201,M,,,13
200900044675,9,5,26,800,1,2,1,1.0,6,13203,M,,,13
200900044676,9,5,4,130,5,2,1,1.0,6,13213,M,,,13
200900044677,9,5,11,1825,1,2,1,1.0,6,13055,M,,,13
200900044678,9,5,10,2215,5,2,1,1.0,2,13055,M,,,13
200900044679,9,5,1,920,1,2,2,1.0,6,13209,M,,,13
200900044680,9,5,4,840,1,2,1,1.0,3,13207,M,,,13
200900044681,9,5,20,1500,1,2,1,1.0,3,13206,M,,,13
200900044682,9,5,10,2145,5,2,1,1.0,7,13210,M,,,13
200900044683,9,5,2,830,1,2,1,1.0,1,13055,M,,,13
200900044684,9,5,30,1930,2,2,1,1.0,2,13212,M,,,13
200900044685,9,5,31,2220,5,2,1,1.0,6,13201,M,,,13
200900044686,9,5,10,2100,5,2,1,1.0,7,13211,M,,,13
200900044687,9,5,27,2355,5,2,2,1.0,3,13206,M,,,13
200900044688,9,5,13,1915,1,2,1,1.0,3,13209,M,,,13
200900044689,9,5,12,2045,2,2,1,1.0,1,13055,M,,,13
200900044690,9,5,14,2030,2,2,1,2.0,1,13055,M,,,13
200900044691,9,5,22,900,1,2,1,1.0,2,13055,M,,,13
200900044692,9,5,31,620,2,2,1,1.0,3,13202,M,,,13
200900044693,9,5,18,1530,1,2,1,1.0,7,13055,M,,,13
200900044694,9,5,5,1815,1,2,2,1.0,3,13206,M,,,13
200900044695,9,5,17,1600,1,2,1,1.0,6,13204,M,,,13
200900044696,9,5,10,1700,1,2,1,1.0,3,13207,M,,,13
200900044697,9,5,6,1800,1,2,1,1.0,2,13055,M,,,13
200900044698,9,5,21,1200,1,2,1,1.0,6,13204,M,,,13
200900044699,9,5,18,1530,1,2,9,1.0,3,13206,M,,,13
200900044700,9,5,18,1800,1,2,2,1.0,3,13205,M,,,13
200900044701,9,5,16,1500,1,2,1,1.0,7,13202,M,,,13
200900044702,9,5,7,1800,1,2,1,1.0,3,13206,M,,,13
200900044703,9,5,6,1745,1,2,1,1.0,2,13055,M,,,13
200900044704,9,5,12,1700,1,2,1,1.0,2,13055,M,,,13
200900044705,9,5,12,1805,1,2,3,1.0,3,13075,M,,,13
200900044706,9,5,10,2125,4,2,1,1.0,3,13214,M,,,13
200900044707,9,5,13,1210,1,2,1,8.0,6,13206,M,,,13
200900044708,9,5,7,1320,1,2,1,1.0,6,13214,M,,,13
200900044709,9,5,15,1530,1,2,1,1.0,5,13055,M,,,13
200900044710,9,5,6,1610,1,2,1,1.0,6,13055,M,,,13
200900044711,9,5,24,30,5,2,3,1.0,3,13213,M,,,13
200900044712,9,5,11,1715,1,2,2,1.0,1,13212,M,,,13
200900044713,9,5,28,1240,1,2,6,1.0,3,13055,M,,,13
200900044714,9,5,13,1150,1,2,1,1.0,6,13203,M,,,13
200900044715,9,5,8,1030,1,2,3,1.0,3,13055,M,4.0,0,13
200900044716,9,5,29,2045,2,2,1,1.0,3,13203,M,,,13
200900044717,9,5,13,725,5,2,1,1.0,6,13055,M,,,13
200900044718,9,5,3,1905,1,2,1,1.0,6,13055,M,,,13
200900044719,9,5,16,1445,1,2,2,1.0,3,13206,M,,,13
200900044720,9,5,26,1530,1,2,1,1.0,3,13055,M,,,13
200900044721,9,5,26,1745,1,2,1,1.0,6,13210,M,,,13
200900044722,9,5,17,1850,1,2,1,1.0,1,13002,M,4.0,0,13
200900044723,9,5,23,1415,1,2,1,1.0,1,13002,M,,,13
200900044724,9,5,8,930,1,2,1,1.0,2,13206,M,,,13
200900044725,9,5,5,2140,5,2,1,1.0,7,13201,M,,,13
200900044726,9,5,1,2015,1,2,1,1.0,3,13213,M,,,13
200900044727,9,5,3,1755,1,2,1,1.0,2,13055,M,,,13
200900044728,9,5,25,2205,5,2,1,1.0,3,13055,M,,,13
200900044729,9,5,5,1620,1,2,1,1.0,3,13211,M,,,13
200900044730,9,5,11,1020,1,2,2,1.0,3,13206,M,,,13
200900044731,9,5,28,1435,1,2,1,1.0,6,13055,M,,,13
200900044732,9,5,27,2110,4,2,1,1.0,2,13210,M,,,13
200900044733,9,5,16,1830,1,2,1,1.0,3,13055,M,,,13
200900044734,9,5,5,1345,1,2,1,1.0,4,13214,M,,,13
200900044735,9,5,5,2250,5,2,1,1.0,1,13055,M,4.0,0,13
200900044736,9,5,16,2200,5,2,1,1.0,1,13204,M,,,13
200900044737,9,5,11,1700,1,2,1,1.0,2,13055,M,,,13
200900044738,9,5,12,1430,1,2,1,1.0,2,13055,M,,,13
200900044739,9,5,15,1345,1,2,9,2.0,3,13205,M,,,13
200900044740,9,5,8,1900,1,2,1,1.0,6,13055,M,,,13
200900044741,9,5,6,1830,1,2,1,1.0,6,13055,M,,,13
200900044742,9,5,11,2120,5,2,1,1.0,6,13208,M,,,13
200900044743,9,5,4,1500,1,2,1,1.0,6,13210,M,,,13
200900044744,9,5,29,1605,1,2,1,1.0,2,13214,M,,,13
200900044745,9,5,25,1615,1,2,1,1.0,3,13202,M,,,13
200900044746,9,5,11,1830,1,2,3,1.0,3,13206,M,,,13
200900044747,9,5,16,2201,5,2,6,1.0,7,13210,M,,,13
200900044748,9,5,22,1320,1,2,1,1.0,6,13055,M,,,13
200900044749,9,5,19,1555,1,2,1,1.0,1,13210,M,,,13
200900044750,9,5,12,2230,5,2,1,1.0,1,13204,M,,,13
200900044751,9,5,15,540,5,2,1,2.0,3,13201,M,,,13
200900044752,9,5,28,2010,1,2,1,1.0,6,13055,M,,,13
200900044753,9,5,17,1715,1,2,1,1.0,7,13207,M,,,13
200900044754,9,5,5,1450,1,2,6,1.0,3,13213,M,,,13
200900044755,9,5,1,2220,5,2,1,1.0,6,13214,M,,,13
200900044756,9,5,17,1625,1,2,1,1.0,2,13201,M,,,13
200900044757,9,5,25,1320,1,2,1,1.0,6,13206,M,,,13
200900044758,9,5,13,1255,1,2,4,1.0,6,13202,M,,,13
200900044759,9,5,28,1620,1,2,1,1.0,6,13055,M,,,13
200900044760,9,5,28,1715,1,2,1,1.0,6,13055,M,,,13
200900044761,9,5,20,650,1,2,1,1.0,1,13055,M,,,13
200900044762,9,5,2,1445,1,2,3,1.0,3,13055,M,4.0,0,13
200900044763,9,5,30,900,1,2,1,1.0,3,13055,M,,,13
200900044764,9,5,7,1500,1,2,1,1.0,5,13206,M,,,13
200900044765,9,5,7,2010,1,2,1,1.0,6,13055,M,,,13
200900044766,9,5,27,750,1,2,1,1.0,6,13055,M,,,13
200900044767,9,5,27,1030,1,2,1,1.0,6,13201,M,,,13
200900044768,9,5,18,1725,1,2,1,1.0,3,13206,M,,,13
200900044769,9,5,20,1500,1,1,1,1.0,2,13028,M,4.0,0,13
200900044770,9,4,21,1820,1,2,2,1.0,3,92044,M,,,92
200900044771,9,1,27,1830,5,2,1,1.0,6,92044,M,,,92
200900044772,9,3,19,945,1,2,2,1.0,6,92044,M,,,92
200900044773,9,3,26,955,1,2,1,1.0,5,92044,M,,,92
200900044774,9,4,13,2230,5,2,9,1.0,6,92044,M,,,92
200900044775,9,1,3,1400,1,2,3,1.0,3,92044,M,,,92
200900044776,9,1,10,1755,2,2,2,1.0,6,92044,M,,,92
200900044777,9,8,21,1955,5,2,1,1.0,6,45068,M,4.0,0,45
200900044778,9,11,28,1045,1,2,1,1.0,6,41167,M,,,41
200900044779,9,11,13,830,1,2,1,1.0,1,41063,M,4.0,0,41
200900044780,9,11,26,745,2,1,1,1.0,7,41272,M,4.0,0,41
200900044781,9,11,21,2300,3,1,1,8.0,6,41185,M,4.0,0,41
200900044782,9,11,26,1830,3,1,3,2.0,1,41295,M,4.0,0,41
200900044783,9,11,26,915,1,2,1,1.0,6,41032,M,4.0,0,41
200900044784,9,11,28,400,5,2,1,1.0,7,41157,M,,,41
200900044785,9,11,13,2145,3,1,1,1.0,1,41063,M,4.0,0,41
200900044786,9,11,12,1420,1,2,1,1.0,3,41003,M,,,41
200900044787,9,11,1,2300,5,2,2,2.0,3,41018,M,,,41
200900044788,9,11,13,1620,1,2,1,1.0,1,41269,M,4.0,0,41
200900044789,9,11,7,1847,5,2,1,1.0,7,41269,M,,,41
200900044790,9,11,14,1953,5,2,1,1.0,6,41018,M,,,41
200900044791,9,11,25,1218,1,1,1,2.0,3,41018,M,,,41
200900044792,9,11,29,1853,3,1,1,8.0,3,41295,M,,,41
200900044793,9,11,23,1755,3,1,1,2.0,7,41226,M,,,41
200900044794,9,11,20,1845,3,1,1,1.0,7,41269,M,,,41
200900044795,9,11,26,922,1,2,1,1.0,2,41018,M,,,41
200900044796,9,11,23,700,5,2,1,2.0,3,41018,M,,,41
200900044797,9,11,27,1857,5,2,1,1.0,6,41018,M,,,41
200900044798,9,11,30,1810,5,2,1,2.0,2,41018,M,,,41
200900044799,9,11,16,1805,5,2,1,1.0,4,41047,M,4.0,0,41
200900044800,9,11,28,1253,1,2,1,2.0,3,41018,M,,,41
200900044801,9,10,23,2100,3,1,1,2.0,7,19162,M,4.0,0,19
200900044802,9,10,21,1845,2,1,1,1.0,1,19248,M,4.0,0,19
200900044803,9,10,16,2300,5,2,1,1.0,6,19138,M,4.0,0,19
200900044804,9,10,27,1900,3,1,1,1.0,7,19058,M,4.0,0,19
200900044805,9,10,28,347,5,2,1,1.0,7,19031,M,4.0,0,19
200900044806,9,10,24,1920,5,2,1,3.0,6,19031,M,4.0,0,19
200900044807,9,10,20,2125,5,2,1,1.0,6,19031,M,4.0,0,19
200900044808,9,10,26,1659,1,2,2,1.0,2,19031,M,4.0,0,19
200900044809,9,10,22,1235,1,2,1,1.0,3,19031,M,4.0,0,19
200900044810,9,10,18,1450,1,2,1,1.0,2,19031,M,4.0,0,19
200900044811,9,10,22,1805,1,2,1,1.0,7,19031,M,4.0,0,19
200900044812,9,10,23,125,5,2,1,1.0,7,19031,M,4.0,0,19