Num_Acc,an,mois,jour,hrmn,lum,agg,int,atm,col,com,gps,lat,long,dep
200900046704,9,9,5,1605,1,2,3,1.0,3,22278,M,,,22
200900046705,9,9,2,2020,2,1,1,2.0,7,22215,M,,,22
200900046706,9,9,22,1645,1,2,1,1.0,6,22113,M,,,22
200900046707,9,9,2,1815,1,2,1,3.0,7,22278,M,,,22
200900046708,9,9,25,800,2,2,3,1.0,3,22278,M,,,22
200900046709,9,9,1,900,1,1,1,1.0,7,22360,M,,,22
200900046710,9,9,18,1025,1,2,1,1.0,6,22278,M,,,22
200900046711,9,9,27,1230,1,1,1,1.0,7,22191,M,4.0,-,22
200900046712,9,9,22,1445,1,1,1,1.0,5,22339,M,0.0,0,22
200900046713,9,9,11,1815,1,1,1,1.0,7,22371,M,0.0,0,22
200900046714,9,9,25,500,5,2,6,5.0,3,22020,M,0.0,0,22
200900046715,9,9,21,1515,1,2,1,1.0,3,22118,M,0.0,0,22
200900046716,9,9,8,1945,1,1,1,1.0,3,22193,M,0.0,0,22
200900046717,9,9,25,800,1,2,3,1.0,2,22136,M,0.0,0,22
200900046718,9,9,26,1900,2,2,1,7.0,6,22047,M,0.0,0,22
200900046719,9,9,18,1745,1,1,1,1.0,1,22251,M,0.0,0,22
200900046720,9,9,8,2015,2,2,1,1.0,2,22049,M,0.0,0,22
200900046721,9,9,2,1845,2,1,1,2.0,7,22182,M,4.0,-,22
200900046722,9,9,22,800,1,1,3,1.0,3,22389,M,0.0,0,22
200900046723,9,9,15,1715,1,2,1,2.0,6,22264,M,4.0,-,22
200900046724,9,9,13,630,2,2,1,1.0,7,22162,M,0.0,0,22
200900046725,9,9,20,1645,1,1,1,1.0,7,22267,M,0.0,0,22
200900046726,9,9,19,2115,3,1,1,8.0,7,22342,M,0.0,0,22
200900046727,9,9,6,1715,1,1,1,1.0,7,22389,M,4.0,-,22
200900046728,9,9,15,1745,1,2,3,1.0,3,22187,M,0.0,0,22
200900046729,9,9,8,1530,1,1,1,1.0,5,22187,M,0.0,0,22
200900046730,9,9,17,1630,1,2,1,1.0,6,22044,M,0.0,0,22
200900046731,9,9,5,1200,1,1,2,8.0,1,22176,M,0.0,0,22
200900046732,9,9,1,1045,1,1,2,1.0,3,22020,M,0.0,0,22
200900046733,9,9,11,1945,1,1,2,1.0,3,22184,M,4.0,-,22
200900046734,9,9,27,45,3,2,1,1.0,7,22019,M,0.0,0,22
200900046735,9,10,5,1715,1,1,1,1.0,6,55206,M,4.0,0,55
200900046736,9,10,30,1430,1,2,3,1.0,3,55569,M,4.0,0,55
200900046737,9,10,9,1615,1,1,1,1.0,7,55369,M,4.0,0,55
200900046738,9,10,19,745,2,1,1,5.0,6,55334,M,4.0,0,55
200900046739,9,10,10,2245,5,2,1,1.0,3,55398,M,4.0,0,55
200900046740,9,10,14,1715,1,1,1,1.0,7,55171,M,4.0,0,55
200900046741,9,10,23,315,3,1,1,2.0,6,55474,M,0.0,0,55
200900046742,9,10,28,700,2,1,1,5.0,1,55060,M,0.0,0,55
200900046743,9,10,30,55,5,2,1,1.0,6,55029,M,,,55
200900046744,9,10,24,2005,5,2,1,1.0,7,55029,M,,,55
200900046745,9,10,29,2200,5,2,1,1.0,6,55029,M,,,55
200900046746,9,10,3,1640,1,2,2,1.0,3,55545,M,,,55
200900046747,9,10,7,825,1,1,1,1.0,6,55043,M,,,55
200900046748,9,10,14,2240,4,1,1,1.0,7,55236,M,,,55
200900046749,9,10,10,1720,1,2,1,1.0,3,55029,M,,,55
200900046750,9,10,14,1640,1,2,1,1.0,2,55029,M,,,55
200900046751,9,10,3,2100,3,2,1,1.0,7,10060,M,,,10
200900046752,9,12,12,1255,1,2,1,1.0,2,33032,M,,,33
200900046753,9,12,12,1815,5,2,3,1.0,3,33063,M,,,33
200900046754,9,12,3,1730,5,2,1,2.0,3,33069,M,,,33
200900046755,9,12,4,700,5,2,1,2.0,6,33063,M,,,33
200900046756,9,12,1,1850,5,2,4,1.0,3,33281,M,,,33
200900046757,9,12,4,1230,1,2,3,1.0,1,33063,M,,,33
200900046758,9,12,12,210,5,2,3,1.0,6,33063,M,,,33
200900046759,9,12,10,1510,1,2,1,1.0,6,33063,M,,,33
200900046760,9,12,9,800,1,2,2,1.0,1,33281,M,,,33
200900046761,9,12,11,1125,1,2,2,1.0,6,33063,M,,,33
200900046762,9,12,9,1236,1,2,3,1.0,3,33063,M,,,33
200900046763,9,12,2,1305,1,2,1,1.0,3,33281,M,,,33
200900046764,9,12,2,1300,1,2,3,2.0,2,33063,M,,,33
200900046765,9,12,4,800,1,2,6,2.0,3,33281,M,,,33
200900046766,9,12,10,750,2,2,6,1.0,2,33063,M,,,33
200900046767,9,12,3,1930,5,2,3,2.0,2,33063,M,,,33
200900046768,9,12,9,1210,1,2,5,1.0,3,33069,M,,,33
200900046769,9,12,3,820,1,2,6,2.0,3,33318,M,,,33
200900046770,9,12,3,1135,1,2,1,1.0,3,33063,M,,,33
200900046771,9,12,10,2220,5,2,2,1.0,3,33063,M,,,33
200900046772,9,12,5,300,5,2,2,1.0,7,33063,M,,,33
200900046773,9,12,6,200,5,2,3,1.0,2,33063,M,,,33
200900046774,9,12,4,1730,2,2,1,2.0,6,33249,M,,,33
200900046775,9,12,2,743,5,2,2,2.0,3,33522,M,,,33
200900046776,9,12,4,1730,5,2,2,2.0,6,33281,M,,,33
200900046777,9,12,5,130,5,2,1,1.0,2,33063,M,,,33
200900046778,9,12,14,1140,1,2,1,1.0,3,33075,M,,,33
200900046779,9,12,3,1810,5,2,2,2.0,6,33063,M,,,33
200900046780,9,12,10,1220,1,2,2,1.0,3,33281,M,,,33
200900046781,9,12,2,2000,5,2,3,3.0,3,33063,M,,,33
200900046782,9,12,1,2010,5,2,2,1.0,3,33063,M,,,33
200900046783,9,12,10,950,1,2,6,1.0,2,33075,M,,,33
200900046784,9,12,10,850,1,2,3,1.0,2,33192,M,,,33
200900046785,9,12,9,1210,1,2,6,1.0,3,33522,M,,,33
200900046786,9,12,8,1910,5,2,1,1.0,3,33063,M,,,33
200900046787,9,12,4,1700,1,2,2,1.0,3,33063,M,,,33
200900046788,9,12,11,1745,5,2,6,1.0,3,33063,M,,,33
200900046789,9,12,10,900,1,2,6,1.0,3,33281,M,,,33
200900046790,9,12,10,1730,2,2,1,1.0,3,33192,M,,,33
200900046791,9,12,15,2045,5,2,1,1.0,6,33039,M,,,33
200900046792,9,12,14,1038,1,2,2,1.0,3,33281,M,,,33
200900046793,9,12,14,850,1,2,3,1.0,3,33167,M,,,33
200900046794,9,12,1,1820,5,2,2,1.0,3,33069,M,,,33
200900046795,9,12,3,1740,5,2,3,2.0,6,33522,M,,,33
200900046796,9,12,2,844,1,2,2,1.0,1,33318,M,,,33
200900046797,9,12,3,1540,1,2,1,2.0,2,33063,M,,,33
200900046798,9,12,4,1650,2,2,1,3.0,3,33550,M,,,33
200900046799,9,12,3,1710,2,2,2,8.0,3,33281,M,,,33
200900046800,9,12,8,1310,1,2,1,2.0,2,33318,M,,,33
200900046801,9,12,5,2145,5,2,6,1.0,7,33249,M,,,33
200900046802,9,12,22,1345,1,1,1,3.0,6,33039,M,,,33
200900046803,9,12,29,1020,1,1,1,1.0,3,33065,M,,,33
200900046804,9,12,8,945,1,1,1,1.0,6,33318,M,,,33
200900046805,9,12,3,1410,1,1,1,2.0,6,33318,M,,,33
200900046806,9,12,9,1420,1,1,1,1.0,3,33065,M,,,33
200900046807,9,12,18,1630,1,1,1,1.0,5,33397,M,,,33
200900046808,9,12,27,2055,5,1,1,2.0,6,33065,M,,,33
200900046809,9,12,3,1910,5,1,1,2.0,3,33397,M,,,33
200900046810,9,12,17,1920,5,1,1,1.0,3,33550,M,,,33
200900046811,9,12,7,1055,1,1,1,2.0,6,33281,M,,,33
200900046812,9,12,1,655,5,1,1,1.0,6,33065,M,,,33
200900046813,9,12,25,1530,1,1,1,1.0,6,33550,M,,,33
200900046814,9,12,7,1815,5,1,1,1.0,6,33397,M,,,33
200900046815,9,12,22,1520,1,1,1,3.0,5,33063,M,,,33
200900046816,9,12,2,710,5,1,1,2.0,6,33249,M,,,33
200900046817,9,12,16,1820,5,1,1,1.0,4,33318,M,,,33
200900046818,9,12,26,725,5,1,1,1.0,6,33281,M,,,33
200900046819,9,12,13,1810,5,1,1,1.0,3,33065,M,,,33
200900046820,9,12,11,1735,1,1,1,1.0,6,33249,M,,,33
200900046821,9,12,9,1,3,1,1,1.0,6,33448,M,,,33
200900046822,9,12,17,530,5,1,1,1.0,6,33249,M,,,33
200900046823,9,12,31,1816,3,1,1,3.0,4,33122,M,,,33
200900046824,9,12,14,2358,3,1,1,1.0,6,33080,M,,,33
200900046825,9,12,11,1545,1,1,9,1.0,1,33170,M,0.0,0,33
200900046826,9,12,14,1815,5,2,1,1.0,6,33114,M,0.0,0,33
200900046827,9,12,13,1100,1,1,2,1.0,1,33381,M,0.0,0,33
200900046828,9,12,21,815,1,1,1,9.0,7,33496,M,0.0,0,33
200900046829,9,12,7,1045,1,2,1,2.0,1,33037,M,0.0,0,33
200900046830,9,12,18,1430,1,1,1,4.0,3,33301,M,4.0,-,33
200900046831,9,12,11,2130,5,2,1,1.0,2,33138,M,0.0,0,33
200900046832,9,12,19,245,3,1,1,2.0,7,33433,M,0.0,0,33
200900046833,9,12,1,1800,5,1,1,1.0,1,33120,M,4.0,-,33
200900046834,9,12,3,1730,2,2,1,2.0,2,33339,M,4.0,-,33
200900046835,9,12,13,430,5,1,1,1.0,6,33284,M,4.0,-,33
200900046836,9,12,23,215,5,2,1,1.0,1,33375,M,0.0,0,33
200900046837,9,12,14,700,4,1,1,1.0,3,33449,M,0.0,0,33
200900046838,9,12,30,945,1,2,1,1.0,3,33324,M,0.0,0,33
200900046839,9,12,31,1430,1,1,1,2.0,6,33352,M,0.0,0,33
200900046840,9,12,1,645,3,1,1,3.0,3,33019,M,0.0,0,33
200900046841,9,12,12,145,3,1,1,1.0,7,33317,M,4.0,-,33
200900046842,9,12,8,1230,1,1,1,3.0,7,33284,M,4.0,-,33
200900046843,9,12,9,1645,1,2,1,1.0,6,33138,M,0.0,0,33
200900046844,9,12,31,1630,2,1,1,3.0,2,33001,M,4.0,-,33
200900046845,9,12,10,1745,2,2,1,1.0,7,33240,M,0.0,0,33
200900046846,9,12,30,1030,1,2,1,1.0,6,33199,M,4.0,-,33
200900046847,9,12,5,2000,3,1,1,1.0,7,33021,M,4.0,-,33
200900046848,9,12,3,1815,2,1,1,2.0,1,33496,M,0.0,0,33
200900046849,9,12,23,1115,1,1,1,1.0,6,33001,M,0.0,0,33
200900046850,9,12,12,1820,5,2,3,1.0,1,33063,M,,,33
200900046851,9,12,8,2030,5,1,2,8.0,3,33154,M,0.0,0,33
200900046852,9,10,24,955,1,1,1,8.0,3,32013,M,4.0,0,32
200900046853,9,11,21,1200,1,2,2,1.0,6,32233,M,4.0,0,32
200900046854,9,11,14,555,5,2,4,1.0,6,32013,M,4.0,0,32
200900046855,9,11,25,1415,1,1,1,1.0,3,32141,M,4.0,0,32
200900046856,9,11,29,430,3,2,1,1.0,6,32163,M,4.0,0,32
200900046857,9,12,15,1515,1,2,1,1.0,7,49007,M,,,49
200900046858,9,12,9,1050,1,2,1,1.0,2,49246,M,,,49
200900046859,9,12,3,1900,5,2,1,1.0,6,49007,M,,,49
200900046860,9,12,15,1235,1,2,1,1.0,6,49007,M,,,49
200900046861,9,12,3,1700,5,2,1,1.0,6,49328,M,,,49
200900046862,9,12,4,750,2,2,1,1.0,7,49246,M,,,49
200900046863,9,12,11,1706,2,2,1,1.0,6,49007,M,,,49
200900046864,9,12,1,800,1,2,1,1.0,6,49007,M,,,49
200900046865,9,12,3,1022,1,2,1,1.0,7,49007,M,,,49
200900046866,9,12,14,1450,1,2,1,1.0,2,49007,M,,,49
200900046867,9,12,3,1650,1,2,3,1.0,3,49267,M,,,49
200900046868,9,12,10,815,5,2,1,5.0,2,49007,M,,,49
200900046869,9,12,1,1645,1,2,2,1.0,3,49007,M,,,49
200900046870,9,12,7,1225,1,2,3,1.0,3,49007,M,,,49
200900046871,9,12,5,2105,5,2,1,1.0,6,49007,M,,,49
200900046872,9,12,2,1600,1,2,2,1.0,1,49007,M,,,49
200900046873,9,12,14,1325,1,2,6,1.0,3,49099,M,,,49
200900046874,9,12,3,1620,1,2,1,1.0,7,49007,M,,,49
200900046875,9,12,2,1800,5,2,1,1.0,7,49007,M,,,49
200900046876,9,12,9,1330,1,2,1,1.0,7,49007,M,,,49
200900046877,9,12,7,1309,1,2,1,1.0,7,49007,M,,,49
200900046878,9,12,9,1800,5,2,1,1.0,4,49007,M,,,49
200900046879,9,12,4,945,1,2,2,1.0,3,49007,M,,,49
200900046880,9,12,10,1555,1,2,6,1.0,7,49328,M,,,49
200900046881,9,12,14,825,2,2,1,1.0,3,49007,M,,,49
200900046882,9,12,1,1155,1,2,3,1.0,3,49007,M,,,49
200900046883,9,12,5,155,3,2,1,2.0,6,49099,M,,,49
200900046884,9,12,2,1805,5,2,1,1.0,6,49099,M,,,49
200900046885,9,12,5,1604,1,2,9,1.0,6,49007,M,,,49
200900046886,9,12,10,800,2,2,1,5.0,6,49244,M,0.0,0,49
200900046887,9,12,20,1630,1,1,2,2.0,3,49039,M,0.0,0,49
200900046888,9,12,4,1030,1,2,1,1.0,6,49063,M,0.0,0,49
200900046889,9,12,8,1400,1,2,1,1.0,6,49355,M,0.0,0,49
200900046890,9,12,1,1500,1,1,1,8.0,1,49320,M,0.0,0,49
200900046891,9,12,14,1445,1,1,1,1.0,4,49222,M,0.0,0,49
200900046892,9,12,27,1600,1,1,1,1.0,6,49030,M,0.0,0,49
200900046893,9,12,9,1215,1,1,1,1.0,6,49263,M,0.0,0,49
200900046894,9,12,20,2200,3,1,1,5.0,6,49283,M,0.0,0,49
200900046895,9,12,4,1500,1,1,3,3.0,3,49132,M,0.0,0,49
200900046896,9,12,21,1930,3,1,1,2.0,6,49361,M,0.0,0,49
200900046897,9,12,9,715,2,1,2,2.0,3,49308,M,0.0,0,49
200900046898,9,12,12,515,3,1,1,1.0,7,49363,M,0.0,0,49
200900046899,9,12,16,1900,3,1,3,1.0,7,49180,M,0.0,0,49
200900046900,9,12,22,2115,3,1,6,1.0,3,49176,M,0.0,0,49
200900046901,9,12,28,800,2,1,1,2.0,1,49192,M,0.0,0,49
200900046902,9,12,27,1730,2,2,1,1.0,6,49065,M,0.0,0,49
200900046903,9,12,12,1930,5,2,1,1.0,6,49200,M,4.0,-,49
200900046904,9,12,23,1100,1,1,1,1.0,7,49071,M,0.0,0,49
200900046905,9,12,18,715,1,1,1,4.0,7,49298,M,0.0,0,49
200900046906,9,12,24,1700,1,1,1,2.0,5,49030,M,0.0,0,49
200900046907,9,12,8,1445,1,1,1,2.0,7,49276,M,4.0,-,49
200900046908,9,12,8,1845,3,1,1,2.0,1,49347,M,0.0,0,49
200900046909,9,12,16,1100,1,1,1,1.0,6,49022,M,0.0,0,49
200900046910,9,12,28,1815,5,2,1,9.0,6,49007,M,,,49
200900046911,9,12,28,2105,5,2,1,9.0,6,49246,M,,,49
200900046912,9,12,29,1705,1,2,3,1.0,7,49328,M,,,49
200900046913,9,12,29,1820,5,2,1,2.0,3,49007,M,,,49
200900046914,9,12,30,1034,1,2,1,1.0,6,49007,M,,,49
200900046915,9,12,30,1345,1,1,1,8.0,6,49246,M,,,49
200900046916,9,12,30,1713,5,2,9,2.0,5,49007,M,,,49
200900046917,9,12,16,835,1,2,1,1.0,7,49007,M,,,49
200900046918,9,12,16,1440,1,2,3,1.0,3,49099,M,,,49
200900046919,9,12,16,1650,1,2,1,1.0,6,49007,M,,,49
200900046920,9,12,16,1835,5,2,1,1.0,6,49328,M,,,49
200900046921,9,12,17,1810,5,2,2,1.0,3,49007,M,,,49
200900046922,9,12,17,2000,5,2,1,8.0,7,49007,M,,,49
200900046923,9,12,18,1000,1,2,1,1.0,1,49353,M,,,49
200900046924,9,12,18,1933,5,2,2,1.0,3,49007,M,,,49
200900046925,9,12,19,1938,5,2,1,1.0,3,49007,M,,,49
200900046926,9,12,21,1020,1,2,1,9.0,1,49328,M,,,49
200900046927,9,12,21,1045,1,1,1,1.0,7,49328,M,,,49
200900046928,9,12,22,1100,1,2,2,1.0,6,49007,M,,,49
200900046929,9,12,23,1330,1,2,1,1.0,7,49353,M,,,49
200900046930,9,12,23,1649,1,2,2,1.0,3,49007,M,,,49
200900046931,9,12,25,2225,3,2,1,1.0,1,49007,M,,,49
200900046932,9,12,26,937,1,2,1,8.0,6,49007,M,,,49
200900046933,9,12,26,2015,5,2,2,2.0,3,49007,M,,,49
200900046934,9,12,28,1235,1,2,1,1.0,7,49007,M,,,49
200900046935,9,10,21,1645,1,1,1,2.0,1,74310,M,0.0,0,74
200900046936,9,10,31,1900,5,2,2,1.0,5,74099,M,0.0,0,74
200900046937,9,10,15,1715,1,2,1,1.0,1,74255,M,0.0,0,74
200900046938,9,10,12,1200,1,2,1,2.0,6,74042,M,0.0,0,74
200900046939,9,10,11,1930,2,2,1,1.0,6,74225,M,0.0,0,74
200900046940,9,10,15,2245,5,1,1,1.0,7,74112,M,0.0,0,74
200900046941,9,10,17,1730,1,1,1,1.0,7,74183,M,4.0,0,74
200900046942,9,10,12,715,2,1,1,3.0,6,74007,M,0.0,0,74
200900046943,9,10,14,600,5,2,9,1.0,6,74042,M,0.0,0,74
200900046944,9,10,27,1445,1,2,1,1.0,6,74042,M,0.0,0,74
200900046945,9,10,13,2200,5,2,1,1.0,7,74063,M,0.0,0,74
200900046946,9,10,15,1200,1,1,1,1.0,6,74268,M,0.0,0,74
200900046947,9,10,19,1815,1,2,9,1.0,3,74051,M,0.0,0,74
200900046948,9,10,11,1645,1,2,1,1.0,3,74267,M,0.0,0,74
200900046949,9,10,27,2045,3,1,1,1.0,1,74106,M,4.0,0,74
200900046950,9,10,28,1815,3,1,1,1.0,1,74083,M,0.0,0,74
200900046951,9,10,21,415,5,2,1,1.0,3,74154,M,0.0,0,74
200900046952,9,10,22,400,3,1,1,2.0,7,74272,M,4.0,0,74
200900046953,9,10,31,945,1,2,1,1.0,4,74104,M,0.0,0,74
200900046954,9,10,19,1,3,1,1,1.0,6,74263,M,4.0,0,74
200900046955,9,10,15,1220,1,2,1,1.0,7,74218,M,,,74
200900046956,9,10,30,1810,5,2,2,1.0,3,74093,M,,,74
200900046957,9,10,1,1455,1,2,1,1.0,6,74010,M,,,74
200900046958,9,10,1,700,2,2,1,1.0,2,74288,M,0.0,0,74
200900046959,9,10,4,430,3,1,1,1.0,6,74033,M,0.0,0,74
200900046960,9,10,4,445,3,1,1,1.0,6,74179,M,0.0,0,74
200900046961,9,10,5,1845,1,2,9,8.0,6,74312,M,4.0,0,74
200900046962,9,10,7,1630,1,1,3,1.0,3,74150,M,4.0,0,74
200900046963,9,10,7,745,1,2,3,1.0,1,74242,M,0.0,0,74
200900046964,9,10,7,2030,5,1,1,1.0,6,74233,M,0.0,0,74
200900046965,9,10,8,1715,1,1,1,2.0,6,74250,M,0.0,0,74
200900046966,9,10,8,1745,1,1,1,1.0,6,74096,M,0.0,0,74
200900046967,9,10,9,430,5,2,3,1.0,6,74010,M,,,74
200900046968,9,10,9,1700,1,2,3,1.0,3,74043,M,4.0,0,74
200900046969,9,10,9,1830,1,2,1,1.0,2,74159,M,0.0,0,74
200900046970,9,10,10,1730,1,2,1,1.0,6,74276,M,4.0,0,74
200900046971,9,10,11,1415,1,1,1,1.0,1,74303,M,0.0,0,74
200900046972,9,10,11,1530,1,2,1,1.0,1,74185,M,0.0,0,74
200900046973,9,10,24,1230,1,2,1,1.0,1,74013,M,,,74
200900046974,9,12,14,1115,1,2,1,1.0,6,24167,M,4.0,0,24
200900046975,9,12,6,1815,3,1,3,1.0,3,24366,M,0.0,0,24
200900046976,9,12,2,1100,1,1,1,2.0,6,24372,M,0.0,0,24
200900046977,9,12,27,815,2,1,9,4.0,6,24019,M,0.0,0,24
200900046978,9,12,13,1930,2,1,1,1.0,6,24155,M,0.0,0,24
200900046979,9,12,13,1900,3,1,1,8.0,6,24115,M,4.0,0,24
200900046980,9,12,3,1630,1,1,1,2.0,7,24117,M,0.0,0,24
200900046981,9,12,13,245,5,2,1,1.0,6,24309,M,0.0,0,24
200900046982,9,12,9,1815,5,2,1,1.0,1,24142,M,4.0,0,24
200900046983,9,12,5,1830,3,1,1,1.0,1,24412,M,4.0,0,24
200900046984,9,12,20,1530,1,1,1,4.0,7,24081,M,0.0,0,24
200900046985,9,12,12,2230,3,1,1,1.0,6,24353,M,0.0,0,24
200900046986,9,12,25,1215,1,1,1,1.0,3,24160,M,4.0,0,24
200900046987,9,12,6,1600,1,1,1,1.0,2,32307,M,4.0,0,32
200900046988,9,12,6,1800,3,1,1,2.0,6,32119,M,4.0,0,32
200900046989,9,12,16,1530,1,1,3,1.0,2,32121,M,4.0,0,32
200900046990,9,12,2,1400,1,1,1,1.0,1,32107,M,4.0,0,32
200900046991,9,12,4,2045,5,2,2,8.0,3,32256,M,4.0,0,32
200900046992,9,12,9,1745,3,1,1,1.0,6,32432,M,4.0,0,32
200900046993,9,12,10,1930,3,1,6,1.0,6,32160,M,4.0,0,32
200900046994,9,12,18,830,1,1,1,4.0,1,32458,M,4.0,-,32
200900046995,9,12,20,445,3,1,1,1.0,6,32306,M,4.0,0,32
200900046996,9,12,25,1830,5,2,1,1.0,6,32083,M,4.0,0,32
200900046997,9,12,31,2015,3,1,3,2.0,2,32352,M,4.0,0,32
200900046998,9,11,21,1730,2,1,1,1.0,3,12136,M,4.0,0,12
200900046999,9,11,11,1015,1,2,1,1.0,3,12052,M,0.0,0,12
200900047000,9,11,21,1330,1,1,1,8.0,6,12232,M,4.0,0,12
200900047001,9,11,10,2145,3,1,1,1.0,6,12043,M,4.0,0,12
200900047002,9,11,8,1530,1,1,1,3.0,1,12054,M,0.0,0,12
200900047003,9,11,8,1530,1,1,1,8.0,1,12022,M,4.0,0,12
200900047004,9,11,20,1645,1,1,1,1.0,5,12286,M,4.0,0,12
200900047005,9,11,13,2030,3,1,1,1.0,6,12021,M,4.0,0,12
200900047006,9,11,2,45,5,1,6,3.0,7,12256,M,4.0,0,12
200900047007,9,11,18,1400,1,1,1,1.0,6,12026,M,4.0,0,12
200900047008,9,11,6,1530,1,1,1,1.0,1,12064,M,0.0,0,12
200900047009,9,11,11,1845,3,1,1,2.0,1,12194,M,4.0,0,12
200900047010,9,11,14,1345,1,1,1,1.0,1,12230,M,4.0,0,12
200900047011,9,12,11,1535,1,1,1,1.0,1,12176,M,,,12
200900047012,9,12,3,740,1,2,6,2.0,3,12176,M,,,12
200900047013,9,12,10,1915,5,2,1,1.0,3,12176,M,,,12
200900047014,9,12,9,1510,1,2,2,1.0,3,12145,M,,,12
200900047015,9,12,11,1840,5,2,1,1.0,6,12145,M,,,12
200900047016,9,12,8,1145,1,1,1,1.0,1,12145,M,0.0,0,12
200900047017,9,12,7,1645,2,1,1,2.0,1,12033,M,4.0,0,12
200900047018,9,3,28,1910,1,1,1,1.0,3,78073,M,4.0,0,78
200900047019,9,10,19,830,1,1,1,1.0,4,17047,M,0.0,0,17
200900047020,9,10,4,145,3,1,1,1.0,3,17142,M,0.0,0,17
200900047021,9,10,21,1930,3,1,1,8.0,1,17003,M,0.0,0,17
200900047022,9,10,2,815,2,1,1,1.0,3,17107,M,0.0,0,17
200900047023,9,10,14,1415,1,2,1,1.0,3,17016,M,0.0,0,17
200900047024,9,10,15,2145,3,1,1,1.0,6,17295,M,0.0,0,17
200900047025,9,10,8,1845,1,2,1,1.0,1,17447,M,0.0,0,17
200900047026,9,10,21,1900,1,2,9,1.0,6,17434,M,0.0,0,17
200900047027,9,10,28,1645,1,1,9,1.0,1,17283,M,0.0,0,17
200900047028,9,10,4,415,3,1,1,1.0,1,17385,M,4.0,-,17
200900047029,9,10,18,1,3,1,1,1.0,2,17483,M,4.0,-,17
200900047030,9,10,19,1730,1,1,2,1.0,3,17080,M,0.0,0,17
200900047031,9,10,4,1100,1,2,1,1.0,6,17284,M,0.0,0,17
200900047032,9,10,22,845,1,1,1,1.0,6,17482,M,0.0,0,17
200900047033,9,10,26,2030,3,2,2,1.0,3,17155,M,0.0,0,17
200900047034,9,10,9,1845,1,2,1,1.0,6,17168,M,0.0,0,17
200900047035,9,10,17,1730,1,2,1,1.0,6,17360,M,0.0,0,17
200900047036,9,10,19,800,2,1,1,1.0,5,17407,M,4.0,-,17
200900047037,9,10,14,1700,1,2,1,1.0,1,17297,M,4.0,-,17
200900047038,9,10,28,1945,5,1,1,1.0,3,17050,M,0.0,0,17
200900047039,9,10,4,145,5,1,1,1.0,6,17323,M,4.0,-,17
200900047040,9,10,1,1815,1,2,1,1.0,3,17264,M,0.0,0,17
200900047041,9,10,12,1345,1,1,1,1.0,3,17102,M,0.0,0,17
200900047042,9,10,8,1645,1,2,1,1.0,1,17369,M,4.0,-,17
200900047043,9,10,30,1500,1,1,2,1.0,3,17279,M,0.0,0,17
200900047044,9,10,20,1730,1,2,1,3.0,1,17373,M,4.0,-,17
200900047045,9,10,7,1215,1,1,1,1.0,6,17234,M,0.0,0,17
200900047046,9,10,28,1945,5,2,1,1.0,6,17415,M,,,17
200900047047,9,10,16,1355,1,2,1,1.0,1,17300,M,,,17
200900047048,9,10,25,1530,1,1,1,1.0,6,17300,M,,,17
200900047049,9,10,16,1705,1,2,1,1.0,6,17300,M,,,17
200900047050,9,10,9,1330,1,2,1,2.0,2,17415,M,,,17
200900047051,9,10,6,800,2,2,1,1.0,6,17415,M,,,17
200900047052,9,10,12,1830,1,2,1,1.0,3,17415,M,,,17
200900047053,9,10,16,1255,1,2,1,1.0,7,17291,M,,,17
200900047054,9,10,20,1420,1,2,1,1.0,7,17028,M,,,17
200900047055,9,10,29,1150,1,2,1,1.0,6,17300,M,,,17
200900047056,9,10,24,1800,1,2,1,2.0,6,17415,M,,,17
200900047057,9,10,21,1200,1,2,1,2.0,7,17415,M,,,17
200900047058,9,10,13,1100,1,2,1,1.0,6,17415,M,,,17
200900047059,9,10,29,1837,5,2,9,1.0,2,17300,M,,,17
200900047060,9,10,19,1016,1,2,1,1.0,6,17300,M,,,17
200900047061,9,10,24,1435,1,2,1,1.0,6,17300,M,,,17
200900047062,9,10,21,1905,2,2,1,1.0,7,17300,M,,,17
200900047063,9,10,27,915,1,2,1,1.0,2,17300,M,,,17
200900047064,9,10,27,1825,5,2,9,1.0,6,17300,M,,,17
200900047065,9,10,19,1230,1,2,1,1.0,6,17300,M,,,17
200900047066,9,10,18,1235,1,2,1,1.0,7,17028,M,,,17
200900047067,9,10,7,1130,1,2,1,1.0,6,17415,M,,,17
200900047068,9,10,20,2040,5,2,1,1.0,6,17300,M,,,17
200900047069,9,10,31,40,3,2,1,1.0,7,17306,M,,,17
200900047070,9,10,25,1825,2,2,1,1.0,6,17306,M,,,17
200900047071,9,10,26,240,5,2,1,1.0,6,17306,M,,,17
200900047072,9,10,24,1832,2,2,1,3.0,7,17461,M,,,17
200900047073,9,10,25,930,1,2,1,2.0,7,17306,M,,,17
200900047074,9,10,26,1015,1,1,1,1.0,6,17306,M,,,17
200900047075,9,10,18,1823,1,1,1,1.0,7,17300,M,,,17
200900047076,9,10,16,835,2,2,1,1.0,1,17306,M,,,17
200900047077,9,10,23,1940,2,2,3,1.0,3,17306,M,,,17
200900047078,9,10,27,1000,1,2,1,1.0,3,17333,M,,,17
200900047079,9,10,24,1340,1,2,1,3.0,3,17299,M,,,17
200900047080,9,10,30,1555,1,1,6,1.0,7,17449,M,,,17