Num_Acc,an,mois,jour,hrmn,lum,agg,int,atm,col,com,gps,lat,long,dep
200900047081,9,10,30,505,5,2,3,1.0,3,17299,M,,,17
200900047082,9,10,22,1410,1,2,2,1.0,3,17299,M,,,17
200900047083,9,10,21,1740,1,2,3,1.0,2,17299,M,,,17
200900047084,9,10,24,1445,1,1,1,1.0,7,17299,M,,,17
200900047085,9,10,25,1505,1,2,6,1.0,3,17299,M,,,17
200900047086,9,10,16,955,1,2,1,1.0,7,17299,M,,,17
200900047087,9,10,2,1940,2,2,3,1.0,3,17300,M,,,17
200900047088,9,10,9,1005,1,2,2,1.0,3,17300,M,,,17
200900047089,9,10,5,1725,1,2,2,1.0,3,17461,M,,,17
200900047090,9,10,3,1954,1,2,1,1.0,1,17300,M,,,17
200900047091,9,10,12,1836,1,2,9,1.0,3,17291,M,,,17
200900047092,9,10,6,935,1,2,1,1.0,2,17300,M,,,17
200900047093,9,10,2,1815,1,2,1,1.0,6,17300,M,,,17
200900047094,9,10,6,1854,1,2,1,1.0,7,17028,M,,,17
200900047095,9,10,2,1500,1,2,3,1.0,3,17291,M,,,17
200900047096,9,10,5,935,1,2,9,1.0,3,17300,M,,,17
200900047097,9,10,2,30,5,2,1,1.0,6,17300,M,,,17
200900047098,9,10,7,1205,1,2,1,1.0,2,17306,M,,,17
200900047099,9,10,9,920,1,2,1,1.0,6,17300,M,,,17
200900047100,9,10,11,2055,1,2,1,1.0,6,17300,M,,,17
200900047101,9,10,14,1405,1,2,1,1.0,6,17300,M,,,17
200900047102,9,10,3,1840,1,2,1,1.0,2,17300,M,,,17
200900047103,9,10,10,2005,2,2,9,1.0,6,17300,M,,,17
200900047104,9,10,2,748,5,1,1,1.0,2,17300,M,,,17
200900047105,9,10,4,1810,1,2,1,1.0,6,17300,M,,,17
200900047106,9,10,13,1845,1,2,1,1.0,7,17299,M,,,17
200900047107,9,10,5,800,1,2,1,2.0,6,17300,M,,,17
200900047108,9,10,5,1445,1,2,1,1.0,6,17306,M,,,17
200900047109,9,10,15,1505,1,1,1,1.0,4,17028,M,,,17
200900047110,9,10,1,1730,1,2,2,1.0,3,17461,M,,,17
200900047111,9,10,8,1510,1,2,1,1.0,1,17300,M,,,17
200900047112,9,10,13,1740,1,2,3,1.0,3,17300,M,,,17
200900047113,9,10,6,1712,1,2,3,1.0,5,17300,M,,,17
200900047114,9,10,7,730,2,2,1,1.0,3,17306,M,,,17
200900047115,9,10,15,920,1,2,1,1.0,2,17300,M,,,17
200900047116,9,10,4,600,5,2,1,1.0,6,17333,M,,,17
200900047117,9,10,9,750,5,2,1,1.0,6,17300,M,,,17
200900047118,9,10,4,1420,1,1,1,1.0,6,17380,M,,,17
200900047119,9,10,15,1125,1,2,9,1.0,3,17300,M,,,17
200900047120,9,10,5,805,2,2,3,1.0,3,17300,M,,,17
200900047121,9,10,5,918,1,2,1,1.0,5,17300,M,,,17
200900047122,9,2,4,1220,1,2,6,1.0,1,93062,M,4.0,0,93
200900047123,9,2,12,2110,5,2,4,1.0,3,93031,M,4.0,0,93
200900047124,9,2,2,1840,5,2,6,2.0,3,93053,M,4.0,0,93
200900047125,9,2,6,930,1,2,2,1.0,3,93047,M,4.0,0,93
200900047126,9,2,5,1745,1,2,1,1.0,6,93031,M,4.0,0,93
200900047127,9,2,11,2154,5,2,1,2.0,6,93001,M,4.0,0,93
200900047128,9,2,6,1700,1,2,1,1.0,3,93001,M,4.0,0,93
200900047129,9,2,14,1025,2,1,1,5.0,6,93031,M,4.0,0,93
200900047130,9,2,2,630,5,2,1,4.0,2,93010,M,4.0,0,93
200900047131,9,2,9,1815,5,2,1,2.0,3,93053,M,4.0,0,93
200900047132,9,2,11,835,1,2,1,1.0,7,93014,M,4.0,0,93
200900047133,9,2,3,1650,1,2,1,1.0,6,93001,M,4.0,0,93
200900047134,9,2,14,705,5,2,4,1.0,1,93031,M,4.0,0,93
200900047135,9,2,9,815,1,2,4,2.0,6,93057,M,4.0,0,93
200900047136,9,2,11,1355,1,2,3,1.0,2,93053,M,4.0,0,93
200900047137,9,2,11,1540,1,2,1,1.0,3,93010,M,4.0,0,93
200900047138,9,2,3,2050,5,2,3,1.0,3,93010,M,4.0,0,93
200900047139,9,2,8,1515,1,2,1,1.0,6,93001,M,4.0,0,93
200900047140,9,2,12,935,1,2,1,1.0,6,93001,M,4.0,0,93
200900047141,9,2,11,1215,1,2,2,1.0,3,93047,M,4.0,0,93
200900047142,9,2,4,810,1,2,1,1.0,6,93031,M,4.0,0,93
200900047143,9,2,2,30,5,2,1,1.0,6,93032,M,4.0,0,93
200900047144,9,2,9,735,1,2,1,2.0,5,93031,M,4.0,0,93
200900047145,9,2,17,810,1,2,1,2.0,3,93027,M,4.0,0,93
200900047146,9,2,3,910,1,2,1,1.0,6,93073,M,4.0,0,93
200900047147,9,2,4,1315,1,2,5,1.0,3,93073,M,4.0,0,93
200900047148,9,2,20,1855,2,2,1,1.0,6,93027,M,4.0,0,93
200900047149,9,2,3,1500,1,2,1,1.0,6,93027,M,4.0,0,93
200900047150,9,2,2,1320,1,2,1,2.0,7,93073,M,4.0,0,93
200900047151,9,2,2,735,5,2,3,4.0,6,93007,M,4.0,0,93
200900047152,9,2,3,1447,1,2,2,1.0,3,93027,M,4.0,0,93
200900047153,9,2,8,1525,1,2,1,1.0,6,93013,M,4.0,0,93
200900047154,9,2,7,1112,1,2,1,1.0,6,93027,M,4.0,0,93
200900047155,9,2,9,340,5,2,3,9.0,3,93027,M,4.0,0,93
200900047156,9,2,10,1910,5,2,3,1.0,6,93007,M,4.0,0,93
200900047157,9,2,11,1835,5,2,6,1.0,7,93078,M,4.0,0,93
200900047158,9,2,1,1535,1,2,1,1.0,7,93078,M,4.0,0,93
200900047159,9,2,18,850,2,2,3,2.0,3,93027,M,4.0,0,93
200900047160,9,2,4,1600,1,2,1,2.0,2,93049,M,4.0,0,93
200900047161,9,2,11,1600,1,2,1,1.0,6,93051,M,4.0,0,93
200900047162,9,2,7,715,5,2,1,1.0,7,93027,M,4.0,0,93
200900047163,9,2,4,1900,5,2,1,1.0,6,93030,M,4.0,0,93
200900047164,9,2,9,1115,1,2,1,2.0,6,93050,M,4.0,0,93
200900047165,9,2,11,715,2,2,4,1.0,6,93050,M,4.0,0,93
200900047166,9,2,28,1725,1,2,1,1.0,3,93001,M,4.0,0,93
200900047167,9,2,26,1000,1,2,1,1.0,6,93078,M,4.0,0,93
200900047168,9,2,21,1115,1,2,1,1.0,2,93010,M,4.0,0,93
200900047169,9,2,10,1715,1,2,1,2.0,6,93064,M,4.0,0,93
200900047170,9,2,26,1900,5,2,2,1.0,3,93046,M,4.0,0,93
200900047171,9,2,16,440,5,2,3,2.0,3,93053,M,4.0,0,93
200900047172,9,2,28,1625,1,2,1,1.0,6,93048,M,4.0,0,93
200900047173,9,2,22,1725,1,2,1,1.0,5,93046,M,4.0,0,93
200900047174,9,2,25,2150,4,2,3,1.0,3,93031,M,4.0,0,93
200900047175,9,2,11,1120,1,2,1,1.0,6,93077,M,4.0,0,93
200900047176,9,2,21,2345,5,2,1,1.0,6,93073,M,4.0,0,93
200900047177,9,2,17,1810,2,2,1,2.0,6,93008,M,4.0,0,93
200900047178,9,2,26,915,1,2,1,1.0,2,93008,M,4.0,0,93
200900047179,9,2,10,1500,1,2,1,8.0,6,93048,M,4.0,0,93
200900047180,9,2,15,1419,1,2,1,1.0,4,93046,M,4.0,0,93
200900047181,9,2,19,745,1,2,2,1.0,3,93001,M,4.0,0,93
200900047182,9,2,25,1655,1,2,3,1.0,1,93078,M,4.0,0,93
200900047183,9,2,18,1030,1,2,1,2.0,6,93001,M,4.0,0,93
200900047184,9,2,1,1540,1,2,1,1.0,3,93066,M,4.0,0,93
200900047185,9,2,1,1525,1,2,8,1.0,6,93048,M,4.0,0,93
200900047186,9,2,25,1850,5,2,3,1.0,6,93053,M,4.0,0,93
200900047187,9,2,19,1745,1,2,1,1.0,6,93031,M,4.0,0,93
200900047188,9,2,20,1330,1,2,2,1.0,1,93048,M,4.0,0,93
200900047189,9,2,27,1220,1,2,1,8.0,1,93048,M,4.0,0,93
200900047190,9,2,18,1930,3,2,1,1.0,6,93001,M,4.0,0,93
200900047191,9,2,28,1945,5,2,1,1.0,4,93049,M,4.0,0,93
200900047192,9,2,2,1600,1,2,1,2.0,6,93048,M,4.0,0,93
200900047193,9,2,23,2110,5,2,6,1.0,6,93008,M,4.0,0,93
200900047194,9,2,4,1800,5,2,1,1.0,6,93008,M,4.0,0,93
200900047195,9,2,2,1135,1,2,2,4.0,4,93046,M,4.0,0,93
200900047196,9,2,2,1030,1,1,1,4.0,6,93046,M,4.0,0,93
200900047197,9,2,6,1645,1,2,8,1.0,6,93008,M,4.0,0,93
200900047198,9,2,25,1215,1,2,1,1.0,6,93050,M,4.0,0,93
200900047199,9,2,28,520,5,2,1,8.0,2,93057,M,4.0,0,93
200900047200,9,2,18,1940,5,2,1,1.0,2,93048,M,4.0,0,93
200900047201,9,2,22,1355,1,2,1,1.0,6,93031,M,4.0,0,93
200900047202,9,2,28,2005,5,2,1,1.0,2,93057,M,4.0,0,93
200900047203,9,2,14,445,5,2,2,1.0,3,93046,M,4.0,0,93
200900047204,9,2,6,2000,5,2,4,2.0,1,93048,M,4.0,0,93
200900047205,9,2,27,1945,5,2,1,1.0,1,93032,M,4.0,0,93
200900047206,9,2,3,1555,1,2,3,1.0,6,93064,M,4.0,0,93
200900047207,9,2,11,530,3,1,1,9.0,2,93074,M,4.0,0,93
200900047208,9,2,6,1155,1,2,2,1.0,3,93005,M,4.0,0,93
200900047209,9,2,26,2110,5,2,2,1.0,1,93046,M,4.0,0,93
200900047210,9,2,6,1940,5,2,1,1.0,2,93077,M,4.0,0,93
200900047211,9,2,9,1330,1,2,1,3.0,6,93046,M,4.0,0,93
200900047212,9,2,6,1400,1,1,6,1.0,6,93074,M,4.0,0,93
200900047213,9,2,22,1415,1,2,1,1.0,6,93053,M,4.0,0,93
200900047214,9,2,5,915,1,2,2,8.0,3,93048,M,4.0,0,93
200900047215,9,2,18,1345,1,2,1,1.0,6,93053,M,4.0,0,93
200900047216,9,2,26,1430,1,2,1,1.0,6,93001,M,4.0,0,93
200900047217,9,2,19,2210,5,2,3,1.0,3,93062,M,4.0,0,93
200900047218,9,2,2,545,5,2,6,4.0,6,93008,M,4.0,0,93
200900047219,9,2,19,1620,1,1,1,1.0,7,93014,M,4.0,0,93
200900047220,9,2,7,1650,1,2,1,1.0,6,93064,M,4.0,0,93
200900047221,9,2,25,620,5,2,1,1.0,2,93053,M,4.0,0,93
200900047222,9,2,23,1050,1,2,1,1.0,2,93005,M,4.0,0,93
200900047223,9,2,11,735,2,2,1,8.0,6,93066,M,4.0,0,93
200900047224,9,2,17,1015,1,2,1,8.0,6,93055,M,4.0,0,93
200900047225,9,2,17,855,1,2,2,1.0,1,93066,M,4.0,0,93
200900047226,9,2,16,1720,1,2,1,1.0,3,93066,M,4.0,0,93
200900047227,9,2,18,735,1,2,1,2.0,3,93066,M,4.0,0,93
200900047228,9,2,18,1830,5,2,3,1.0,7,93066,M,4.0,0,93
200900047229,9,2,4,1315,1,2,3,8.0,6,93055,M,4.0,0,93
200900047230,9,2,4,1440,1,2,2,8.0,3,93055,M,4.0,0,93
200900047231,9,2,23,1700,1,2,1,1.0,3,93066,M,4.0,0,93
200900047232,9,2,11,1840,5,2,1,1.0,3,93055,M,4.0,0,93
200900047233,9,2,16,1715,1,2,1,1.0,3,93029,M,4.0,0,93
200900047234,9,2,21,1125,1,2,1,1.0,2,93055,M,4.0,0,93
200900047235,9,2,27,1940,5,2,2,1.0,3,93055,M,4.0,0,93
200900047236,9,2,27,1850,2,2,3,1.0,6,93066,M,4.0,0,93
200900047237,9,2,18,2015,5,2,2,8.0,3,93033,M,4.0,0,93
200900047238,9,2,9,800,1,2,1,1.0,6,93055,M,4.0,0,93
200900047239,9,2,28,1153,1,2,1,1.0,6,93029,M,4.0,0,93
200900047240,9,2,9,1840,5,2,1,2.0,6,93055,M,4.0,0,93
200900047241,9,2,17,2100,5,2,3,2.0,3,93066,M,4.0,0,93
200900047242,9,2,16,2005,5,2,1,1.0,1,93066,M,4.0,0,93
200900047243,9,2,17,1415,1,2,1,1.0,6,93066,M,4.0,0,93
200900047244,9,2,9,1420,1,2,2,3.0,3,93005,M,4.0,0,93
200900047245,9,2,6,740,2,2,6,1.0,3,93005,M,4.0,0,93
200900047246,9,2,25,1410,1,2,2,1.0,3,93071,M,4.0,0,93
200900047247,9,2,28,1220,1,1,1,1.0,3,93064,M,,,93
200900047248,9,2,9,630,4,1,1,1.0,3,93010,M,,,93
200900047249,9,2,7,450,5,1,1,1.0,3,93008,M,,,93
200900047250,9,2,20,2000,5,1,1,1.0,3,93048,M,,,93
200900047251,9,2,19,1345,1,1,1,1.0,6,93066,M,,,93
200900047252,9,2,8,350,3,2,1,1.0,6,93005,M,4.0,0,93
200900047253,9,2,19,1150,1,2,1,1.0,6,93057,M,4.0,0,93
200900047254,9,2,7,1040,1,2,2,2.0,3,93005,M,4.0,0,93
200900047255,9,2,12,650,5,2,5,1.0,3,93071,M,4.0,0,93
200900047256,9,2,26,1335,1,2,1,1.0,3,93005,M,4.0,0,93
200900047257,9,2,11,1145,1,2,1,1.0,3,93005,M,4.0,0,93
200900047258,9,2,24,1820,5,2,3,1.0,3,93005,M,4.0,0,93
200900047259,9,2,2,820,1,2,1,4.0,3,93066,M,4.0,0,93
200900047260,9,2,12,820,1,2,2,8.0,6,93005,M,4.0,0,93
200900047261,9,2,11,1715,1,2,1,1.0,6,93005,M,4.0,0,93
200900047262,9,2,19,1115,1,2,1,1.0,2,93070,M,4.0,0,93
200900047263,9,2,16,1220,1,2,1,1.0,1,93007,M,4.0,0,93
200900047264,9,2,13,2200,5,2,1,1.0,6,93066,M,4.0,0,93
200900047265,9,2,7,1950,5,2,1,1.0,6,93070,M,4.0,0,93
200900047266,9,2,6,1600,1,2,1,1.0,3,93066,M,4.0,0,93
200900047267,9,2,15,1220,1,2,1,1.0,1,93007,M,4.0,0,93
200900047268,9,2,22,1300,1,2,2,1.0,6,93070,M,4.0,0,93
200900047269,9,2,18,1227,1,2,1,2.0,6,93070,M,4.0,0,93
200900047270,9,2,22,320,5,2,2,1.0,1,93070,M,4.0,0,93
200900047271,9,2,6,1300,1,2,1,1.0,2,93039,M,4.0,0,93
200900047272,9,2,24,1500,1,2,1,1.0,6,93007,M,4.0,0,93
200900047273,9,2,26,625,2,2,3,1.0,3,93007,M,4.0,0,93
200900047274,9,2,11,1630,1,2,1,1.0,3,93066,M,4.0,0,93
200900047275,9,2,5,1430,1,2,1,1.0,6,93046,M,4.0,0,93
200900047276,9,12,1,2010,5,2,1,1.0,6,01053,M,,,01
200900047277,9,12,2,1800,5,2,4,1.0,3,01053,M,,,01
200900047278,9,12,6,1100,1,1,1,1.0,2,01249,M,,,01
200900047279,9,12,3,1945,3,1,1,2.0,3,01202,M,0.0,0,01
200900047280,9,12,2,2115,3,1,6,1.0,2,01053,M,,,01
200900047281,9,12,23,1300,1,1,1,1.0,3,01203,M,0.0,0,01
200900047282,9,12,1,1215,1,1,1,1.0,1,01119,M,0.0,0,01
200900047283,9,12,11,1630,2,2,1,1.0,6,01457,M,0.0,0,01
200900047284,9,12,11,1300,1,2,1,1.0,7,01074,M,0.0,0,01
200900047285,9,12,10,1440,1,2,1,2.0,2,01053,M,,,01
200900047286,9,12,8,700,3,1,1,8.0,7,01289,M,,,01
200900047287,9,12,11,800,2,2,1,2.0,3,01152,M,0.0,0,01
200900047288,9,12,7,1700,3,1,1,3.0,6,01057,M,0.0,0,01
200900047289,9,12,4,2330,3,1,1,2.0,6,01231,M,0.0,0,01
200900047290,9,12,8,700,3,1,1,8.0,6,01322,M,0.0,0,01
200900047291,9,12,6,500,3,1,1,1.0,1,01421,M,0.0,0,01
200900047292,9,12,5,1800,3,2,4,1.0,3,01160,M,0.0,0,01
200900047293,9,12,4,1715,3,1,1,1.0,1,01180,M,0.0,0,01
200900047294,9,12,3,735,5,2,1,2.0,4,01053,M,,,01
200900047295,9,12,2,1445,1,2,1,1.0,6,01457,M,0.0,0,01
200900047296,9,12,1,1545,1,1,1,8.0,3,01091,M,0.0,0,01
200900047297,9,12,1,1335,1,1,2,1.0,7,01289,M,,,01
200900047298,9,12,31,1630,1,2,3,7.0,1,01450,M,0.0,0,01
200900047299,9,12,31,1245,1,1,1,9.0,1,01151,M,0.0,0,01
200900047300,9,12,28,1200,1,1,1,4.0,7,01104,M,0.0,0,01
200900047301,9,12,28,915,1,2,1,8.0,1,01034,M,0.0,0,01
200900047302,9,12,26,1845,5,1,1,1.0,1,01090,M,0.0,0,01
200900047303,9,12,26,545,5,2,1,1.0,6,01420,M,0.0,0,01
200900047304,9,12,21,1200,1,1,1,1.0,3,01099,M,0.0,0,01
200900047305,9,12,21,1145,1,1,1,8.0,1,01390,M,0.0,0,01
200900047306,9,12,20,1500,1,1,1,8.0,3,01054,M,0.0,0,01
200900047307,9,12,15,1815,5,2,7,1.0,6,01348,M,0.0,0,01
200900047308,9,12,12,545,3,1,1,1.0,6,01305,M,0.0,0,01
200900047309,9,12,11,1630,1,2,1,7.0,2,01378,M,0.0,0,01
200900047310,9,12,11,1500,1,1,1,1.0,6,01362,M,0.0,0,01
200900047311,9,12,30,1430,1,2,1,2.0,6,01053,M,,,01
200900047312,9,12,31,1056,1,1,3,1.0,1,01451,M,,,01
200900047313,9,12,22,1735,5,2,1,2.0,4,01344,M,,,01
200900047314,9,12,23,850,1,2,1,1.0,6,01053,M,,,01
200900047315,9,12,26,2030,5,2,1,1.0,6,01053,M,,,01
200900047316,9,6,2,2035,1,2,1,1.0,3,92050,M,,,92
200900047317,9,6,13,1440,1,2,1,1.0,6,92072,M,,,92
200900047318,9,6,10,2305,5,2,2,1.0,3,92062,M,,,92
200900047319,9,6,6,840,1,2,2,1.0,3,92049,M,,,92
200900047320,9,6,11,1230,1,2,1,1.0,3,92047,M,,,92
200900047321,9,6,8,1140,1,2,3,2.0,3,92025,M,,,92
200900047322,9,6,12,750,1,2,3,1.0,3,92026,M,,,92
200900047323,9,6,8,2315,5,2,1,1.0,3,92075,M,,,92
200900047324,9,6,11,1105,1,2,1,1.0,3,92026,M,,,92
200900047325,9,6,12,1810,1,2,2,1.0,7,92026,M,,,92
200900047326,9,6,5,1300,1,2,2,1.0,3,92063,M,,,92
200900047327,9,6,9,905,1,2,1,1.0,2,92026,M,,,92
200900047328,9,6,7,1800,1,2,4,3.0,2,92063,M,,,92
200900047329,9,6,13,955,1,2,1,1.0,6,92064,M,,,92
200900047330,9,6,9,1140,1,2,7,2.0,7,92072,M,,,92
200900047331,9,6,15,2030,2,2,1,2.0,3,92025,M,,,92
200900047332,9,6,15,1620,1,2,1,1.0,5,92046,M,,,92
200900047333,9,6,4,1905,1,2,2,1.0,6,92026,M,,,92
200900047334,9,6,6,1655,1,2,2,1.0,3,92064,M,,,92
200900047335,9,6,1,1415,1,2,1,1.0,6,92025,M,,,92
200900047336,9,6,5,950,1,2,1,1.0,6,92020,M,,,92
200900047337,9,6,5,1920,1,2,2,1.0,3,92063,M,,,92
200900047338,9,6,8,2000,1,2,6,1.0,3,92020,M,,,92
200900047339,9,6,2,2020,1,2,1,1.0,6,92025,M,,,92
200900047340,9,6,2,1145,1,2,1,1.0,7,92026,M,,,92
200900047341,9,6,9,1515,1,2,1,1.0,3,92064,M,,,92
200900047342,9,6,12,1245,1,2,1,1.0,1,92026,M,,,92
200900047343,9,6,9,1440,1,2,1,3.0,6,92050,M,,,92
200900047344,9,6,14,1605,1,2,2,1.0,6,92062,M,,,92
200900047345,9,6,2,1745,1,2,3,1.0,3,92072,M,,,92
200900047346,9,6,3,1705,1,2,3,1.0,3,92025,M,,,92
200900047347,9,6,10,920,1,1,1,8.0,2,92050,M,,,92
200900047348,9,6,2,1530,1,2,2,1.0,1,92025,M,,,92
200900047349,9,6,13,715,1,2,4,1.0,6,92062,M,,,92
200900047350,9,6,4,1830,1,2,2,1.0,3,92049,M,,,92
200900047351,9,6,12,1725,1,2,1,1.0,6,92073,M,,,92
200900047352,9,6,13,1330,1,2,1,1.0,3,92075,M,,,92
200900047353,9,6,3,1800,1,2,2,1.0,3,92050,M,,,92
200900047354,9,6,13,900,1,2,1,1.0,7,92063,M,,,92
200900047355,9,6,12,1110,1,2,1,1.0,6,92063,M,,,92
200900047356,9,6,12,1855,1,2,3,1.0,3,92046,M,,,92
200900047357,9,6,8,1545,1,2,3,2.0,4,92025,M,,,92
200900047358,9,6,5,1515,1,2,3,1.0,6,92050,M,,,92
200900047359,9,6,5,950,1,2,2,1.0,3,92026,M,,,92
200900047360,9,6,2,2233,5,2,1,1.0,2,92072,M,,,92
200900047361,9,6,1,2025,1,2,1,1.0,6,92062,M,,,92
200900047362,9,6,7,1510,1,2,1,1.0,7,92050,M,,,92
200900047363,9,6,5,1210,1,2,3,1.0,6,92046,M,,,92
200900047364,9,6,10,1605,1,2,1,2.0,6,92062,M,,,92
200900047365,9,6,8,1135,1,2,3,2.0,6,92073,M,,,92
200900047366,9,6,15,910,1,2,9,2.0,2,92062,M,,,92
200900047367,9,6,3,830,1,2,1,1.0,7,92049,M,,,92
200900047368,9,6,8,1315,1,2,3,2.0,7,92050,M,,,92
200900047369,9,6,8,1235,1,2,2,2.0,6,92026,M,,,92
200900047370,9,6,4,820,1,2,3,1.0,7,92063,M,,,92
200900047371,9,6,8,1835,1,2,1,3.0,3,92064,M,,,92
200900047372,9,6,10,300,5,2,3,1.0,6,92026,M,,,92
200900047373,9,6,10,1930,1,2,2,3.0,6,92050,M,,,92
200900047374,9,6,9,1655,1,2,3,1.0,2,92073,M,,,92
200900047375,9,6,12,1015,1,2,1,1.0,3,92020,M,,,92
200900047376,9,6,2,1520,1,2,1,1.0,6,92025,M,,,92
200900047377,9,6,24,1530,1,2,1,1.0,3,92064,M,,,92
200900047378,9,6,2,740,1,1,1,1.0,2,92025,M,,,92
200900047379,9,6,6,1345,1,1,1,1.0,4,92023,M,,,92
200900047380,9,6,9,920,1,1,1,1.0,3,92036,M,,,92
200900047381,9,6,6,1230,1,1,1,3.0,6,92036,M,,,92
200900047382,9,6,15,2000,2,1,1,2.0,3,92063,M,,,92
200900047383,9,6,8,900,1,1,1,1.0,2,92063,M,,,92
200900047384,9,6,7,1815,1,1,1,1.0,3,92062,M,,,92
200900047385,9,6,2,835,1,1,1,1.0,3,92025,M,,,92
200900047386,9,6,11,1900,1,1,1,1.0,3,92025,M,,,92
200900047387,9,6,12,1730,1,1,1,1.0,2,92064,M,,,92
200900047388,9,6,10,1200,1,1,1,2.0,7,92064,M,,,92
200900047389,9,6,10,1600,1,1,1,1.0,7,92048,M,,,92
200900047390,9,6,19,1824,1,1,1,1.0,4,92025,M,,,92
200900047391,9,6,24,1905,1,1,1,1.0,2,92064,M,,,92
200900047392,9,6,3,1950,1,1,1,1.0,2,92050,M,,,92
200900047393,9,6,23,1655,1,1,1,1.0,2,92064,M,,,92
200900047394,9,6,7,2005,5,1,1,1.0,7,92064,M,,,92
200900047395,9,6,18,1730,1,1,1,1.0,3,92050,M,,,92
200900047396,9,6,30,1115,1,1,1,1.0,5,92047,M,,,92
200900047397,9,6,18,1950,1,1,1,1.0,2,92048,M,,,92
200900047398,9,6,8,724,1,1,1,1.0,7,92025,M,,,92
200900047399,9,6,21,1617,1,1,1,1.0,3,92047,M,,,92
200900047400,9,6,19,1700,1,1,1,1.0,2,92025,M,,,92
200900047401,9,6,25,2000,1,1,1,1.0,5,92026,M,,,92
200900047402,9,6,29,600,1,1,1,1.0,2,92050,M,,,92
200900047403,9,6,20,1615,1,2,1,1.0,3,92072,M,,,92
200900047404,9,6,16,1845,1,2,1,1.0,3,92072,M,,,92
200900047405,9,6,26,1510,1,2,1,1.0,6,92077,M,,,92
200900047406,9,6,27,1245,1,2,3,1.0,6,92072,M,,,92
200900047407,9,6,21,40,5,2,1,1.0,2,92072,M,,,92
200900047408,9,6,26,535,2,2,4,1.0,6,92062,M,,,92
200900047409,9,6,22,840,1,2,3,1.0,2,92026,M,,,92
200900047410,9,6,3,1410,1,2,2,1.0,3,92002,M,,,92
200900047411,9,6,12,1900,1,2,1,1.0,6,92014,M,,,92
200900047412,9,6,16,905,1,2,1,1.0,3,92040,M,,,92
200900047413,9,6,18,1220,1,2,1,1.0,5,92025,M,,,92
200900047414,9,6,29,2000,1,2,1,1.0,4,92026,M,,,92
200900047415,9,6,23,1300,1,2,1,1.0,2,92040,M,,,92
200900047416,9,6,28,2025,1,2,1,1.0,5,92025,M,,,92
200900047417,9,6,25,1255,1,2,1,1.0,2,92020,M,,,92
200900047418,9,6,24,1750,1,2,2,1.0,6,92073,M,,,92
200900047419,9,6,18,920,1,2,2,1.0,6,92026,M,,,92
200900047420,9,6,16,1855,1,2,1,1.0,6,92040,M,,,92
200900047421,9,6,27,635,1,2,3,1.0,3,92026,M,,,92
200900047422,9,6,16,945,1,2,2,1.0,6,92075,M,,,92
200900047423,9,6,12,2300,3,2,1,1.0,6,92063,M,,,92
200900047424,9,6,30,1820,1,2,1,7.0,6,92002,M,,,92
200900047425,9,6,18,1525,1,2,1,1.0,3,92026,M,,,92
200900047426,9,6,15,720,1,2,1,2.0,7,92040,M,,,92
200900047427,9,6,30,1825,1,2,2,1.0,3,92020,M,,,92
200900047428,9,6,25,1930,2,2,1,2.0,2,92063,M,,,92
200900047429,9,6,24,2055,1,2,1,1.0,2,92062,M,,,92
200900047430,9,6,28,1120,1,2,2,1.0,7,92062,M,,,92
200900047431,9,6,24,945,1,2,1,1.0,6,92026,M,,,92
200900047432,9,6,25,2045,1,2,3,2.0,3,92026,M,,,92
200900047433,9,6,22,1755,1,2,1,1.0,3,92025,M,,,92
200900047434,9,6,22,1850,1,2,1,1.0,6,92063,M,,,92
200900047435,9,6,16,2220,5,2,1,1.0,3,92026,M,,,92
200900047436,9,6,30,1535,1,2,1,1.0,6,92026,M,,,92
200900047437,9,6,26,1415,1,2,1,1.0,3,92040,M,,,92
200900047438,9,6,29,1355,1,2,2,1.0,3,92026,M,,,92
200900047439,9,6,16,930,1,2,1,1.0,3,92063,M,,,92
200900047440,9,6,30,1150,1,2,1,1.0,6,92020,M,,,92
200900047441,9,6,18,1725,1,2,1,1.0,3,92026,M,,,92
200900047442,9,6,23,5,5,2,3,1.0,3,92026,M,,,92
200900047443,9,6,19,1110,1,2,1,1.0,6,92075,M,,,92
200900047444,9,6,25,1225,1,2,2,1.0,6,92026,M,,,92
200900047445,9,6,21,2040,1,2,2,1.0,3,92026,M,,,92
200900047446,9,6,27,2030,1,2,1,1.0,6,92063,M,,,92
200900047447,9,6,27,1255,1,2,1,1.0,6,92073,M,,,92
200900047448,9,6,17,1825,1,2,1,1.0,6,92073,M,,,92
200900047449,9,6,24,2055,2,2,1,1.0,7,92075,M,,,92
200900047450,9,6,25,1730,1,2,3,1.0,6,92026,M,,,92
200900047451,9,6,19,1730,1,2,1,1.0,3,92063,M,,,92
200900047452,9,6,21,1510,1,2,3,1.0,7,92064,M,,,92
200900047453,9,6,27,1630,1,2,2,1.0,7,92026,M,,,92
200900047454,9,6,17,1220,1,2,2,1.0,6,92062,M,,,92
200900047455,9,6,26,1635,1,2,1,2.0,6,92025,M,,,92
200900047456,9,6,20,1640,1,2,4,1.0,3,92026,M,,,92
200900047457,9,6,24,1825,1,2,1,1.0,6,92062,M,,,92
200900047458,9,6,22,2040,1,2,2,1.0,6,92073,M,,,92
200900047459,9,6,28,1815,1,2,1,1.0,2,92046,M,,,92
200900047460,9,6,25,2020,1,2,6,1.0,2,92002,M,,,92
200900047461,9,6,22,915,1,2,1,1.0,2,92033,M,,,92
200900047462,9,6,17,1135,1,2,1,1.0,6,92049,M,,,92