Num_Acc,an,mois,jour,hrmn,lum,agg,int,atm,col,com,gps,lat,long,dep
200900047463,9,6,23,1630,1,2,1,1.0,2,92073,M,,,92
200900047464,9,6,26,920,1,2,4,2.0,7,92062,M,,,92
200900047465,9,6,22,1645,1,2,9,1.0,2,92076,M,,,92
200900047466,9,6,6,645,2,1,1,3.0,7,92019,M,,,92
200900047467,9,6,30,1100,1,2,2,1.0,6,92020,M,,,92
200900047468,9,6,11,1610,1,2,9,1.0,2,92036,M,,,92
200900047469,9,6,19,1830,1,1,2,1.0,3,92048,M,,,92
200900047470,9,6,11,350,5,2,1,6.0,7,92036,M,,,92
200900047471,9,6,26,1900,1,2,1,1.0,2,92050,M,,,92
200900047472,9,6,17,1645,1,2,1,1.0,6,92036,M,,,92
200900047473,9,6,11,1200,1,2,2,1.0,1,92036,M,,,92
200900047474,9,6,29,835,1,2,3,1.0,6,92048,M,,,92
200900047475,9,6,20,1755,1,2,3,1.0,3,92071,M,,,92
200900047476,9,6,16,2230,5,2,1,1.0,5,92050,M,,,92
200900047477,9,6,21,1750,1,2,1,1.0,3,92036,M,,,92
200900047478,9,6,22,1235,1,2,1,1.0,3,92050,M,,,92
200900047479,9,6,11,1815,1,2,2,1.0,3,92048,M,,,92
200900047480,9,6,17,1440,1,2,9,1.0,3,92036,M,,,92
200900047481,9,6,11,1110,1,2,1,1.0,6,92048,M,,,92
200900047482,9,6,18,10,5,2,9,1.0,3,92036,M,,,92
200900047483,9,6,8,830,1,2,1,1.0,3,92048,M,,,92
200900047484,9,6,16,1210,1,2,3,1.0,3,92050,M,,,92
200900047485,9,6,24,1845,1,2,1,1.0,3,92019,M,,,92
200900047486,9,6,19,1750,1,2,1,1.0,3,92036,M,,,92
200900047487,9,6,30,1245,1,2,1,1.0,2,92050,M,,,92
200900047488,9,6,16,1640,2,2,9,1.0,3,92036,M,,,92
200900047489,9,6,10,1130,1,2,1,1.0,3,92048,M,,,92
200900047490,9,6,23,1755,1,2,2,1.0,2,92050,M,,,92
200900047491,9,6,12,2245,5,2,1,1.0,6,92036,M,,,92
200900047492,9,6,3,1435,1,2,9,1.0,2,92036,M,,,92
200900047493,9,6,7,1905,1,2,1,1.0,6,92036,M,,,92
200900047494,9,6,18,250,5,2,1,1.0,2,92050,M,,,92
200900047495,9,6,13,1225,1,2,1,1.0,2,92036,M,,,92
200900047496,9,6,2,1240,1,2,9,1.0,6,92036,M,,,92
200900047497,9,6,4,1300,1,2,9,7.0,3,92036,M,,,92
200900047498,9,6,29,1420,1,2,1,1.0,2,92078,M,,,92
200900047499,9,6,30,1530,1,2,1,1.0,5,92078,M,,,92
200900047500,9,6,2,855,1,1,1,1.0,5,92025,M,,,92
200900047501,9,6,2,1415,1,2,1,1.0,6,92044,M,,,92
200900047502,9,6,17,1425,1,2,3,1.0,3,92044,M,,,92
200900047503,9,6,13,2115,1,2,3,1.0,3,92044,M,,,92
200900047504,9,6,24,1310,1,2,2,1.0,3,92044,M,,,92
200900047505,9,6,28,945,1,2,2,1.0,6,92044,M,,,92
200900047506,9,6,5,1135,1,2,1,1.0,6,92044,M,,,92
200900047507,9,6,29,1540,1,1,3,1.0,3,92063,M,,,92
200900047508,9,6,1,1040,1,2,2,1.0,2,92002,M,,,92
200900047509,9,6,2,900,1,2,1,1.0,3,92024,M,,,92
200900047510,9,6,2,730,1,2,1,1.0,6,92020,M,,,92
200900047511,9,6,2,1440,1,2,1,1.0,2,92002,M,,,92
200900047512,9,6,2,1440,1,2,1,1.0,3,92024,M,,,92
200900047513,9,6,21,1500,1,2,2,1.0,6,92004,M,,,92
200900047514,9,6,8,1745,1,2,1,2.0,7,92040,M,,,92
200900047515,9,6,24,1850,1,2,3,1.0,6,92009,M,,,92
200900047516,9,6,5,900,1,2,2,1.0,6,92004,M,,,92
200900047517,9,6,12,2035,2,2,2,1.0,2,92004,M,,,92
200900047518,9,6,22,830,1,2,1,1.0,3,92009,M,,,92
200900047519,9,6,16,1150,1,1,3,1.0,2,92004,M,,,92
200900047520,9,6,12,1950,1,2,2,1.0,6,92004,M,,,92
200900047521,9,6,8,930,1,2,1,1.0,2,92004,M,,,92
200900047522,9,6,14,700,5,2,2,1.0,3,92004,M,,,92
200900047523,9,6,11,930,1,2,2,1.0,6,92004,M,,,92
200900047524,9,6,8,1840,1,2,3,2.0,7,92075,M,,,92
200900047525,9,6,11,1330,1,2,7,1.0,6,92004,M,,,92
200900047526,9,6,13,2245,5,2,2,1.0,6,92004,M,,,92
200900047527,9,6,27,1430,1,2,3,1.0,6,92040,M,,,92
200900047528,9,6,22,1830,1,2,1,1.0,6,92004,M,,,92
200900047529,9,6,5,1741,1,2,1,1.0,6,92004,M,,,92
200900047530,9,6,12,1925,1,2,1,1.0,3,92040,M,,,92
200900047531,9,6,3,1620,1,2,3,1.0,3,92075,M,,,92
200900047532,9,6,17,730,1,1,1,1.0,3,92078,M,,,92
200900047533,9,6,5,910,1,2,3,1.0,3,92004,M,,,92
200900047534,9,6,5,2325,5,2,5,1.0,3,92024,M,,,92
200900047535,9,6,19,1640,1,2,2,1.0,3,92024,M,,,92
200900047536,9,6,10,1725,1,2,1,1.0,6,92024,M,,,92
200900047537,9,6,6,1825,1,2,1,2.0,6,92024,M,,,92
200900047538,9,6,3,1250,1,2,1,1.0,3,92024,M,,,92
200900047539,9,6,4,825,1,2,1,1.0,6,92024,M,,,92
200900047540,9,6,6,1515,1,2,2,2.0,3,92024,M,,,92
200900047541,9,6,17,925,1,2,2,1.0,3,92024,M,,,92
200900047542,9,6,24,955,1,2,3,1.0,3,92024,M,,,92
200900047543,9,6,5,1945,1,2,1,1.0,6,92024,M,,,92
200900047544,9,3,25,2350,3,2,1,1.0,6,93007,M,4.0,0,93
200900047545,9,3,21,15,5,2,1,1.0,3,93046,M,4.0,0,93
200900047546,9,3,30,1100,1,2,1,1.0,6,93005,M,4.0,0,93
200900047547,9,3,17,1215,1,2,2,1.0,1,93027,M,4.0,0,93
200900047548,9,3,1,1125,1,2,1,1.0,6,93005,M,4.0,0,93
200900047549,9,3,24,1110,1,2,6,1.0,6,93046,M,4.0,0,93
200900047550,9,3,20,1030,1,1,3,1.0,6,93046,M,4.0,0,93
200900047551,9,3,16,1655,1,2,1,1.0,2,93007,M,4.0,0,93
200900047552,9,3,30,1635,1,2,1,1.0,4,93046,M,4.0,0,93
200900047553,9,3,17,2025,5,2,2,1.0,3,93046,M,4.0,0,93
200900047554,9,3,23,2120,5,2,3,2.0,3,93046,M,4.0,0,93
200900047555,9,3,16,740,1,2,1,1.0,2,93005,M,4.0,0,93
200900047556,9,3,2,1000,1,2,1,1.0,6,93005,M,4.0,0,93
200900047557,9,3,31,2230,5,2,3,1.0,3,93005,M,4.0,0,93
200900047558,9,3,16,1710,1,2,1,1.0,3,93046,M,4.0,0,93
200900047559,9,3,28,1005,1,2,1,1.0,3,93046,M,4.0,0,93
200900047560,9,3,9,940,1,2,1,1.0,6,93005,M,4.0,0,93
200900047561,9,3,28,1920,5,2,1,1.0,6,93030,M,4.0,0,93
200900047562,9,3,27,1335,1,2,1,1.0,6,93027,M,4.0,0,93
200900047563,9,3,17,810,1,2,2,1.0,6,93046,M,4.0,0,93
200900047564,9,3,27,1115,1,2,1,1.0,3,93027,M,4.0,0,93
200900047565,9,3,21,1400,1,2,6,1.0,3,93007,M,4.0,0,93
200900047566,9,3,12,1430,1,2,1,1.0,6,93005,M,4.0,0,93
200900047567,9,3,31,1715,1,2,2,1.0,6,93046,M,4.0,0,93
200900047568,9,3,15,1200,1,2,1,1.0,2,93005,M,4.0,0,93
200900047569,9,3,21,845,1,2,1,1.0,3,93005,M,4.0,0,93
200900047570,9,3,18,2040,5,2,1,1.0,2,93007,M,4.0,0,93
200900047571,9,3,19,1655,1,2,2,1.0,1,93007,M,4.0,0,93
200900047572,9,3,22,535,5,2,1,1.0,3,93070,M,4.0,0,93
200900047573,9,3,16,1705,1,2,1,1.0,6,93070,M,4.0,0,93
200900047574,9,3,8,1525,1,2,3,1.0,3,93071,M,4.0,0,93
200900047575,9,3,5,1800,2,2,3,1.0,6,93071,M,4.0,0,93
200900047576,9,3,16,1300,1,2,1,1.0,3,93070,M,4.0,0,93
200900047577,9,3,16,1250,1,1,1,1.0,2,93066,M,,,93
200900047578,9,3,22,1545,1,1,1,1.0,5,93006,M,,,93
200900047579,9,3,5,2207,5,1,1,1.0,6,93066,M,,,93
200900047580,9,3,24,1335,1,1,1,1.0,5,93027,M,,,93
200900047581,9,3,20,2115,5,1,1,1.0,3,93053,M,,,93
200900047582,9,3,17,1320,1,2,8,1.0,6,93071,M,4.0,0,93
200900047583,9,3,7,1720,1,1,1,1.0,4,93013,M,,,93
200900047584,9,3,3,2050,5,2,1,1.0,6,93070,M,4.0,0,93
200900047585,9,3,6,800,1,1,1,1.0,5,93013,M,,,93
200900047586,9,3,22,1315,1,2,1,1.0,6,93071,M,4.0,0,93
200900047587,9,3,19,920,1,2,1,1.0,1,93070,M,4.0,0,93
200900047588,9,3,16,2230,3,2,3,1.0,6,93070,M,4.0,0,93
200900047589,9,3,2,1630,1,2,6,1.0,6,93071,M,4.0,0,93
200900047590,9,3,6,600,2,2,1,1.0,2,93070,M,4.0,0,93
200900047591,9,3,13,1230,1,2,1,1.0,6,93070,M,4.0,0,93
200900047592,9,3,1,125,5,2,2,1.0,6,93071,M,4.0,0,93
200900047593,9,3,31,2300,3,2,1,1.0,2,93070,M,4.0,0,93
200900047594,9,3,26,1220,1,2,1,2.0,6,93071,M,4.0,0,93
200900047595,9,3,5,2250,5,2,1,9.0,2,93027,M,4.0,0,93
200900047596,9,3,2,1340,1,2,1,1.0,3,93027,M,4.0,0,93
200900047597,9,3,28,1600,1,2,1,2.0,2,93078,M,4.0,0,93
200900047598,9,3,20,1815,1,2,1,1.0,6,93010,M,4.0,0,93
200900047599,9,3,17,1020,1,2,1,1.0,6,93048,M,4.0,0,93
200900047600,9,3,11,1440,1,2,3,1.0,2,93049,M,4.0,0,93
200900047601,9,3,21,1240,1,2,1,1.0,3,93010,M,4.0,0,93
200900047602,9,3,19,750,1,2,3,1.0,6,93027,M,4.0,0,93
200900047603,9,3,2,1510,1,2,3,1.0,3,93001,M,4.0,0,93
200900047604,9,3,29,715,2,2,3,1.0,6,93031,M,4.0,0,93
200900047605,9,3,17,140,5,2,2,1.0,3,93078,M,4.0,0,93
200900047606,9,3,19,1440,1,2,1,1.0,6,93050,M,4.0,0,93
200900047607,9,3,16,850,1,2,1,1.0,6,93057,M,4.0,0,93
200900047608,9,3,30,1620,1,2,1,1.0,7,93001,M,4.0,0,93
200900047609,9,3,27,1245,1,2,1,1.0,2,93001,M,4.0,0,93
200900047610,9,3,5,1910,5,2,1,1.0,1,93066,M,4.0,0,93
200900047611,9,3,4,1900,5,2,1,2.0,6,93007,M,4.0,0,93
200900047612,9,3,6,920,1,1,1,9.0,6,93014,M,4.0,0,93
200900047613,9,3,31,1015,1,2,3,1.0,3,93032,M,4.0,0,93
200900047614,9,3,7,2300,5,2,1,1.0,6,93066,M,4.0,0,93
200900047615,9,3,5,1430,1,2,1,1.0,2,93064,M,4.0,0,93
200900047616,9,3,9,2035,5,2,3,1.0,1,93049,M,4.0,0,93
200900047617,9,3,16,811,1,2,6,1.0,2,93066,M,4.0,0,93
200900047618,9,3,19,1710,1,2,1,1.0,7,93079,M,4.0,0,93
200900047619,9,3,20,855,1,2,2,7.0,3,93051,M,4.0,0,93
200900047620,9,3,15,310,5,2,1,1.0,6,93073,M,4.0,0,93
200900047621,9,3,21,2010,3,2,1,1.0,6,93031,M,4.0,0,93
200900047622,9,3,26,2100,2,2,1,1.0,6,93031,M,4.0,0,93
200900047623,9,3,12,825,1,2,1,2.0,3,93010,M,4.0,0,93
200900047624,9,3,13,1645,1,2,1,1.0,6,93066,M,4.0,0,93
200900047625,9,3,18,1455,1,2,1,7.0,3,93033,M,4.0,0,93
200900047626,9,3,8,1015,1,2,3,2.0,3,93046,M,4.0,0,93
200900047627,9,3,19,2000,5,2,3,1.0,1,93013,M,4.0,0,93
200900047628,9,3,19,1420,1,2,1,1.0,6,93066,M,4.0,0,93
200900047629,9,3,12,1825,2,2,3,8.0,3,93001,M,4.0,0,93
200900047630,9,3,17,1730,1,2,2,1.0,3,93014,M,4.0,0,93
200900047631,9,3,16,1445,1,2,2,7.0,6,93027,M,4.0,0,93
200900047632,9,3,23,1910,5,2,3,1.0,3,93047,M,4.0,0,93
200900047633,9,3,3,2030,5,2,1,1.0,5,93066,M,4.0,0,93
200900047634,9,3,10,2000,5,2,1,1.0,6,93066,M,4.0,0,93
200900047635,9,3,31,800,1,2,3,1.0,3,93048,M,4.0,0,93
200900047636,9,3,26,835,1,2,1,1.0,3,93031,M,4.0,0,93
200900047637,9,3,10,1600,1,2,6,8.0,6,93073,M,4.0,0,93
200900047638,9,3,1,1350,1,2,2,1.0,3,93066,M,4.0,0,93
200900047639,9,3,27,1325,1,2,1,1.0,6,93001,M,4.0,0,93
200900047640,9,3,10,1200,1,2,3,2.0,3,93053,M,4.0,0,93
200900047641,9,3,5,1800,1,2,1,1.0,2,93066,M,4.0,0,93
200900047642,9,3,10,1830,2,2,2,8.0,3,93047,M,4.0,0,93
200900047643,9,3,10,1130,1,2,6,2.0,2,93062,M,4.0,0,93
200900047644,9,3,30,1950,1,2,3,1.0,1,93031,M,4.0,0,93
200900047645,9,3,7,900,1,2,2,1.0,3,93066,M,4.0,0,93
200900047646,9,3,27,900,1,2,1,8.0,6,93001,M,4.0,0,93
200900047647,9,3,2,825,1,2,1,1.0,2,93046,M,4.0,0,93
200900047648,9,3,14,45,5,2,1,1.0,5,93001,M,4.0,0,93
200900047649,9,3,21,200,5,2,1,1.0,1,93064,M,4.0,0,93
200900047650,9,3,13,1645,1,2,1,1.0,6,93048,M,4.0,0,93
200900047651,9,3,11,2345,5,2,1,1.0,6,93001,M,4.0,0,93
200900047652,9,3,21,1945,2,2,2,1.0,6,93064,M,4.0,0,93
200900047653,9,3,28,1925,5,2,1,2.0,3,93066,M,4.0,0,93
200900047654,9,3,8,945,1,2,1,2.0,6,93066,M,4.0,0,93
200900047655,9,3,20,950,1,2,1,1.0,6,93048,M,4.0,0,93
200900047656,9,3,25,1455,1,2,1,8.0,2,93066,M,4.0,0,93
200900047657,9,3,25,905,1,2,2,2.0,3,93049,M,4.0,0,93
200900047658,9,3,11,2130,5,2,4,1.0,3,93013,M,4.0,0,93
200900047659,9,3,5,825,1,2,1,5.0,2,93047,M,4.0,0,93
200900047660,9,3,18,1220,1,2,1,1.0,6,93053,M,4.0,0,93
200900047661,9,3,13,1610,1,2,2,8.0,6,93074,M,4.0,0,93
200900047662,9,3,7,30,5,2,2,1.0,3,93001,M,4.0,0,93
200900047663,9,3,21,910,1,2,2,1.0,1,93048,M,4.0,0,93
200900047664,9,3,11,740,2,2,3,1.0,3,93064,M,4.0,0,93
200900047665,9,3,24,2340,5,2,2,1.0,3,93066,M,4.0,0,93
200900047666,9,3,19,1510,1,2,5,1.0,3,93066,M,4.0,0,93
200900047667,9,3,25,1455,1,2,2,1.0,1,93047,M,4.0,0,93
200900047668,9,3,5,1340,1,2,1,1.0,6,93031,M,4.0,0,93
200900047669,9,3,25,1300,1,2,2,8.0,3,93066,M,4.0,0,93
200900047670,9,3,22,1200,1,2,2,1.0,3,93077,M,4.0,0,93
200900047671,9,3,5,840,1,2,1,1.0,3,93066,M,4.0,0,93
200900047672,9,3,31,1725,1,2,1,1.0,3,93051,M,4.0,0,93
200900047673,9,3,9,2230,5,2,2,1.0,3,93066,M,4.0,0,93
200900047674,9,3,24,1330,1,2,2,1.0,3,93077,M,4.0,0,93
200900047675,9,3,9,1430,1,2,1,2.0,4,93048,M,4.0,0,93
200900047676,9,3,16,2130,5,2,1,1.0,3,93027,M,4.0,0,93
200900047677,9,3,14,1430,1,2,1,1.0,1,93030,M,4.0,0,93
200900047678,9,3,14,1725,1,2,3,1.0,2,93001,M,4.0,0,93
200900047679,9,3,14,1435,1,2,1,1.0,6,93079,M,4.0,0,93
200900047680,9,3,17,845,1,2,1,1.0,6,93077,M,4.0,0,93
200900047681,9,3,9,2100,5,2,3,1.0,3,93032,M,4.0,0,93
200900047682,9,3,1,1145,1,2,3,1.0,3,93007,M,4.0,0,93
200900047683,9,3,5,1220,1,1,1,1.0,6,93046,M,4.0,0,93
200900047684,9,3,3,1125,1,2,3,1.0,6,93046,M,4.0,0,93
200900047685,9,3,3,900,1,2,1,1.0,3,93007,M,4.0,0,93
200900047686,9,3,11,730,2,2,3,1.0,7,93014,M,4.0,0,93
200900047687,9,3,19,1730,1,2,1,1.0,3,93066,M,4.0,0,93
200900047688,9,3,6,730,1,2,2,1.0,6,93001,M,4.0,0,93
200900047689,9,3,20,1550,1,2,1,1.0,3,93014,M,4.0,0,93
200900047690,9,3,27,2140,5,2,3,1.0,6,93053,M,4.0,0,93
200900047691,9,3,25,2040,5,2,3,1.0,3,93053,M,4.0,0,93
200900047692,9,3,29,430,5,2,1,1.0,6,93047,M,4.0,0,93
200900047693,9,3,20,1945,5,2,3,1.0,3,93032,M,4.0,0,93
200900047694,9,3,9,600,3,2,1,1.0,3,93048,M,4.0,0,93
200900047695,9,3,16,2035,4,2,1,1.0,3,93001,M,4.0,0,93
200900047696,9,3,6,815,1,2,1,1.0,6,93048,M,4.0,0,93
200900047697,9,3,27,1652,1,2,1,1.0,3,93066,M,4.0,0,93
200900047698,9,3,7,1134,1,2,1,1.0,2,93032,M,4.0,0,93
200900047699,9,3,9,1030,1,2,3,1.0,6,93001,M,4.0,0,93
200900047700,9,3,20,900,1,2,5,1.0,6,93066,M,4.0,0,93
200900047701,9,3,12,1630,1,2,1,1.0,6,93048,M,4.0,0,93
200900047702,9,3,28,1130,1,2,3,1.0,3,93073,M,4.0,0,93
200900047703,9,3,4,845,1,2,1,3.0,6,93032,M,4.0,0,93
200900047704,9,3,10,1400,1,2,1,3.0,3,93066,M,4.0,0,93
200900047705,9,3,14,2,5,2,1,1.0,3,93047,M,4.0,0,93
200900047706,9,3,26,1120,1,2,2,1.0,3,93048,M,4.0,0,93
200900047707,9,3,11,1745,1,2,2,1.0,3,93048,M,4.0,0,93
200900047708,9,3,19,1500,1,2,2,7.0,3,93051,M,4.0,0,93
200900047709,9,3,6,1755,1,2,1,1.0,6,93007,M,4.0,0,93
200900047710,9,3,6,1155,1,2,3,1.0,6,93008,M,4.0,0,93
200900047711,9,3,20,1725,1,2,1,1.0,6,93048,M,4.0,0,93
200900047712,9,3,30,820,1,2,5,1.0,2,93051,M,4.0,0,93
200900047713,9,3,13,1030,1,2,1,1.0,3,93066,M,4.0,0,93
200900047714,9,3,25,1110,1,2,3,2.0,6,93047,M,4.0,0,93
200900047715,9,3,13,1830,1,2,1,1.0,6,93008,M,4.0,0,93
200900047716,9,3,2,1505,1,2,1,1.0,3,93051,M,4.0,0,93
200900047717,9,3,6,830,1,2,1,1.0,6,93053,M,4.0,0,93
200900047718,9,3,18,1915,1,1,1,1.0,3,93051,M,,,93
200900047719,9,12,16,1330,1,2,2,1.0,3,20004,M,,,201
200900047720,9,12,17,1725,5,2,1,1.0,3,20004,M,0.0,0,201
200900047721,9,12,23,1905,5,2,1,2.0,3,20004,M,0.0,0,201
200900047722,9,12,24,1430,1,2,1,2.0,2,20004,M,,,201
200900047723,9,12,27,530,5,2,1,1.0,6,20004,M,0.0,0,201
200900047724,9,12,27,1740,3,2,9,1.0,6,20004,M,,,201
200900047725,9,11,29,2015,3,1,1,8.0,2,17340,M,0.0,0,17
200900047726,9,11,4,1500,1,1,2,1.0,3,17131,M,0.0,0,17
200900047727,9,11,26,1300,1,1,1,1.0,6,17211,M,4.0,-,17
200900047728,9,11,22,2000,3,1,1,8.0,6,17032,M,0.0,0,17
200900047729,9,11,21,1845,3,1,2,2.0,3,17262,M,0.0,0,17
200900047730,9,11,13,1215,1,2,1,1.0,2,17093,M,4.0,-,17
200900047731,9,11,5,1015,1,1,2,1.0,3,17448,M,4.0,-,17
200900047732,9,11,1,1400,1,1,1,2.0,7,17364,M,0.0,0,17
200900047733,9,11,11,1530,1,1,1,2.0,3,17167,M,4.0,-,17
200900047734,9,11,2,615,3,1,1,2.0,2,17243,M,4.0,-,17
200900047735,9,11,4,1200,1,1,1,1.0,3,17428,M,0.0,0,17
200900047736,9,11,2,1745,5,2,1,3.0,3,17347,M,0.0,0,17
200900047737,9,11,15,15,5,2,1,1.0,2,17185,M,4.0,-,17
200900047738,9,11,17,1600,1,1,1,1.0,1,17382,M,0.0,0,17
200900047739,9,11,27,1700,1,2,9,8.0,1,17483,M,0.0,0,17
200900047740,9,11,6,1745,2,1,1,2.0,5,17356,M,4.0,-,17
200900047741,9,11,9,900,1,2,1,7.0,3,17224,M,4.0,-,17
200900047742,9,11,21,1200,1,1,1,1.0,1,17193,M,4.0,-,17
200900047743,9,11,9,1345,1,1,1,1.0,6,17210,M,0.0,0,17
200900047744,9,11,21,1145,1,1,1,1.0,6,17362,M,4.0,-,17
200900047745,9,11,18,1000,1,2,1,1.0,6,17300,M,,,17
200900047746,9,11,19,1013,1,2,1,1.0,2,17300,M,,,17
200900047747,9,11,15,1120,1,1,1,2.0,6,17415,M,,,17
200900047748,9,11,28,1850,5,2,2,1.0,3,17300,M,,,17
200900047749,9,11,20,2205,5,2,3,2.0,3,17300,M,,,17
200900047750,9,11,16,1820,4,2,1,2.0,6,17300,M,,,17
200900047751,9,11,10,1240,1,1,1,2.0,4,17299,M,,,17
200900047752,9,11,5,2110,5,2,1,2.0,3,17299,M,,,17
200900047753,9,11,26,1905,5,2,2,1.0,7,17299,M,,,17
200900047754,9,11,30,1000,1,2,1,1.0,6,17300,M,,,17
200900047755,9,11,28,800,1,1,1,1.0,7,17415,M,,,17
200900047756,9,11,20,1715,2,2,1,1.0,2,17300,M,,,17
200900047757,9,11,26,745,5,2,1,1.0,6,17300,M,,,17
200900047758,9,11,21,945,1,2,2,1.0,3,17300,M,,,17
200900047759,9,11,3,1840,5,2,3,2.0,3,17299,M,,,17
200900047760,9,11,26,2300,5,2,9,1.0,3,17300,M,,,17
200900047761,9,11,20,1850,5,2,2,1.0,3,17299,M,,,17
200900047762,9,11,30,1410,1,2,2,1.0,3,17300,M,,,17
200900047763,9,11,18,1845,5,2,1,1.0,3,17300,M,,,17
200900047764,9,11,17,2050,5,2,2,1.0,3,17299,M,,,17
200900047765,9,11,2,915,1,2,1,1.0,6,17415,M,,,17
200900047766,9,11,26,1800,3,2,1,2.0,6,17028,M,,,17
200900047767,9,11,21,950,1,2,9,1.0,3,17300,M,,,17
200900047768,9,11,8,2215,5,2,1,2.0,6,17415,M,,,17
200900047769,9,11,30,1045,1,2,1,1.0,7,17306,M,,,17
200900047770,9,11,25,825,2,2,1,1.0,2,17306,M,,,17
200900047771,9,11,24,1,5,2,1,1.0,7,17380,M,,,17
200900047772,9,11,11,1410,1,2,1,2.0,7,17461,M,,,17
200900047773,9,11,7,1855,5,2,1,1.0,6,17333,M,,,17
200900047774,9,11,15,140,5,2,1,1.0,6,17306,M,,,17
200900047775,9,11,8,541,5,2,1,1.0,6,17380,M,,,17
200900047776,9,11,8,1900,3,1,1,1.0,6,17415,M,,,17
200900047777,9,11,9,915,1,2,1,1.0,2,17306,M,,,17
200900047778,9,11,17,910,1,1,1,2.0,6,17415,M,,,17
200900047779,9,11,5,1900,5,2,3,1.0,3,17028,M,,,17
200900047780,9,11,10,755,5,2,1,2.0,6,17300,M,,,17
200900047781,9,11,12,1330,1,2,1,1.0,7,17300,M,,,17
200900047782,9,11,10,1742,2,2,1,2.0,6,17028,M,,,17
200900047783,9,11,9,1950,5,2,9,2.0,3,17300,M,,,17
200900047784,9,11,3,1050,1,2,9,1.0,3,17200,M,,,17
200900047785,9,11,13,2120,5,2,9,1.0,3,17300,M,,,17
200900047786,9,11,4,1225,1,2,1,3.0,6,17300,M,,,17
200900047787,9,11,3,1820,5,2,1,2.0,6,17300,M,,,17
200900047788,9,11,5,810,1,1,1,1.0,5,17300,M,,,17
200900047789,9,11,13,1954,5,2,1,1.0,6,17028,M,,,17
200900047790,9,11,9,740,2,1,1,1.0,7,17300,M,,,17
200900047791,9,12,15,1910,5,2,1,1.0,7,32013,M,4.0,0,32
200900047792,9,11,18,1815,3,1,1,1.0,6,86165,M,4.0,0,86
200900047793,9,11,27,1745,3,1,1,2.0,2,86114,M,0.0,0,86
200900047794,9,11,1,1515,1,1,1,2.0,3,86174,M,0.0,0,86
200900047795,9,11,8,1115,1,1,1,2.0,7,86248,M,0.0,0,86
200900047796,9,11,24,745,2,1,1,8.0,6,86222,M,4.0,0,86
200900047797,9,11,26,715,2,1,2,1.0,1,86210,M,0.0,0,86
200900047798,9,11,12,1915,3,1,1,1.0,1,86174,M,0.0,0,86
200900047799,9,11,4,800,1,1,1,8.0,6,86019,M,0.0,0,86
200900047800,9,11,15,1115,1,2,1,2.0,6,86082,M,0.0,0,86
200900047801,9,11,1,1015,1,1,1,1.0,3,86121,M,4.0,0,86
200900047802,9,11,28,1400,1,1,1,2.0,3,86009,M,0.0,0,86
200900047803,9,11,12,900,1,2,1,2.0,6,86264,M,0.0,0,86
200900047804,9,11,3,1830,5,2,1,2.0,6,86258,M,0.0,0,86
200900047805,9,11,20,845,1,1,1,1.0,3,86076,M,0.0,0,86
200900047806,9,11,16,1040,1,2,2,2.0,3,86194,M,,,86
200900047807,9,11,27,1730,5,2,3,8.0,3,86194,M,,,86
200900047808,9,11,30,810,5,2,1,8.0,6,86194,M,,,86
200900047809,9,11,19,1715,1,2,1,1.0,6,86194,M,,,86
200900047810,9,11,25,750,1,2,2,1.0,3,86157,M,,,86
200900047811,9,11,30,1835,5,2,1,2.0,6,86194,M,,,86
200900047812,9,11,16,1945,5,2,1,1.0,6,86194,M,,,86
200900047813,9,11,19,950,1,2,1,1.0,3,86194,M,,,86
200900047814,9,11,30,1735,5,2,1,2.0,2,86194,M,,,86
200900047815,9,11,24,2345,5,2,1,1.0,6,86194,M,,,86
200900047816,9,11,18,550,1,2,1,1.0,3,86194,M,,,86
200900047817,9,11,1,1130,1,1,1,8.0,6,86166,M,0.0,0,86
200900047818,9,11,4,1625,1,2,1,1.0,6,86194,M,,,86
200900047819,9,11,6,1935,5,2,1,1.0,6,86194,M,,,86
200900047820,9,11,12,825,2,2,3,1.0,6,86194,M,,,86
200900047821,9,11,7,1920,5,2,2,1.0,3,86194,M,,,86
200900047822,9,11,9,1820,5,2,1,1.0,2,86194,M,,,86
200900047823,9,11,2,1205,1,1,1,8.0,2,86157,M,,,86
200900047824,9,11,3,815,1,2,6,2.0,3,86158,M,,,86
200900047825,9,11,12,1200,1,2,1,1.0,6,86066,M,,,86
200900047826,9,12,11,1900,3,1,3,1.0,3,86157,M,,,86
200900047827,9,12,12,25,5,2,1,1.0,6,86214,M,,,86
200900047828,9,12,1,755,2,2,1,1.0,6,86194,M,,,86
200900047829,9,12,4,1525,1,2,6,2.0,3,86157,M,,,86
200900047830,9,12,11,1610,1,2,3,1.0,6,86194,M,,,86
200900047831,9,12,4,1210,1,2,1,1.0,1,86066,M,,,86
200900047832,9,12,11,1014,1,2,4,1.0,3,86066,M,,,86
200900047833,9,12,27,1830,3,1,1,1.0,7,86113,M,0.0,0,86
200900047834,9,12,19,1200,1,1,1,1.0,6,86174,M,0.0,0,86
200900047835,9,12,4,1130,1,2,1,1.0,6,86082,M,0.0,0,86
200900047836,9,12,11,2130,3,2,1,1.0,3,86253,M,0.0,0,86
200900047837,9,12,9,1045,1,1,2,1.0,3,86039,M,0.0,0,86
200900047838,9,12,30,845,1,1,1,8.0,6,86061,M,0.0,0,86
200900047839,9,12,22,1815,3,1,1,2.0,1,86213,M,0.0,0,86
200900047840,9,12,8,715,5,2,1,1.0,6,86016,M,0.0,0,86