Num_Acc,an,mois,jour,hrmn,lum,agg,int,atm,col,com,gps,lat,long,dep
200900047841,9,12,8,1945,3,1,1,2.0,6,86272,M,0.0,0,86
200900047842,9,12,6,800,2,2,1,2.0,6,86149,M,4.0,0,86
200900047843,9,12,13,1930,3,1,1,1.0,2,86221,M,0.0,0,86
200900047844,9,12,15,1330,1,1,1,1.0,3,86137,M,4.0,0,86
200900047845,9,12,23,400,5,2,1,1.0,6,86194,M,,,86
200900047846,9,12,31,1345,1,2,1,8.0,6,86214,M,,,86
200900047847,9,12,20,1045,1,2,1,1.0,6,86194,M,,,86
200900047848,9,12,31,955,1,2,2,1.0,6,86194,M,,,86
200900047849,9,12,22,2200,3,1,1,2.0,6,86214,M,,,86
200900047850,9,12,23,1500,1,2,1,1.0,6,86194,M,,,86
200900047851,9,12,21,1435,1,2,1,3.0,3,86194,M,,,86
200900047852,9,12,25,1200,1,2,6,1.0,2,86157,M,,,86
200900047853,9,12,30,1950,3,2,1,2.0,5,86194,M,,,86
200900047854,9,12,14,1320,1,2,1,1.0,6,17291,M,,,17
200900047855,9,12,10,1748,5,1,1,1.0,4,17300,M,,,17
200900047856,9,12,6,2050,5,2,9,1.0,3,17300,M,,,17
200900047857,9,12,1,2105,5,2,3,1.0,3,17300,M,,,17
200900047858,9,12,1,1525,1,1,1,1.0,2,17299,M,,,17
200900047859,9,12,2,1330,1,2,9,1.0,3,17300,M,,,17
200900047860,9,12,11,1950,5,2,6,1.0,2,17300,M,,,17
200900047861,9,12,12,310,5,2,1,1.0,2,17300,M,,,17
200900047862,9,12,15,1905,3,2,1,1.0,6,17300,M,,,17
200900047863,9,12,4,1035,1,2,1,8.0,5,17299,M,,,17
200900047864,9,12,1,940,1,1,1,1.0,3,17461,M,,,17
200900047865,9,12,3,1855,5,2,6,2.0,3,17299,M,,,17
200900047866,9,12,1,2100,5,2,1,2.0,6,17028,M,,,17
200900047867,9,12,4,1600,1,2,9,1.0,2,17300,M,,,17
200900047868,9,12,12,1830,5,2,3,1.0,3,17274,M,,,17
200900047869,9,12,4,1729,5,2,6,2.0,3,17300,M,,,17
200900047870,9,12,5,1535,1,2,1,1.0,3,17306,M,,,17
200900047871,9,12,8,1705,2,2,1,2.0,2,17449,M,,,17
200900047872,9,12,11,2150,5,2,3,1.0,3,17333,M,,,17
200900047873,9,12,12,1820,5,2,7,1.0,3,17306,M,,,17
200900047874,9,12,4,2038,5,2,2,1.0,3,17300,M,,,17
200900047875,9,12,11,855,1,2,1,1.0,6,17299,M,,,17
200900047876,9,12,3,1300,1,2,3,1.0,3,17299,M,,,17
200900047877,9,12,9,1345,1,2,1,1.0,6,17300,M,,,17
200900047878,9,12,8,1350,1,2,1,2.0,3,17306,M,,,17
200900047879,9,12,9,2105,5,2,1,1.0,3,17299,M,,,17
200900047880,9,12,23,1615,1,2,1,1.0,3,17306,M,,,17
200900047881,9,12,26,1415,1,2,1,1.0,6,17306,M,,,17
200900047882,9,12,16,1455,1,2,2,1.0,3,17306,M,,,17
200900047883,9,12,25,1000,1,1,1,1.0,6,17236,M,4.0,-,17
200900047884,9,12,25,1800,5,2,1,1.0,6,17331,M,0.0,0,17
200900047885,9,12,5,2000,3,1,1,8.0,3,17425,M,0.0,0,17
200900047886,9,12,5,1130,1,1,1,1.0,2,17408,M,0.0,0,17
200900047887,9,12,2,2100,3,1,1,8.0,5,17415,M,0.0,0,17
200900047888,9,12,23,1545,1,1,2,1.0,3,17340,M,0.0,0,17
200900047889,9,12,3,1945,3,1,6,9.0,1,17142,M,4.0,-,17
200900047890,9,12,26,915,1,1,1,9.0,6,17411,M,0.0,0,17
200900047891,9,12,10,730,3,1,1,1.0,2,17193,M,0.0,0,17
200900047892,9,12,17,1630,1,1,1,1.0,1,17219,M,4.0,-,17
200900047893,9,12,14,1800,5,1,1,1.0,7,17300,M,,,17
200900047894,9,12,24,1355,1,2,1,1.0,6,17306,M,,,17
200900047895,9,12,24,1655,1,2,1,1.0,6,17333,M,,,17
200900047896,9,12,31,1250,1,2,1,1.0,6,17461,M,,,17
200900047897,9,12,23,1900,5,2,1,1.0,6,17415,M,,,17
200900047898,9,12,22,1550,1,2,1,2.0,6,17300,M,,,17
200900047899,9,12,6,1845,5,2,1,1.0,6,17415,M,,,17
200900047900,9,12,18,820,2,2,6,1.0,3,17300,M,,,17
200900047901,9,12,18,1745,5,2,9,1.0,6,17300,M,,,17
200900047902,9,12,17,1025,1,2,9,1.0,3,17300,M,,,17
200900047903,9,12,16,1945,5,2,1,1.0,6,17299,M,,,17
200900047904,9,12,16,1645,1,2,1,1.0,3,17028,M,,,17
200900047905,9,12,29,910,1,2,1,1.0,6,17415,M,,,17
200900047906,9,12,30,40,3,1,1,1.0,6,17415,M,,,17
200900047907,9,12,24,2225,3,2,2,1.0,3,17300,M,,,17
200900047908,9,12,21,1045,1,2,1,1.0,6,17300,M,,,17
200900047909,9,12,19,1855,3,2,9,1.0,1,17028,M,,,17
200900047910,9,12,7,1950,5,2,1,3.0,3,17415,M,,,17
200900047911,9,12,2,1830,5,2,1,2.0,6,17415,M,,,17
200900047912,9,12,18,1505,1,2,1,1.0,3,17300,M,,,17
200900047913,9,12,23,1830,3,2,1,1.0,3,17300,M,,,17
200900047914,9,12,1,1830,2,2,1,1.0,6,17415,M,,,17
200900047915,9,12,27,1737,5,2,1,1.0,6,17291,M,,,17
200900047916,9,12,29,2235,5,2,2,1.0,3,17299,M,,,17
200900047917,9,12,21,1830,5,2,1,1.0,6,17415,M,,,17
200900047918,9,12,21,2120,3,1,1,1.0,6,17415,M,,,17
200900047919,9,12,21,940,1,2,2,1.0,3,17300,M,,,17
200900047920,9,12,10,1545,1,2,1,1.0,6,17415,M,,,17
200900047921,9,12,18,700,5,2,6,8.0,7,17299,M,,,17
200900047922,9,12,20,240,5,2,1,1.0,6,17300,M,,,17
200900047923,9,12,24,557,5,1,1,1.0,6,17300,M,,,17
200900047924,9,12,1,1915,2,2,1,1.0,6,17415,M,,,17
200900047925,9,12,5,1320,1,2,1,1.0,6,17415,M,,,17
200900047926,9,12,17,250,5,2,1,1.0,6,17449,M,,,17
200900047927,9,12,21,1720,5,1,1,1.0,1,17300,M,,,17
200900047928,9,12,23,1829,5,2,2,1.0,3,17291,M,,,17
200900047929,9,12,30,1350,1,2,1,1.0,2,17299,M,,,17
200900047930,9,12,11,1908,5,2,1,1.0,6,17300,M,,,17
200900047931,9,12,22,1558,1,2,1,2.0,1,17300,M,,,17
200900047932,9,12,23,1822,5,2,1,1.0,6,17300,M,,,17
200900047933,9,11,1,430,5,2,1,1.0,6,12174,M,,,12
200900047934,9,4,29,1020,1,2,1,1.0,2,17449,M,,,17
200900047935,9,4,23,1220,1,2,1,1.0,2,17299,M,,,17
200900047936,9,4,29,1835,1,2,2,1.0,3,17300,M,,,17
200900047937,9,4,30,1610,1,2,1,3.0,7,17449,M,,,17
200900047938,9,10,12,850,1,1,1,2.0,1,09225,M,,,09
200900047939,9,11,5,1040,1,1,1,2.0,6,12013,M,,,12
200900047940,9,11,12,1200,1,2,1,1.0,6,12202,M,,,12
200900047941,9,11,12,1415,1,2,1,1.0,6,12176,M,,,12
200900047942,9,12,16,1535,1,2,1,1.0,7,12202,M,,,12
200900047943,9,12,27,1445,1,2,1,2.0,7,12202,M,,,12
200900047944,9,12,30,2040,5,2,3,1.0,3,12202,M,,,12
200900047945,9,11,24,1615,1,1,1,1.0,5,07346,M,0.0,0,07
200900047946,9,11,28,1745,5,1,1,2.0,1,07017,M,0.0,0,07
200900047947,9,11,17,1830,5,1,1,1.0,6,07197,M,0.0,0,07
200900047948,9,11,8,1915,1,1,9,1.0,6,07346,M,0.0,0,07
200900047949,9,11,11,1645,1,1,1,1.0,7,07317,M,0.0,0,07
200900047950,9,11,1,1200,1,1,1,1.0,7,07096,M,4.0,0,07
200900047951,9,11,27,700,3,1,1,1.0,6,07188,M,0.0,0,07
200900047952,9,11,3,1215,1,1,1,2.0,1,07167,M,4.0,0,07
200900047953,9,11,24,1545,1,1,1,1.0,7,07301,M,4.0,0,07
200900047954,9,11,8,1645,1,2,1,8.0,6,07319,M,4.0,0,07
200900047955,9,11,7,1900,3,1,1,2.0,7,07114,M,0.0,0,07
200900047956,9,11,13,1415,1,1,1,1.0,1,07172,M,0.0,0,07
200900047957,9,11,29,1400,1,1,1,2.0,7,07183,M,0.0,0,07
200900047958,9,12,12,1815,3,1,1,1.0,3,85214,M,0.0,0,85
200900047959,9,12,2,800,1,1,1,5.0,5,85109,M,0.0,0,85
200900047960,9,12,5,1730,5,2,1,1.0,6,85191,M,4.0,-,85
200900047961,9,12,5,2000,3,1,1,1.0,6,85029,M,0.0,0,85
200900047962,9,12,5,2100,5,2,2,1.0,3,85243,M,0.0,0,85
200900047963,9,12,7,800,2,1,1,1.0,4,85190,M,0.0,0,85
200900047964,9,12,8,1830,3,1,1,2.0,6,85061,M,0.0,0,85
200900047965,9,12,16,853,1,2,1,1.0,6,85191,M,4.0,-,85
200900047966,9,12,16,1115,1,1,1,9.0,7,85127,M,0.0,0,85
200900047967,9,12,20,1700,1,1,1,1.0,1,85048,M,0.0,0,85
200900047968,9,12,19,1100,1,1,1,1.0,6,85255,M,0.0,0,85
200900047969,9,12,29,1400,1,2,1,1.0,3,85160,M,0.0,0,85
200900047970,9,12,3,1045,1,2,1,1.0,6,85128,M,4.0,-,85
200900047971,9,12,21,800,3,1,1,8.0,1,85269,M,0.0,0,85
200900047972,9,12,22,1230,1,1,1,1.0,3,85218,M,0.0,0,85
200900047973,9,12,23,1330,1,1,1,8.0,3,85019,M,0.0,0,85
200900047974,9,12,24,1730,1,2,1,1.0,6,85092,M,0.0,0,85
200900047975,9,12,25,230,4,2,1,2.0,7,85092,M,4.0,-,85
200900047976,9,12,26,1930,3,1,1,2.0,7,85178,M,0.0,0,85
200900047977,9,12,28,1800,3,2,7,1.0,6,85092,M,4.0,-,85
200900047978,9,12,29,1215,1,1,1,1.0,1,85086,M,0.0,0,85
200900047979,9,12,13,1930,3,1,1,1.0,1,85267,M,0.0,0,85
200900047980,9,12,29,1545,1,2,1,1.0,1,85191,M,,,85
200900047981,9,10,19,1830,1,1,1,1.0,5,05040,M,0.0,0,05
200900047982,9,10,10,1930,5,2,2,1.0,3,05061,M,,,05
200900047983,9,10,18,20,5,1,1,1.0,6,05061,M,,,05
200900047984,9,10,26,1405,1,2,1,1.0,3,05061,M,,,05
200900047985,9,10,9,1915,2,2,1,1.0,4,05073,M,0.0,0,05
200900047986,9,4,15,940,1,2,2,2.0,3,44109,M,,,44
200900047987,9,4,24,1555,1,2,2,1.0,6,44109,M,,,44
200900047988,9,4,29,1700,1,2,1,1.0,6,44143,M,,,44
200900047989,9,4,30,1750,1,2,1,1.0,6,44109,M,,,44
200900047990,9,4,6,1610,1,2,2,1.0,3,44184,M,,,44
200900047991,9,4,4,1030,1,2,1,2.0,1,44109,M,,,44
200900047992,9,4,15,2030,5,2,1,2.0,6,44190,M,,,44
200900047993,9,4,16,1915,1,1,6,1.0,6,44190,M,,,44
200900047994,9,4,3,1035,1,2,1,5.0,6,44109,M,,,44
200900047995,9,4,3,2113,2,2,1,1.0,1,44184,M,,,44
200900047996,9,4,8,930,1,2,1,1.0,6,44109,M,,,44
200900047997,9,4,7,2030,2,2,2,1.0,3,44184,M,,,44
200900047998,9,4,8,100,4,2,1,1.0,7,44109,M,,,44
200900047999,9,4,29,1630,1,2,1,1.0,6,44109,M,,,44
200900048000,9,4,16,2030,1,2,1,1.0,6,44109,M,,,44
200900048001,9,4,30,2335,5,2,9,1.0,6,44109,M,,,44
200900048002,9,4,12,1840,1,2,6,1.0,3,44109,M,,,44
200900048003,9,4,7,1510,1,2,1,1.0,6,44190,M,,,44
200900048004,9,4,1,1820,1,2,1,1.0,4,44109,M,,,44
200900048005,9,4,13,1530,1,2,9,1.0,6,44109,M,,,44
200900048006,9,4,29,1110,1,2,4,1.0,6,44109,M,,,44
200900048007,9,4,9,1805,1,2,1,1.0,6,44109,M,,,44
200900048008,9,4,9,1240,1,2,2,1.0,6,44109,M,,,44
200900048009,9,4,16,1015,1,2,1,1.0,6,44109,M,,,44
200900048010,9,4,7,750,1,2,9,1.0,3,44109,M,,,44
200900048011,9,4,13,1319,1,2,2,1.0,3,44109,M,,,44
200900048012,9,4,24,145,3,1,3,1.0,6,44184,M,,,44
200900048013,9,4,17,815,1,2,6,1.0,3,44109,M,,,44
200900048014,9,4,23,1420,1,2,1,1.0,6,44109,M,,,44
200900048015,9,4,20,1330,1,2,1,1.0,6,44143,M,,,44
200900048016,9,4,26,1950,1,2,3,1.0,3,44109,M,,,44
200900048017,9,4,3,1110,1,2,7,1.0,6,44109,M,,,44
200900048018,9,4,17,2310,3,2,1,9.0,6,44109,M,,,44
200900048019,9,4,7,1530,1,2,1,1.0,3,44109,M,,,44
200900048020,9,4,2,1910,1,2,1,1.0,1,44109,M,,,44
200900048021,9,4,18,30,5,2,1,1.0,2,44184,M,,,44
200900048022,9,4,5,1455,1,1,6,1.0,3,44109,M,,,44
200900048023,9,4,4,1050,1,2,1,8.0,4,44109,M,,,44
200900048024,9,4,24,1625,1,2,1,1.0,6,44184,M,,,44
200900048025,9,4,2,1810,1,2,1,1.0,3,44109,M,,,44
200900048026,9,4,6,1915,1,2,6,2.0,3,44109,M,,,44
200900048027,9,4,11,2230,3,1,1,1.0,1,44159,M,0.0,0,44
200900048028,9,4,28,930,1,1,2,7.0,1,44122,M,0.0,0,44
200900048029,9,4,21,815,1,1,3,1.0,3,44223,M,0.0,0,44
200900048030,9,4,15,1745,1,1,9,3.0,4,44026,M,0.0,0,44
200900048031,9,4,2,930,1,1,1,1.0,4,44179,M,0.0,0,44
200900048032,9,4,25,1630,1,2,9,1.0,1,44035,M,0.0,0,44
200900048033,9,4,30,1730,1,1,1,2.0,6,44148,M,0.0,0,44
200900048034,9,4,22,1800,1,1,1,1.0,1,44040,M,0.0,0,44
200900048035,9,4,22,1630,1,1,1,1.0,1,44204,M,0.0,0,44
200900048036,9,4,4,1415,2,1,1,1.0,1,44223,M,0.0,0,44
200900048037,9,4,21,2115,5,2,1,1.0,7,44103,M,0.0,0,44
200900048038,9,4,29,1415,1,2,1,1.0,7,44136,M,0.0,0,44
200900048039,9,4,20,1730,1,2,1,1.0,2,44069,M,0.0,0,44
200900048040,9,4,24,1730,1,2,1,1.0,1,44217,M,0.0,0,44
200900048041,9,4,24,1945,1,2,6,1.0,1,44026,M,0.0,0,44
200900048042,9,4,16,1930,1,1,1,1.0,6,44217,M,0.0,0,44
200900048043,9,4,14,1545,1,1,1,1.0,3,44098,M,0.0,0,44
200900048044,9,4,7,2000,1,1,2,1.0,3,44151,M,0.0,0,44
200900048045,9,4,5,1200,1,1,1,1.0,3,44067,M,0.0,0,44
200900048046,9,4,26,430,3,1,1,1.0,7,44158,M,0.0,0,44
200900048047,9,4,15,1745,1,1,1,3.0,1,44054,M,0.0,0,44
200900048048,9,4,7,1830,1,1,1,1.0,5,44130,M,0.0,0,44
200900048049,9,4,17,2245,3,1,1,1.0,6,44155,M,0.0,0,44
200900048050,9,4,10,1020,1,2,6,2.0,2,44132,M,,,44
200900048051,9,4,25,1045,1,2,1,1.0,6,44132,M,,,44
200900048052,9,4,13,755,1,2,1,1.0,2,44109,M,,,44
200900048053,9,4,15,1538,1,2,3,2.0,2,44184,M,,,44
200900048054,9,4,17,1640,1,1,1,1.0,3,44184,M,,,44
200900048055,9,4,24,1255,1,1,1,1.0,6,44184,M,,,44
200900048056,9,4,3,1600,1,2,3,1.0,2,44184,M,,,44
200900048057,9,4,3,1715,1,1,1,1.0,3,44109,M,,,44
200900048058,9,4,5,2005,1,2,3,1.0,7,44190,M,,,44
200900048059,9,4,9,2315,5,2,2,1.0,3,44109,M,,,44
200900048060,9,4,11,730,1,2,1,8.0,6,44020,M,0.0,0,44
200900048061,9,4,11,1435,1,2,1,1.0,6,44109,M,,,44
200900048062,9,4,7,1400,1,1,1,1.0,7,44217,M,0.0,0,44
200900048063,9,4,14,1545,1,1,1,1.0,7,44098,M,0.0,0,44
200900048064,9,4,25,1445,1,2,1,1.0,7,44114,M,,,44
200900048065,9,4,16,2250,5,2,1,1.0,6,44109,M,,,44
200900048066,9,4,27,750,1,2,1,1.0,3,44114,M,,,44
200900048067,9,4,4,815,1,1,1,1.0,2,44114,M,,,44
200900048068,9,4,5,1750,1,2,2,1.0,3,44162,M,,,44
200900048069,9,4,3,1655,1,1,1,1.0,6,44162,M,,,44
200900048070,9,4,8,1845,2,1,1,3.0,1,44114,M,,,44
200900048071,9,4,1,1225,1,1,1,1.0,7,44114,M,,,44
200900048072,9,4,12,535,3,1,9,1.0,6,44114,M,,,44
200900048073,9,4,15,1425,1,2,2,1.0,3,44055,M,,,44
200900048074,9,4,19,1555,1,2,4,1.0,3,44135,M,,,44
200900048075,9,4,21,1655,1,2,1,1.0,6,44055,M,,,44
200900048076,9,4,7,1625,1,2,2,1.0,3,44135,M,,,44
200900048077,9,4,3,1400,1,2,2,1.0,3,44132,M,,,44
200900048078,9,5,12,730,1,2,1,1.0,6,44109,M,,,44
200900048079,9,5,15,1210,1,2,1,1.0,6,44109,M,,,44
200900048080,9,5,19,845,1,2,1,1.0,6,44109,M,,,44
200900048081,9,5,12,1250,1,2,1,1.0,2,44109,M,,,44
200900048082,9,5,31,1505,1,2,1,1.0,1,44143,M,,,44
200900048083,9,5,20,1515,1,2,1,1.0,3,44109,M,,,44
200900048084,9,5,20,1940,1,2,1,1.0,3,44114,M,,,44
200900048085,9,5,31,2340,5,2,3,1.0,2,44055,M,,,44
200900048086,9,5,20,800,1,2,1,1.0,2,44162,M,,,44
200900048087,9,5,19,1809,1,2,1,1.0,3,44109,M,,,44
200900048088,9,5,24,1205,1,2,1,1.0,1,44055,M,,,44
200900048089,9,5,1,1735,1,2,1,1.0,2,44184,M,,,44
200900048090,9,5,4,1620,1,2,1,1.0,2,44109,M,,,44
200900048091,9,5,26,2025,1,2,1,1.0,6,44109,M,,,44
200900048092,9,5,21,1831,1,2,1,1.0,2,44055,M,,,44
200900048093,9,5,5,2000,1,2,1,1.0,5,44114,M,,,44
200900048094,9,5,16,210,5,2,1,1.0,3,44132,M,,,44
200900048095,9,5,27,1815,1,2,3,1.0,3,44184,M,,,44
200900048096,9,5,27,1715,1,2,2,1.0,3,44109,M,,,44
200900048097,9,5,13,1850,1,2,8,1.0,3,44109,M,,,44
200900048098,9,5,4,1640,1,2,1,1.0,3,44184,M,,,44
200900048099,9,5,5,820,1,2,6,8.0,3,44109,M,,,44
200900048100,9,5,21,1927,2,2,1,1.0,2,44055,M,,,44
200900048101,9,5,27,1820,1,2,2,1.0,3,44132,M,,,44
200900048102,9,5,19,710,1,2,1,1.0,6,44109,M,,,44
200900048103,9,5,3,2000,1,2,1,1.0,6,44109,M,,,44
200900048104,9,5,27,1213,1,2,1,1.0,1,44109,M,,,44
200900048105,9,5,7,1440,1,2,6,1.0,3,44109,M,,,44
200900048106,9,5,22,920,1,2,5,1.0,2,44109,M,,,44
200900048107,9,5,6,1705,1,2,3,1.0,3,44109,M,,,44
200900048108,9,5,10,1344,1,2,1,3.0,7,44109,M,,,44
200900048109,9,5,22,1344,1,2,1,1.0,6,44109,M,,,44
200900048110,9,5,30,1510,1,2,1,1.0,3,44162,M,,,44
200900048111,9,5,1,1505,1,2,1,1.0,6,44109,M,,,44
200900048112,9,5,15,845,1,2,1,1.0,6,44162,M,,,44
200900048113,9,5,7,915,1,2,1,1.0,6,44109,M,,,44
200900048114,9,5,5,1815,1,1,6,1.0,3,44109,M,,,44
200900048115,9,5,24,1435,1,2,6,1.0,3,44109,M,,,44
200900048116,9,5,25,1917,1,2,2,3.0,3,44184,M,,,44
200900048117,9,5,20,745,1,2,1,1.0,6,44109,M,,,44
200900048118,9,5,18,805,1,2,1,8.0,2,44162,M,,,44
200900048119,9,5,6,2000,1,2,6,1.0,3,44184,M,,,44
200900048120,9,5,16,2100,2,2,6,1.0,3,44109,M,,,44
200900048121,9,5,28,805,1,2,1,1.0,6,44109,M,,,44
200900048122,9,5,27,825,1,2,2,1.0,3,44132,M,,,44
200900048123,9,5,11,1842,1,2,6,2.0,3,44162,M,,,44
200900048124,9,5,18,1750,1,2,1,1.0,6,44143,M,,,44
200900048125,9,5,16,320,5,2,2,3.0,6,44109,M,,,44
200900048126,9,5,30,1420,1,2,1,1.0,3,44109,M,,,44
200900048127,9,5,31,30,3,1,1,1.0,7,44146,M,0.0,0,44
200900048128,9,5,19,915,1,2,7,1.0,6,44217,M,0.0,0,44
200900048129,9,5,24,800,1,1,1,1.0,7,44216,M,0.0,0,44
200900048130,9,5,1,2015,1,1,1,1.0,7,44128,M,0.0,0,44
200900048131,9,5,26,1315,1,1,1,1.0,3,44201,M,0.0,0,44
200900048132,9,5,2,2045,1,2,1,1.0,1,44018,M,0.0,0,44
200900048133,9,5,7,1345,1,1,1,1.0,7,44189,M,0.0,0,44
200900048134,9,5,5,1500,1,2,1,1.0,6,44183,M,0.0,0,44
200900048135,9,5,21,1830,1,1,1,1.0,1,44079,M,0.0,0,44
200900048136,9,5,17,1445,1,2,1,1.0,6,44036,M,0.0,0,44
200900048137,9,5,17,315,3,1,1,1.0,6,44067,M,0.0,0,44
200900048138,9,5,25,2000,2,1,1,2.0,2,44047,M,0.0,0,44
200900048139,9,5,6,1245,1,1,1,1.0,1,44064,M,0.0,0,44
200900048140,9,5,18,1600,1,1,1,1.0,1,44169,M,0.0,0,44
200900048141,9,5,23,1930,1,1,1,1.0,6,44217,M,0.0,0,44
200900048142,9,5,2,1830,1,1,1,1.0,1,44168,M,0.0,0,44
200900048143,9,5,5,1630,1,2,6,1.0,3,44215,M,0.0,0,44
200900048144,9,5,26,1800,1,2,1,1.0,6,44003,M,0.0,0,44
200900048145,9,5,10,1915,1,1,1,2.0,3,44217,M,0.0,0,44
200900048146,9,5,20,1715,1,1,1,1.0,3,44205,M,0.0,0,44
200900048147,9,5,30,330,3,1,1,1.0,2,44160,M,0.0,0,44
200900048148,9,5,10,2230,3,1,1,8.0,3,44014,M,0.0,0,44
200900048149,9,5,22,2330,5,2,1,1.0,3,44172,M,0.0,0,44
200900048150,9,5,16,1830,1,1,1,1.0,3,44067,M,0.0,0,44
200900048151,9,5,23,2045,1,1,1,1.0,7,44103,M,0.0,0,44
200900048152,9,5,21,545,2,1,1,1.0,7,44193,M,0.0,0,44
200900048153,9,5,4,800,1,1,1,1.0,6,44186,M,0.0,0,44
200900048154,9,5,31,1615,1,1,1,1.0,6,44003,M,0.0,0,44
200900048155,9,5,19,2215,3,1,1,1.0,2,44163,M,0.0,0,44
200900048156,9,5,2,1415,1,2,1,1.0,2,44109,M,,,44
200900048157,9,5,4,845,1,2,1,1.0,6,44184,M,,,44
200900048158,9,5,11,2120,2,2,1,1.0,3,44162,M,,,44
200900048159,9,5,12,1925,1,2,6,2.0,3,44109,M,,,44
200900048160,9,5,21,2040,1,2,2,1.0,3,44184,M,,,44
200900048161,9,5,22,1355,1,2,1,1.0,6,44143,M,,,44
200900048162,9,5,13,2105,1,1,1,1.0,3,44162,M,,,44
200900048163,9,5,15,1945,1,1,1,1.0,7,44109,M,,,44
200900048164,9,5,29,755,1,2,3,2.0,6,44109,M,,,44
200900048165,9,5,29,800,1,1,1,1.0,6,44109,M,,,44
200900048166,9,5,29,1430,1,1,1,1.0,1,44148,M,0.0,0,44
200900048167,9,5,29,1705,1,2,1,1.0,6,44184,M,,,44
200900048168,9,5,25,1900,1,2,6,3.0,3,44109,M,,,44
200900048169,9,5,27,1730,1,1,1,1.0,6,44162,M,,,44
200900048170,9,5,22,1150,1,2,1,1.0,6,44109,M,,,44
200900048171,9,5,26,650,1,2,1,2.0,7,44109,M,,,44
200900048172,9,5,3,150,3,1,1,1.0,6,44190,M,,,44
200900048173,9,6,17,1415,1,2,1,1.0,6,44190,M,,,44
200900048174,9,6,17,845,1,2,6,1.0,1,44162,M,,,44
200900048175,9,6,22,1730,1,2,1,1.0,6,44109,M,,,44
200900048176,9,6,12,1740,1,2,1,1.0,3,44109,M,,,44
200900048177,9,6,16,1045,1,2,1,1.0,3,44109,M,,,44
200900048178,9,6,8,2110,1,2,1,1.0,6,44143,M,,,44
200900048179,9,6,17,1235,1,2,1,1.0,6,44143,M,,,44
200900048180,9,6,18,1450,1,2,1,1.0,2,44109,M,,,44
200900048181,9,6,13,1115,1,2,1,1.0,6,44109,M,,,44
200900048182,9,6,4,2230,5,2,1,1.0,6,44109,M,,,44
200900048183,9,6,26,2115,1,2,1,1.0,7,44109,M,,,44
200900048184,9,6,6,300,5,2,1,1.0,1,44109,M,,,44
200900048185,9,6,6,650,1,2,1,1.0,7,44109,M,,,44
200900048186,9,6,24,900,1,2,1,1.0,3,44109,M,,,44
200900048187,9,6,2,1840,2,2,3,1.0,6,44109,M,,,44
200900048188,9,6,18,1655,1,2,2,8.0,3,44109,M,,,44
200900048189,9,6,2,1350,1,2,3,1.0,1,44109,M,,,44
200900048190,9,6,24,1710,1,2,1,1.0,6,44109,M,,,44
200900048191,9,6,24,1735,1,2,1,1.0,6,44162,M,,,44
200900048192,9,6,11,1505,1,2,1,1.0,6,44109,M,,,44
200900048193,9,6,21,150,5,2,1,1.0,6,44109,M,,,44
200900048194,9,6,24,1340,1,2,6,1.0,3,44162,M,,,44
200900048195,9,6,23,1620,1,2,1,1.0,6,44114,M,,,44
200900048196,9,6,16,1830,1,2,2,1.0,6,44109,M,,,44
200900048197,9,6,11,800,1,2,1,1.0,3,44162,M,,,44
200900048198,9,6,17,1710,1,2,2,1.0,6,44109,M,,,44
200900048199,9,6,23,1650,1,2,1,1.0,3,44162,M,,,44
200900048200,9,6,23,2040,1,2,3,1.0,3,44109,M,,,44
200900048201,9,6,4,2040,1,2,1,1.0,6,44109,M,,,44
200900048202,9,6,21,2000,1,2,1,1.0,6,44162,M,,,44
200900048203,9,6,19,1640,1,2,1,1.0,6,44109,M,,,44
200900048204,9,6,30,1225,1,2,1,1.0,3,44109,M,,,44
200900048205,9,6,2,2020,1,2,1,1.0,6,44109,M,,,44
200900048206,9,6,3,1810,1,2,1,1.0,6,44109,M,,,44
200900048207,9,6,3,705,1,2,1,1.0,3,44109,M,,,44
200900048208,9,6,19,605,1,2,1,1.0,1,44109,M,,,44
200900048209,9,6,27,1700,1,2,6,1.0,3,44114,M,,,44
200900048210,9,6,19,1810,1,2,2,1.0,6,44109,M,,,44
200900048211,9,6,11,1805,1,2,1,1.0,4,44109,M,,,44
200900048212,9,6,8,2220,5,2,2,2.0,3,44109,M,,,44
200900048213,9,6,23,2015,1,1,1,1.0,6,44143,M,,,44
200900048214,9,6,3,930,1,2,1,1.0,2,44109,M,,,44
200900048215,9,6,17,1815,1,2,1,1.0,6,44109,M,,,44
200900048216,9,6,20,100,3,2,1,1.0,6,44052,M,0.0,0,44
200900048217,9,6,2,1815,1,2,1,1.0,6,44041,M,0.0,0,44
200900048218,9,6,15,745,1,1,1,1.0,1,44061,M,0.0,0,44
200900048219,9,6,13,130,4,2,1,1.0,7,44082,M,0.0,0,44
200900048220,9,6,12,815,1,1,1,1.0,1,44028,M,0.0,0,44
200900048221,9,6,28,1400,1,2,1,1.0,3,44129,M,0.0,0,44
200900048222,9,6,6,1915,1,2,1,1.0,3,44117,M,0.0,0,44
200900048223,9,6,3,1530,1,1,2,1.0,3,44175,M,0.0,0,44
200900048224,9,6,24,1300,1,1,1,1.0,3,44131,M,0.0,0,44
200900048225,9,6,15,1930,1,1,2,1.0,3,44187,M,0.0,0,44