Num_Acc,an,mois,jour,hrmn,lum,agg,int,atm,col,com,gps,lat,long,dep
200900048611,9,10,6,1135,1,2,4,2.0,3,44184,M,,,44
200900048612,9,10,5,755,1,2,2,2.0,2,44184,M,,,44
200900048613,9,10,21,1625,1,2,1,2.0,1,44184,M,,,44
200900048614,9,10,29,1543,1,1,1,1.0,6,44184,M,,,44
200900048615,9,10,9,1610,1,2,3,9.0,3,44184,M,,,44
200900048616,9,10,17,2210,5,2,1,1.0,1,44184,M,,,44
200900048617,9,10,27,1650,1,2,1,7.0,6,44184,M,,,44
200900048618,9,10,18,1900,2,2,2,1.0,3,44184,M,,,44
200900048619,9,10,17,1852,1,2,4,1.0,3,44184,M,,,44
200900048620,9,10,27,1715,1,2,6,1.0,3,44184,M,,,44
200900048621,9,10,21,1735,1,2,6,3.0,2,44184,M,,,44
200900048622,9,9,23,1415,1,2,1,1.0,7,56083,M,,,56
200900048623,9,9,12,1519,1,2,1,1.0,2,56121,M,4.0,-,56
200900048624,9,9,4,720,1,2,3,2.0,3,56260,M,,,56
200900048625,9,9,1,1410,1,2,4,1.0,2,56260,M,,,56
200900048626,9,9,13,430,5,2,1,1.0,6,56260,M,,,56
200900048627,9,9,10,1817,1,2,1,1.0,7,56121,M,4.0,-,56
200900048628,9,9,13,805,1,2,1,1.0,1,56083,M,,,56
200900048629,9,9,12,945,1,2,1,1.0,2,56260,M,,,56
200900048630,9,9,7,2010,1,2,2,1.0,3,56098,M,,,56
200900048631,9,9,13,411,5,2,1,1.0,7,56107,M,,,56
200900048632,9,9,8,1919,1,1,1,1.0,7,56083,M,,,56
200900048633,9,9,15,1050,1,2,6,1.0,7,56260,M,,,56
200900048634,9,9,9,1801,1,2,2,1.0,3,56098,M,,,56
200900048635,9,9,12,1425,1,2,1,1.0,3,56260,M,,,56
200900048636,9,9,4,1645,1,2,1,1.0,7,56121,M,,,56
200900048637,9,9,4,2203,5,2,1,1.0,3,56083,M,,,56
200900048638,9,9,1,815,1,1,1,1.0,3,56083,M,,,56
200900048639,9,9,1,2040,1,2,1,1.0,7,56121,M,4.0,-,56
200900048640,9,9,25,830,1,2,1,1.0,2,56260,M,,,56
200900048641,9,9,26,1225,1,2,4,1.0,1,56260,M,,,56
200900048642,9,9,23,1750,1,2,3,1.0,5,56260,M,,,56
200900048643,9,9,24,845,1,1,1,1.0,3,56057,M,4.0,-,56
200900048644,9,9,26,1515,1,1,1,7.0,1,56120,M,0.0,0,56
200900048645,9,9,13,1515,1,1,4,1.0,3,56100,M,4.0,-,56
200900048646,9,9,29,1630,1,1,1,1.0,3,56140,M,4.0,-,56
200900048647,9,9,15,1800,1,2,1,3.0,1,56206,M,0.0,0,56
200900048648,9,9,26,1715,1,2,1,1.0,2,56178,M,4.0,-,56
200900048649,9,9,13,1900,1,1,1,1.0,3,56141,M,4.0,-,56
200900048650,9,9,14,215,5,2,1,1.0,6,56034,M,4.0,-,56
200900048651,9,9,11,1045,1,2,9,1.0,6,56007,M,0.0,0,56
200900048652,9,9,28,645,3,1,1,1.0,3,56040,M,4.0,-,56
200900048653,9,9,13,1145,1,1,1,1.0,6,56045,M,4.0,-,56
200900048654,9,9,17,1715,1,2,1,8.0,6,56263,M,0.0,0,56
200900048655,9,9,4,2015,1,1,1,1.0,3,56001,M,4.0,-,56
200900048656,9,9,24,815,1,1,1,1.0,3,56248,M,4.0,-,56
200900048657,9,9,25,1115,1,1,3,1.0,3,56206,M,4.0,-,56
200900048658,9,9,21,1000,1,1,1,1.0,3,56166,M,0.0,0,56
200900048659,9,9,28,1715,1,1,1,1.0,1,56081,M,4.0,-,56
200900048660,9,9,27,2115,3,1,1,1.0,2,56096,M,4.0,-,56
200900048661,9,9,2,630,2,1,1,2.0,1,56168,M,4.0,-,56
200900048662,9,9,13,1100,1,1,1,1.0,1,56060,M,4.0,-,56
200900048663,9,9,4,130,3,1,1,3.0,6,56010,M,4.0,-,56
200900048664,9,9,26,1630,1,1,1,1.0,7,56146,M,0.0,0,56
200900048665,9,9,3,1730,1,1,1,1.0,6,56177,M,4.0,-,56
200900048666,9,9,19,1300,1,1,1,1.0,1,56115,M,0.0,0,56
200900048667,9,9,12,1030,1,2,1,1.0,6,56047,M,0.0,0,56
200900048668,9,9,8,730,1,1,1,1.0,1,56163,M,4.0,-,56
200900048669,9,9,28,1005,1,2,1,1.0,7,56162,M,,,56
200900048670,9,9,25,1210,1,2,1,1.0,2,56121,M,,,56
200900048671,9,9,26,2256,5,2,1,1.0,6,56121,M,,,56
200900048672,9,9,22,848,1,2,2,1.0,3,56098,M,,,56
200900048673,9,9,28,1823,1,2,1,1.0,6,56162,M,,,56
200900048674,9,9,18,1812,1,2,1,1.0,2,56121,M,,,56
200900048675,9,9,29,1610,1,2,1,1.0,7,56121,M,,,56
200900048676,9,9,4,1800,1,1,1,1.0,4,56083,M,,,56
200900048677,9,9,12,2015,2,2,3,1.0,3,56260,M,,,56
200900048678,9,9,12,1500,1,1,1,1.0,1,56089,M,4.0,-,56
200900048679,9,9,16,1600,1,1,1,1.0,6,56143,M,0.0,0,56
200900048680,9,9,23,1915,2,2,7,1.0,1,56061,M,4.0,-,56
200900048681,9,12,9,950,1,1,9,1.0,3,71475,M,,,71
200900048682,9,12,1,1320,1,1,1,2.0,6,71475,M,,,71
200900048683,9,12,9,1830,5,2,3,2.0,3,71059,M,,,71
200900048684,9,12,1,1430,1,1,1,8.0,5,71195,M,0.0,0,71
200900048685,9,12,17,1745,3,1,1,4.0,2,71073,M,0.0,0,71
200900048686,9,12,5,1800,5,2,1,1.0,2,71453,M,4.0,0,71
200900048687,9,12,20,1615,1,1,1,8.0,6,71305,M,0.0,0,71
200900048688,9,12,23,1815,3,1,1,3.0,5,71340,M,4.0,0,71
200900048689,9,12,26,300,3,1,1,9.0,7,71482,M,4.0,0,71
200900048690,9,12,1,1835,5,2,1,1.0,3,71076,M,,,71
200900048691,9,12,4,1115,1,2,1,1.0,6,71475,M,,,71
200900048692,9,12,22,1930,5,2,2,1.0,3,71306,M,,,71
200900048693,9,12,22,2320,5,2,3,1.0,3,71270,M,,,71
200900048694,9,12,23,1300,1,2,3,2.0,7,71076,M,,,71
200900048695,9,12,26,1215,1,2,1,1.0,3,71445,M,,,71
200900048696,9,12,31,755,5,2,1,1.0,6,71153,M,,,71
200900048697,9,12,29,2015,5,2,2,2.0,3,71153,M,,,71
200900048698,9,12,12,1745,3,1,1,2.0,2,71222,M,0.0,0,71
200900048699,9,12,17,1745,5,2,3,4.0,6,71059,M,,,71
200900048700,9,12,16,1905,5,2,1,4.0,6,71153,M,,,71
200900048701,9,9,12,1700,1,1,1,1.0,6,55094,M,4.0,0,55
200900048702,9,11,10,1130,1,1,1,1.0,6,55105,M,4.0,0,55
200900048703,9,11,11,1600,1,2,1,7.0,2,55398,M,4.0,0,55
200900048704,9,11,24,1300,1,1,1,2.0,5,55369,M,4.0,0,55
200900048705,9,11,7,1930,3,1,1,1.0,7,55097,M,0.0,0,55
200900048706,9,11,6,1645,2,1,2,1.0,3,55545,M,,,55
200900048707,9,11,20,1752,2,2,1,2.0,6,55029,M,,,55
200900048708,9,11,7,2050,5,2,1,1.0,7,55545,M,,,55
200900048709,9,11,7,2315,5,1,1,1.0,2,55545,M,,,55
200900048710,9,11,10,1920,5,2,1,1.0,6,55545,M,,,55
200900048711,9,7,2,1345,1,1,1,1.0,7,56163,M,0.0,0,56
200900048712,9,7,12,115,3,1,1,1.0,6,56011,M,0.0,0,56
200900048713,9,7,28,745,1,1,1,7.0,1,56141,M,0.0,0,56
200900048714,9,7,13,2000,1,1,2,7.0,3,56030,M,4.0,-,56
200900048715,9,7,24,330,3,1,1,1.0,6,56240,M,0.0,0,56
200900048716,9,7,21,745,1,2,1,1.0,1,56263,M,0.0,0,56
200900048717,9,7,8,1915,1,2,1,1.0,1,56177,M,4.0,-,56
200900048718,9,7,22,1945,1,1,1,1.0,3,56168,M,0.0,0,56
200900048719,9,7,13,1445,1,1,1,1.0,3,56165,M,0.0,0,56
200900048720,9,7,13,1400,1,1,1,1.0,6,56140,M,0.0,0,56
200900048721,9,7,31,1745,1,2,6,1.0,6,56034,M,4.0,-,56
200900048722,9,7,28,1315,1,1,6,1.0,7,56094,M,4.0,-,56
200900048723,9,7,13,515,2,1,1,1.0,6,56075,M,0.0,0,56
200900048724,9,7,6,1715,1,2,1,1.0,3,56176,M,0.0,0,56
200900048725,9,7,27,1815,1,1,1,1.0,5,56179,M,0.0,0,56
200900048726,9,7,16,1000,1,1,1,1.0,1,56041,M,0.0,0,56
200900048727,9,7,17,645,1,1,1,2.0,7,56066,M,0.0,0,56
200900048728,9,7,27,1545,1,2,1,1.0,5,56206,M,0.0,0,56
200900048729,9,7,9,1900,1,1,1,1.0,7,56239,M,4.0,-,56
200900048730,9,7,19,1500,1,2,1,1.0,1,56069,M,4.0,-,56
200900048731,9,7,13,1930,1,1,1,1.0,1,56185,M,0.0,0,56
200900048732,9,7,13,115,3,1,1,5.0,6,56201,M,0.0,0,56
200900048733,9,7,15,1215,1,2,1,1.0,5,56075,M,0.0,0,56
200900048734,9,7,11,1115,1,2,1,1.0,1,56166,M,0.0,0,56
200900048735,9,7,16,45,3,1,1,1.0,6,56089,M,0.0,0,56
200900048736,9,7,23,2345,3,1,1,1.0,6,56242,M,0.0,0,56
200900048737,9,7,10,1015,1,1,1,1.0,6,56034,M,0.0,0,56
200900048738,9,7,10,1330,1,1,1,2.0,6,56179,M,0.0,0,56
200900048739,9,7,1,1400,1,1,1,1.0,6,56222,M,0.0,0,56
200900048740,9,7,21,1500,1,1,1,8.0,1,56177,M,4.0,-,56
200900048741,9,7,22,1730,1,2,1,1.0,3,56034,M,4.0,-,56
200900048742,9,7,2,1315,1,1,1,2.0,1,56129,M,0.0,0,56
200900048743,9,7,3,1600,1,1,1,1.0,7,56231,M,0.0,0,56
200900048744,9,7,25,130,3,1,1,1.0,6,56081,M,0.0,0,56
200900048745,9,7,20,1000,1,1,1,1.0,7,56180,M,0.0,0,56
200900048746,9,7,9,1802,1,1,1,1.0,7,56162,M,,,56
200900048747,9,7,3,1953,1,1,1,1.0,3,56121,M,4.0,-,56
200900048748,9,7,2,1050,1,2,1,1.0,3,56121,M,4.0,-,56
200900048749,9,7,11,1935,1,2,1,1.0,7,56162,M,,,56
200900048750,9,7,12,1224,1,2,2,1.0,3,56121,M,4.0,-,56
200900048751,9,7,4,900,1,2,1,1.0,3,56098,M,4.0,-,56
200900048752,9,7,13,1900,1,2,6,1.0,3,56121,M,4.0,-,56
200900048753,9,7,7,1233,1,2,6,1.0,3,56098,M,4.0,-,56
200900048754,9,7,2,1406,1,2,2,1.0,2,56121,M,4.0,-,56
200900048755,9,7,23,1755,1,2,6,1.0,6,56260,M,4.0,-,56
200900048756,9,7,29,1005,1,2,6,1.0,3,56260,M,4.0,-,56
200900048757,9,7,15,825,1,2,2,1.0,3,56121,M,4.0,-,56
200900048758,9,7,4,1400,1,2,2,1.0,3,56121,M,4.0,-,56
200900048759,9,7,14,618,1,2,1,1.0,7,56121,M,4.0,-,56
200900048760,9,7,7,1020,1,2,7,1.0,6,56260,M,,,56
200900048761,9,7,10,1155,1,2,2,1.0,3,56121,M,4.0,-,56
200900048762,9,7,10,2115,1,2,2,1.0,3,56121,M,4.0,-,56
200900048763,9,7,5,2100,1,1,1,1.0,7,56098,M,,,56
200900048764,9,7,2,1116,1,2,1,1.0,7,56083,M,4.0,-,56
200900048765,9,7,21,810,1,2,1,1.0,2,56260,M,,,56
200900048766,9,7,18,1435,1,2,1,3.0,2,56260,M,,,56
200900048767,9,7,15,1115,1,2,1,1.0,6,56054,M,0.0,0,56
200900048768,9,6,3,1210,1,2,1,1.0,2,59378,M,,,59
200900048769,9,6,3,1610,1,1,2,1.0,3,59163,M,,,59
200900048770,9,6,2,850,1,2,1,1.0,2,59378,M,,,59
200900048771,9,6,11,1100,1,1,2,1.0,3,59512,M,,,59
200900048772,9,6,4,1635,1,2,1,1.0,6,59183,M,,,59
200900048773,9,6,6,2320,5,2,1,1.0,6,59350,M,,,59
200900048774,9,6,2,1910,1,2,1,1.0,2,59183,M,,,59
200900048775,9,6,7,1845,1,2,3,1.0,3,59350,M,,,59
200900048776,9,6,11,2040,1,1,2,1.0,6,59646,M,,,59
200900048777,9,6,4,1930,1,1,3,1.0,3,59332,M,,,59
200900048778,9,6,13,1930,1,1,1,1.0,6,59512,M,,,59
200900048779,9,6,2,840,1,2,1,1.0,2,59368,M,,,59
200900048780,9,6,5,1630,1,1,3,1.0,3,59598,M,,,59
200900048781,9,6,11,1400,1,2,1,1.0,3,59183,M,,,59
200900048782,9,6,12,2345,5,2,2,1.0,3,59183,M,,,59
200900048783,9,6,13,1255,1,2,1,1.0,6,59183,M,,,59
200900048784,9,6,22,1545,1,2,1,1.0,6,59230,M,,,59
200900048785,9,6,5,1030,1,2,2,1.0,2,59350,M,,,59
200900048786,9,6,6,105,5,1,1,1.0,7,59650,M,,,59
200900048787,9,6,1,1530,1,2,1,1.0,3,59569,M,,,59
200900048788,9,6,7,1125,1,2,1,1.0,6,59350,M,,,59
200900048789,9,6,5,905,1,2,1,1.0,6,59378,M,,,59
200900048790,9,6,8,1610,1,1,2,1.0,6,59512,M,,,59
200900048791,9,6,3,2000,1,1,1,1.0,3,59512,M,,,59
200900048792,9,6,2,1555,1,2,1,1.0,6,59183,M,,,59
200900048793,9,6,14,125,5,2,2,2.0,6,59183,M,,,59
200900048794,9,6,12,1720,1,1,3,1.0,6,59512,M,,,59
200900048795,9,6,11,1525,1,2,9,1.0,3,59288,M,,,59
200900048796,9,6,8,1710,1,2,1,2.0,6,59650,M,,,59
200900048797,9,6,8,1335,1,2,1,1.0,2,59024,M,,,59
200900048798,9,6,6,1605,1,1,6,1.0,2,59299,M,,,59
200900048799,9,6,10,1700,1,2,1,2.0,3,59172,M,,,59
200900048800,9,6,11,1110,1,1,1,1.0,1,59156,M,,,59
200900048801,9,6,1,545,1,1,1,1.0,6,59350,M,,,59
200900048802,9,6,17,745,1,1,1,1.0,3,59067,M,5.0,0,59
200900048803,9,6,7,2115,1,1,1,1.0,7,59315,M,5.0,0,59
200900048804,9,6,13,1715,1,2,1,1.0,3,59158,M,0.0,0,59
200900048805,9,6,12,1915,1,2,1,1.0,2,59003,M,0.0,0,59
200900048806,9,6,8,645,2,1,1,1.0,7,59409,M,0.0,0,59
200900048807,9,6,10,1645,1,1,2,3.0,3,59318,M,5.0,0,59
200900048808,9,6,6,1830,1,2,1,1.0,1,59051,M,0.0,0,59
200900048809,9,6,4,1730,1,2,1,1.0,3,59524,M,0.0,0,59
200900048810,9,6,4,800,1,1,1,1.0,3,59581,M,5.0,0,59
200900048811,9,6,26,1730,1,1,1,1.0,3,59192,M,0.0,0,59
200900048812,9,6,20,600,2,1,1,1.0,5,59091,M,0.0,0,59
200900048813,9,6,3,1930,1,1,1,1.0,1,59535,M,5.0,0,59
200900048814,9,6,21,1130,1,1,6,1.0,6,59436,M,5.0,0,59
200900048815,9,6,11,1130,1,1,1,1.0,4,59058,M,0.0,0,59
200900048816,9,6,7,1600,1,1,1,1.0,6,59353,M,0.0,0,59
200900048817,9,6,26,2300,3,1,1,1.0,7,59293,M,0.0,0,59
200900048818,9,6,28,30,3,1,1,1.0,7,59264,M,5.0,0,59
200900048819,9,6,28,1745,1,2,1,1.0,5,59260,M,0.0,0,59
200900048820,9,6,3,1015,1,2,7,1.0,6,59481,M,0.0,0,59
200900048821,9,6,17,830,1,2,1,1.0,6,59481,M,,,59
200900048822,9,6,14,100,3,1,1,1.0,6,59322,M,0.0,0,59
200900048823,9,6,19,1345,1,2,1,1.0,1,59461,M,0.0,0,59
200900048824,9,6,6,1415,1,1,1,1.0,1,59653,M,5.0,0,59
200900048825,9,6,12,1130,2,1,1,1.0,6,59660,M,5.0,0,59
200900048826,9,6,3,15,5,2,1,1.0,5,59524,M,0.0,0,59
200900048827,9,6,30,1430,1,2,2,1.0,3,59134,M,5.0,0,59
200900048828,9,6,4,1900,1,2,1,1.0,6,59653,M,0.0,0,59
200900048829,9,6,16,1750,1,1,1,1.0,6,59662,M,,,59
200900048830,9,6,15,225,3,1,1,1.0,7,59196,M,,,59
200900048831,9,6,13,1700,1,1,1,1.0,6,59532,M,,,59
200900048832,9,6,12,2200,2,1,1,1.0,2,59646,M,,,59
200900048833,9,6,25,1135,1,1,1,1.0,6,59507,M,,,59
200900048834,9,6,8,1400,1,1,1,1.0,6,59507,M,,,59
200900048835,9,6,24,1445,1,1,1,1.0,6,59202,M,,,59
200900048836,9,6,10,1315,1,1,1,3.0,7,59606,M,,,59
200900048837,9,6,9,1845,1,1,1,1.0,6,59606,M,,,59
200900048838,9,6,6,1930,1,1,1,1.0,6,59646,M,,,59
200900048839,9,6,17,1755,1,1,1,1.0,2,59009,M,,,59
200900048840,9,6,9,900,1,1,1,2.0,6,59421,M,,,59
200900048841,9,6,8,830,1,1,1,1.0,4,59350,M,,,59
200900048842,9,6,19,1710,1,1,1,1.0,6,59196,M,,,59
200900048843,9,6,29,2345,5,1,1,1.0,6,59350,M,,,59
200900048844,9,6,12,1820,1,1,1,1.0,6,59507,M,,,59
200900048845,9,6,29,1110,1,1,1,1.0,7,59143,M,,,59
200900048846,9,6,4,715,1,1,1,1.0,7,59491,M,,,59
200900048847,9,6,30,1403,1,1,1,1.0,7,59383,M,,,59
200900048848,9,6,2,1745,1,1,1,1.0,6,59350,M,,,59
200900048849,9,6,26,300,5,1,1,1.0,7,59286,M,,,59
200900048850,9,6,12,900,1,1,1,1.0,6,59328,M,,,59
200900048851,9,6,16,1815,1,1,1,1.0,7,59458,M,,,59
200900048852,9,6,27,1650,1,1,1,1.0,6,59606,M,,,59
200900048853,9,6,3,1910,1,1,1,1.0,7,59431,M,,,59
200900048854,9,6,9,2110,2,1,1,2.0,7,59515,M,,,59
200900048855,9,6,10,2000,1,1,1,2.0,7,59646,M,,,59
200900048856,9,6,11,1030,1,1,1,1.0,6,59435,M,,,59
200900048857,9,6,24,1720,1,1,1,1.0,6,59508,M,,,59
200900048858,9,6,23,1200,1,1,1,1.0,6,59609,M,,,59
200900048859,9,6,28,125,3,1,1,1.0,6,59532,M,,,59
200900048860,9,6,21,335,5,1,1,1.0,4,59378,M,,,59
200900048861,9,6,9,1130,1,1,1,1.0,6,59350,M,,,59
200900048862,9,6,28,1415,1,2,1,1.0,6,59297,M,,,59
200900048863,9,6,23,1850,1,2,1,1.0,6,59172,M,,,59
200900048864,9,6,4,1700,1,2,1,1.0,6,59491,M,,,59
200900048865,9,6,22,1300,1,2,1,1.0,6,59350,M,,,59
200900048866,9,6,19,1800,1,2,2,1.0,3,59350,M,,,59
200900048867,9,6,22,1800,1,2,1,1.0,6,59540,M,,,59
200900048868,9,6,11,810,1,2,9,1.0,3,59378,M,,,59
200900048869,9,6,8,1701,1,2,2,2.0,3,59350,M,,,59
200900048870,9,6,11,1205,1,2,2,1.0,6,59350,M,,,59
200900048871,9,6,23,1115,1,2,1,1.0,6,59009,M,,,59
200900048872,9,6,15,1750,1,2,2,1.0,3,59350,M,,,59
200900048873,9,6,30,1245,1,2,2,1.0,6,59410,M,,,59
200900048874,9,6,26,105,5,2,2,1.0,3,59350,M,,,59
200900048875,9,6,19,1540,1,2,2,1.0,6,59588,M,,,59
200900048876,9,6,29,1950,1,2,1,1.0,6,59350,M,,,59
200900048877,9,6,7,2200,4,2,1,8.0,6,59636,M,,,59
200900048878,9,6,29,1930,1,2,1,1.0,5,59599,M,,,59
200900048879,9,6,9,1350,1,2,1,2.0,6,59350,M,,,59
200900048880,9,6,26,1200,1,2,1,1.0,6,59606,M,,,59
200900048881,9,6,26,1127,1,2,1,1.0,6,59350,M,,,59
200900048882,9,6,13,1400,1,2,3,1.0,3,59603,M,,,59
200900048883,9,6,23,1600,1,2,1,1.0,3,59028,M,,,59
200900048884,9,6,19,1200,1,2,1,1.0,2,59648,M,,,59
200900048885,9,6,11,1725,1,2,1,1.0,6,59507,M,,,59
200900048886,9,6,23,1630,1,2,1,1.0,6,59328,M,,,59
200900048887,9,6,10,1700,1,2,1,3.0,6,59160,M,,,59
200900048888,9,6,25,825,1,2,3,1.0,3,59350,M,,,59
200900048889,9,6,23,740,1,2,1,1.0,3,59350,M,,,59
200900048890,9,6,18,2330,5,2,1,1.0,6,59350,M,,,59
200900048891,9,6,9,1130,1,2,1,1.0,6,59350,M,,,59
200900048892,9,6,17,830,1,2,1,1.0,6,59155,M,,,59
200900048893,9,6,11,2100,1,2,2,1.0,6,59350,M,,,59
200900048894,9,6,9,1637,1,2,1,1.0,6,59009,M,,,59
200900048895,9,6,30,1930,1,2,1,1.0,6,59014,M,,,59
200900048896,9,6,10,1225,1,2,1,1.0,6,59350,M,,,59
200900048897,9,6,16,1715,1,2,1,1.0,6,59350,M,,,59
200900048898,9,6,11,1200,1,2,2,1.0,3,59009,M,,,59
200900048899,9,6,28,1100,1,2,1,1.0,6,59350,M,,,59
200900048900,9,6,23,1050,1,2,6,1.0,3,59606,M,,,59
200900048901,9,6,14,1230,1,2,1,2.0,6,59378,M,,,59
200900048902,9,6,12,1950,1,2,1,1.0,6,59350,M,,,59
200900048903,9,6,25,2100,1,2,2,1.0,6,59410,M,,,59
200900048904,9,6,23,1925,1,2,1,1.0,3,59090,M,,,59
200900048905,9,6,10,905,1,2,1,1.0,2,59350,M,,,59
200900048906,9,6,14,1650,1,2,3,1.0,3,59457,M,,,59
200900048907,9,6,22,1815,1,2,1,1.0,2,59279,M,,,59
200900048908,9,6,18,1630,1,2,1,1.0,3,59009,M,,,59
200900048909,9,6,13,1815,1,2,1,1.0,6,59491,M,,,59
200900048910,9,6,19,1010,1,2,2,1.0,6,59599,M,,,59
200900048911,9,6,24,2200,2,2,1,1.0,6,59350,M,,,59
200900048912,9,6,8,1805,1,2,3,2.0,6,59350,M,,,59
200900048913,9,6,11,1745,1,2,3,1.0,6,59378,M,,,59
200900048914,9,6,17,650,1,2,2,1.0,3,59352,M,,,59
200900048915,9,6,26,2030,1,2,1,1.0,6,59014,M,,,59
200900048916,9,6,25,155,5,2,1,2.0,2,59350,M,,,59
200900048917,9,6,4,930,1,2,1,1.0,6,59378,M,,,59
200900048918,9,6,11,1310,1,2,2,1.0,3,59009,M,,,59
200900048919,9,6,15,925,1,2,1,1.0,6,59350,M,,,59
200900048920,9,6,29,2010,1,2,3,1.0,1,59350,M,,,59
200900048921,9,6,23,1245,1,2,1,1.0,2,59368,M,,,59
200900048922,9,6,3,1900,1,1,3,1.0,3,59369,M,,,59
200900048923,9,6,17,830,1,2,2,1.0,3,59350,M,,,59
200900048924,9,6,12,1435,1,2,1,1.0,2,59350,M,,,59
200900048925,9,6,27,925,1,2,2,1.0,1,59122,M,,,59
200900048926,9,6,8,1700,1,2,1,1.0,6,59350,M,,,59
200900048927,9,6,10,2120,2,2,3,2.0,3,59350,M,,,59
200900048928,9,6,27,1540,1,2,1,1.0,2,59386,M,,,59
200900048929,9,6,28,1715,1,1,1,1.0,6,59512,M,,,59
200900048930,9,6,26,755,1,1,3,1.0,6,59512,M,,,59
200900048931,9,6,19,900,1,1,1,1.0,6,59650,M,,,59
200900048932,9,6,27,1450,1,1,1,1.0,6,59339,M,,,59
200900048933,9,6,29,1545,1,1,1,1.0,3,59512,M,,,59
200900048934,9,6,22,1910,1,1,1,1.0,6,59299,M,,,59
200900048935,9,6,19,1135,1,1,2,1.0,3,59646,M,,,59
200900048936,9,6,13,1740,1,2,3,1.0,3,59350,M,,,59
200900048937,9,6,27,1405,1,1,3,1.0,6,59512,M,,,59
200900048938,9,6,21,1130,1,1,2,1.0,3,59512,M,,,59
200900048939,9,6,30,1420,1,2,3,1.0,3,59512,M,,,59
200900048940,9,6,19,1745,1,1,2,1.0,3,59646,M,,,59
200900048941,9,6,30,1830,1,2,2,1.0,3,59193,M,,,59
200900048942,9,6,19,1230,1,2,1,1.0,1,59163,M,,,59
200900048943,9,6,16,1215,1,2,1,1.0,6,59328,M,,,59
200900048944,9,6,27,1900,1,2,1,1.0,6,59378,M,,,59
200900048945,9,6,29,2120,2,1,1,1.0,6,59183,M,,,59
200900048946,9,6,8,2310,5,2,1,2.0,6,59606,M,,,59
200900048947,9,6,23,1145,1,2,3,1.0,6,59033,M,,,59
200900048948,9,6,25,1645,1,2,1,1.0,6,59014,M,,,59
200900048949,9,6,29,1940,1,2,1,1.0,6,59008,M,,,59
200900048950,9,6,22,1010,1,1,1,1.0,3,59574,M,,,59
200900048951,9,6,5,1030,1,2,3,2.0,3,59421,M,,,59
200900048952,9,6,3,905,1,2,1,1.0,3,59599,M,,,59
200900048953,9,6,13,2000,1,2,1,1.0,6,59421,M,,,59
200900048954,9,6,1,1330,1,2,6,1.0,3,59599,M,,,59
200900048955,9,6,15,1850,1,1,2,2.0,2,59152,M,,,59
200900048956,9,6,3,1215,1,2,2,1.0,3,59599,M,,,59
200900048957,9,6,13,1,5,2,2,1.0,6,59350,M,,,59
200900048958,9,6,13,1045,1,1,1,1.0,6,59378,M,,,59
200900048959,9,6,29,1710,1,2,3,1.0,3,59527,M,,,59
200900048960,9,6,10,1305,1,2,1,1.0,6,59378,M,,,59
200900048961,9,6,12,1910,1,2,1,1.0,6,59350,M,,,59
200900048962,9,7,3,955,1,2,3,1.0,6,59350,M,,,59
200900048963,9,7,2,1315,1,2,1,1.0,6,59378,M,,,59
200900048964,9,7,4,1500,1,2,1,1.0,6,59350,M,,,59
200900048965,9,7,2,1530,1,2,1,1.0,2,59350,M,,,59
200900048966,9,7,4,1900,1,2,3,1.0,3,59636,M,,,59
200900048967,9,7,1,800,1,2,1,1.0,3,59350,M,,,59
200900048968,9,7,3,1410,1,2,6,1.0,6,59346,M,,,59
200900048969,9,7,18,730,1,2,1,1.0,6,59254,M,5.0,0,59
200900048970,9,7,6,1315,1,1,1,1.0,1,59315,M,5.0,0,59
200900048971,9,7,30,2130,2,2,3,1.0,3,59452,M,5.0,0,59
200900048972,9,7,10,2100,2,1,1,1.0,6,59593,M,0.0,0,59
200900048973,9,7,24,1400,1,1,1,1.0,1,59258,M,0.0,0,59
200900048974,9,7,15,1730,1,1,1,1.0,1,59578,M,0.0,0,59
200900048975,9,7,21,1730,1,1,1,1.0,5,59552,M,0.0,0,59
200900048976,9,7,11,1245,1,1,1,2.0,6,59643,M,5.0,0,59
200900048977,9,7,4,715,1,1,1,7.0,7,59449,M,0.0,0,59
200900048978,9,7,26,1930,1,2,1,1.0,6,59115,M,0.0,0,59
200900048979,9,7,9,1400,1,2,1,1.0,7,59016,M,0.0,0,59
200900048980,9,7,7,15,5,2,1,1.0,7,59615,M,0.0,0,59
200900048981,9,7,5,1945,1,2,1,1.0,6,59384,M,0.0,0,59
200900048982,9,7,24,1900,1,1,1,2.0,1,59439,M,0.0,0,59
200900048983,9,7,11,1430,1,2,1,8.0,2,59559,M,5.0,0,59
200900048984,9,7,4,2030,1,2,1,1.0,2,59099,M,0.0,0,59
200900048985,9,7,4,30,3,1,2,1.0,3,59502,M,5.0,0,59
200900048986,9,7,6,1205,1,2,1,1.0,3,59183,M,,,59
200900048987,9,7,12,910,1,2,2,1.0,3,59183,M,,,59
200900048988,9,7,10,1710,1,2,1,1.0,2,59378,M,,,59
200900048989,9,7,1,2035,2,2,2,1.0,3,59178,M,,,59
200900048990,9,7,6,1400,1,2,1,1.0,3,59155,M,,,59
200900048991,9,7,13,2000,1,2,1,1.0,1,59446,M,,,59
200900048992,9,7,6,2145,2,2,1,1.0,6,59183,M,,,59
200900048993,9,7,7,1715,1,2,1,1.0,6,59350,M,,,59
200900048994,9,7,6,905,1,2,2,1.0,3,59183,M,,,59
200900048995,9,7,12,1615,1,2,1,1.0,6,59131,M,,,59