Num_Acc,an,mois,jour,hrmn,lum,agg,int,atm,col,com,gps,lat,long,dep
200900049777,9,12,21,1035,1,2,1,4.0,6,59350,M,,,59
200900049778,9,12,6,100,3,1,9,2.0,6,59139,M,5.0,0,59
200900049779,9,12,7,700,3,1,1,1.0,6,59625,M,0.0,0,59
200900049780,9,12,30,1700,2,2,1,2.0,6,59229,M,5.0,0,59
200900049781,9,12,30,1230,1,1,1,8.0,5,59082,M,5.0,0,59
200900049782,9,12,12,1830,3,1,1,1.0,6,59401,M,5.0,0,59
200900049783,9,12,9,145,3,1,6,2.0,7,59159,M,5.0,0,59
200900049784,9,12,10,1830,3,2,1,2.0,6,59191,M,5.0,0,59
200900049785,9,12,13,45,3,1,1,1.0,1,59049,M,5.0,0,59
200900049786,9,12,1,830,1,1,1,1.0,6,59282,M,5.0,0,59
200900049787,9,12,18,1900,5,2,1,8.0,1,59631,M,0.0,0,59
200900049788,9,12,4,1700,3,1,1,1.0,6,59641,M,5.0,0,59
200900049789,9,12,11,1845,3,1,1,1.0,6,59309,M,5.0,0,59
200900049790,9,12,22,1200,1,2,1,4.0,6,59462,M,0.0,0,59
200900049791,9,12,26,2120,5,1,1,9.0,7,59249,M,,,59
200900049792,9,12,26,1300,1,2,2,1.0,3,59350,M,,,59
200900049793,9,12,18,1930,3,1,1,1.0,5,59560,M,,,59
200900049794,9,12,23,1615,1,1,1,4.0,6,59447,M,,,59
200900049795,9,12,14,835,1,1,2,1.0,3,59512,M,,,59
200900049796,9,12,29,1945,5,2,1,2.0,6,59350,M,,,59
200900049797,9,12,15,1530,1,1,3,1.0,6,59512,M,,,59
200900049798,9,12,24,1005,1,2,2,8.0,6,59560,M,,,59
200900049799,9,12,18,2030,5,2,2,4.0,6,59527,M,,,59
200900049800,9,12,30,1715,4,2,1,2.0,6,59328,M,,,59
200900049801,9,12,15,1250,1,1,3,1.0,6,59650,M,,,59
200900049802,9,12,9,500,5,2,3,1.0,3,59606,M,,,59
200900049803,9,12,9,1740,5,2,1,1.0,6,59009,M,,,59
200900049804,9,12,26,1300,1,2,1,1.0,6,59606,M,,,59
200900049805,9,12,15,1145,1,1,1,1.0,6,59512,M,,,59
200900049806,9,12,12,1815,5,1,3,1.0,6,59339,M,,,59
200900049807,9,12,13,1830,3,1,1,1.0,6,59383,M,,,59
200900049808,9,12,6,1400,1,2,1,2.0,3,59368,M,,,59
200900049809,9,12,30,1,5,2,3,2.0,3,59183,M,,,59
200900049810,9,12,8,1230,1,2,3,1.0,3,59606,M,,,59
200900049811,9,12,3,745,5,1,2,3.0,6,59512,M,,,59
200900049812,9,12,29,2050,5,2,1,2.0,3,59491,M,,,59
200900049813,9,12,27,1850,4,2,1,1.0,6,59606,M,,,59
200900049814,9,12,3,900,1,2,1,1.0,4,59378,M,,,59
200900049815,9,12,7,1750,3,1,3,1.0,3,59383,M,,,59
200900049816,9,12,31,1930,5,2,9,8.0,1,59183,M,,,59
200900049817,9,12,3,1150,1,2,1,1.0,6,59350,M,,,59
200900049818,9,12,2,1825,5,2,1,2.0,6,59606,M,,,59
200900049819,9,12,26,1650,2,2,1,1.0,6,59183,M,,,59
200900049820,9,12,13,2015,5,1,1,1.0,6,59646,M,,,59
200900049821,9,12,21,1600,1,2,2,4.0,1,59386,M,,,59
200900049822,9,12,5,1810,5,2,1,2.0,6,59009,M,,,59
200900049823,9,12,6,1425,1,1,2,8.0,3,59646,M,,,59
200900049824,9,12,24,1815,5,2,1,8.0,6,59599,M,,,59
200900049825,9,12,17,1245,1,2,1,4.0,6,59421,M,,,59
200900049826,9,12,2,1830,5,1,1,2.0,7,59163,M,,,59
200900049827,9,12,11,1310,1,2,1,1.0,2,59648,M,,,59
200900049828,9,12,16,630,5,2,5,9.0,3,59599,M,,,59
200900049829,9,12,7,1635,1,2,1,2.0,2,59378,M,,,59
200900049830,9,12,15,1745,5,1,1,1.0,6,59512,M,,,59
200900049831,9,12,9,1025,1,2,6,1.0,6,59383,M,,,59
200900049832,9,12,14,2000,5,2,1,1.0,6,59350,M,,,59
200900049833,9,12,14,1100,1,1,2,1.0,3,59650,M,,,59
200900049834,9,12,5,1730,3,2,1,2.0,2,59544,M,,,59
200900049835,9,12,24,1845,5,2,3,1.0,3,59410,M,,,59
200900049836,9,12,29,1315,1,2,2,1.0,3,59350,M,,,59
200900049837,9,12,6,550,5,2,1,3.0,6,59378,M,,,59
200900049838,9,12,1,1700,5,2,2,2.0,3,59009,M,,,59
200900049839,9,12,31,1130,1,2,3,1.0,5,59079,M,,,59
200900049840,9,12,4,1500,1,1,2,1.0,3,59163,M,,,59
200900049841,9,12,15,600,2,2,1,4.0,6,59378,M,,,59
200900049842,9,12,25,330,5,2,1,2.0,3,59279,M,,,59
200900049843,9,12,1,2000,5,2,1,1.0,6,59507,M,,,59
200900049844,9,12,9,1730,5,2,1,2.0,6,59324,M,,,59
200900049845,9,12,6,1330,1,1,3,2.0,1,59512,M,,,59
200900049846,9,12,10,1800,5,2,1,8.0,6,59423,M,5.0,0,59
200900049847,9,12,23,1630,2,2,1,1.0,6,59160,M,,,59
200900049848,9,12,29,1735,5,2,1,1.0,6,59350,M,,,59
200900049849,9,9,30,1505,1,1,3,1.0,3,59350,M,,,59
200900049850,9,11,18,1630,2,1,1,2.0,3,08032,M,0.0,0,08
200900049851,9,11,17,1815,3,1,1,8.0,1,08419,M,0.0,0,08
200900049852,9,11,16,130,3,1,1,8.0,6,08284,M,0.0,0,08
200900049853,9,11,6,1815,3,1,1,8.0,5,08048,M,0.0,0,08
200900049854,9,11,20,1858,5,2,2,1.0,3,08105,M,0.0,0,08
200900049855,9,11,13,1315,1,1,1,8.0,7,08316,M,0.0,0,08
200900049856,9,11,16,1415,1,1,2,1.0,3,08137,M,0.0,0,08
200900049857,9,12,1,1730,3,1,1,2.0,1,08356,M,0.0,0,08
200900049858,9,12,1,1730,5,2,1,2.0,6,08090,M,0.0,0,08
200900049859,9,12,5,1630,1,1,1,1.0,6,08038,M,0.0,0,08
200900049860,9,12,2,1715,3,1,1,3.0,6,08435,M,0.0,0,08
200900049861,9,12,11,915,1,1,1,8.0,1,08185,M,0.0,0,08
200900049862,9,12,6,1715,2,1,1,2.0,1,08174,M,0.0,0,08
200900049863,9,12,29,1450,1,2,3,8.0,3,08105,M,0.0,0,08
200900049864,9,12,1,2105,5,2,1,2.0,3,08409,M,0.0,0,08
200900049865,9,12,7,1125,1,2,1,2.0,6,46042,M,,,46
200900049866,9,12,15,300,3,1,1,1.0,6,46177,M,4.0,0,46
200900049867,9,12,5,1445,1,1,1,1.0,6,46127,M,4.0,0,46
200900049868,9,12,9,1700,1,1,1,1.0,6,46329,M,4.0,0,46
200900049869,9,12,8,1015,1,1,1,1.0,1,46102,M,0.0,0,46
200900049870,9,12,2,1800,3,1,1,2.0,1,46088,M,4.0,0,46
200900049871,9,12,16,1530,1,2,1,8.0,3,46127,M,0.0,0,46
200900049872,9,12,31,1815,5,1,1,2.0,3,46088,M,4.0,0,46
200900049873,9,12,28,2230,3,1,1,2.0,6,46281,M,0.0,0,46
200900049874,9,12,30,1845,3,1,1,1.0,1,46182,M,4.0,0,46
200900049875,9,12,21,715,2,1,1,4.0,7,46216,M,4.0,0,46
200900049876,9,12,17,1140,1,2,1,1.0,6,46042,M,,,46
200900049877,9,12,17,1835,5,2,1,1.0,6,46042,M,,,46
200900049878,9,5,27,1745,1,1,1,1.0,6,31555,M,4.0,0,31
200900049879,9,9,24,1120,1,2,1,1.0,2,31483,M,4.0,0,31
200900049880,9,10,15,1940,5,2,1,1.0,5,31555,M,,,31
200900049881,9,10,16,1210,1,2,1,1.0,3,31555,M,,,31
200900049882,9,11,21,2015,3,2,8,1.0,6,31033,M,0.0,0,31
200900049883,9,11,9,1545,1,1,1,8.0,6,31265,M,4.0,0,31
200900049884,9,11,24,1130,1,2,1,1.0,6,31135,M,4.0,0,31
200900049885,9,11,21,1145,1,2,1,1.0,1,31239,M,4.0,0,31
200900049886,9,11,20,845,1,2,1,7.0,6,31410,M,4.0,0,31
200900049887,9,11,3,1530,1,2,1,1.0,1,31390,M,4.0,0,31
200900049888,9,11,16,1800,3,2,1,1.0,1,31254,M,4.0,0,31
200900049889,9,11,18,1500,1,1,6,1.0,3,31118,M,4.0,0,31
200900049890,9,11,20,845,1,2,6,1.0,3,31424,M,4.0,0,31
200900049891,9,11,10,745,1,2,1,1.0,3,31588,M,4.0,0,31
200900049892,9,11,8,2015,3,1,2,2.0,3,31341,M,4.0,0,31
200900049893,9,11,13,1800,3,1,1,1.0,7,31302,M,4.0,0,31
200900049894,9,11,16,45,3,1,1,1.0,1,31192,M,4.0,0,31
200900049895,9,11,21,1900,3,1,2,1.0,3,31136,M,4.0,0,31
200900049896,9,11,22,430,3,1,1,2.0,1,31499,M,4.0,0,31
200900049897,9,11,16,1530,1,1,1,1.0,7,31341,M,4.0,0,31
200900049898,9,11,17,1415,1,1,1,1.0,6,31417,M,4.0,0,31
200900049899,9,11,21,1545,1,2,3,1.0,3,31150,M,4.0,0,31
200900049900,9,11,27,1815,5,2,1,1.0,2,31433,M,4.0,0,31
200900049901,9,11,27,1930,3,1,1,2.0,6,31145,M,4.0,0,31
200900049902,9,11,13,2030,3,1,1,6.0,6,31374,M,4.0,0,31
200900049903,9,11,7,600,3,1,1,2.0,6,31277,M,0.0,0,31
200900049904,9,11,17,700,2,2,1,1.0,3,31424,M,4.0,0,31
200900049905,9,11,8,645,5,2,1,3.0,6,31476,M,4.0,0,31
200900049906,9,11,27,730,2,2,3,2.0,2,31557,M,4.0,0,31
200900049907,9,11,20,645,5,2,2,1.0,3,31555,M,,,31
200900049908,9,11,18,1630,1,2,1,1.0,6,31555,M,,,31
200900049909,9,11,19,800,1,2,1,1.0,3,31555,M,,,31
200900049910,9,11,27,1805,5,1,1,1.0,4,31555,M,4.0,0,31
200900049911,9,11,21,240,5,2,1,1.0,6,31555,M,,,31
200900049912,9,11,29,955,1,2,2,1.0,3,31555,M,,,31
200900049913,9,11,30,1840,5,2,1,2.0,3,31555,M,,,31
200900049914,9,11,21,1030,1,2,1,1.0,1,31555,M,,,31
200900049915,9,11,27,145,4,2,1,1.0,6,31555,M,4.0,0,31
200900049916,9,11,17,1020,1,2,1,1.0,3,31555,M,,,31
200900049917,9,11,29,310,5,2,1,1.0,2,31555,M,,,31
200900049918,9,11,26,2200,5,2,1,1.0,3,31555,M,,,31
200900049919,9,11,24,1622,1,2,2,1.0,3,31555,M,,,31
200900049920,9,11,20,1930,5,2,1,1.0,3,31555,M,,,31
200900049921,9,11,27,1205,1,2,1,1.0,6,31555,M,,,31
200900049922,9,11,26,1145,1,2,3,1.0,6,31555,M,,,31
200900049923,9,11,27,2025,3,1,1,1.0,3,31555,M,4.0,0,31
200900049924,9,11,18,2100,5,2,1,1.0,3,31555,M,,,31
200900049925,9,11,28,45,5,2,1,1.0,3,31555,M,,,31
200900049926,9,11,19,1620,1,2,1,1.0,3,31555,M,,,31
200900049927,9,11,23,1818,5,1,1,1.0,6,31555,M,4.0,0,31
200900049928,9,11,25,800,1,1,1,1.0,3,31555,M,4.0,0,31
200900049929,9,11,26,2130,5,2,1,1.0,6,31555,M,,,31
200900049930,9,11,27,1415,1,2,6,1.0,3,31555,M,,,31
200900049931,9,11,20,836,1,2,3,1.0,3,31555,M,,,31
200900049932,9,11,16,1845,5,1,1,1.0,5,31069,M,4.0,0,31
200900049933,9,11,26,1740,1,1,1,1.0,2,31555,M,4.0,0,31
200900049934,9,11,18,1402,1,2,6,1.0,3,31555,M,,,31
200900049935,9,11,17,1150,1,2,1,1.0,3,31555,M,,,31
200900049936,9,11,25,1220,1,2,1,1.0,6,31555,M,,,31
200900049937,9,11,18,912,1,2,1,1.0,3,31555,M,,,31
200900049938,9,11,29,2000,5,2,1,1.0,3,31555,M,,,31
200900049939,9,11,16,1850,2,2,3,1.0,3,31149,M,,,31
200900049940,9,11,20,2140,3,1,1,1.0,2,31149,M,,,31
200900049941,9,11,1,1630,1,2,1,1.0,6,31149,M,,,31
200900049942,9,11,30,1545,1,1,1,3.0,7,31483,M,4.0,0,31
200900049943,9,11,30,1732,2,2,3,2.0,3,31149,M,,,31
200900049944,9,11,12,1756,5,2,6,1.0,3,31555,M,,,31
200900049945,9,11,4,800,1,2,1,2.0,6,31555,M,,,31
200900049946,9,11,8,611,5,2,1,1.0,6,31555,M,,,31
200900049947,9,11,12,835,1,1,1,1.0,4,31555,M,4.0,0,31
200900049948,9,11,7,2045,5,2,1,1.0,2,31555,M,,,31
200900049949,9,11,13,150,5,2,2,1.0,3,31555,M,,,31
200900049950,9,11,8,1605,1,2,1,1.0,3,31555,M,,,31
200900049951,9,11,15,625,5,2,1,1.0,7,31555,M,,,31
200900049952,9,11,12,1950,5,1,1,1.0,3,31555,M,,,31
200900049953,9,11,5,2130,5,1,1,1.0,7,31555,M,4.0,0,31
200900049954,9,11,7,340,5,2,2,2.0,3,31555,M,,,31
200900049955,9,11,14,510,5,2,1,1.0,3,31555,M,,,31
200900049956,9,11,14,2000,5,2,1,1.0,1,31555,M,,,31
200900049957,9,11,1,715,5,2,1,1.0,6,31555,M,,,31
200900049958,9,11,13,810,1,2,1,1.0,3,31555,M,,,31
200900049959,9,11,5,1220,1,2,2,1.0,3,31555,M,,,31
200900049960,9,11,13,1510,1,2,1,1.0,3,31555,M,,,31
200900049961,9,11,12,635,5,2,1,1.0,1,31555,M,,,31
200900049962,9,11,15,1305,1,2,1,1.0,6,31555,M,,,31
200900049963,9,11,6,2025,5,2,2,1.0,3,31555,M,,,31
200900049964,9,11,15,720,2,2,1,1.0,6,31555,M,,,31
200900049965,9,11,27,1910,5,1,1,1.0,4,31555,M,4.0,0,31
200900049966,9,11,2,1130,1,2,1,2.0,6,31555,M,,,31
200900049967,9,11,10,1750,5,2,3,1.0,3,31555,M,,,31
200900049968,9,11,4,1800,5,2,2,1.0,3,31555,M,,,31
200900049969,9,11,14,1430,1,2,2,1.0,6,31555,M,,,31
200900049970,9,11,10,2315,5,2,1,1.0,6,31555,M,,,31
200900049971,9,11,13,900,1,2,2,1.0,3,31555,M,,,31
200900049972,9,11,23,2000,5,2,1,1.0,2,31555,M,,,31
200900049973,9,11,12,1110,1,1,1,1.0,4,31555,M,4.0,0,31
200900049974,9,11,8,1210,1,2,1,2.0,6,31555,M,,,31
200900049975,9,12,3,1130,1,1,1,3.0,1,04049,M,4.0,0,04
200900049976,9,12,4,845,1,2,1,1.0,6,04111,M,4.0,0,04
200900049977,9,12,5,1200,1,1,1,1.0,3,04160,M,4.0,0,04
200900049978,9,12,19,1245,1,1,1,1.0,1,04033,M,4.0,0,04
200900049979,9,12,20,1615,1,1,1,1.0,3,04013,M,4.0,0,04
200900049980,9,12,21,1344,1,2,5,1.0,3,33192,M,,,33
200900049981,9,12,16,810,1,2,3,1.0,3,33318,M,,,33
200900049982,9,12,16,925,1,2,5,1.0,2,33318,M,,,33
200900049983,9,12,17,920,1,2,3,1.0,6,33522,M,,,33
200900049984,9,12,17,1342,1,2,2,1.0,3,33063,M,,,33
200900049985,9,12,22,1815,5,2,5,1.0,3,33281,M,,,33
200900049986,9,12,17,1815,5,2,1,1.0,3,33063,M,,,33
200900049987,9,12,18,835,1,2,1,1.0,6,33063,M,,,33
200900049988,9,12,26,131,5,2,1,1.0,2,33063,M,,,33
200900049989,9,12,18,930,1,2,1,1.0,7,33039,M,,,33
200900049990,9,12,18,1040,1,2,1,1.0,3,33281,M,,,33
200900049991,9,12,18,1820,2,2,1,1.0,3,33063,M,,,33
200900049992,9,12,18,1830,5,2,2,1.0,3,33039,M,,,33
200900049993,9,12,18,1915,5,2,1,1.0,3,33063,M,,,33
200900049994,9,12,19,1514,1,2,6,1.0,3,33522,M,,,33
200900049995,9,12,19,1800,5,2,1,1.0,6,33063,M,,,33
200900049996,9,12,21,900,1,2,3,8.0,5,33039,M,,,33
200900049997,9,12,22,1430,1,2,2,2.0,3,33063,M,,,33
200900049998,9,12,22,1500,1,2,1,2.0,3,33063,M,,,33
200900049999,9,12,22,1827,5,2,1,2.0,3,33063,M,,,33
200900050000,9,12,23,1405,1,2,1,2.0,3,33039,M,,,33
200900050001,9,12,23,1550,1,2,6,2.0,3,33318,M,,,33
200900050002,9,12,25,2020,5,2,3,1.0,1,33063,M,,,33
200900050003,9,12,25,2318,5,2,2,1.0,6,33063,M,,,33
200900050004,9,12,26,525,5,2,4,1.0,6,33063,M,,,33
200900050005,9,12,26,1100,1,2,3,1.0,3,33063,M,,,33
200900050006,9,12,26,1840,5,2,3,1.0,2,33281,M,,,33
200900050007,9,12,26,1845,5,2,2,1.0,3,33075,M,,,33
200900050008,9,12,26,2250,5,2,1,1.0,3,33075,M,,,33
200900050009,9,12,28,930,1,2,2,2.0,2,33063,M,,,33
200900050010,9,12,28,1355,1,2,1,2.0,6,33318,M,,,33
200900050011,9,12,28,1800,5,2,1,2.0,6,33063,M,,,33
200900050012,9,12,28,1930,5,2,2,8.0,3,33318,M,,,33
200900050013,9,12,29,1815,5,2,3,1.0,6,33063,M,,,33
200900050014,9,12,30,1145,1,2,2,1.0,3,33069,M,,,33
200900050015,9,12,30,1555,1,2,3,1.0,3,33063,M,,,33
200900050016,9,12,31,1700,2,2,3,3.0,3,33063,M,,,33
200900050017,9,12,31,1955,5,2,1,2.0,3,33281,M,,,33
200900050018,9,12,18,1840,5,2,2,9.0,3,33063,M,,,33
200900050019,9,12,4,1750,1,1,1,2.0,5,31555,M,4.0,0,31
200900050020,9,12,9,840,1,2,1,1.0,3,31555,M,,,31
200900050021,9,12,12,1645,1,2,1,1.0,3,31555,M,,,31
200900050022,9,12,4,700,5,2,1,2.0,3,31555,M,,,31
200900050023,9,12,11,1800,5,1,9,1.0,3,31555,M,4.0,0,31
200900050024,9,12,10,2150,5,2,1,5.0,2,31555,M,,,31
200900050025,9,12,8,827,5,1,1,1.0,3,31555,M,4.0,0,31
200900050026,9,12,6,250,5,1,1,1.0,4,31555,M,4.0,0,31
200900050027,9,12,6,2320,5,2,1,1.0,2,31555,M,,,31
200900050028,9,12,14,1030,1,1,1,1.0,2,31555,M,4.0,0,31
200900050029,9,12,15,1,5,2,1,1.0,6,31555,M,,,31
200900050030,9,12,9,1755,5,2,1,1.0,3,31555,M,,,31
200900050031,9,12,14,1930,5,2,1,1.0,6,31555,M,,,31
200900050032,9,12,12,2130,5,1,1,1.0,7,31555,M,4.0,0,31
200900050033,9,12,17,1345,1,2,1,1.0,7,31069,M,,,31
200900050034,9,12,4,825,1,2,1,1.0,6,31555,M,,,31
200900050035,9,12,5,845,1,1,1,1.0,6,31555,M,4.0,0,31
200900050036,9,12,6,130,5,1,1,1.0,4,31555,M,4.0,0,31
200900050037,9,12,1,1415,1,2,1,1.0,2,31555,M,,,31
200900050038,9,12,12,40,5,2,1,1.0,6,31555,M,,,31
200900050039,9,12,2,1520,1,2,1,1.0,3,31555,M,,,31
200900050040,9,12,15,1840,5,2,1,1.0,6,31555,M,,,31
200900050041,9,12,3,736,5,2,2,2.0,3,31555,M,,,31
200900050042,9,12,15,1350,1,2,1,1.0,3,31555,M,,,31
200900050043,9,12,7,2030,5,2,1,1.0,3,31446,M,4.0,0,31
200900050044,9,12,9,2000,5,1,6,1.0,7,31118,M,4.0,0,31
200900050045,9,12,2,1730,2,1,1,1.0,3,31117,M,4.0,0,31
200900050046,9,12,9,2045,3,1,1,1.0,2,31455,M,4.0,0,31
200900050047,9,12,18,1,3,1,1,1.0,1,31402,M,4.0,0,31
200900050048,9,12,7,1745,5,2,1,1.0,1,31573,M,4.0,0,31
200900050049,9,12,2,1845,3,1,1,1.0,6,31567,M,4.0,0,31
200900050050,9,12,25,1945,3,1,1,1.0,6,31399,M,4.0,0,31
200900050051,9,12,20,1530,1,2,9,1.0,6,31506,M,4.0,0,31
200900050052,9,12,20,1845,5,2,1,1.0,1,31297,M,4.0,0,31
200900050053,9,12,23,1415,1,1,1,8.0,3,31334,M,4.0,0,31
200900050054,9,12,8,215,5,2,1,1.0,6,31561,M,4.0,0,31
200900050055,9,12,15,1815,5,2,1,1.0,6,31506,M,4.0,0,31
200900050056,9,12,19,645,3,1,1,1.0,7,31220,M,4.0,0,31
200900050057,9,12,20,215,3,1,1,1.0,6,31232,M,4.0,0,31
200900050058,9,12,13,2000,3,1,1,1.0,6,31474,M,4.0,0,31
200900050059,9,12,31,1645,1,1,1,1.0,1,31582,M,4.0,0,31
200900050060,9,12,29,1030,1,2,1,1.0,6,31254,M,4.0,0,31
200900050061,9,12,18,645,5,2,1,4.0,2,31584,M,4.0,0,31
200900050062,9,12,30,1328,1,2,1,1.0,6,31555,M,,,31
200900050063,9,12,25,910,1,2,2,1.0,3,31555,M,,,31
200900050064,9,12,29,1900,5,2,1,2.0,1,31555,M,,,31
200900050065,9,12,16,1450,1,2,3,8.0,3,31555,M,,,31
200900050066,9,12,31,2200,5,2,1,3.0,2,31555,M,,,31
200900050067,9,12,20,405,5,1,1,1.0,7,31555,M,,,31
200900050068,9,12,17,735,2,2,3,1.0,3,31555,M,,,31
200900050069,9,12,19,540,5,2,1,1.0,6,31555,M,,,31
200900050070,9,12,21,2100,5,2,1,1.0,3,31555,M,,,31
200900050071,9,12,30,2115,5,1,1,2.0,7,31555,M,4.0,0,31
200900050072,9,12,29,2330,5,1,1,1.0,6,31555,M,4.0,0,31
200900050073,9,12,24,2230,5,2,2,1.0,1,31555,M,,,31
200900050074,9,12,22,2350,5,1,1,2.0,2,31555,M,4.0,0,31
200900050075,9,12,28,1642,1,2,1,1.0,3,31555,M,,,31
200900050076,9,12,1,930,1,1,1,1.0,4,31555,M,4.0,0,31
200900050077,9,12,24,1706,2,2,1,2.0,3,31555,M,,,31
200900050078,9,12,26,2155,5,1,1,1.0,7,31555,M,4.0,0,31
200900050079,9,12,31,200,5,2,1,2.0,7,31555,M,,,31
200900050080,9,12,26,2150,5,2,1,1.0,2,31555,M,,,31
200900050081,9,12,22,1720,5,2,1,2.0,2,31555,M,,,31
200900050082,9,12,17,5,5,2,1,1.0,6,31555,M,,,31
200900050083,9,12,17,1500,1,2,1,1.0,6,31555,M,,,31
200900050084,9,12,16,810,1,2,1,1.0,3,31555,M,,,31
200900050085,9,12,16,720,5,1,1,1.0,3,31555,M,4.0,0,31
200900050086,9,12,20,1610,1,2,1,1.0,6,31555,M,,,31
200900050087,9,12,24,1850,5,2,1,1.0,6,31555,M,,,31
200900050088,9,12,18,1730,5,2,1,8.0,6,31555,M,,,31
200900050089,9,12,26,515,5,1,1,1.0,3,31555,M,,,31
200900050090,9,12,29,1603,1,2,1,1.0,4,31555,M,,,31
200900050091,9,10,21,1500,1,1,1,1.0,1,37165,M,4.0,0,37
200900050092,9,10,1,1830,1,1,1,1.0,1,37147,M,0.0,0,37
200900050093,9,10,5,730,2,1,1,2.0,6,37054,M,4.0,0,37
200900050094,9,10,6,745,2,1,1,2.0,7,37249,M,4.0,0,37
200900050095,9,10,8,1645,1,1,1,1.0,3,37091,M,4.0,0,37
200900050096,9,10,17,1000,1,2,3,1.0,3,37003,M,4.0,0,37
200900050097,9,10,19,815,1,1,1,1.0,1,37232,M,4.0,0,37
200900050098,9,10,21,1715,1,1,1,1.0,7,37175,M,4.0,0,37
200900050099,9,10,25,100,3,2,1,1.0,7,37002,M,4.0,0,37
200900050100,9,10,24,2045,3,1,1,8.0,6,37074,M,0.0,0,37
200900050101,9,10,30,1415,1,1,1,1.0,2,37104,M,4.0,0,37
200900050102,9,10,25,1545,1,1,1,1.0,6,37179,M,4.0,0,37
200900050103,9,10,26,30,3,1,1,2.0,2,37153,M,4.0,0,37
200900050104,9,10,28,1500,1,1,1,1.0,1,37003,M,4.0,0,37
200900050105,9,10,31,900,1,1,3,8.0,1,37042,M,4.0,0,37
200900050106,9,10,16,740,3,1,1,8.0,6,37245,M,4.0,0,37
200900050107,9,10,30,1637,1,2,1,1.0,6,37233,M,,,37
200900050108,9,10,21,1240,1,2,1,2.0,1,37122,M,,,37
200900050109,9,10,23,750,2,2,6,1.0,3,37122,M,,,37
200900050110,9,10,29,1915,5,2,1,8.0,6,37261,M,,,37
200900050111,9,10,10,2035,3,2,3,1.0,6,37261,M,,,37
200900050112,9,10,23,1820,1,2,2,1.0,3,37208,M,,,37
200900050113,9,10,19,1858,5,2,2,1.0,3,37261,M,,,37
200900050114,9,10,28,1305,1,2,1,1.0,7,37214,M,,,37
200900050115,9,10,22,1130,1,2,2,1.0,3,37261,M,,,37
200900050116,9,10,31,855,1,2,1,1.0,6,37261,M,,,37
200900050117,9,10,29,905,1,2,1,1.0,3,37261,M,,,37
200900050118,9,10,5,1826,1,2,1,1.0,3,37261,M,,,37
200900050119,9,10,30,1135,1,2,1,1.0,7,37261,M,,,37
200900050120,9,10,19,1234,1,2,2,1.0,3,37233,M,,,37
200900050121,9,10,7,745,2,2,6,1.0,7,37261,M,,,37
200900050122,9,10,13,825,1,2,3,1.0,3,37261,M,,,37
200900050123,9,10,19,1545,1,2,1,1.0,7,37122,M,,,37
200900050124,9,10,26,1338,1,2,2,1.0,3,37261,M,,,37
200900050125,9,10,1,1630,1,2,1,1.0,6,37261,M,,,37
200900050126,9,10,28,1815,1,2,2,1.0,7,37261,M,,,37
200900050127,9,10,14,1700,1,2,1,1.0,6,37122,M,,,37
200900050128,9,10,21,750,2,2,1,2.0,3,37261,M,,,37
200900050129,9,10,27,1350,1,2,1,1.0,3,37261,M,,,37
200900050130,9,10,28,2030,5,2,1,1.0,7,37122,M,,,37
200900050131,9,10,23,400,3,1,1,1.0,6,37122,M,4.0,0,37
200900050132,9,10,15,800,1,2,1,1.0,2,37261,M,,,37
200900050133,9,10,1,400,5,2,2,1.0,6,37233,M,,,37
200900050134,9,10,1,818,2,2,1,1.0,6,37261,M,,,37
200900050135,9,10,2,820,1,2,2,1.0,3,37261,M,,,37
200900050136,9,10,5,825,2,2,2,1.0,6,37122,M,,,37
200900050137,9,10,5,1255,1,2,1,2.0,6,37261,M,,,37
200900050138,9,10,6,2000,2,2,2,1.0,3,37261,M,,,37
200900050139,9,10,2,2156,5,1,9,1.0,3,37261,M,,,37
200900050140,9,10,3,903,1,2,1,1.0,6,37261,M,,,37
200900050141,9,10,4,235,5,2,1,1.0,6,37261,M,,,37
200900050142,9,10,5,751,2,2,1,1.0,6,37122,M,,,37
200900050143,9,10,8,1220,1,1,1,1.0,6,37122,M,,,37
200900050144,9,10,8,1630,1,2,1,1.0,6,37261,M,,,37
200900050145,9,10,10,910,1,2,1,2.0,2,37233,M,,,37
200900050146,9,10,11,1555,1,2,1,1.0,3,37261,M,,,37
200900050147,9,10,12,2030,5,2,1,1.0,6,37261,M,,,37
200900050148,9,10,12,1730,1,2,1,1.0,1,37261,M,,,37
200900050149,9,10,11,1735,1,1,1,1.0,7,37122,M,4.0,0,37
200900050150,9,10,13,1835,5,2,1,1.0,6,37122,M,,,37
200900050151,9,10,14,1225,1,2,1,1.0,2,37261,M,,,37
200900050152,9,10,14,1745,5,2,1,1.0,6,37261,M,,,37
200900050153,9,10,16,805,1,2,1,1.0,2,37261,M,,,37
200900050154,9,10,16,1730,1,2,6,1.0,3,37261,M,,,37
200900050155,9,10,17,158,5,2,1,1.0,6,37261,M,,,37
200900050156,9,10,17,550,5,2,1,1.0,6,37261,M,,,37