Num_Acc,an,mois,jour,hrmn,lum,agg,int,atm,col,com,gps,lat,long,dep
200900050157,9,10,17,1700,1,2,1,1.0,6,37261,M,,,37
200900050158,9,10,16,915,1,1,1,1.0,6,37122,M,,,37
200900050159,9,10,16,1555,1,2,6,1.0,6,37261,M,,,37
200900050160,9,10,16,2005,5,2,3,8.0,3,37261,M,,,37
200900050161,9,10,19,810,1,2,1,1.0,6,37261,M,,,37
200900050162,9,10,18,1457,1,2,2,1.0,3,37261,M,,,37
200900050163,9,10,19,814,2,2,1,1.0,6,37122,M,,,37
200900050164,9,11,25,1730,3,1,1,8.0,7,21290,M,4.0,0,21
200900050165,9,11,23,1730,5,2,1,2.0,1,21154,M,0.0,0,21
200900050166,9,11,1,530,3,1,1,1.0,7,21673,M,0.0,0,21
200900050167,9,11,25,1900,3,1,1,1.0,2,21192,M,4.0,0,21
200900050168,9,11,27,1730,3,1,1,2.0,1,21318,M,4.0,0,21
200900050169,9,11,7,1900,3,1,1,9.0,1,21681,M,4.0,0,21
200900050170,9,11,8,330,5,2,1,8.0,6,21209,M,4.0,0,21
200900050171,9,11,15,230,5,2,1,1.0,6,21642,M,4.0,0,21
200900050172,9,11,19,2000,3,1,1,5.0,2,21423,M,4.0,0,21
200900050173,9,11,20,300,3,1,1,1.0,2,21038,M,4.0,0,21
200900050174,9,11,2,1200,1,2,1,2.0,1,21573,M,4.0,0,21
200900050175,9,11,26,314,5,2,7,2.0,6,21231,M,,,21
200900050176,9,11,17,1927,5,2,3,1.0,1,21231,M,,,21
200900050177,9,11,26,1841,5,2,7,1.0,2,21231,M,,,21
200900050178,9,11,25,1803,5,2,1,1.0,1,21231,M,,,21
200900050179,9,11,18,1205,1,2,5,1.0,6,21231,M,,,21
200900050180,9,11,24,1649,2,2,2,1.0,3,21231,M,,,21
200900050181,9,11,24,1744,5,2,1,1.0,6,21355,M,,,21
200900050182,9,11,18,2042,5,2,1,1.0,6,21231,M,,,21
200900050183,9,11,18,2145,5,2,7,1.0,6,21231,M,,,21
200900050184,9,11,23,1736,5,2,1,2.0,3,21231,M,,,21
200900050185,9,11,16,1726,5,2,3,2.0,3,21231,M,,,21
200900050186,9,11,19,1907,5,2,1,1.0,3,21231,M,,,21
200900050187,9,5,8,1730,1,2,1,1.0,6,23096,M,,,23
200900050188,9,12,24,10,5,2,2,1.0,3,66136,M,4.0,0,66
200900050189,9,12,27,1200,1,2,1,1.0,2,66136,M,4.0,0,66
200900050190,9,12,4,1249,1,2,2,2.0,3,72181,M,,,72
200900050191,9,12,2,1750,5,2,1,2.0,6,72181,M,,,72
200900050192,9,12,12,1835,5,2,1,1.0,2,72181,M,,,72
200900050193,9,12,15,1450,1,2,1,1.0,6,72181,M,,,72
200900050194,9,12,5,1645,2,2,1,1.0,7,72181,M,,,72
200900050195,9,12,9,750,3,2,1,9.0,2,72181,M,,,72
200900050196,9,12,9,1740,5,2,1,2.0,2,72181,M,,,72
200900050197,9,12,5,732,5,2,1,2.0,1,72181,M,,,72
200900050198,9,12,5,2100,5,2,6,2.0,1,72003,M,,,72
200900050199,9,12,6,215,5,2,1,1.0,3,72181,M,,,72
200900050200,9,12,7,2225,5,2,1,2.0,3,72181,M,,,72
200900050201,9,12,10,2135,5,2,1,1.0,6,72181,M,,,72
200900050202,9,12,10,1240,1,2,3,1.0,4,72181,M,,,72
200900050203,9,12,15,1600,1,2,2,1.0,3,72181,M,,,72
200900050204,9,12,14,1915,3,1,1,1.0,6,72124,M,0.0,0,72
200900050205,9,12,15,800,4,2,1,1.0,6,72264,M,4.0,-,72
200900050206,9,12,19,1845,5,2,9,1.0,6,72264,M,4.0,-,72
200900050207,9,12,11,1800,3,1,2,1.0,3,72375,M,0.0,0,72
200900050208,9,12,11,1800,3,1,1,1.0,3,72154,M,4.0,-,72
200900050209,9,12,14,1800,3,1,1,1.0,2,72051,M,4.0,0,72
200900050210,9,12,3,1030,1,2,1,1.0,3,72176,M,4.0,0,72
200900050211,9,12,8,800,2,1,1,1.0,5,72260,M,4.0,0,72
200900050212,9,12,15,1845,3,1,1,1.0,2,72284,M,4.0,0,72
200900050213,9,12,23,1130,1,1,2,1.0,3,72231,M,4.0,0,72
200900050214,9,12,11,1530,1,1,1,1.0,2,72118,M,4.0,0,72
200900050215,9,12,16,1730,3,1,1,1.0,1,72228,M,4.0,-,72
200900050216,9,12,19,1530,1,1,3,4.0,3,72300,M,0.0,0,72
200900050217,9,12,15,1130,1,1,1,8.0,1,72360,M,4.0,0,72
200900050218,9,12,10,1745,1,2,7,1.0,6,72180,M,4.0,0,72
200900050219,9,12,16,1030,1,2,1,1.0,6,72181,M,,,72
200900050220,9,12,22,1750,5,2,3,1.0,5,72181,M,,,72
200900050221,9,12,21,450,5,2,1,1.0,3,72181,M,,,72
200900050222,9,12,26,1810,5,2,1,2.0,6,72181,M,,,72
200900050223,9,12,17,940,1,2,1,4.0,7,72181,M,,,72
200900050224,9,12,29,1630,1,2,1,1.0,3,72181,M,,,72
200900050225,9,6,25,1840,1,2,1,1.0,6,91228,M,,,91
200900050226,9,12,8,1800,5,2,2,1.0,6,31557,M,4.0,0,31
200900050227,9,12,20,135,5,1,1,1.0,7,31069,M,,,31
200900050228,9,3,16,1830,1,2,1,1.0,6,31555,M,,,31
200900050229,9,4,30,1000,1,2,1,1.0,3,31555,M,,,31
200900050230,9,5,31,1220,1,2,2,1.0,3,31555,M,,,31
200900050231,9,6,12,930,1,2,1,1.0,3,31555,M,,,31
200900050232,9,9,5,1020,1,2,1,1.0,6,31555,M,,,31
200900050233,9,10,4,520,5,2,1,1.0,3,31555,M,,,31
200900050234,9,10,16,835,1,2,6,1.0,3,31555,M,4.0,0,31
200900050235,9,10,16,1315,1,2,1,1.0,6,31555,M,,,31
200900050236,9,10,17,55,5,1,1,1.0,2,31555,M,4.0,0,31
200900050237,9,10,29,1630,1,2,1,1.0,6,31555,M,,,31
200900050238,9,12,2,825,2,2,1,8.0,3,31557,M,4.0,0,31
200900050239,9,12,9,1050,1,2,1,1.0,2,31557,M,4.0,0,31
200900050240,9,12,17,1840,5,1,1,1.0,6,31557,M,4.0,0,31
200900050241,9,12,23,1800,5,2,3,1.0,3,31069,M,,,31
200900050242,9,7,26,6,3,1,1,1.0,7,56098,M,,,56
200900050243,9,4,7,600,3,1,1,2.0,7,34032,M,4.0,0,34
200900050244,9,4,8,1730,1,1,2,1.0,2,34032,M,,,34
200900050245,9,4,12,1430,1,1,6,3.0,6,34336,M,,,34
200900050246,9,4,13,1315,1,2,3,1.0,7,34032,M,,,34
200900050247,9,4,26,130,3,1,1,2.0,1,34003,M,,,34
200900050248,9,4,2,2220,3,1,1,8.0,7,34032,M,,,34
200900050249,9,4,13,1530,1,1,1,1.0,3,34032,M,,,34
200900050250,9,4,10,1425,1,2,2,3.0,1,34032,M,,,34
200900050251,9,4,2,2050,3,1,4,1.0,3,34032,M,,,34
200900050252,9,4,9,850,1,2,2,1.0,3,34032,M,4.0,0,34
200900050253,9,4,22,1155,1,1,1,1.0,6,34003,M,,,34
200900050254,9,4,28,1130,1,1,1,1.0,6,34151,M,0.0,0,34
200900050255,9,4,5,1400,1,1,1,1.0,6,34079,M,4.0,0,34
200900050256,9,4,19,600,3,1,1,1.0,7,34184,M,4.0,0,34
200900050257,9,4,15,1415,1,1,1,1.0,5,34022,M,4.0,0,34
200900050258,9,4,16,1415,1,1,1,1.0,3,34151,M,4.0,0,34
200900050259,9,4,24,2100,3,1,1,1.0,4,34022,M,0.0,0,34
200900050260,9,4,13,1730,2,2,1,1.0,6,34162,M,4.0,0,34
200900050261,9,4,25,2100,3,1,1,1.0,5,34209,M,0.0,0,34
200900050262,9,4,9,1000,1,1,1,1.0,6,34300,M,4.0,0,34
200900050263,9,4,5,1015,1,2,1,1.0,3,34295,M,4.0,0,34
200900050264,9,4,18,1130,1,1,1,8.0,7,34155,M,4.0,0,34
200900050265,9,4,4,1445,1,1,1,1.0,5,34270,M,0.0,0,34
200900050266,9,4,2,100,3,2,1,2.0,7,34225,M,4.0,0,34
200900050267,9,4,17,1045,1,1,1,1.0,3,34252,M,4.0,0,34
200900050268,9,4,13,2015,3,1,1,1.0,6,34094,M,4.0,0,34
200900050269,9,4,22,900,1,2,1,1.0,1,34337,M,0.0,0,34
200900050270,9,4,13,1945,2,1,1,1.0,7,34163,M,4.0,0,34
200900050271,9,4,27,1845,1,2,2,1.0,3,34327,M,4.0,0,34
200900050272,9,4,4,1815,1,1,1,1.0,3,34031,M,4.0,0,34
200900050273,9,4,16,115,3,1,1,1.0,7,34160,M,4.0,0,34
200900050274,9,4,16,2250,3,1,1,1.0,7,34149,M,4.0,0,34
200900050275,9,4,29,700,1,1,1,1.0,6,34199,M,4.0,0,34
200900050276,9,4,19,330,5,2,1,8.0,6,34028,M,0.0,0,34
200900050277,9,4,22,1600,1,1,1,6.0,2,34299,M,4.0,0,34
200900050278,9,4,18,1530,1,1,1,1.0,1,34154,M,4.0,0,34
200900050279,9,4,13,2215,5,2,1,1.0,6,34192,M,4.0,0,34
200900050280,9,4,26,340,5,2,3,2.0,3,34301,M,4.0,0,34
200900050281,9,4,25,2150,5,2,1,1.0,3,34108,M,4.0,0,34
200900050282,9,4,23,330,5,2,3,1.0,3,34032,M,,,34
200900050283,9,4,15,200,3,1,1,1.0,7,34108,M,,,34
200900050284,9,4,4,2210,5,2,4,1.0,3,34301,M,4.0,0,34
200900050285,9,4,19,220,5,2,6,1.0,1,34032,M,4.0,0,34
200900050286,9,4,16,1310,1,2,1,1.0,7,34032,M,,,34
200900050287,9,4,13,1635,1,1,1,1.0,2,34108,M,4.0,0,34
200900050288,9,4,23,1450,1,2,1,1.0,3,34032,M,,,34
200900050289,9,4,16,750,1,2,2,1.0,7,34032,M,,,34
200900050290,9,4,23,1745,1,1,1,1.0,2,34336,M,,,34
200900050291,9,4,23,1810,1,2,3,1.0,3,34172,M,4.0,0,34
200900050292,9,4,22,1844,1,2,1,1.0,6,34172,M,,,34
200900050293,9,4,27,900,1,2,1,1.0,2,34172,M,4.0,0,34
200900050294,9,4,3,1508,1,2,1,1.0,7,34172,M,4.0,0,34
200900050295,9,4,10,2050,5,2,1,1.0,2,34172,M,,,34
200900050296,9,4,15,245,5,2,1,1.0,6,34172,M,4.0,0,34
200900050297,9,4,25,1630,1,2,1,1.0,2,34172,M,4.0,0,34
200900050298,9,4,11,2000,5,1,9,3.0,7,34129,M,4.0,0,34
200900050299,9,4,25,510,5,2,9,1.0,6,34172,M,4.0,0,34
200900050300,9,4,1,2100,5,2,2,3.0,3,34172,M,,,34
200900050301,9,4,28,110,5,2,1,1.0,6,34172,M,,,34
200900050302,9,4,28,1440,1,2,1,1.0,7,34172,M,4.0,0,34
200900050303,9,4,25,330,3,1,1,1.0,7,34129,M,4.0,0,34
200900050304,9,4,29,1400,1,2,1,1.0,6,34172,M,4.0,0,34
200900050305,9,4,24,1950,1,2,2,1.0,3,34172,M,4.0,0,34
200900050306,9,4,9,1910,1,2,1,1.0,7,34172,M,,,34
200900050307,9,4,25,600,5,1,1,9.0,6,34129,M,,,34
200900050308,9,4,20,2045,5,2,2,2.0,3,34172,M,4.0,0,34
200900050309,9,4,26,240,5,2,2,2.0,3,34172,M,4.0,0,34
200900050310,9,4,17,1705,1,2,1,8.0,2,34129,M,4.0,0,34
200900050311,9,4,24,1800,1,2,1,1.0,2,34172,M,4.0,0,34
200900050312,9,4,4,146,3,2,2,1.0,3,34172,M,,,34
200900050313,9,4,7,1850,1,2,6,2.0,7,34172,M,4.0,0,34
200900050314,9,4,1,1450,1,2,3,1.0,7,34172,M,4.0,0,34
200900050315,9,4,10,310,5,2,1,1.0,7,34172,M,,,34
200900050316,9,4,5,1330,1,2,1,1.0,1,34172,M,4.0,0,34
200900050317,9,4,2,945,1,2,1,3.0,7,34172,M,4.0,0,34
200900050318,9,4,10,1425,1,2,1,8.0,6,34172,M,4.0,0,34
200900050319,9,4,30,2025,1,2,1,1.0,6,34172,M,4.0,0,34
200900050320,9,4,6,2045,5,2,1,1.0,7,34172,M,,,34
200900050321,9,4,24,1100,1,2,1,1.0,1,34172,M,,,34
200900050322,9,4,6,1200,1,2,6,1.0,4,34172,M,4.0,0,34
200900050323,9,4,9,820,1,2,1,1.0,7,34172,M,4.0,0,34
200900050324,9,4,3,45,5,2,2,1.0,3,34172,M,4.0,0,34
200900050325,9,4,4,1220,1,2,1,1.0,2,34172,M,4.0,0,34
200900050326,9,4,18,310,5,1,1,1.0,6,34129,M,4.0,0,34
200900050327,9,4,21,1220,1,1,1,1.0,6,34003,M,4.0,0,34
200900050328,9,4,23,1715,1,2,1,1.0,6,34172,M,4.0,0,34
200900050329,9,4,24,2115,5,2,1,1.0,6,34172,M,4.0,0,34
200900050330,9,4,27,2000,1,2,3,1.0,7,34172,M,4.0,0,34
200900050331,9,4,29,2245,3,1,1,1.0,1,34108,M,4.0,0,34
200900050332,9,4,8,810,1,2,1,1.0,7,34172,M,4.0,0,34
200900050333,9,4,10,2246,5,2,1,1.0,2,34172,M,4.0,0,34
200900050334,9,4,27,925,1,2,1,1.0,7,34172,M,4.0,0,34
200900050335,9,4,5,1034,1,2,1,1.0,1,34198,M,,,34
200900050336,9,4,28,852,1,2,3,1.0,6,34198,M,4.0,0,34
200900050337,9,4,30,1350,1,2,1,1.0,7,34172,M,4.0,0,34
200900050338,9,1,8,1030,1,2,1,4.0,7,91223,M,,,91
200900050339,9,5,22,1700,1,1,1,1.0,3,91223,M,,,91
200900050340,9,6,16,1430,1,2,2,1.0,3,14047,M,4.0,-,14
200900050341,9,6,25,1445,1,2,1,1.0,6,14754,M,4.0,-,14
200900050342,9,6,10,2330,3,1,1,1.0,6,14280,M,4.0,0,14
200900050343,9,6,13,915,1,1,2,1.0,3,14735,M,4.0,-,14
200900050344,9,6,5,1845,1,1,3,1.0,3,14445,M,4.0,-,14
200900050345,9,6,10,930,1,1,1,1.0,4,14529,M,4.0,-,14
200900050346,9,6,21,1715,1,1,1,1.0,1,14676,M,4.0,-,14
200900050347,9,6,3,2000,1,1,1,1.0,7,14287,M,4.0,-,14
200900050348,9,6,19,1730,1,2,3,1.0,1,14671,M,4.0,-,14
200900050349,9,6,14,1845,1,1,1,1.0,1,14654,M,4.0,-,14
200900050350,9,6,14,1515,1,1,2,1.0,3,14154,M,4.0,0,14
200900050351,9,6,10,1230,1,1,1,1.0,1,14203,M,4.0,-,14
200900050352,9,6,8,1815,1,1,1,3.0,7,14717,M,0.0,0,14
200900050353,9,6,11,1315,1,1,1,1.0,6,14601,M,4.0,0,14
200900050354,9,6,28,1745,1,1,3,1.0,3,14523,M,4.0,-,14
200900050355,9,6,24,815,1,1,1,1.0,6,14253,M,4.0,-,14
200900050356,9,6,26,1815,1,2,1,1.0,1,14676,M,4.0,-,14
200900050357,9,6,28,2030,1,2,6,1.0,6,14762,M,0.0,0,14
200900050358,9,6,1,1130,1,1,1,1.0,3,14203,M,4.0,-,14
200900050359,9,6,21,215,5,2,1,1.0,3,14488,M,4.0,-,14
200900050360,9,6,26,1115,1,1,2,1.0,3,14494,M,4.0,-,14
200900050361,9,6,19,1600,1,1,1,1.0,7,14703,M,4.0,-,14
200900050362,9,6,19,1515,1,2,3,1.0,5,14118,M,,,14
200900050363,9,6,22,345,5,2,1,1.0,6,14118,M,4.0,-,14
200900050364,9,6,6,10,5,2,1,1.0,7,14118,M,4.0,-,14
200900050365,9,6,20,1945,1,2,1,1.0,3,14366,M,4.0,0,14
200900050366,9,6,27,1810,1,2,2,1.0,1,14366,M,0.0,0,14
200900050367,9,6,19,1110,1,2,1,1.0,6,14366,M,,,14
200900050368,9,6,25,1600,1,2,1,1.0,6,14366,M,4.0,0,14
200900050369,9,6,27,1605,1,2,1,1.0,1,14574,M,4.0,0,14
200900050370,9,6,4,1340,1,2,3,1.0,3,14366,M,4.0,0,14
200900050371,9,6,21,130,5,2,2,1.0,7,14118,M,4.0,-,14
200900050372,9,6,2,2040,1,2,1,1.0,6,91228,M,,,91
200900050373,9,6,3,1400,1,2,2,1.0,3,91201,M,,,91
200900050374,9,7,25,645,2,1,1,1.0,6,14682,M,4.0,0,14
200900050375,9,7,7,1745,1,1,9,1.0,3,14354,M,0.0,0,14
200900050376,9,7,30,1800,1,1,3,1.0,3,14287,M,4.0,-,14
200900050377,9,7,19,1745,1,2,1,1.0,6,14312,M,0.0,0,14
200900050378,9,7,4,2215,1,2,1,1.0,6,14480,M,4.0,-,14
200900050379,9,7,1,1830,1,1,1,1.0,3,14120,M,4.0,-,14
200900050380,9,7,10,1600,1,2,1,1.0,1,14290,M,4.0,-,14
200900050381,9,7,1,1945,1,2,3,1.0,7,14462,M,4.0,-,14
200900050382,9,7,30,445,3,2,1,8.0,6,14353,M,4.0,-,14
200900050383,9,7,29,2200,3,1,1,2.0,6,14691,M,4.0,-,14
200900050384,9,7,10,1445,1,2,1,1.0,3,14020,M,4.0,-,14
200900050385,9,7,25,830,1,1,1,1.0,3,14305,M,0.0,0,14
200900050386,9,7,12,1430,1,1,1,1.0,1,14218,M,4.0,0,14
200900050387,9,7,9,1515,1,2,1,1.0,6,14689,M,4.0,-,14
200900050388,9,7,28,1830,1,1,1,1.0,1,14352,M,4.0,-,14
200900050389,9,7,5,1830,1,2,9,2.0,3,14488,M,4.0,-,14
200900050390,9,7,23,2215,3,1,3,1.0,3,14174,M,4.0,-,14
200900050391,9,7,27,1630,1,1,2,1.0,3,14700,M,0.0,0,14
200900050392,9,7,8,1100,1,2,1,8.0,1,14431,M,4.0,-,14
200900050393,9,7,14,2000,1,1,1,7.0,1,14431,M,4.0,-,14
200900050394,9,7,19,1800,1,2,1,1.0,1,14491,M,4.0,-,14
200900050395,9,7,25,1730,1,1,1,1.0,3,14424,M,4.0,-,14
200900050396,9,7,16,1830,1,2,3,1.0,3,14488,M,4.0,-,14
200900050397,9,7,5,1930,1,1,1,1.0,3,14327,M,4.0,-,14
200900050398,9,7,7,2300,5,1,1,1.0,3,14101,M,4.0,-,14
200900050399,9,7,15,1754,1,1,2,1.0,3,14304,M,4.0,0,14
200900050400,9,7,6,1320,1,2,2,1.0,3,14366,M,,,14
200900050401,9,7,10,1955,1,2,1,1.0,3,14366,M,,,14
200900050402,9,7,8,1320,1,2,1,2.0,3,14366,M,,,14
200900050403,9,7,6,1635,1,2,1,1.0,6,14118,M,4.0,-,14
200900050404,9,7,3,1115,1,2,2,1.0,3,14118,M,4.0,-,14
200900050405,9,7,12,935,1,2,1,1.0,6,14118,M,4.0,-,14
200900050406,9,7,7,1700,1,2,1,1.0,6,14118,M,4.0,-,14
200900050407,9,7,9,500,2,1,1,1.0,3,14366,M,,,14
200900050408,9,7,15,2115,1,1,1,1.0,1,14069,M,,,14
200900050409,9,7,8,2005,1,1,1,1.0,2,14437,M,4.0,-,14
200900050410,9,7,25,440,5,2,1,1.0,6,14118,M,4.0,-,14
200900050411,9,7,3,2230,5,2,3,1.0,3,14118,M,4.0,-,14
200900050412,9,7,29,1705,1,2,2,1.0,3,14118,M,4.0,-,14
200900050413,9,7,20,750,1,2,6,1.0,3,14118,M,,,14
200900050414,9,7,17,2250,5,2,2,1.0,3,14271,M,4.0,-,14
200900050415,9,7,23,2203,5,2,1,1.0,6,14167,M,4.0,-,14
200900050416,9,7,30,1650,1,2,1,1.0,7,14254,M,4.0,-,14
200900050417,9,7,16,2040,1,2,2,1.0,3,14366,M,4.0,0,14
200900050418,9,6,10,5,5,2,1,1.0,3,91201,M,,,91
200900050419,9,8,5,1310,1,1,1,1.0,7,14487,M,,,14
200900050420,9,8,5,655,1,2,1,1.0,7,14366,M,,,14
200900050421,9,8,7,1650,1,2,3,1.0,3,14366,M,,,14
200900050422,9,8,10,2200,2,2,3,1.0,3,14366,M,,,14
200900050423,9,8,22,2330,3,1,1,1.0,7,14730,M,4.0,-,14
200900050424,9,8,20,2230,5,2,1,1.0,6,14129,M,4.0,-,14
200900050425,9,8,19,2215,5,2,1,1.0,6,14562,M,4.0,-,14
200900050426,9,8,8,1500,1,2,1,1.0,1,14762,M,4.0,-,14
200900050427,9,8,14,1845,1,2,2,1.0,5,14565,M,4.0,-,14
200900050428,9,8,21,1830,1,1,1,1.0,6,14603,M,4.0,-,14
200900050429,9,8,14,1115,1,2,1,1.0,1,14656,M,4.0,-,14
200900050430,9,8,18,1615,1,2,1,1.0,7,14342,M,4.0,-,14
200900050431,9,8,22,2030,1,1,1,1.0,6,14120,M,4.0,-,14
200900050432,9,8,8,2145,3,1,1,1.0,7,14760,M,4.0,-,14
200900050433,9,8,8,115,3,1,1,1.0,7,14738,M,0.0,0,14
200900050434,9,8,9,2000,1,1,1,1.0,3,14347,M,4.0,-,14
200900050435,9,8,15,1545,1,1,1,1.0,6,14020,M,4.0,-,14
200900050436,9,8,21,215,3,2,1,1.0,7,14634,M,4.0,0,14
200900050437,9,8,24,1845,1,1,1,1.0,7,14160,M,4.0,-,14
200900050438,9,8,19,1615,1,1,2,7.0,3,14336,M,4.0,-,14
200900050439,9,8,11,945,1,1,1,1.0,2,14675,M,4.0,-,14
200900050440,9,8,26,1900,1,1,1,1.0,5,14370,M,0.0,0,14
200900050441,9,8,3,1800,1,1,3,1.0,3,14331,M,4.0,-,14
200900050442,9,8,16,1430,1,1,1,1.0,1,14251,M,4.0,-,14
200900050443,9,8,30,200,5,2,1,1.0,6,14754,M,4.0,0,14
200900050444,9,8,16,15,3,1,1,1.0,6,14193,M,4.0,0,14
200900050445,9,8,13,1010,1,2,3,1.0,3,14437,M,4.0,-,14
200900050446,9,8,29,1915,1,2,3,7.0,2,14137,M,4.0,-,14
200900050447,9,8,12,425,5,2,3,1.0,7,14271,M,,,14
200900050448,9,8,20,2110,2,1,1,1.0,3,14333,M,4.0,0,14
200900050449,9,8,21,1500,1,1,5,1.0,3,14366,M,4.0,0,14
200900050450,9,8,2,1600,1,2,3,1.0,3,14437,M,4.0,-,14
200900050451,9,8,22,2055,2,2,6,1.0,3,14366,M,,,14
200900050452,9,8,4,1250,1,2,2,1.0,3,14118,M,4.0,-,14
200900050453,9,8,13,1150,1,2,1,1.0,6,14118,M,,,14
200900050454,9,8,27,1735,1,1,1,1.0,2,14327,M,,,14
200900050455,9,8,21,1630,1,2,1,1.0,6,14301,M,,,14
200900050456,9,6,14,1855,1,2,2,1.0,3,91201,M,,,91
200900050457,9,9,29,1940,5,2,1,1.0,2,14118,M,4.0,-,14
200900050458,9,9,12,325,5,2,1,1.0,7,14118,M,4.0,-,14
200900050459,9,9,14,1155,1,2,1,1.0,6,14366,M,4.0,0,14
200900050460,9,9,12,1246,1,1,1,1.0,3,14304,M,4.0,0,14
200900050461,9,9,7,1115,1,2,1,7.0,6,14383,M,4.0,-,14
200900050462,9,9,18,1454,1,1,1,1.0,1,14333,M,4.0,0,14
200900050463,9,9,14,15,5,2,1,1.0,6,14574,M,,,14
200900050464,9,9,2,1505,1,2,2,1.0,3,14327,M,4.0,-,14
200900050465,9,9,9,2200,5,2,6,1.0,3,14181,M,4.0,-,14
200900050466,9,9,3,1215,1,2,5,8.0,1,14118,M,4.0,-,14
200900050467,9,9,7,2025,5,2,3,1.0,2,14118,M,4.0,-,14
200900050468,9,9,22,745,2,1,3,5.0,2,14760,M,4.0,-,14
200900050469,9,9,13,2115,3,1,1,2.0,1,14032,M,4.0,0,14
200900050470,9,9,5,1730,1,2,1,1.0,3,14258,M,4.0,-,14
200900050471,9,9,24,1000,1,1,1,1.0,6,14068,M,4.0,-,14
200900050472,9,9,12,1245,1,1,4,1.0,3,14553,M,4.0,-,14
200900050473,9,9,11,1630,1,2,4,1.0,3,14692,M,4.0,-,14
200900050474,9,9,19,1515,1,1,2,1.0,1,14708,M,4.0,-,14
200900050475,9,9,26,930,1,1,6,7.0,3,14530,M,4.0,-,14
200900050476,9,9,18,1600,1,2,1,1.0,1,14342,M,0.0,0,14
200900050477,9,9,21,1730,1,2,1,1.0,6,14762,M,4.0,-,14
200900050478,9,9,2,1100,1,1,2,1.0,3,14654,M,4.0,-,14
200900050479,9,9,30,1430,1,1,1,7.0,3,14061,M,4.0,-,14
200900050480,9,9,21,1645,1,1,9,1.0,3,14456,M,0.0,0,14
200900050481,9,9,1,1930,1,1,1,1.0,7,14020,M,0.0,0,14
200900050482,9,9,26,730,2,1,1,5.0,2,14331,M,4.0,-,14
200900050483,9,9,7,1630,1,1,2,1.0,3,14648,M,4.0,0,14
200900050484,9,9,7,800,1,1,1,1.0,7,14004,M,0.0,0,14
200900050485,9,9,20,1800,1,1,2,1.0,3,14200,M,4.0,-,14
200900050486,9,9,17,745,1,1,1,1.0,4,14616,M,4.0,0,14
200900050487,9,9,22,1700,1,1,1,1.0,7,14070,M,4.0,-,14
200900050488,9,9,27,1740,1,2,3,1.0,3,14366,M,4.0,0,14
200900050489,9,9,26,2020,5,2,1,1.0,3,14101,M,4.0,-,14
200900050490,9,9,20,1645,1,2,3,1.0,7,14366,M,4.0,0,14
200900050491,9,9,19,200,5,2,2,1.0,7,14215,M,,,14
200900050492,9,9,29,1135,1,2,3,1.0,3,14366,M,4.0,0,14
200900050493,9,9,18,755,2,2,1,1.0,6,14437,M,4.0,-,14
200900050494,9,9,18,1615,1,2,1,1.0,2,14366,M,4.0,0,14
200900050495,9,6,16,2140,2,2,1,1.0,7,91201,M,,,91
200900050496,9,10,30,1845,2,1,1,1.0,6,14226,M,4.0,-,14
200900050497,9,10,30,1800,1,1,1,1.0,6,14258,M,0.0,0,14
200900050498,9,10,5,1045,1,1,1,2.0,1,14716,M,4.0,-,14
200900050499,9,10,16,1600,1,1,4,1.0,3,14763,M,4.0,-,14
200900050500,9,10,15,1500,1,1,3,7.0,3,14754,M,4.0,0,14
200900050501,9,10,13,1800,1,2,1,1.0,7,14332,M,4.0,-,14
200900050502,9,10,10,1315,1,1,1,1.0,4,14328,M,4.0,-,14
200900050503,9,10,20,800,2,1,2,1.0,2,14228,M,4.0,-,14
200900050504,9,10,24,1930,5,2,1,2.0,6,14068,M,4.0,-,14
200900050505,9,10,22,1300,1,2,1,1.0,3,14654,M,4.0,-,14
200900050506,9,10,26,815,1,1,1,2.0,5,14249,M,4.0,-,14
200900050507,9,10,12,700,3,2,1,1.0,5,14039,M,4.0,-,14
200900050508,9,10,21,1700,1,1,2,1.0,4,14364,M,4.0,-,14
200900050509,9,10,28,1440,1,2,2,1.0,3,14366,M,4.0,0,14
200900050510,9,10,19,820,1,2,1,1.0,6,14118,M,4.0,-,14
200900050511,9,10,24,1720,1,2,2,1.0,3,14366,M,,,14
200900050512,9,10,7,750,2,2,1,1.0,2,14137,M,4.0,-,14
200900050513,9,10,18,1830,1,1,1,1.0,2,14366,M,4.0,0,14
200900050514,9,10,29,910,1,2,1,1.0,6,14366,M,4.0,0,14
200900050515,9,10,16,2050,5,2,3,1.0,3,14366,M,4.0,0,14
200900050516,9,10,20,1920,5,2,1,8.0,2,14536,M,4.0,0,14
200900050517,9,10,28,1400,1,2,1,1.0,6,14366,M,4.0,0,14
200900050518,9,10,14,900,1,2,6,1.0,7,14333,M,4.0,0,14
200900050519,9,10,1,745,2,2,1,1.0,6,14118,M,4.0,-,14
200900050520,9,10,2,2115,5,2,3,1.0,5,14118,M,4.0,-,14
200900050521,9,6,19,1150,1,2,1,1.0,2,91657,M,,,91
200900050522,9,11,14,1045,1,2,1,1.0,1,14543,M,4.0,-,14
200900050523,9,11,20,730,3,1,1,2.0,6,14061,M,4.0,-,14
200900050524,9,11,20,2015,3,1,1,8.0,1,14651,M,4.0,-,14
200900050525,9,11,16,930,1,1,1,1.0,5,14636,M,0.0,0,14
200900050526,9,11,7,1015,1,1,1,2.0,7,14398,M,4.0,0,14
200900050527,9,11,19,1630,1,1,2,1.0,4,14369,M,0.0,0,14
200900050528,9,11,3,1215,1,2,2,8.0,3,14762,M,4.0,-,14
200900050529,9,11,3,1630,1,1,3,8.0,3,14698,M,4.0,-,14