Num_Acc,an,mois,jour,hrmn,lum,agg,int,atm,col,com,gps,lat,long,dep
200900050530,9,11,17,1930,3,2,3,1.0,3,14475,M,4.0,-,14
200900050531,9,11,6,1530,1,1,1,1.0,2,14727,M,0.0,0,14
200900050532,9,11,6,1815,3,1,1,1.0,6,14046,M,4.0,-,14
200900050533,9,11,27,1115,1,2,1,1.0,6,14762,M,4.0,-,14
200900050534,9,11,12,1945,3,1,1,1.0,7,14387,M,4.0,-,14
200900050535,9,11,8,1100,1,1,3,1.0,5,14514,M,4.0,0,14
200900050536,9,11,14,1000,1,1,1,3.0,6,14710,M,4.0,-,14
200900050537,9,11,25,1800,3,1,1,1.0,7,14454,M,0.0,0,14
200900050538,9,11,25,1745,3,1,2,1.0,3,14724,M,4.0,-,14
200900050539,9,11,13,730,3,1,1,1.0,7,14020,M,4.0,-,14
200900050540,9,11,25,1915,3,1,1,3.0,7,14342,M,0.0,0,14
200900050541,9,11,29,1015,1,1,1,1.0,3,14609,M,4.0,-,14
200900050542,9,11,6,1900,3,1,1,8.0,1,14533,M,4.0,0,14
200900050543,9,11,13,1615,1,2,1,1.0,6,14057,M,4.0,-,14
200900050544,9,11,1,545,5,2,1,8.0,6,14616,M,4.0,0,14
200900050545,9,11,4,1445,1,1,1,1.0,6,14219,M,4.0,-,14
200900050546,9,11,25,2045,3,1,1,2.0,7,14763,M,0.0,0,14
200900050547,9,11,23,900,1,1,3,3.0,3,14738,M,4.0,-,14
200900050548,9,11,26,1315,1,2,6,8.0,3,14366,M,,,14
200900050549,9,11,20,1940,5,2,6,2.0,3,14118,M,4.0,-,14
200900050550,9,11,30,630,5,2,1,2.0,6,14366,M,4.0,0,14
200900050551,9,11,12,2315,5,2,3,1.0,4,14118,M,4.0,-,14
200900050552,9,11,23,1350,1,2,2,2.0,3,14366,M,,,14
200900050553,9,11,30,2330,5,2,1,1.0,1,14118,M,4.0,-,14
200900050554,9,11,30,1735,5,2,1,2.0,6,14366,M,4.0,0,14
200900050555,9,11,28,30,3,1,1,8.0,2,14271,M,4.0,-,14
200900050556,9,11,12,1215,1,1,1,1.0,7,14327,M,4.0,-,14
200900050557,9,11,27,835,1,2,3,2.0,1,14366,M,,,14
200900050558,9,11,2,1810,5,2,1,1.0,2,14437,M,4.0,-,14
200900050559,9,11,24,1830,5,2,1,8.0,3,14118,M,4.0,-,14
200900050560,9,12,10,1210,1,2,6,1.0,2,14333,M,4.0,0,14
200900050561,9,12,14,1545,1,2,1,7.0,6,14333,M,4.0,0,14
200900050562,9,12,13,1450,1,2,3,1.0,3,14137,M,4.0,-,14
200900050563,9,12,12,1505,1,2,1,1.0,1,14181,M,4.0,-,14
200900050564,9,12,3,1745,5,2,3,1.0,3,14366,M,4.0,0,14
200900050565,9,12,7,1545,1,2,1,7.0,6,14366,M,4.0,0,14
200900050566,9,12,7,1745,5,1,3,3.0,3,14366,M,,,14
200900050567,9,12,1,1640,1,2,1,1.0,2,14366,M,0.0,0,14
200900050568,9,12,13,300,5,2,1,1.0,6,14366,M,,,14
200900050569,9,12,14,1850,5,2,1,1.0,6,14366,M,4.0,0,14
200900050570,9,12,3,745,5,2,2,1.0,2,14118,M,4.0,-,14
200900050571,9,12,14,1700,2,2,1,1.0,6,14118,M,4.0,-,14
200900050572,9,12,10,1045,1,1,1,1.0,3,14341,M,4.0,-,14
200900050573,9,12,15,745,2,2,3,1.0,6,14437,M,4.0,-,14
200900050574,9,12,7,1320,1,2,3,1.0,1,14118,M,4.0,-,14
200900050575,9,12,15,1230,1,2,1,1.0,3,14623,M,0.0,0,14
200900050576,9,12,25,1700,1,1,1,1.0,6,14724,M,4.0,-,14
200900050577,9,12,26,1230,1,1,1,9.0,7,14523,M,4.0,-,14
200900050578,9,12,21,1530,1,1,1,1.0,1,14618,M,4.0,-,14
200900050579,9,12,7,645,3,2,1,1.0,6,14319,M,0.0,0,14
200900050580,9,12,28,1645,1,2,1,8.0,6,14762,M,4.0,-,14
200900050581,9,12,17,1715,1,1,1,9.0,1,14268,M,4.0,-,14
200900050582,9,12,30,2300,5,2,1,3.0,1,14762,M,0.0,0,14
200900050583,9,12,5,1530,1,1,1,8.0,6,14120,M,4.0,-,14
200900050584,9,12,27,645,3,1,1,9.0,6,14265,M,4.0,0,14
200900050585,9,12,12,245,3,1,1,1.0,6,14012,M,4.0,-,14
200900050586,9,12,4,915,1,1,1,1.0,5,14456,M,4.0,-,14
200900050587,9,12,10,1300,1,2,2,7.0,3,14052,M,4.0,-,14
200900050588,9,12,26,1230,1,1,1,9.0,1,14046,M,4.0,-,14
200900050589,9,12,13,645,5,2,1,9.0,7,14493,M,4.0,-,14
200900050590,9,12,3,1300,1,1,3,1.0,3,14654,M,4.0,-,14
200900050591,9,12,12,1915,3,2,1,1.0,2,14762,M,4.0,-,14
200900050592,9,12,28,1315,1,2,1,1.0,1,14274,M,4.0,-,14
200900050593,9,12,24,1800,5,2,1,2.0,6,14257,M,4.0,-,14
200900050594,9,12,5,1130,1,1,1,1.0,6,14543,M,4.0,-,14
200900050595,9,12,27,45,5,1,1,1.0,7,14383,M,4.0,-,14
200900050596,9,12,18,1545,1,2,3,4.0,3,14333,M,4.0,0,14
200900050597,9,12,16,1325,1,1,1,1.0,3,14366,M,,,14
200900050598,9,6,19,2125,1,2,2,1.0,3,91201,M,,,91
200900050599,9,6,20,1900,1,2,1,1.0,2,91657,M,,,91
200900050600,9,6,23,2120,1,2,2,1.0,3,91201,M,,,91
200900050601,9,8,16,1548,1,1,1,1.0,7,67180,M,0.0,0,67
200900050602,9,6,23,2345,3,2,2,1.0,7,91657,M,,,91
200900050603,9,6,29,1000,1,2,2,1.0,7,91027,M,,,91
200900050604,9,10,5,715,2,1,1,1.0,4,26116,M,4.0,0,26
200900050605,9,10,26,830,1,1,1,1.0,6,26250,M,0.0,0,26
200900050606,9,10,30,1815,3,1,1,1.0,6,26149,M,4.0,0,26
200900050607,9,10,9,2230,3,1,1,1.0,1,26292,M,4.0,0,26
200900050608,9,10,7,1330,1,2,3,1.0,3,26139,M,0.0,0,26
200900050609,9,10,18,15,3,1,1,1.0,1,26341,M,4.0,0,26
200900050610,9,10,21,830,1,1,1,2.0,3,26380,M,0.0,0,26
200900050611,9,10,8,730,2,1,1,3.0,3,26061,M,0.0,0,26
200900050612,9,10,11,1100,1,2,7,1.0,6,26010,M,4.0,0,26
200900050613,9,10,1,1400,1,1,1,1.0,1,26119,M,0.0,0,26
200900050614,9,10,4,1900,1,1,1,1.0,3,26295,M,4.0,0,26
200900050615,9,10,23,745,2,2,1,8.0,6,26116,M,0.0,0,26
200900050616,9,10,31,1845,2,1,1,1.0,1,26116,M,0.0,0,26
200900050617,9,10,9,2145,3,1,1,1.0,6,26197,M,4.0,0,26
200900050618,9,10,2,2200,3,1,1,1.0,7,26143,M,0.0,0,26
200900050619,9,10,28,700,2,1,1,5.0,1,26085,M,0.0,0,26
200900050620,9,10,1,1200,1,1,1,1.0,6,26026,M,4.0,0,26
200900050621,9,10,27,1730,1,1,1,1.0,7,26166,M,4.0,0,26
200900050622,9,10,19,1220,1,2,1,1.0,3,26058,M,,,26
200900050623,9,10,29,1610,1,2,3,1.0,6,26281,M,,,26
200900050624,9,10,12,1220,1,2,1,1.0,6,26058,M,,,26
200900050625,9,10,30,640,2,1,6,1.0,5,26362,M,,,26
200900050626,9,10,21,1135,1,2,1,1.0,1,26058,M,,,26
200900050627,9,10,27,1635,1,2,3,1.0,6,26281,M,,,26
200900050628,9,10,23,1700,1,2,3,1.0,6,26281,M,,,26
200900050629,9,10,31,1335,1,2,1,1.0,6,26281,M,,,26
200900050630,9,10,10,2257,5,2,3,1.0,3,26362,M,,,26
200900050631,9,10,19,1800,1,2,1,1.0,2,26362,M,,,26
200900050632,9,10,8,1440,1,1,1,2.0,5,26252,M,,,26
200900050633,9,10,18,2000,3,1,1,1.0,6,26281,M,,,26
200900050634,9,10,26,1730,1,2,1,1.0,4,26281,M,,,26
200900050635,9,10,27,1430,1,2,1,1.0,6,26281,M,,,26
200900050636,9,10,2,1620,1,2,2,1.0,3,26252,M,,,26
200900050637,9,10,3,1505,1,1,1,1.0,3,26058,M,,,26
200900050638,9,10,30,913,1,2,1,1.0,6,26198,M,,,26
200900050639,9,10,24,1945,3,2,1,1.0,2,26362,M,4.0,0,26
200900050640,9,10,19,1545,1,2,1,1.0,6,26281,M,,,26
200900050641,9,10,3,1925,1,2,2,1.0,3,26057,M,,,26
200900050642,9,10,1,1025,1,2,1,1.0,2,26281,M,,,26
200900050643,9,10,8,750,1,2,1,2.0,6,26281,M,,,26
200900050644,9,10,11,1150,1,2,1,1.0,6,26057,M,,,26
200900050645,9,1,9,1100,1,2,1,7.0,6,59368,M,,,59
200900050646,9,1,15,910,1,1,1,1.0,6,59636,M,,,59
200900050647,9,2,10,1315,1,2,1,1.0,3,59378,M,,,59
200900050648,9,2,11,1645,1,2,3,1.0,3,59286,M,,,59
200900050649,9,3,9,1620,1,2,1,1.0,2,59350,M,,,59
200900050650,9,3,9,1705,1,2,3,1.0,6,59009,M,,,59
200900050651,9,5,6,1945,1,2,1,1.0,6,59350,M,,,59
200900050652,9,5,25,1710,1,2,2,1.0,6,59350,M,,,59
200900050653,9,5,27,1230,1,2,1,1.0,6,59350,M,,,59
200900050654,9,11,22,1500,1,1,1,1.0,6,59512,M,,,59
200900050655,9,12,16,1740,5,2,1,8.0,6,59178,M,,,59
200900050656,9,12,17,1905,5,2,1,4.0,6,59028,M,,,59
200900050657,9,12,19,1450,1,1,1,4.0,5,59329,M,,,59
200900050658,9,12,26,1820,5,2,1,8.0,6,59206,M,,,59
200900050659,9,11,24,1915,5,1,3,1.0,6,59512,M,,,59
200900050660,9,12,14,820,1,1,2,1.0,6,59512,M,,,59
200900050661,9,10,20,1800,1,2,1,1.0,3,53062,M,0.0,0,53
200900050662,9,10,10,545,3,1,1,2.0,1,53004,M,4.0,-,53
200900050663,9,10,28,1415,1,1,2,1.0,3,53215,M,0.0,0,53
200900050664,9,10,31,1445,1,1,2,1.0,3,53265,M,4.0,-,53
200900050665,9,10,20,1715,1,2,1,1.0,2,53084,M,4.0,-,53
200900050666,9,10,14,2245,3,1,1,1.0,7,53185,M,0.0,0,53
200900050667,9,10,10,2150,3,2,1,1.0,7,53130,M,,,53
200900050668,9,10,6,2045,3,1,2,1.0,3,53130,M,,,53
200900050669,9,12,5,1830,3,1,1,1.0,3,53236,M,0.0,0,53
200900050670,9,12,14,1445,1,1,1,1.0,6,53163,M,4.0,-,53
200900050671,9,12,4,1715,3,1,1,3.0,6,53110,M,0.0,0,53
200900050672,9,12,27,515,3,1,1,1.0,4,53155,M,0.0,0,53
200900050673,9,12,12,1415,1,1,1,1.0,6,53185,M,0.0,0,53
200900050674,9,12,30,1745,5,2,1,3.0,6,53096,M,0.0,0,53
200900050675,9,12,31,1115,1,1,1,2.0,3,53152,M,4.0,-,53
200900050676,9,12,16,1800,1,1,1,1.0,3,53219,M,4.0,-,53
200900050677,9,12,7,845,2,1,1,1.0,6,53108,M,4.0,-,53
200900050678,9,12,25,1650,1,1,1,7.0,6,53201,M,,,53
200900050679,9,12,25,1005,1,1,1,9.0,7,53201,M,,,53
200900050680,9,12,3,1200,1,2,6,2.0,3,15014,M,0.0,0,15
200900050681,9,7,9,630,1,2,1,1.0,6,03025,M,0.0,0,03
200900050682,9,7,7,915,1,1,1,1.0,7,03275,M,0.0,0,03
200900050683,9,7,10,2230,3,1,1,1.0,6,03103,M,0.0,0,03
200900050684,9,7,2,500,3,1,1,1.0,2,03304,M,0.0,0,03
200900050685,9,7,5,1030,1,1,1,1.0,5,03207,M,0.0,0,03
200900050686,9,7,12,200,3,1,1,1.0,7,03176,M,0.0,0,03
200900050687,9,7,7,1630,1,1,1,2.0,1,03167,M,0.0,0,03
200900050688,9,7,25,1930,1,1,1,1.0,7,03165,M,0.0,0,03
200900050689,9,7,13,1200,1,2,1,1.0,3,03264,M,0.0,0,03
200900050690,9,7,18,2245,5,2,1,1.0,2,03316,M,0.0,0,03
200900050691,9,7,13,1350,1,2,6,1.0,3,03310,M,0.0,0,03
200900050692,9,7,8,1940,1,2,1,1.0,6,03310,M,,,03
200900050693,9,7,24,1030,1,2,1,1.0,3,03310,M,,,03
200900050694,9,7,21,2130,1,2,2,1.0,3,03185,M,,,03
200900050695,9,7,18,2255,5,2,1,1.0,3,03310,M,0.0,0,03
200900050696,9,7,27,1405,1,2,2,1.0,6,03023,M,,,03
200900050697,9,7,6,1715,1,2,1,1.0,6,03185,M,,,03
200900050698,9,8,3,150,3,1,1,2.0,7,67482,M,4.0,0,67
200900050699,9,9,17,800,1,2,1,1.0,2,67180,M,0.0,0,67
200900050700,9,9,20,30,3,1,1,1.0,7,67180,M,4.0,0,67
200900050701,9,9,24,1335,1,1,1,1.0,1,67180,M,0.0,0,67
200900050702,9,10,9,1850,2,2,1,1.0,3,67180,M,0.0,0,67
200900050703,9,11,20,300,3,1,1,8.0,7,53008,M,4.0,-,53
200900050704,9,11,1,1215,1,2,1,3.0,6,53147,M,4.0,-,53
200900050705,9,11,25,1815,3,1,1,1.0,7,53231,M,0.0,0,53
200900050706,9,11,21,1730,1,1,1,1.0,7,53119,M,4.0,-,53
200900050707,9,11,7,1030,1,1,1,1.0,5,53083,M,4.0,-,53
200900050708,9,11,29,1700,2,2,1,1.0,3,53097,M,4.0,-,53
200900050709,9,11,25,1800,2,1,1,1.0,1,53197,M,4.0,-,53
200900050710,9,11,14,1945,3,1,3,2.0,1,53054,M,,,53
200900050711,9,11,3,1420,1,1,1,8.0,1,53130,M,,,53
200900050712,9,11,11,1744,5,2,5,1.0,6,53130,M,,,53
200900050713,9,12,30,1035,1,2,9,2.0,6,15014,M,0.0,0,15
200900050714,9,3,30,1630,1,1,1,1.0,6,62624,M,,,62
200900050715,9,3,27,1610,1,1,9,8.0,3,62427,M,,,62
200900050716,9,3,20,1100,1,2,1,1.0,6,62178,M,,,62
200900050717,9,3,26,1030,1,2,8,2.0,6,62178,M,,,62
200900050718,9,3,28,215,5,2,1,2.0,6,62160,M,,,62
200900050719,9,3,16,2120,5,2,2,1.0,3,62587,M,,,62
200900050720,9,3,20,2020,1,2,1,1.0,6,62427,M,,,62
200900050721,9,3,30,1335,1,2,1,1.0,3,62041,M,,,62
200900050722,9,3,31,1610,1,2,1,1.0,6,62193,M,,,62
200900050723,9,3,17,900,1,2,1,1.0,6,62193,M,,,62
200900050724,9,3,27,1850,1,1,9,1.0,3,62624,M,,,62
200900050725,9,3,21,1505,1,2,3,1.0,6,62193,M,,,62
200900050726,9,3,31,1650,1,2,1,1.0,6,62160,M,,,62
200900050727,9,3,9,1200,1,2,1,1.0,2,62510,M,,,62
200900050728,9,3,30,930,1,2,1,1.0,6,62617,M,,,62
200900050729,9,3,31,1620,1,1,1,1.0,3,62563,M,,,62
200900050730,9,3,12,1500,1,2,1,1.0,3,62771,M,,,62
200900050731,9,3,27,240,5,2,3,1.0,3,62617,M,,,62
200900050732,9,3,8,10,5,2,1,1.0,6,62218,M,,,62
200900050733,9,3,17,845,1,1,1,1.0,4,62274,M,,,62
200900050734,9,3,27,1930,3,1,1,1.0,7,62528,M,,,62
200900050735,9,3,8,1405,1,1,1,1.0,7,62528,M,,,62
200900050736,9,3,14,1945,3,1,1,1.0,6,62249,M,,,62
200900050737,9,3,20,445,5,1,1,1.0,7,62498,M,,,62
200900050738,9,3,29,910,1,2,1,1.0,2,62083,M,,,62
200900050739,9,3,28,838,1,1,1,1.0,6,62510,M,,,62
200900050740,9,3,3,1950,2,2,1,1.0,6,62510,M,,,62
200900050741,9,3,14,2115,3,1,1,1.0,1,62215,M,,,62
200900050742,9,3,14,1315,1,1,1,1.0,7,62215,M,,,62
200900050743,9,3,3,2000,3,1,1,1.0,1,62108,M,,,62
200900050744,9,3,17,1345,1,2,1,1.0,2,62523,M,,,62
200900050745,9,3,30,1210,1,2,1,1.0,3,62413,M,,,62
200900050746,9,3,28,1700,1,2,1,2.0,5,62023,M,,,62
200900050747,9,3,10,800,1,2,1,2.0,6,62427,M,,,62
200900050748,9,3,14,1140,1,2,1,1.0,6,62570,M,,,62
200900050749,9,3,12,755,1,2,2,8.0,3,62215,M,,,62
200900050750,9,3,12,730,1,2,2,1.0,3,62842,M,,,62
200900050751,9,3,16,1635,1,2,1,1.0,3,62215,M,,,62
200900050752,9,3,14,1545,1,2,1,1.0,6,62498,M,,,62
200900050753,9,3,18,1835,1,2,1,1.0,6,62771,M,,,62
200900050754,9,3,11,1330,1,2,1,1.0,6,62498,M,,,62
200900050755,9,3,3,1515,1,2,1,1.0,6,62498,M,,,62
200900050756,9,3,15,1110,1,2,1,1.0,6,62160,M,,,62
200900050757,9,3,9,1650,1,2,1,1.0,6,62427,M,,,62
200900050758,9,3,21,1700,1,2,2,1.0,3,62498,M,,,62
200900050759,9,3,15,505,5,2,1,1.0,6,62193,M,,,62
200900050760,9,3,2,1345,1,2,1,1.0,2,62842,M,,,62
200900050761,9,3,16,1210,1,2,1,1.0,7,62570,M,,,62
200900050762,9,3,5,2125,5,2,1,1.0,6,62193,M,,,62
200900050763,9,3,6,1100,1,2,1,1.0,6,62263,M,,,62
200900050764,9,3,24,1640,1,2,1,2.0,6,62065,M,,,62
200900050765,9,3,3,1125,1,2,1,1.0,6,62587,M,,,62
200900050766,9,3,7,415,3,1,1,1.0,1,62895,M,,,62
200900050767,9,3,12,1043,1,2,1,8.0,1,62065,M,,,62
200900050768,9,3,4,1600,1,2,1,1.0,6,62498,M,,,62
200900050769,9,3,15,1040,1,1,1,1.0,6,62842,M,,,62
200900050770,9,3,20,2343,3,1,1,1.0,3,62841,M,,,62
200900050771,9,3,16,1720,1,2,2,1.0,3,62218,M,,,62
200900050772,9,3,23,2000,2,2,1,2.0,6,62610,M,0.0,0,62
200900050773,9,3,26,1645,1,1,1,2.0,3,62115,M,5.0,0,62
200900050774,9,3,2,1830,1,2,1,1.0,3,62557,M,0.0,0,62
200900050775,9,3,22,1730,1,1,1,1.0,1,62899,M,0.0,0,62
200900050776,9,3,15,1200,1,1,1,1.0,6,62298,M,0.0,0,62
200900050777,9,3,28,1315,1,2,5,1.0,1,62860,M,0.0,0,62
200900050778,9,3,19,1230,1,2,1,1.0,3,62256,M,5.0,0,62
200900050779,9,3,15,1730,1,2,1,1.0,6,62361,M,5.0,0,62
200900050780,9,3,19,1730,1,2,4,1.0,3,62318,M,5.0,0,62
200900050781,9,3,28,1945,3,1,1,1.0,6,62114,M,5.0,0,62
200900050782,9,3,28,1545,1,2,1,1.0,1,62087,M,0.0,0,62
200900050783,9,3,8,345,3,1,1,1.0,6,62873,M,5.0,0,62
200900050784,9,3,3,1730,1,1,2,1.0,3,62290,M,5.0,0,62
200900050785,9,3,20,2100,3,1,6,1.0,6,62788,M,5.0,0,62
200900050786,9,3,3,1145,1,1,1,1.0,6,62186,M,5.0,0,62
200900050787,9,3,1,2045,3,1,1,1.0,1,62043,M,0.0,0,62
200900050788,9,3,20,230,3,1,1,1.0,5,62354,M,0.0,0,62
200900050789,9,3,2,2130,5,2,9,1.0,6,62261,M,5.0,0,62
200900050790,9,3,31,2115,5,2,1,1.0,3,62759,M,0.0,0,62
200900050791,9,3,19,830,1,2,2,1.0,3,62095,M,5.0,0,62
200900050792,9,3,11,1815,1,2,1,1.0,3,62549,M,5.0,0,62
200900050793,9,3,19,1700,1,2,1,1.0,3,62364,M,5.0,0,62
200900050794,9,3,8,515,4,2,1,3.0,7,62506,M,5.0,0,62
200900050795,9,3,11,730,1,2,1,1.0,1,62443,M,0.0,0,62
200900050796,9,3,14,1855,5,2,9,8.0,6,62048,M,,,62
200900050797,9,3,13,1620,1,2,2,1.0,3,62048,M,,,62
200900050798,9,3,20,1750,1,2,6,1.0,6,62277,M,,,62
200900050799,9,4,15,2025,1,2,1,1.0,2,62133,M,,,62
200900050800,9,4,18,1710,1,1,1,1.0,6,62758,M,,,62
200900050801,9,4,14,1405,1,2,1,1.0,6,62498,M,,,62
200900050802,9,4,19,2340,5,2,1,1.0,7,62413,M,,,62
200900050803,9,4,4,1250,1,2,1,1.0,6,62643,M,,,62
200900050804,9,4,17,2300,5,2,1,2.0,6,62413,M,,,62
200900050805,9,4,12,110,5,2,1,2.0,6,62895,M,,,62
200900050806,9,4,2,1950,1,1,2,1.0,3,62555,M,,,62
200900050807,9,4,26,900,1,1,1,2.0,7,62215,M,,,62
200900050808,9,4,12,1235,1,1,1,1.0,1,62215,M,,,62
200900050809,9,4,7,2100,2,2,6,1.0,3,62133,M,,,62
200900050810,9,4,1,1455,1,2,6,1.0,3,62753,M,,,62
200900050811,9,4,8,750,1,2,3,1.0,3,62215,M,,,62
200900050812,9,4,16,800,1,2,1,2.0,1,62637,M,,,62
200900050813,9,4,12,1405,1,2,1,1.0,6,62321,M,,,62
200900050814,9,4,8,1855,1,2,6,2.0,2,62041,M,,,62
200900050815,9,4,17,1210,1,2,1,2.0,2,62215,M,,,62
200900050816,9,4,23,1750,1,2,2,1.0,3,62413,M,,,62
200900050817,9,4,19,1945,1,2,1,1.0,3,62215,M,,,62
200900050818,9,4,10,1720,1,2,3,1.0,3,62023,M,,,62
200900050819,9,4,3,1725,1,2,1,1.0,1,62193,M,,,62
200900050820,9,4,4,1350,1,2,1,1.0,3,62250,M,,,62
200900050821,9,4,11,2040,2,2,1,1.0,6,62563,M,,,62
200900050822,9,4,14,1137,1,2,1,1.0,6,62510,M,,,62
200900050823,9,4,1,1845,1,1,1,1.0,3,62426,M,0.0,0,62
200900050824,9,4,1,1230,1,2,1,1.0,6,62589,M,5.0,0,62
200900050825,9,4,17,1100,1,1,1,3.0,6,62080,M,5.0,0,62
200900050826,9,4,4,1715,1,2,1,1.0,3,62767,M,5.0,0,62
200900050827,9,4,4,1745,1,2,1,1.0,1,62191,M,5.0,0,62
200900050828,9,4,6,1915,1,1,1,1.0,3,62172,M,5.0,0,62
200900050829,9,4,12,1700,1,2,1,1.0,7,62515,M,5.0,0,62
200900050830,9,4,12,250,5,2,6,3.0,6,62523,M,,,62
200900050831,9,4,9,1030,1,1,1,1.0,2,62686,M,0.0,0,62
200900050832,9,4,9,815,1,1,1,1.0,5,62085,M,5.0,0,62
200900050833,9,4,9,745,1,1,1,8.0,2,62480,M,5.0,0,62
200900050834,9,4,15,2200,5,2,3,1.0,3,62038,M,5.0,0,62
200900050835,9,4,30,1030,1,2,1,1.0,1,62641,M,5.0,0,62
200900050836,9,4,30,100,3,1,1,1.0,4,62810,M,5.0,0,62
200900050837,9,4,26,1430,1,1,1,1.0,7,62760,M,5.0,0,62
200900050838,9,4,30,1730,1,1,1,1.0,3,62803,M,5.0,0,62
200900050839,9,4,23,1945,1,1,3,1.0,3,62227,M,5.0,0,62
200900050840,9,4,8,1945,2,2,1,1.0,6,62589,M,5.0,0,62
200900050841,9,4,17,910,1,2,3,2.0,3,62186,M,,,62
200900050842,9,4,25,1820,1,2,3,1.0,3,62041,M,,,62
200900050843,9,4,17,1045,1,2,1,1.0,6,62390,M,0.0,0,62
200900050844,9,4,20,1845,1,1,1,1.0,1,62819,M,0.0,0,62
200900050845,9,4,19,745,1,1,1,1.0,6,62905,M,0.0,0,62
200900050846,9,4,2,1130,1,1,1,1.0,1,62233,M,5.0,0,62
200900050847,9,4,22,1700,1,1,1,1.0,1,62289,M,0.0,0,62
200900050848,9,4,15,2130,3,1,1,3.0,6,62428,M,0.0,0,62
200900050849,9,4,12,1330,1,1,1,1.0,3,62480,M,5.0,0,62
200900050850,9,4,20,2215,4,1,1,1.0,6,62156,M,0.0,0,62
200900050851,9,4,8,230,3,2,1,1.0,6,62267,M,5.0,0,62
200900050852,9,4,30,915,1,2,1,1.0,3,62408,M,0.0,0,62
200900050853,9,4,6,1330,1,1,1,1.0,6,62755,M,0.0,0,62
200900050854,9,4,21,2045,2,2,1,1.0,6,62325,M,5.0,0,62
200900050855,9,4,17,1645,1,2,3,2.0,1,62766,M,5.0,0,62
200900050856,9,4,21,1915,1,2,1,1.0,3,62291,M,,,62
200900050857,9,4,16,1815,1,2,1,3.0,1,62065,M,,,62
200900050858,9,4,26,1630,1,2,1,1.0,7,62563,M,,,62
200900050859,9,4,1,1020,1,2,1,1.0,2,62528,M,,,62
200900050860,9,4,24,1145,1,2,1,1.0,6,62570,M,,,62
200900050861,9,4,17,1100,1,2,1,2.0,6,62498,M,,,62
200900050862,9,4,16,1935,1,1,1,2.0,3,62065,M,,,62
200900050863,9,4,9,2300,5,1,1,1.0,4,62262,M,,,62
200900050864,9,4,16,2100,3,1,1,2.0,7,62848,M,,,62
200900050865,9,4,29,1830,1,2,1,1.0,6,62270,M,,,62
200900050866,9,4,20,920,1,2,1,1.0,3,62427,M,,,62
200900050867,9,4,25,2005,1,2,1,1.0,6,62041,M,,,62
200900050868,9,4,16,1355,1,2,1,1.0,6,62498,M,,,62
200900050869,9,4,1,1340,1,1,1,1.0,4,62178,M,,,62
200900050870,9,4,11,1420,1,2,1,1.0,5,62178,M,,,62
200900050871,9,4,22,830,1,2,2,1.0,2,62617,M,,,62
200900050872,9,4,16,1405,1,2,1,1.0,2,62895,M,,,62
200900050873,9,4,23,2120,5,2,1,1.0,6,62041,M,,,62
200900050874,9,4,21,1800,1,2,1,1.0,6,62041,M,,,62
200900050875,9,4,29,1820,1,2,1,1.0,6,62497,M,,,62
200900050876,9,4,26,1452,1,2,1,1.0,6,62065,M,,,62
200900050877,9,4,23,1945,1,2,1,1.0,6,62744,M,,,62
200900050878,9,4,22,1250,1,1,1,1.0,3,62737,M,,,62
200900050879,9,4,25,1245,1,1,1,1.0,1,62774,M,,,62
200900050880,9,4,18,950,1,2,1,1.0,6,62107,M,,,62
200900050881,9,4,17,2005,1,1,1,2.0,6,62498,M,,,62
200900050882,9,4,3,2005,2,1,1,5.0,7,62193,M,,,62
200900050883,9,4,9,1850,1,1,1,1.0,7,62274,M,,,62
200900050884,9,4,13,800,1,1,1,5.0,7,62748,M,,,62
200900050885,9,4,23,930,1,1,1,1.0,6,62274,M,,,62
200900050886,9,4,10,1425,1,1,1,1.0,6,62498,M,,,62
200900050887,9,4,7,1715,1,1,1,1.0,7,62351,M,,,62
200900050888,9,4,16,2300,5,1,1,2.0,7,62771,M,,,62
200900050889,9,4,2,1730,1,1,1,1.0,6,62351,M,,,62
200900050890,9,4,5,2115,5,1,1,1.0,7,62907,M,,,62
200900050891,9,4,5,620,3,1,1,1.0,7,62193,M,,,62
200900050892,9,4,14,1215,1,1,1,1.0,6,62498,M,,,62
200900050893,9,4,11,820,1,1,1,1.0,7,62637,M,,,62
200900050894,9,4,7,755,1,1,1,2.0,6,62628,M,,,62
200900050895,9,4,25,2300,5,2,4,1.0,3,62188,M,,,62
200900050896,9,4,26,520,3,1,1,1.0,3,62188,M,,,62
200900050897,9,4,11,1800,1,2,2,1.0,1,62048,M,,,62
200900050898,9,4,7,1740,1,1,1,1.0,4,62065,M,,,62
200900050899,9,4,30,945,1,2,1,1.0,6,62510,M,,,62
200900050900,9,4,10,1400,1,2,1,1.0,1,62413,M,,,62
200900050901,9,4,28,2250,5,2,1,1.0,3,62757,M,,,62
200900050902,9,5,8,2215,5,2,3,1.0,3,62464,M,,,62
200900050903,9,5,23,1125,1,2,4,1.0,6,62041,M,,,62
200900050904,9,5,10,1825,1,2,2,1.0,3,62724,M,,,62
200900050905,9,5,22,1745,1,2,2,3.0,3,62351,M,,,62
200900050906,9,5,25,1905,3,2,2,3.0,3,62193,M,,,62
200900050907,9,5,25,1830,1,2,3,1.0,3,62099,M,,,62
200900050908,9,5,25,1730,1,2,1,1.0,6,62498,M,,,62
200900050909,9,5,7,800,1,2,9,1.0,1,62194,M,,,62