Num_Acc,an,mois,jour,hrmn,lum,agg,int,atm,col,com,gps,lat,long,dep
200900051286,9,4,9,1740,1,2,1,1.0,6,93029,M,4.0,0,93
200900051287,9,4,18,1543,1,2,2,2.0,3,93005,M,4.0,0,93
200900051288,9,4,24,606,5,2,1,1.0,3,93047,M,4.0,0,93
200900051289,9,4,20,1900,1,2,1,1.0,6,93005,M,4.0,0,93
200900051290,9,4,27,1600,1,2,1,1.0,3,93066,M,4.0,0,93
200900051291,9,4,28,1455,1,2,1,1.0,6,93050,M,4.0,0,93
200900051292,9,4,30,1205,1,2,1,1.0,4,93007,M,4.0,0,93
200900051293,9,4,24,2010,1,2,2,1.0,3,93057,M,4.0,0,93
200900051294,9,4,28,800,1,2,2,1.0,6,93005,M,4.0,0,93
200900051295,9,4,22,1150,1,2,1,1.0,7,93008,M,4.0,0,93
200900051296,9,4,16,1945,1,2,6,1.0,3,93005,M,4.0,0,93
200900051297,9,4,16,1020,1,2,2,2.0,1,93007,M,4.0,0,93
200900051298,9,4,19,1730,1,2,3,1.0,3,93032,M,4.0,0,93
200900051299,9,4,17,1750,1,2,2,1.0,6,93077,M,4.0,0,93
200900051300,9,4,3,1215,1,2,1,1.0,7,93008,M,4.0,0,93
200900051301,9,4,12,830,2,1,1,2.0,7,93078,M,,,93
200900051302,9,4,29,1030,1,1,1,1.0,4,93010,M,,,93
200900051303,9,4,17,1825,1,1,1,1.0,2,93027,M,,,93
200900051304,9,4,27,2100,1,1,1,3.0,7,93073,M,,,93
200900051305,9,4,19,1215,1,1,1,1.0,7,93066,M,,,93
200900051306,9,4,2,50,3,1,1,1.0,2,93007,M,,,93
200900051307,9,4,1,1745,1,1,1,1.0,2,93051,M,,,93
200900051308,9,4,16,1620,1,1,1,1.0,2,93006,M,,,93
200900051309,9,4,9,610,3,1,1,1.0,6,93051,M,,,93
200900051310,9,4,2,830,5,1,1,1.0,2,93066,M,,,93
200900051311,9,4,12,920,1,1,1,1.0,2,93005,M,,,93
200900051312,9,4,3,1930,1,2,1,1.0,3,93029,M,4.0,0,93
200900051313,9,4,29,1735,1,2,1,2.0,6,93001,M,4.0,0,93
200900051314,9,11,14,1315,1,1,1,1.0,1,82037,M,0.0,0,82
200900051315,9,11,5,1130,1,1,1,8.0,7,82097,M,4.0,0,82
200900051316,9,11,30,715,3,1,1,2.0,7,82087,M,4.0,0,82
200900051317,9,11,30,1615,1,1,1,2.0,3,82124,M,4.0,0,82
200900051318,9,11,29,1230,1,1,1,1.0,7,82051,M,4.0,0,82
200900051319,9,11,2,1900,3,1,1,1.0,6,82125,M,4.0,0,82
200900051320,9,11,27,1340,1,2,1,1.0,6,82121,M,,,82
200900051321,9,11,6,1850,5,2,1,1.0,6,82121,M,,,82
200900051322,9,11,8,1305,1,2,1,1.0,6,82121,M,,,82
200900051323,9,11,6,1950,1,2,2,1.0,3,82121,M,,,82
200900051324,9,11,4,1230,1,2,1,3.0,6,82121,M,,,82
200900051325,9,11,27,2000,5,1,1,1.0,6,82121,M,,,82
200900051326,9,11,18,940,1,2,1,1.0,6,82121,M,,,82
200900051327,9,11,26,1215,1,2,1,1.0,6,82121,M,,,82
200900051328,9,11,23,1032,1,2,1,1.0,6,82033,M,,,82
200900051329,9,11,7,1430,1,1,1,4.0,3,82149,M,0.0,0,82
200900051330,9,11,27,1730,2,1,1,2.0,1,82026,M,4.0,0,82
200900051331,9,11,16,1500,1,2,1,1.0,6,82068,M,4.0,0,82
200900051332,9,5,16,1529,1,2,1,1.0,5,20033,M,,,202
200900051333,9,5,16,1745,1,1,1,2.0,5,78621,M,,,78
200900051334,9,5,1,1620,1,2,3,1.0,6,78646,M,4.0,0,78
200900051335,9,5,3,1015,1,2,1,1.0,1,78158,M,4.0,0,78
200900051336,9,5,4,805,1,2,4,1.0,2,78646,M,4.0,0,78
200900051337,9,5,4,2120,5,2,1,1.0,7,78646,M,4.0,0,78
200900051338,9,5,5,1050,1,2,2,1.0,6,78646,M,4.0,0,78
200900051339,9,5,8,1610,1,2,2,1.0,3,78646,M,4.0,0,78
200900051340,9,5,12,710,2,2,3,2.0,3,78646,M,4.0,0,78
200900051341,9,5,14,810,1,2,2,2.0,6,78646,M,4.0,0,78
200900051342,9,5,15,745,1,2,1,1.0,6,78646,M,4.0,0,78
200900051343,9,5,18,1720,1,2,4,1.0,6,78646,M,4.0,0,78
200900051344,9,5,18,1915,1,2,3,1.0,2,78646,M,4.0,0,78
200900051345,9,5,19,840,1,2,2,1.0,3,78646,M,4.0,0,78
200900051346,9,5,20,2115,2,2,1,1.0,3,78646,M,4.0,0,78
200900051347,9,5,24,1340,1,2,1,1.0,6,78621,M,4.0,0,78
200900051348,9,5,28,825,1,2,1,1.0,6,78646,M,4.0,0,78
200900051349,9,12,19,1925,3,2,1,1.0,3,64125,M,4.0,-,64
200900051350,9,11,1,530,5,2,1,1.0,1,64348,M,4.0,-,64
200900051351,9,11,2,2130,5,2,3,2.0,3,64445,M,4.0,-,64
200900051352,9,11,3,1047,1,2,1,3.0,4,64445,M,4.0,-,64
200900051353,9,11,4,725,1,2,1,3.0,3,64335,M,4.0,-,64
200900051354,9,11,4,725,1,2,1,2.0,6,64445,M,4.0,-,64
200900051355,9,11,5,1830,2,2,1,2.0,6,64445,M,4.0,-,64
200900051356,9,11,7,850,1,2,6,2.0,3,64445,M,4.0,-,64
200900051357,9,11,7,1100,1,2,6,3.0,2,64335,M,4.0,-,64
200900051358,9,11,7,2010,5,2,3,3.0,3,64335,M,4.0,-,64
200900051359,9,2,5,1750,2,1,1,2.0,5,14731,M,4.0,0,14
200900051360,9,2,10,1520,1,1,1,1.0,5,14726,M,4.0,-,14
200900051361,9,2,10,1900,3,1,1,1.0,7,14492,M,4.0,0,14
200900051362,9,2,3,1425,1,2,4,1.0,3,14762,M,4.0,-,14
200900051363,9,2,16,1710,1,1,1,1.0,3,14478,M,4.0,0,14
200900051364,9,2,18,1625,1,1,1,8.0,6,14150,M,4.0,-,14
200900051365,9,2,28,1325,1,1,3,1.0,1,14106,M,4.0,-,14
200900051366,9,6,8,1810,1,2,3,2.0,3,78361,M,4.0,0,78
200900051367,9,6,15,2030,1,2,3,1.0,3,78217,M,4.0,0,78
200900051368,9,6,4,815,1,2,3,1.0,3,78490,M,4.0,0,78
200900051369,9,6,8,2040,2,2,6,3.0,7,78490,M,4.0,0,78
200900051370,9,6,2,1835,1,2,1,1.0,6,78423,M,4.0,0,78
200900051371,9,6,13,1605,1,1,3,1.0,5,78672,M,4.0,0,78
200900051372,9,6,9,1735,1,2,1,1.0,6,78490,M,4.0,0,78
200900051373,9,6,2,1910,1,2,1,1.0,3,78490,M,4.0,0,78
200900051374,9,6,5,1525,1,2,3,1.0,6,78498,M,4.0,0,78
200900051375,9,6,2,1845,1,2,6,1.0,2,78498,M,4.0,0,78
200900051376,9,6,6,1920,1,2,6,1.0,3,78643,M,4.0,0,78
200900051377,9,6,12,2310,3,1,1,1.0,6,78486,M,4.0,0,78
200900051378,9,6,12,2000,1,2,3,1.0,4,78498,M,4.0,0,78
200900051379,9,6,14,1225,1,2,1,1.0,1,78118,M,4.0,0,78
200900051380,9,6,13,2235,5,2,1,1.0,6,78498,M,4.0,0,78
200900051381,9,6,4,1630,1,2,1,1.0,6,78681,M,4.0,0,78
200900051382,9,6,21,1115,1,2,1,1.0,1,78160,M,0.0,0,78
200900051383,9,6,3,1000,1,1,1,1.0,1,78043,M,4.0,0,78
200900051384,9,6,15,1430,1,1,1,1.0,6,78591,M,4.0,0,78
200900051385,9,6,26,1815,1,1,1,1.0,6,78381,M,4.0,0,78
200900051386,9,6,15,1630,1,1,1,1.0,7,78404,M,0.0,0,78
200900051387,9,6,26,2345,3,1,1,1.0,7,78346,M,4.0,0,78
200900051388,9,6,18,2345,3,1,1,1.0,1,78389,M,4.0,0,78
200900051389,9,6,13,645,2,1,1,1.0,6,78569,M,4.0,0,78
200900051390,9,6,28,1845,1,1,2,1.0,1,78470,M,4.0,0,78
200900051391,9,6,14,900,1,1,1,1.0,3,78003,M,4.0,0,78
200900051392,9,6,8,515,2,1,1,1.0,2,78389,M,4.0,0,78
200900051393,9,6,10,2036,1,1,1,2.0,2,78396,M,4.0,0,78
200900051394,9,6,4,2030,2,1,1,1.0,7,78490,M,4.0,0,78
200900051395,9,6,8,630,1,1,1,1.0,3,78007,M,4.0,0,78
200900051396,9,6,3,615,1,1,1,1.0,5,78297,M,4.0,0,78
200900051397,9,6,8,2000,1,1,1,2.0,6,78297,M,4.0,0,78
200900051398,9,6,5,1635,1,1,1,1.0,5,78640,M,4.0,0,78
200900051399,9,6,24,740,1,1,1,1.0,3,78126,M,4.0,0,78
200900051400,9,6,10,805,1,1,1,1.0,6,78206,M,4.0,0,78
200900051401,9,6,15,1000,1,1,1,3.0,7,78466,M,4.0,0,78
200900051402,9,6,19,1145,1,1,1,1.0,6,78126,M,4.0,0,78
200900051403,9,6,14,1900,1,1,1,1.0,6,78291,M,,,78
200900051404,9,6,25,2200,5,1,1,1.0,7,78322,M,,,78
200900051405,9,6,21,45,3,1,1,1.0,6,78431,M,,,78
200900051406,9,6,5,1035,1,1,1,1.0,7,78117,M,,,78
200900051407,9,6,28,2255,5,1,1,1.0,1,78291,M,,,78
200900051408,9,6,3,1545,1,1,1,1.0,2,78133,M,,,78
200900051409,9,6,22,1730,1,1,1,1.0,2,78640,M,,,78
200900051410,9,6,24,715,1,1,1,1.0,2,78423,M,,,78
200900051411,9,6,30,1750,1,1,1,1.0,5,78571,M,,,78
200900051412,9,6,19,1225,1,1,1,1.0,5,78242,M,,,78
200900051413,9,6,29,900,1,1,1,1.0,5,78073,M,,,78
200900051414,9,6,12,1330,1,1,1,1.0,2,78402,M,,,78
200900051415,9,6,4,1009,1,1,1,1.0,2,78126,M,,,78
200900051416,9,6,12,2030,1,1,1,1.0,2,78418,M,,,78
200900051417,9,6,26,1945,1,1,6,1.0,7,78643,M,4.0,0,78
200900051418,9,6,29,1650,1,2,3,1.0,3,78498,M,4.0,0,78
200900051419,9,6,29,1651,1,2,2,1.0,3,78642,M,4.0,0,78
200900051420,9,6,22,1530,1,2,2,1.0,3,78498,M,4.0,0,78
200900051421,9,6,23,2315,4,2,1,1.0,7,78643,M,4.0,0,78
200900051422,9,6,25,555,1,2,1,1.0,3,78123,M,4.0,0,78
200900051423,9,6,17,650,2,2,3,1.0,3,78624,M,4.0,0,78
200900051424,9,6,5,755,1,2,2,1.0,2,78168,M,4.0,0,78
200900051425,9,6,26,2335,5,2,2,1.0,3,78168,M,4.0,0,78
200900051426,9,6,28,1425,1,2,2,1.0,3,78361,M,4.0,0,78
200900051427,9,6,26,1955,1,2,1,1.0,6,78335,M,4.0,0,78
200900051428,9,6,2,1345,1,1,2,1.0,5,78168,M,4.0,0,78
200900051429,9,6,18,1800,1,2,1,1.0,3,78490,M,4.0,0,78
200900051430,9,6,19,1445,1,2,3,1.0,3,78217,M,4.0,0,78
200900051431,9,6,18,1920,1,2,3,1.0,1,78311,M,4.0,0,78
200900051432,9,6,12,1800,1,2,3,1.0,3,78383,M,4.0,0,78
200900051433,9,6,18,2015,1,2,6,1.0,3,78490,M,4.0,0,78
200900051434,9,6,14,450,5,2,2,1.0,3,78168,M,4.0,0,78
200900051435,9,6,19,2040,2,2,1,1.0,6,78361,M,4.0,0,78
200900051436,9,6,26,915,1,2,2,2.0,3,78674,M,4.0,0,78
200900051437,9,6,23,655,1,2,6,1.0,3,78208,M,4.0,0,78
200900051438,9,6,28,1200,1,1,3,1.0,3,78220,M,4.0,0,78
200900051439,9,6,24,1445,1,2,1,1.0,6,78517,M,4.0,0,78
200900051440,9,6,29,450,5,1,3,1.0,3,78220,M,4.0,0,78
200900051441,9,6,27,1745,1,1,1,1.0,2,78517,M,4.0,0,78
200900051442,9,6,7,825,1,2,1,8.0,7,78029,M,4.0,0,78
200900051443,9,6,1,1450,1,2,1,1.0,6,78440,M,4.0,0,78
200900051444,9,6,21,2235,5,2,1,1.0,7,78440,M,4.0,0,78
200900051445,9,6,18,1230,1,2,3,1.0,3,78029,M,4.0,0,78
200900051446,9,6,4,810,1,2,3,1.0,3,78440,M,4.0,0,78
200900051447,9,6,9,2140,1,2,1,2.0,2,78440,M,4.0,0,78
200900051448,9,6,18,1615,1,2,1,1.0,6,78440,M,4.0,0,78
200900051449,9,6,22,730,1,2,6,1.0,3,78401,M,4.0,0,78
200900051450,9,6,19,1240,1,2,1,1.0,6,78401,M,4.0,0,78
200900051451,9,6,18,1645,1,2,4,1.0,3,78586,M,4.0,0,78
200900051452,9,6,3,2010,1,2,2,7.0,3,78423,M,4.0,0,78
200900051453,9,6,25,1840,1,2,1,1.0,6,78158,M,4.0,0,78
200900051454,9,6,22,1730,1,2,1,1.0,6,78646,M,4.0,0,78
200900051455,9,6,17,1800,1,1,4,1.0,3,78524,M,4.0,0,78
200900051456,9,6,4,1030,1,1,1,1.0,2,78646,M,4.0,0,78
200900051457,9,6,8,810,1,2,3,1.0,3,78646,M,4.0,0,78
200900051458,9,6,2,900,1,2,2,1.0,6,78646,M,4.0,0,78
200900051459,9,6,22,1810,1,2,1,1.0,3,78646,M,4.0,0,78
200900051460,9,6,7,1800,1,2,3,1.0,6,78646,M,4.0,0,78
200900051461,9,6,14,1350,1,1,1,1.0,6,78621,M,4.0,0,78
200900051462,9,6,22,1705,1,2,1,8.0,6,78640,M,4.0,0,78
200900051463,9,6,21,1920,1,2,1,1.0,6,78640,M,4.0,0,78
200900051464,9,6,13,1845,1,1,1,1.0,6,78640,M,4.0,0,78
200900051465,9,6,27,1330,1,2,2,1.0,1,78621,M,4.0,0,78
200900051466,9,6,26,745,1,2,2,2.0,3,78621,M,,,78
200900051467,9,6,2,930,1,2,1,1.0,6,78621,M,,,78
200900051468,9,6,2,1055,1,2,3,1.0,2,78646,M,4.0,0,78
200900051469,9,6,3,1610,1,1,1,1.0,3,78621,M,,,78
200900051470,9,11,8,1300,1,2,3,2.0,3,64445,M,4.0,-,64
200900051471,9,11,9,825,1,2,3,1.0,3,64445,M,4.0,-,64
200900051472,9,11,10,1900,4,2,3,2.0,6,64445,M,4.0,-,64
200900051473,9,11,13,1520,1,2,1,1.0,3,64445,M,4.0,-,64
200900051474,9,11,17,750,2,2,3,1.0,3,64122,M,4.0,-,64
200900051475,9,11,23,400,5,2,1,1.0,2,64122,M,4.0,-,64
200900051476,9,11,24,1810,2,2,1,1.0,1,64122,M,4.0,-,64
200900051477,9,11,27,945,1,2,1,1.0,3,64122,M,4.0,-,64
200900051478,9,11,27,1035,1,2,1,1.0,5,64122,M,4.0,-,64
200900051479,9,11,29,1320,1,1,2,2.0,3,64125,M,4.0,-,64
200900051480,9,12,1,1315,1,2,1,1.0,6,64260,M,4.0,-,64
200900051481,9,12,4,1525,1,2,1,1.0,1,64260,M,4.0,-,64
200900051482,9,12,5,1640,1,2,1,1.0,3,64122,M,4.0,-,64
200900051483,9,12,8,1235,1,2,1,1.0,1,64260,M,4.0,-,64
200900051484,9,12,9,1245,1,2,1,1.0,3,64122,M,4.0,-,64
200900051485,9,12,9,1440,1,2,1,1.0,3,64122,M,4.0,-,64
200900051486,9,12,9,1615,1,2,1,1.0,2,64260,M,4.0,-,64
200900051487,9,12,11,1950,5,2,1,1.0,3,64122,M,4.0,-,64
200900051488,9,12,12,2145,5,2,3,1.0,3,64122,M,4.0,-,64
200900051489,9,12,15,1535,1,2,1,1.0,6,64260,M,4.0,-,64
200900051490,9,12,15,1750,5,2,1,1.0,3,64122,M,4.0,-,64
200900051491,9,12,16,1230,1,2,2,8.0,7,64102,M,4.0,-,64
200900051492,9,12,7,1650,2,2,1,3.0,6,55545,M,,,55
200900051493,9,12,7,1030,1,1,1,8.0,3,55236,M,,,55
200900051494,9,12,5,1350,1,2,1,2.0,2,55029,M,,,55
200900051495,9,12,11,1830,5,2,1,2.0,6,55463,M,0.0,0,55
200900051496,9,12,27,700,3,1,1,1.0,6,55063,M,4.0,0,55
200900051497,9,12,19,1445,1,1,1,1.0,6,55242,M,0.0,0,55
200900051498,9,12,16,1830,3,1,1,1.0,7,55436,M,0.0,0,55
200900051499,9,12,3,1715,5,2,1,3.0,6,55181,M,4.0,0,55
200900051500,9,12,7,1945,3,1,1,1.0,1,55214,M,0.0,0,55
200900051501,9,12,18,1900,3,1,1,8.0,1,55241,M,4.0,0,55
200900051502,9,12,18,1330,1,1,1,4.0,6,55456,M,4.0,0,55
200900051503,9,12,27,900,1,1,1,4.0,7,55472,M,4.0,0,55
200900051504,9,12,18,1430,1,1,1,4.0,7,55327,M,4.0,0,55
200900051505,9,12,29,755,2,2,1,8.0,6,55545,M,,,55
200900051506,9,12,2,1300,1,1,1,2.0,3,55302,M,,,55
200900051507,9,12,29,1730,5,2,1,2.0,6,55029,M,,,55
200900051508,9,12,16,1115,1,2,1,1.0,6,55476,M,4.0,0,55
200900051509,9,12,10,1530,1,1,2,8.0,3,55258,M,4.0,0,55
200900051510,9,12,16,1800,1,2,9,1.0,6,64348,M,4.0,-,64
200900051511,9,12,17,1345,1,2,1,1.0,6,64129,M,4.0,-,64
200900051512,9,12,17,1530,1,2,1,1.0,2,64445,M,4.0,-,64
200900051513,9,12,18,730,2,2,1,4.0,6,64348,M,,,64
200900051514,9,12,18,835,2,2,1,2.0,7,64102,M,4.0,-,64
200900051515,9,12,18,1505,1,2,1,4.0,6,64445,M,4.0,-,64
200900051516,9,12,18,2005,1,2,3,4.0,5,64129,M,4.0,-,64
200900051517,9,12,22,815,2,2,1,1.0,7,64024,M,4.0,-,64
200900051518,9,12,22,1540,1,2,1,1.0,6,64445,M,4.0,-,64
200900051519,9,12,22,1620,1,2,1,1.0,6,64445,M,4.0,-,64
200900051520,9,12,22,1820,1,2,1,1.0,4,64445,M,4.0,-,64
200900051521,9,12,25,2010,5,2,2,1.0,3,64445,M,4.0,-,64
200900051522,9,12,26,1445,1,1,1,2.0,1,64102,M,4.0,-,64
200900051523,9,12,27,2010,5,2,1,1.0,1,64445,M,4.0,-,64
200900051524,9,12,29,1140,1,2,1,2.0,6,64129,M,4.0,-,64
200900051525,9,12,29,1500,1,2,1,2.0,3,64129,M,,,64
200900051526,9,12,29,2005,5,2,1,2.0,1,64445,M,4.0,-,64
200900051527,9,12,30,1845,5,2,1,1.0,6,64024,M,4.0,-,64
200900051528,9,12,31,1000,1,2,1,1.0,6,64445,M,4.0,-,64
200900051529,9,12,31,1330,1,2,1,1.0,2,64445,M,4.0,-,64
200900051530,9,12,31,1805,2,2,1,2.0,6,64445,M,4.0,-,64
200900051531,9,12,31,1908,5,2,3,1.0,6,64102,M,4.0,-,64
200900051532,9,12,17,1830,5,2,1,8.0,6,64024,M,4.0,-,64
200900051533,9,12,1,1150,1,2,1,8.0,6,90099,M,,,90
200900051534,9,12,6,535,4,1,1,2.0,6,90032,M,,,90
200900051535,9,12,7,1320,1,2,1,2.0,6,90010,M,,,90
200900051536,9,12,8,1255,1,2,2,1.0,3,90010,M,,,90
200900051537,9,12,10,700,5,2,3,2.0,6,90010,M,,,90
200900051538,9,12,10,800,5,2,1,2.0,6,90010,M,,,90
200900051539,9,12,11,1828,5,2,1,2.0,6,90010,M,,,90
200900051540,9,12,12,5,3,1,1,2.0,7,90029,M,,,90
200900051541,9,12,16,1800,5,2,1,1.0,2,90010,M,,,90
200900051542,9,12,18,1647,2,2,1,4.0,6,90032,M,,,90
200900051543,9,12,18,2232,5,2,2,1.0,6,90010,M,,,90
200900051544,9,12,23,1225,1,2,1,1.0,2,90032,M,,,90
200900051545,9,12,23,1753,5,2,1,2.0,6,90010,M,,,90
200900051546,9,12,23,2030,5,2,1,2.0,7,90010,M,,,90
200900051547,9,12,25,1915,5,2,3,3.0,3,90010,M,,,90
200900051548,9,11,1,1400,1,1,1,3.0,3,79347,M,0.0,0,79
200900051549,9,11,1,1730,2,2,1,2.0,3,79081,M,,,79
200900051550,9,11,2,1640,2,2,1,1.0,7,79191,M,,,79
200900051551,9,11,3,1900,5,2,1,3.0,6,79174,M,0.0,0,79
200900051552,9,11,5,1605,1,2,1,2.0,2,79191,M,,,79
200900051553,9,11,5,1920,5,2,1,1.0,7,79191,M,,,79
200900051554,9,11,7,1700,1,1,1,8.0,6,79249,M,0.0,0,79
200900051555,9,11,8,445,3,1,1,2.0,6,79298,M,0.0,0,79
200900051556,9,11,11,515,3,1,1,2.0,6,79066,M,0.0,0,79
200900051557,9,11,13,246,5,2,1,1.0,6,79191,M,,,79
200900051558,9,11,15,2024,5,2,1,1.0,7,79191,M,,,79
200900051559,9,11,17,1745,2,1,1,8.0,6,79263,M,0.0,0,79
200900051560,9,11,19,1615,1,2,1,1.0,6,79148,M,0.0,0,79
200900051561,9,11,20,1745,1,2,6,1.0,1,79100,M,0.0,0,79
200900051562,9,11,20,2345,3,2,3,1.0,3,79080,M,0.0,0,79
200900051563,9,11,21,1345,1,1,2,1.0,3,79175,M,0.0,0,79
200900051564,9,11,22,1830,3,1,1,2.0,5,79120,M,0.0,0,79
200900051565,9,11,25,1715,3,1,1,3.0,1,79104,M,0.0,0,79
200900051566,9,11,30,945,1,1,1,1.0,6,79302,M,0.0,0,79
200900051567,9,11,18,1455,1,2,1,8.0,3,79191,M,,,79
200900051568,9,11,28,2215,5,2,1,2.0,6,79191,M,,,79
200900051569,9,11,24,1705,2,2,1,8.0,2,79191,M,,,79
200900051570,9,11,25,1735,5,2,2,3.0,3,79191,M,,,79
200900051571,9,11,24,920,1,2,1,1.0,6,79329,M,,,79
200900051572,9,12,4,1505,1,2,1,2.0,3,79191,M,,,79
200900051573,9,12,6,437,3,1,1,2.0,6,79329,M,,,79
200900051574,9,12,4,1840,5,1,1,2.0,7,79191,M,,,79
200900051575,9,12,8,1805,3,2,1,2.0,2,79191,M,,,79
200900051576,9,12,9,1700,1,2,1,1.0,6,79259,M,,,79
200900051577,9,12,10,1825,5,2,2,1.0,3,79191,M,,,79
200900051578,9,12,14,1520,1,2,3,2.0,3,79191,M,,,79
200900051579,9,12,1,1030,1,1,1,1.0,1,79161,M,0.0,0,79
200900051580,9,12,27,2015,3,1,2,1.0,3,79299,M,0.0,0,79
200900051581,9,12,6,1230,1,1,1,2.0,6,79307,M,0.0,0,79
200900051582,9,12,8,1045,1,2,9,1.0,1,79122,M,0.0,0,79
200900051583,9,12,8,1130,1,2,1,1.0,6,79195,M,0.0,0,79
200900051584,9,12,10,730,2,1,1,1.0,3,79058,M,0.0,0,79
200900051585,9,12,20,1015,1,1,1,1.0,7,79273,M,0.0,0,79
200900051586,9,12,23,1445,1,1,1,1.0,1,79049,M,0.0,0,79
200900051587,9,12,28,2300,3,1,1,2.0,7,79308,M,0.0,0,79
200900051588,9,12,17,1025,1,2,9,1.0,7,79191,M,,,79
200900051589,9,12,22,1750,5,2,1,1.0,7,79191,M,,,79
200900051590,9,12,18,610,5,2,1,2.0,7,79191,M,,,79
200900051591,9,12,26,2005,5,2,1,1.0,1,79081,M,,,79
200900051592,9,12,17,1925,5,2,1,9.0,2,79329,M,,,79
200900051593,9,5,16,1840,1,1,1,1.0,2,34032,M,,,34
200900051594,9,5,30,1155,1,2,1,1.0,6,34032,M,,,34
200900051595,9,5,23,720,1,2,1,1.0,7,34032,M,,,34
200900051596,9,5,24,800,1,2,1,1.0,6,34032,M,,,34
200900051597,9,5,19,1907,1,2,6,1.0,3,34032,M,,,34
200900051598,9,5,25,710,1,1,1,1.0,3,34032,M,,,34
200900051599,9,5,28,755,1,2,1,1.0,6,34032,M,,,34
200900051600,9,5,21,1624,1,1,1,1.0,7,34032,M,,,34
200900051601,9,5,20,1640,1,2,1,1.0,5,34032,M,,,34
200900051602,9,5,11,1730,1,2,3,1.0,3,34301,M,4.0,0,34
200900051603,9,5,5,1400,1,1,1,1.0,3,34153,M,4.0,0,34
200900051604,9,5,2,2045,2,2,6,1.0,6,34189,M,4.0,0,34
200900051605,9,5,30,1900,2,2,1,1.0,1,34128,M,0.0,0,34
200900051606,9,5,10,1200,1,1,1,2.0,6,34114,M,4.0,0,34
200900051607,9,5,11,715,1,1,1,1.0,6,34340,M,0.0,0,34
200900051608,9,5,1,1715,1,1,1,1.0,1,34157,M,4.0,0,34
200900051609,9,5,15,1745,1,2,1,1.0,2,34154,M,4.0,0,34
200900051610,9,5,21,545,3,1,1,1.0,7,34022,M,4.0,0,34
200900051611,9,5,10,30,3,1,1,1.0,6,34214,M,4.0,0,34
200900051612,9,5,3,300,3,1,1,1.0,2,34146,M,4.0,0,34
200900051613,9,5,14,715,1,1,1,8.0,1,34175,M,4.0,0,34
200900051614,9,5,14,1600,1,2,1,2.0,6,34028,M,0.0,0,34
200900051615,9,5,23,1,5,2,2,1.0,3,34140,M,4.0,0,34
200900051616,9,5,20,2000,2,1,2,1.0,3,34057,M,4.0,0,34
200900051617,9,5,7,930,1,1,1,1.0,6,34232,M,4.0,0,34
200900051618,9,5,20,1514,1,2,3,1.0,5,34327,M,4.0,0,34
200900051619,9,5,3,1745,1,1,1,1.0,3,34270,M,4.0,0,34
200900051620,9,5,7,1530,1,2,1,1.0,3,34145,M,4.0,0,34
200900051621,9,5,5,500,3,1,1,1.0,6,34058,M,4.0,0,34
200900051622,9,5,5,1145,1,2,1,1.0,3,34145,M,4.0,0,34
200900051623,9,5,13,1915,1,1,1,1.0,7,34114,M,0.0,0,34
200900051624,9,5,31,530,3,1,1,1.0,1,34058,M,4.0,0,34
200900051625,9,5,24,1730,1,1,1,1.0,3,34114,M,0.0,0,34
200900051626,9,5,20,745,1,2,1,1.0,7,34058,M,4.0,0,34
200900051627,9,5,28,1815,1,1,1,1.0,3,34270,M,4.0,0,34
200900051628,9,5,4,2015,2,2,1,1.0,3,34123,M,4.0,0,34
200900051629,9,5,12,915,1,1,1,1.0,5,34183,M,4.0,0,34
200900051630,9,5,27,30,3,1,1,1.0,6,34119,M,4.0,0,34
200900051631,9,5,24,1745,1,1,1,1.0,2,34270,M,4.0,0,34
200900051632,9,5,19,1730,1,1,1,1.0,1,34272,M,4.0,0,34
200900051633,9,5,14,2145,3,1,1,2.0,6,34119,M,4.0,0,34
200900051634,9,5,25,730,1,2,1,1.0,5,34270,M,0.0,0,34
200900051635,9,5,27,1500,1,2,1,1.0,3,34172,M,,,34
200900051636,9,5,21,1905,1,2,3,1.0,2,34172,M,,,34
200900051637,9,5,23,1950,1,2,7,1.0,6,34172,M,4.0,0,34
200900051638,9,5,12,1705,1,2,1,1.0,7,34172,M,4.0,0,34
200900051639,9,5,27,1215,1,2,1,1.0,7,34172,M,,,34
200900051640,9,5,7,2220,4,1,1,1.0,2,34198,M,,,34
200900051641,9,5,27,1905,1,2,1,1.0,7,34172,M,4.0,0,34
200900051642,9,5,31,2035,5,2,3,1.0,7,34172,M,4.0,0,34
200900051643,9,5,30,1550,1,2,3,1.0,2,34172,M,4.0,0,34
200900051644,9,5,7,1915,1,2,1,1.0,3,34172,M,4.0,0,34
200900051645,9,5,29,754,1,2,8,1.0,3,34172,M,4.0,0,34
200900051646,9,5,5,904,1,2,1,1.0,2,34172,M,4.0,0,34
200900051647,9,5,27,825,1,2,1,1.0,3,34172,M,4.0,0,34
200900051648,9,5,31,1625,1,2,1,1.0,2,34172,M,4.0,0,34
200900051649,9,5,1,1615,1,1,1,1.0,7,34172,M,4.0,0,34
200900051650,9,5,12,1715,1,1,1,1.0,1,34198,M,,,34
200900051651,9,5,25,1535,1,2,1,1.0,3,34172,M,4.0,0,34
200900051652,9,5,25,1240,1,2,3,1.0,3,34172,M,4.0,0,34
200900051653,9,5,2,2130,5,2,3,1.0,3,34172,M,,,34
200900051654,9,5,27,1100,1,2,2,1.0,1,34172,M,4.0,0,34
200900051655,9,5,27,1723,1,2,1,1.0,6,34172,M,4.0,0,34
200900051656,9,5,5,1350,1,2,1,1.0,6,34172,M,4.0,0,34
200900051657,9,5,18,1945,1,2,3,1.0,7,34172,M,4.0,0,34
200900051658,9,5,6,1920,1,2,1,1.0,3,34172,M,4.0,0,34