Num_Acc,an,mois,jour,hrmn,lum,agg,int,atm,col,com,gps,lat,long,dep
200900052794,9,7,6,910,1,2,3,1.0,3,13004,M,,,13
200900052795,9,7,15,2105,1,2,1,1.0,6,13071,M,,,13
200900052796,9,7,5,1730,1,1,1,1.0,1,13004,M,4.0,0,13
200900052797,9,7,6,1010,1,2,1,1.0,2,13103,M,,,13
200900052798,9,7,7,1815,1,1,1,1.0,5,13117,M,,,13
200900052799,9,7,2,230,5,2,1,1.0,6,13001,M,4.0,0,13
200900052800,9,7,2,1400,1,2,1,1.0,5,13071,M,,,13
200900052801,9,7,3,945,1,1,6,1.0,2,13004,M,,,13
200900052802,9,7,9,1345,1,1,1,1.0,2,13001,M,,,13
200900052803,9,7,10,400,3,1,1,1.0,6,13001,M,,,13
200900052804,9,7,11,1635,1,1,9,1.0,3,13001,M,,,13
200900052805,9,7,15,735,1,1,1,1.0,5,13004,M,4.0,0,13
200900052806,9,7,8,1120,1,2,1,1.0,6,13028,M,4.0,0,13
200900052807,9,7,15,1435,1,1,1,1.0,3,13001,M,,,13
200900052808,9,7,29,900,1,2,1,1.0,6,13001,M,,,13
200900052809,9,7,16,1705,1,2,9,1.0,3,13117,M,,,13
200900052810,9,7,28,1815,1,2,3,1.0,6,13004,M,,,13
200900052811,9,7,16,1410,1,2,2,1.0,2,13078,M,,,13
200900052812,9,7,23,1900,1,2,8,1.0,6,13071,M,,,13
200900052813,9,7,26,1900,1,1,1,1.0,3,13071,M,,,13
200900052814,9,7,26,1815,1,2,1,1.0,2,13108,M,,,13
200900052815,9,7,23,1225,1,2,1,1.0,6,13001,M,,,13
200900052816,9,7,19,1315,1,2,1,1.0,2,13004,M,,,13
200900052817,9,7,20,850,1,1,1,1.0,5,13001,M,4.0,0,13
200900052818,9,7,24,1525,1,1,1,1.0,5,13004,M,,,13
200900052819,9,7,13,1800,1,1,1,1.0,5,13108,M,4.0,0,13
200900052820,9,7,20,1825,1,1,1,1.0,2,13001,M,,,13
200900052821,9,7,21,845,1,1,1,1.0,3,13001,M,,,13
200900052822,9,7,24,535,3,1,3,1.0,3,13004,M,4.0,0,13
200900052823,9,7,24,1530,1,1,4,1.0,2,13108,M,4.0,0,13
200900052824,9,7,24,1830,1,1,1,1.0,2,13004,M,4.0,0,13
200900052825,9,7,27,1825,1,1,1,1.0,6,13117,M,,,13
200900052826,9,7,31,140,3,1,1,1.0,3,13108,M,,,13
200900052827,9,7,28,1720,1,1,1,1.0,3,13001,M,,,13
200900052828,9,7,31,1335,1,1,1,1.0,6,13004,M,,,13
200900052829,9,7,14,2320,5,1,1,1.0,6,13056,M,,,13
200900052830,9,7,10,2250,5,2,1,1.0,1,13039,M,,,13
200900052831,9,7,28,1315,1,2,2,1.0,3,13077,M,,,13
200900052832,9,7,25,1810,1,2,2,1.0,3,13056,M,,,13
200900052833,9,7,1,1725,1,2,1,1.0,2,13102,M,,,13
200900052834,9,7,31,925,1,2,1,1.0,6,13054,M,4.0,0,13
200900052835,9,7,14,1035,1,1,1,1.0,1,13056,M,,,13
200900052836,9,7,3,1740,1,2,1,1.0,6,13056,M,,,13
200900052837,9,7,10,1430,1,1,1,1.0,4,13054,M,,,13
200900052838,9,7,8,1050,1,2,1,1.0,6,13077,M,,,13
200900052839,9,7,25,1800,1,1,1,1.0,3,13005,M,4.0,0,13
200900052840,9,7,13,1235,1,1,1,1.0,3,13085,M,4.0,0,13
200900052841,9,7,31,2120,3,1,1,1.0,6,13055,M,4.0,0,13
200900052842,9,7,19,515,3,1,1,1.0,6,13070,M,4.0,0,13
200900052843,9,7,7,500,3,1,1,1.0,6,13001,M,4.0,0,13
200900052844,9,7,13,1534,1,1,1,1.0,2,13071,M,4.0,0,13
200900052845,9,7,23,2303,3,1,1,1.0,3,13071,M,4.0,0,13
200900052846,9,7,23,1540,1,1,1,1.0,5,13055,M,4.0,0,13
200900052847,9,7,8,1645,1,1,1,1.0,7,13055,M,4.0,0,13
200900052848,9,7,20,752,1,1,1,1.0,6,13001,M,4.0,0,13
200900052849,9,7,13,1753,1,1,1,1.0,2,13085,M,4.0,0,13
200900052850,9,7,6,1800,1,1,1,1.0,4,13071,M,4.0,0,13
200900052851,9,7,31,1625,1,1,1,1.0,7,13001,M,4.0,0,13
200900052852,9,7,14,1430,1,1,1,1.0,7,13055,M,4.0,0,13
200900052853,9,7,17,30,3,1,1,1.0,6,13117,M,4.0,0,13
200900052854,9,7,25,1828,1,1,1,1.0,3,13055,M,,,13
200900052855,9,7,9,720,1,1,1,1.0,6,13071,M,4.0,0,13
200900052856,9,7,23,1810,1,1,1,1.0,6,13055,M,4.0,0,13
200900052857,9,7,10,1845,1,1,1,1.0,5,13055,M,4.0,0,13
200900052858,9,7,21,2355,3,1,1,1.0,6,13055,M,4.0,0,13
200900052859,9,7,22,1100,1,1,1,1.0,2,13106,M,4.0,0,13
200900052860,9,7,2,1830,1,1,1,1.0,4,13005,M,4.0,0,13
200900052861,9,7,2,910,1,1,9,1.0,4,13055,M,,,13
200900052862,9,7,16,2141,2,1,1,1.0,7,13055,M,,,13
200900052863,9,7,31,1648,1,1,1,1.0,2,13055,M,4.0,0,13
200900052864,9,7,9,1620,1,1,1,1.0,7,13001,M,4.0,0,13
200900052865,9,7,5,1945,1,1,1,1.0,2,13088,M,4.0,0,13
200900052866,9,7,5,2045,5,2,3,1.0,3,13208,M,,,13
200900052867,9,7,11,1815,1,2,1,1.0,6,13055,M,,,13
200900052868,9,7,18,130,5,2,1,1.0,2,13201,M,,,13
200900052869,9,7,23,830,1,2,1,1.0,6,13213,M,,,13
200900052870,9,7,3,1545,1,2,1,1.0,5,13204,M,,,13
200900052871,9,7,24,1220,1,2,1,1.0,2,13205,M,,,13
200900052872,9,7,19,1530,1,2,1,1.0,3,13208,M,,,13
200900052873,9,7,28,45,5,2,1,1.0,6,13215,M,,,13
200900052874,9,7,17,1145,1,2,1,1.0,6,13214,M,,,13
200900052875,9,7,15,1546,1,2,1,1.0,6,13209,M,,,13
200900052876,9,7,23,1630,1,2,1,1.0,1,13055,M,,,13
200900052877,9,7,29,1810,1,2,1,1.0,3,13055,M,,,13
200900052878,9,7,16,1810,1,2,5,1.0,3,13204,M,,,13
200900052879,9,7,21,955,1,2,1,1.0,3,13055,M,4.0,0,13
200900052880,9,7,6,1220,1,2,2,1.0,3,13201,M,,,13
200900052881,9,7,30,1730,1,2,1,1.0,2,13213,M,,,13
200900052882,9,7,4,1800,1,2,1,1.0,3,13207,M,,,13
200900052883,9,7,16,1,5,2,6,1.0,6,13055,M,,,13
200900052884,9,7,13,1030,1,2,1,1.0,2,13202,M,,,13
200900052885,9,7,8,2000,1,2,1,1.0,2,13208,M,,,13
200900052886,9,7,26,2150,5,2,1,1.0,6,13055,M,,,13
200900052887,9,7,2,1645,1,2,1,1.0,6,13055,M,,,13
200900052888,9,7,22,1100,1,2,3,1.0,3,13055,M,,,13
200900052889,9,7,1,1200,1,2,1,1.0,7,13055,M,4.0,0,13
200900052890,9,7,17,1545,1,2,1,1.0,2,13208,M,,,13
200900052891,9,7,2,1940,1,2,1,1.0,1,13215,M,,,13
200900052892,9,7,3,2000,1,2,1,1.0,2,13207,M,,,13
200900052893,9,7,3,110,5,2,2,1.0,3,13208,M,,,13
200900052894,9,7,1,1630,1,2,1,1.0,2,13205,M,,,13
200900052895,9,7,3,635,1,2,3,1.0,3,13055,M,4.0,0,13
200900052896,9,7,28,1330,1,2,2,1.0,3,13212,M,,,13
200900052897,9,7,27,1720,1,2,1,1.0,6,13209,M,,,13
200900052898,9,7,1,1730,1,2,1,1.0,2,13201,M,,,13
200900052899,9,7,3,1005,1,2,1,1.0,1,13055,M,,,13
200900052900,9,7,28,1230,1,2,1,1.0,6,13201,M,,,13
200900052901,9,7,11,1700,1,2,1,1.0,7,13215,M,,,13
200900052902,9,7,8,1040,1,2,3,1.0,3,13209,M,,,13
200900052903,9,7,31,1340,1,2,1,1.0,7,13055,M,,,13
200900052904,9,7,15,1030,1,2,1,1.0,7,13055,M,,,13
200900052905,9,7,30,1530,1,2,1,1.0,3,13215,M,,,13
200900052906,9,7,7,800,1,2,1,1.0,2,13208,M,,,13
200900052907,9,7,19,1710,1,2,1,1.0,6,13202,M,,,13
200900052908,9,7,21,1825,1,2,6,1.0,6,13209,M,,,13
200900052909,9,7,29,910,1,2,3,1.0,2,13055,M,,,13
200900052910,9,7,10,1230,1,2,1,1.0,6,13055,M,,,13
200900052911,9,7,2,1815,1,2,3,1.0,3,13203,M,,,13
200900052912,9,7,24,1730,1,2,1,1.0,7,13206,M,,,13
200900052913,9,7,23,1530,1,2,1,1.0,6,13201,M,,,13
200900052914,9,7,2,1800,1,2,1,1.0,2,13055,M,,,13
200900052915,9,7,10,2010,1,2,1,1.0,2,13055,M,,,13
200900052916,9,7,11,1015,1,2,1,1.0,6,13211,M,,,13
200900052917,9,7,26,2020,1,2,9,1.0,3,13075,M,,,13
200900052918,9,7,28,1430,1,2,1,1.0,7,13203,M,,,13
200900052919,9,7,21,1600,1,2,2,1.0,3,13075,M,4.0,0,13
200900052920,9,7,24,2230,5,2,1,1.0,1,13055,M,4.0,0,13
200900052921,9,7,28,2330,5,2,1,1.0,2,13055,M,,,13
200900052922,9,7,23,1510,1,2,1,1.0,2,13055,M,,,13
200900052923,9,7,3,1630,1,2,1,1.0,3,13055,M,,,13
200900052924,9,7,24,1401,1,2,1,1.0,3,13055,M,,,13
200900052925,9,7,28,2145,5,2,2,1.0,5,13055,M,,,13
200900052926,9,7,28,2030,2,2,1,1.0,3,13213,M,,,13
200900052927,9,7,24,1956,1,2,2,1.0,3,13206,M,,,13
200900052928,9,7,30,1700,1,2,1,1.0,3,13055,M,,,13
200900052929,9,7,24,1300,1,2,1,1.0,6,13055,M,,,13
200900052930,9,7,21,1200,1,2,1,1.0,3,13055,M,,,13
200900052931,9,7,30,1435,1,2,1,1.0,6,13206,M,,,13
200900052932,9,7,18,2025,1,2,3,1.0,3,13209,M,,,13
200900052933,9,7,24,2330,5,2,1,1.0,3,13055,M,,,13
200900052934,9,7,12,1600,1,2,1,1.0,3,13204,M,,,13
200900052935,9,7,19,1820,1,2,1,1.0,6,13055,M,,,13
200900052936,9,7,22,1745,1,2,1,1.0,3,13203,M,,,13
200900052937,9,7,6,1350,1,2,1,1.0,6,13212,M,,,13
200900052938,9,7,20,1815,1,2,1,1.0,2,13002,M,,,13
200900052939,9,7,7,1215,1,2,1,1.0,1,13055,M,,,13
200900052940,9,7,3,1735,1,2,1,1.0,2,13208,M,,,13
200900052941,9,7,28,1820,1,2,1,1.0,6,13213,M,,,13
200900052942,9,7,9,1545,1,2,1,1.0,6,13207,M,,,13
200900052943,9,7,16,640,1,2,1,1.0,7,13055,M,,,13
200900052944,9,7,6,1810,1,2,6,1.0,3,13208,M,,,13
200900052945,9,7,22,1400,1,2,3,1.0,3,13208,M,,,13
200900052946,9,7,4,1520,1,2,1,1.0,3,13214,M,,,13
200900052947,9,7,28,1730,1,2,1,1.0,6,13208,M,,,13
200900052948,9,7,10,1905,2,2,6,1.0,3,13209,M,,,13
200900052949,9,7,24,510,5,2,3,1.0,6,13201,M,,,13
200900052950,9,7,8,1415,1,2,1,1.0,1,13055,M,,,13
200900052951,9,7,29,1530,1,2,3,1.0,3,13210,M,,,13
200900052952,9,7,1,2010,1,2,1,1.0,7,13055,M,,,13
200900052953,9,7,5,2350,5,2,3,1.0,3,13055,M,,,13
200900052954,9,7,17,1845,1,2,1,1.0,6,13214,M,,,13
200900052955,9,7,6,2010,1,2,1,1.0,6,13002,M,,,13
200900052956,9,7,4,2330,5,2,1,1.0,3,13213,M,,,13
200900052957,9,7,6,1800,1,2,1,1.0,2,13055,M,,,13
200900052958,9,7,15,1615,1,2,1,1.0,6,13055,M,,,13
200900052959,9,7,6,1145,1,2,9,1.0,6,13208,M,,,13
200900052960,9,7,24,2000,1,2,9,1.0,3,13209,M,,,13
200900052961,9,7,25,2130,2,2,1,1.0,6,13055,M,,,13
200900052962,9,7,27,1230,1,2,9,1.0,3,13055,M,,,13
200900052963,9,7,22,825,1,2,3,1.0,3,13055,M,,,13
200900052964,9,7,1,1905,1,2,1,1.0,4,13208,M,,,13
200900052965,9,7,16,1540,1,2,1,1.0,3,13211,M,,,13
200900052966,9,7,30,1945,1,2,1,1.0,3,13055,M,,,13
200900052967,9,7,10,1010,1,2,1,1.0,6,13206,M,,,13
200900052968,9,7,8,455,5,2,1,1.0,2,13055,M,,,13
200900052969,9,7,5,30,5,2,1,1.0,4,13208,M,,,13
200900052970,9,7,3,1815,1,2,3,1.0,1,13055,M,,,13
200900052971,9,7,17,1320,1,2,1,1.0,6,13055,M,,,13
200900052972,9,7,23,1125,1,2,3,1.0,3,13212,M,,,13
200900052973,9,7,8,1640,1,2,3,1.0,3,13055,M,,,13
200900052974,9,7,2,1715,1,2,1,1.0,3,13055,M,,,13
200900052975,9,7,8,2230,5,2,3,1.0,3,13214,M,,,13
200900052976,9,7,24,1600,1,2,1,1.0,3,13208,M,,,13
200900052977,9,7,29,1830,1,2,1,1.0,6,13213,M,,,13
200900052978,9,7,10,15,5,2,1,1.0,7,13055,M,,,13
200900052979,9,7,3,1530,1,2,3,1.0,3,13207,M,,,13
200900052980,9,7,24,2055,2,2,3,1.0,2,13212,M,,,13
200900052981,9,7,23,1800,1,2,1,1.0,1,13055,M,,,13
200900052982,9,7,14,120,5,2,1,1.0,3,13207,M,,,13
200900052983,9,7,28,800,1,2,1,1.0,6,13002,M,,,13
200900052984,9,7,24,250,5,2,2,1.0,3,13213,M,,,13
200900052985,9,7,2,1215,1,2,1,1.0,2,13208,M,,,13
200900052986,9,7,18,930,1,2,1,1.0,6,13055,M,,,13
200900052987,9,7,5,2230,5,2,2,1.0,3,13210,M,,,13
200900052988,9,7,17,850,1,2,4,1.0,3,13055,M,,,13
200900052989,9,7,4,1235,1,2,1,1.0,6,13055,M,,,13
200900052990,9,7,23,1005,1,2,1,1.0,3,13055,M,,,13
200900052991,9,7,13,1215,1,2,1,1.0,6,13208,M,,,13
200900052992,9,7,3,2110,5,2,3,1.0,3,13055,M,,,13
200900052993,9,7,31,1915,1,2,9,1.0,1,13055,M,,,13
200900052994,9,7,8,1145,1,2,1,1.0,6,13208,M,,,13
200900052995,9,7,11,2230,5,2,3,1.0,3,13209,M,,,13
200900052996,9,7,6,1235,1,2,1,1.0,2,13209,M,,,13
200900052997,9,7,6,1920,1,2,1,1.0,2,13210,M,,,13
200900052998,9,7,3,1915,1,2,1,1.0,6,13207,M,,,13
200900052999,9,7,14,1330,1,2,1,1.0,4,13055,M,,,13
200900053000,9,7,1,2330,5,2,2,1.0,3,13208,M,,,13
200900053001,9,7,31,830,1,2,1,1.0,2,13055,M,,,13
200900053002,9,7,1,2200,5,2,1,1.0,6,13055,M,,,13
200900053003,9,7,21,1445,1,2,3,1.0,4,13201,M,,,13
200900053004,9,7,21,1015,1,2,1,1.0,6,13210,M,,,13
200900053005,9,7,21,825,1,2,4,1.0,3,13211,M,,,13
200900053006,9,7,23,745,1,2,2,1.0,3,13055,M,,,13
200900053007,9,7,7,1715,1,2,1,1.0,3,13208,M,,,13
200900053008,9,7,24,1215,1,2,3,1.0,6,13210,M,,,13
200900053009,9,7,10,1100,1,2,9,1.0,3,13209,M,,,13
200900053010,9,7,30,1100,1,2,1,1.0,4,13211,M,,,13
200900053011,9,7,31,930,1,2,9,1.0,1,13209,M,,,13
200900053012,9,7,13,1545,1,2,1,1.0,4,13210,M,,,13
200900053013,9,7,15,900,1,2,2,1.0,1,13204,M,,,13
200900053014,9,7,22,1100,1,2,1,1.0,3,13208,M,,,13
200900053015,9,7,30,1700,1,2,3,1.0,3,13211,M,,,13
200900053016,9,7,16,2300,5,2,1,1.0,3,13205,M,,,13
200900053017,9,7,5,1550,1,2,1,1.0,2,13055,M,,,13
200900053018,9,7,8,1620,1,2,1,1.0,3,13207,M,,,13
200900053019,9,7,12,655,1,2,1,1.0,2,13055,M,,,13
200900053020,9,7,3,1335,1,2,1,1.0,3,13002,M,,,13
200900053021,9,7,23,1315,1,2,2,1.0,3,13210,M,,,13
200900053022,9,7,25,1830,1,2,3,1.0,3,13055,M,,,13
200900053023,9,7,14,1550,1,2,1,7.0,6,13207,M,,,13
200900053024,9,7,17,10,5,2,1,1.0,2,13055,M,,,13
200900053025,9,7,8,20,5,2,2,1.0,3,13206,M,,,13
200900053026,9,7,1,1310,1,2,1,1.0,2,13213,M,,,13
200900053027,9,7,25,2245,5,2,1,1.0,2,13055,M,,,13
200900053028,9,7,7,1815,1,2,1,1.0,6,13055,M,,,13
200900053029,9,7,10,1509,1,2,1,1.0,1,13055,M,,,13
200900053030,9,7,3,1330,1,2,1,1.0,3,13055,M,,,13
200900053031,9,7,3,1700,1,2,1,1.0,6,13204,M,,,13
200900053032,9,7,11,1500,1,2,3,1.0,7,13203,M,,,13
200900053033,9,7,27,1115,1,2,1,1.0,3,13211,M,,,13
200900053034,9,7,7,2045,2,2,1,1.0,6,13214,M,,,13
200900053035,9,7,26,1840,1,2,1,1.0,3,13208,M,,,13
200900053036,9,7,10,800,2,2,1,1.0,6,13055,M,4.0,0,13
200900053037,9,7,3,2220,5,2,1,1.0,6,13216,M,,,13
200900053038,9,7,23,1400,1,2,2,1.0,3,13202,M,,,13
200900053039,9,7,15,1945,1,2,1,1.0,2,13208,M,,,13
200900053040,9,7,24,1800,1,2,1,1.0,6,13209,M,,,13
200900053041,9,7,10,1015,1,2,1,1.0,3,13201,M,,,13
200900053042,9,7,22,1605,1,2,1,1.0,4,13055,M,,,13
200900053043,9,7,26,1726,1,2,1,1.0,7,13207,M,,,13
200900053044,9,7,9,715,1,2,1,1.0,2,13002,M,,,13
200900053045,9,7,16,1550,1,2,1,1.0,1,13055,M,,,13
200900053046,9,7,19,1600,1,2,1,1.0,2,13055,M,,,13
200900053047,9,7,20,30,5,2,1,1.0,2,13204,M,,,13
200900053048,9,7,19,1910,1,2,3,1.0,3,13055,M,,,13
200900053049,9,7,1,1520,1,2,1,1.0,4,13206,M,,,13
200900053050,9,7,23,1605,1,2,6,1.0,2,13211,M,,,13
200900053051,9,7,30,1800,1,2,1,1.0,6,13207,M,,,13
200900053052,9,7,13,1900,1,2,2,1.0,3,13055,M,,,13
200900053053,9,7,27,1450,1,2,1,1.0,3,13206,M,,,13
200900053054,9,7,25,1705,1,1,1,1.0,1,13002,M,4.0,0,13
200900053055,9,7,18,1330,1,2,2,1.0,3,13201,M,,,13
200900053056,9,7,6,1745,1,2,1,1.0,7,13205,M,,,13
200900053057,9,7,28,2250,5,2,6,1.0,2,13055,M,,,13
200900053058,9,7,23,1120,1,2,1,1.0,6,13206,M,,,13
200900053059,9,7,9,2200,5,2,1,1.0,7,13216,M,,,13
200900053060,9,7,5,130,5,2,1,1.0,6,13212,M,,,13
200900053061,9,7,23,1300,1,2,1,1.0,2,13214,M,,,13
200900053062,9,7,4,945,1,2,1,1.0,6,13205,M,,,13
200900053063,9,7,7,1755,1,2,1,1.0,2,13002,M,,,13
200900053064,9,7,24,830,1,2,3,1.0,1,13207,M,,,13
200900053065,9,7,27,1500,1,2,9,1.0,3,13055,M,,,13
200900053066,9,7,2,2130,5,2,1,1.0,3,13055,M,,,13
200900053067,9,7,9,140,5,2,1,1.0,6,13207,M,,,13
200900053068,9,7,1,1746,1,2,1,1.0,3,13055,M,,,13
200900053069,9,7,2,1030,1,2,3,1.0,3,13055,M,,,13
200900053070,9,7,4,425,5,2,1,2.0,6,13055,M,4.0,0,13
200900053071,9,7,18,1200,1,2,1,1.0,6,13055,M,4.0,0,13
200900053072,9,7,30,930,1,2,1,1.0,3,13055,M,,,13
200900053073,9,7,4,1715,1,2,6,1.0,3,13211,M,,,13
200900053074,9,7,16,1650,1,2,1,1.0,1,13204,M,,,13
200900053075,9,7,18,1015,1,1,1,1.0,7,13002,M,4.0,0,13
200900053076,9,7,17,1130,1,2,1,1.0,6,13055,M,,,13
200900053077,9,7,10,1850,1,2,1,1.0,4,13204,M,,,13
200900053078,9,7,27,2000,1,2,1,1.0,1,13055,M,4.0,0,13
200900053079,9,7,12,30,5,2,1,1.0,7,13208,M,,,13
200900053080,9,7,23,1440,1,2,1,1.0,6,13055,M,,,13
200900053081,9,7,6,1045,1,2,1,1.0,3,13214,M,,,13
200900053082,9,7,15,2015,5,2,1,1.0,3,13209,M,,,13
200900053083,9,7,24,1650,1,2,1,1.0,6,13201,M,,,13
200900053084,9,7,17,1500,1,2,3,1.0,3,13055,M,,,13
200900053085,9,7,18,1130,1,2,1,1.0,6,13214,M,,,13
200900053086,9,7,7,1655,1,2,1,1.0,4,13002,M,,,13
200900053087,9,7,24,2130,5,2,9,1.0,3,13055,M,,,13
200900053088,9,7,12,1030,1,2,2,1.0,6,13055,M,,,13
200900053089,9,7,22,920,1,2,2,1.0,5,13055,M,,,13
200900053090,9,7,23,230,5,2,1,1.0,1,13201,M,,,13
200900053091,9,7,12,1810,1,1,1,1.0,6,13098,M,4.0,0,13
200900053092,9,7,1,1825,1,2,1,1.0,3,13102,M,,,13
200900053093,9,7,21,2120,2,1,1,1.0,6,13026,M,4.0,0,13
200900053094,9,7,5,635,1,1,1,1.0,5,13071,M,4.0,0,13
200900053095,9,7,9,1300,1,1,9,1.0,4,13039,M,4.0,0,13
200900053096,9,7,14,1445,1,1,1,1.0,5,13055,M,4.0,0,13
200900053097,9,7,31,645,1,1,1,1.0,6,13055,M,4.0,0,13
200900053098,9,7,12,157,3,1,1,1.0,3,13055,M,4.0,0,13
200900053099,9,7,2,2105,2,2,1,1.0,3,13028,M,,,13
200900053100,9,7,26,5,3,1,1,9.0,3,13028,M,,,13
200900053101,9,7,22,1210,1,2,2,1.0,3,13028,M,,,13
200900053102,9,10,5,1315,1,1,1,1.0,7,11378,M,0.0,0,11
200900053103,9,10,12,1130,1,1,1,1.0,6,11435,M,0.0,0,11
200900053104,9,10,7,2130,3,1,1,8.0,1,11151,M,0.0,0,11
200900053105,9,10,14,1830,2,1,1,1.0,1,11122,M,4.0,0,11
200900053106,9,10,18,1610,1,1,1,1.0,1,11099,M,0.0,0,11
200900053107,9,10,13,945,1,1,1,1.0,7,11263,M,0.0,0,11
200900053108,9,10,5,1215,1,1,1,1.0,5,11106,M,4.0,0,11
200900053109,9,10,25,1000,1,1,1,1.0,5,11267,M,4.0,0,11
200900053110,9,10,30,2030,3,1,1,1.0,5,11068,M,0.0,0,11
200900053111,9,10,17,700,1,1,1,1.0,6,11295,M,4.0,0,11
200900053112,9,10,21,1915,3,1,1,1.0,6,11064,M,4.0,0,11
200900053113,9,10,22,1615,1,1,1,1.0,7,11203,M,4.0,0,11
200900053114,9,10,4,2000,3,1,1,1.0,6,11048,M,4.0,0,11
200900053115,9,10,23,830,1,2,1,1.0,3,11286,M,4.0,0,11
200900053116,9,10,17,715,2,1,1,1.0,6,11332,M,0.0,0,11
200900053117,9,10,16,2000,3,1,1,1.0,6,11333,M,0.0,0,11
200900053118,9,10,3,630,2,1,1,1.0,7,11276,M,0.0,0,11
200900053119,9,10,2,1705,1,1,1,1.0,1,11076,M,,,11
200900053120,9,10,1,1700,1,1,1,1.0,2,11099,M,0.0,0,11
200900053121,9,10,19,1030,1,1,1,1.0,3,11262,M,0.0,0,11
200900053122,9,10,29,1700,1,2,1,1.0,3,11262,M,,,11
200900053123,9,10,26,1330,1,2,2,1.0,3,11262,M,,,11
200900053124,9,10,27,1840,3,2,1,1.0,2,11262,M,,,11
200900053125,9,10,27,1135,1,2,1,1.0,6,11262,M,,,11
200900053126,9,10,21,1740,1,2,1,1.0,2,11262,M,,,11
200900053127,9,10,22,815,2,2,1,1.0,5,11262,M,,,11
200900053128,9,10,20,800,1,2,2,1.0,3,11262,M,,,11
200900053129,9,10,20,1510,1,2,1,1.0,3,11262,M,,,11
200900053130,9,10,23,1625,1,2,1,1.0,3,11262,M,,,11
200900053131,9,10,23,1045,1,1,1,1.0,2,11340,M,0.0,0,11
200900053132,9,10,26,1055,1,2,1,1.0,7,11076,M,,,11
200900053133,9,10,27,1600,1,1,1,1.0,7,11085,M,0.0,0,11
200900053134,9,10,30,1945,5,2,3,1.0,3,11262,M,,,11
200900053135,9,10,1,1425,1,2,2,1.0,3,11262,M,,,11
200900053136,9,10,5,1530,1,1,1,1.0,2,11069,M,,,11
200900053137,9,10,21,345,3,1,1,1.0,6,11438,M,0.0,0,11
200900053138,9,10,29,1800,2,1,2,1.0,3,11405,M,0.0,0,11
200900053139,9,10,27,1510,1,2,1,1.0,2,11069,M,,,11
200900053140,9,10,20,805,1,1,6,1.0,3,11069,M,,,11
200900053141,9,10,25,110,5,1,3,1.0,3,11069,M,,,11
200900053142,9,10,15,1440,1,1,1,1.0,3,11069,M,,,11
200900053143,9,10,13,1115,1,2,1,1.0,6,11262,M,,,11
200900053144,9,10,9,1500,1,2,1,1.0,3,11262,M,,,11
200900053145,9,10,15,1800,1,2,1,1.0,1,11262,M,,,11
200900053146,9,10,3,500,3,2,1,1.0,1,11262,M,,,11
200900053147,9,10,8,345,5,2,1,1.0,7,11262,M,,,11
200900053148,9,10,4,1605,1,2,2,1.0,3,11262,M,,,11
200900053149,9,10,14,1508,1,2,3,1.0,3,11069,M,,,11
200900053150,9,10,4,2105,5,2,3,1.0,3,11262,M,,,11
200900053151,9,10,10,1940,1,2,1,1.0,6,11262,M,,,11
200900053152,9,10,8,725,2,2,3,3.0,3,11262,M,,,11
200900053153,9,7,2,1909,1,2,3,1.0,3,34172,M,,,34
200900053154,9,7,17,211,5,2,2,1.0,3,34172,M,4.0,0,34
200900053155,9,7,25,1919,1,2,1,1.0,6,34172,M,4.0,0,34
200900053156,9,7,25,250,3,1,1,1.0,7,34172,M,4.0,0,34
200900053157,9,7,23,1135,1,2,1,1.0,2,34172,M,4.0,0,34
200900053158,9,7,1,1705,1,2,1,1.0,7,34172,M,,,34
200900053159,9,7,28,1211,1,2,3,1.0,3,34172,M,,,34
200900053160,9,7,1,1125,1,2,1,1.0,6,34172,M,4.0,0,34
200900053161,9,7,8,1917,1,2,1,1.0,5,34172,M,,,34
200900053162,9,7,13,1125,1,1,1,8.0,7,34129,M,4.0,0,34
200900053163,9,7,7,1000,1,2,3,1.0,2,34172,M,4.0,0,34
200900053164,9,7,20,2000,1,2,1,1.0,3,34172,M,,,34
200900053165,9,7,2,1819,1,2,1,1.0,6,34172,M,,,34
200900053166,9,7,17,1730,1,2,3,1.0,3,34172,M,4.0,0,34
200900053167,9,7,15,14,3,2,1,1.0,3,34198,M,4.0,0,34
200900053168,9,7,4,126,4,2,1,2.0,7,34172,M,,,34
200900053169,9,7,2,225,5,2,5,1.0,6,34172,M,,,34
200900053170,9,7,22,854,1,2,3,1.0,3,34172,M,4.0,0,34
200900053171,9,7,30,350,5,2,1,1.0,6,34172,M,4.0,0,34
200900053172,9,7,30,2250,5,2,1,1.0,4,34172,M,,,34
200900053173,9,7,24,1725,1,2,1,1.0,2,34172,M,4.0,0,34
200900053174,9,7,21,1615,1,2,3,1.0,5,34172,M,4.0,0,34
200900053175,9,7,28,2000,1,2,1,1.0,7,34172,M,4.0,0,34
200900053176,9,7,24,1930,1,2,1,1.0,3,34172,M,4.0,0,34
200900053177,9,7,24,935,1,2,1,1.0,6,34172,M,4.0,0,34
200900053178,9,7,1,1350,1,2,2,1.0,6,34172,M,,,34
200900053179,9,7,9,2045,1,2,1,1.0,3,34172,M,4.0,0,34
200900053180,9,7,7,1636,1,2,1,1.0,6,34172,M,,,34
200900053181,9,7,12,2335,5,2,3,1.0,3,34172,M,4.0,0,34
200900053182,9,7,9,1920,1,2,2,1.0,3,34172,M,4.0,0,34