Num_Acc,an,mois,jour,hrmn,lum,agg,int,atm,col,com,gps,lat,long,dep
200900054716,9,11,20,1323,1,2,2,8.0,3,56121,M,,,56
200900054717,9,11,30,1824,5,2,6,1.0,7,56083,M,,,56
200900054718,9,11,23,1954,5,1,1,3.0,3,56083,M,,,56
200900054719,9,11,19,1825,5,2,1,1.0,6,56260,M,,,56
200900054720,9,11,18,1105,1,2,1,1.0,6,56260,M,,,56
200900054721,9,11,6,1900,3,2,1,3.0,4,56260,M,,,56
200900054722,9,11,6,1750,5,2,6,3.0,3,56260,M,,,56
200900054723,9,11,14,1655,1,2,1,1.0,1,56260,M,,,56
200900054724,9,11,11,1320,1,2,1,1.0,7,56260,M,,,56
200900054725,9,11,4,1905,5,2,1,1.0,6,56260,M,,,56
200900054726,9,11,11,1625,1,2,1,3.0,4,56260,M,,,56
200900054727,9,11,6,1955,5,2,1,2.0,3,56260,M,,,56
200900054728,9,11,13,1200,1,2,9,8.0,3,56260,M,,,56
200900054729,9,11,4,1510,1,2,1,1.0,7,56260,M,,,56
200900054730,9,11,4,815,1,2,1,1.0,6,56260,M,,,56
200900054731,9,11,4,500,3,2,1,2.0,3,56260,M,,,56
200900054732,9,11,4,1548,1,2,1,1.0,7,56121,M,4.0,-,56
200900054733,9,11,13,1227,1,2,6,1.0,3,56098,M,,,56
200900054734,9,11,7,1745,5,2,1,3.0,7,56121,M,4.0,-,56
200900054735,9,11,5,1840,5,2,3,1.0,3,56121,M,,,56
200900054736,9,11,7,1730,1,2,2,1.0,3,56121,M,,,56
200900054737,9,11,13,2050,5,2,1,1.0,7,56121,M,,,56
200900054738,9,11,15,2033,5,2,1,2.0,7,56162,M,,,56
200900054739,9,11,15,1208,1,2,1,1.0,7,56121,M,4.0,-,56
200900054740,9,11,15,2045,5,2,1,1.0,1,56121,M,,,56
200900054741,9,11,3,512,1,2,1,1.0,7,56098,M,,,56
200900054742,9,11,8,2240,5,2,3,1.0,3,56121,M,,,56
200900054743,9,11,8,820,1,1,1,1.0,7,56098,M,,,56
200900054744,9,11,11,2220,5,1,1,8.0,7,56098,M,,,56
200900054745,9,11,1,1720,1,2,1,1.0,7,56121,M,4.0,-,56
200900054746,9,11,7,1850,5,2,1,1.0,2,56121,M,4.0,-,56
200900054747,9,7,23,1825,1,2,1,1.0,7,56121,M,4.0,-,56
200900054748,9,7,16,1452,1,1,2,1.0,3,56107,M,,,56
200900054749,9,7,17,1018,1,2,2,1.0,3,56121,M,4.0,-,56
200900054750,9,7,17,1140,1,2,1,2.0,4,56098,M,,,56
200900054751,9,7,18,230,5,2,1,1.0,7,56121,M,4.0,-,56
200900054752,9,7,18,1130,1,2,1,1.0,7,56121,M,4.0,-,56
200900054753,9,7,18,1847,1,2,2,1.0,5,56098,M,,,56
200900054754,9,7,22,2035,5,2,1,1.0,7,56121,M,4.0,-,56
200900054755,9,7,23,1253,1,2,1,1.0,3,56121,M,4.0,-,56
200900054756,9,7,24,1057,1,1,1,1.0,7,56162,M,,,56
200900054757,9,7,24,1620,1,2,2,1.0,3,56121,M,4.0,-,56
200900054758,9,7,25,1940,1,2,2,1.0,3,56121,M,4.0,-,56
200900054759,9,7,27,944,1,2,6,1.0,3,56121,M,4.0,-,56
200900054760,9,7,28,1810,1,2,1,1.0,2,56083,M,,,56
200900054761,9,7,28,1910,1,2,1,1.0,7,56121,M,4.0,-,56
200900054762,9,7,28,2023,5,2,2,1.0,3,56121,M,4.0,-,56
200900054763,9,7,29,1904,1,2,1,1.0,7,56121,M,4.0,-,56
200900054764,9,7,29,2225,5,2,1,1.0,7,56121,M,4.0,-,56
200900054765,9,7,31,1200,1,2,2,1.0,3,56098,M,,,56
200900054766,9,10,10,1615,1,2,1,1.0,7,22136,M,4.0,-,22
200900054767,9,10,22,830,1,1,1,8.0,7,22347,M,4.0,-,22
200900054768,9,10,12,1715,1,1,1,1.0,1,22292,M,0.0,0,22
200900054769,9,10,12,1500,1,2,6,1.0,3,22004,M,0.0,0,22
200900054770,9,10,25,1930,3,1,1,1.0,3,22206,M,4.0,-,22
200900054771,9,10,11,2015,3,1,3,2.0,7,22002,M,0.0,0,22
200900054772,9,10,24,1130,1,2,1,2.0,6,22362,M,4.0,-,22
200900054773,9,10,13,1815,1,1,1,1.0,3,22180,M,4.0,-,22
200900054774,9,10,21,1300,1,1,1,1.0,6,22348,M,0.0,0,22
200900054775,9,10,26,1745,1,2,9,1.0,1,22151,M,4.0,-,22
200900054776,9,10,7,1545,1,2,1,1.0,3,22362,M,4.0,-,22
200900054777,9,10,10,1115,1,1,1,1.0,3,22219,M,0.0,0,22
200900054778,9,10,12,1515,1,2,1,1.0,6,22093,M,0.0,0,22
200900054779,9,10,7,1200,1,1,1,2.0,7,22197,M,0.0,0,22
200900054780,9,10,16,1645,1,1,1,1.0,6,22191,M,0.0,0,22
200900054781,9,10,16,1340,1,2,1,1.0,1,22278,M,,,22
200900054782,9,10,28,1355,1,2,4,1.0,2,22050,M,,,22
200900054783,9,10,17,40,3,2,1,1.0,7,22106,M,,,22
200900054784,9,10,22,1110,1,2,7,2.0,6,22050,M,,,22
200900054785,9,10,24,1420,1,2,1,2.0,7,22050,M,,,22
200900054786,9,10,24,1405,1,2,3,1.0,2,22360,M,,,22
200900054787,9,10,20,1220,1,2,2,2.0,7,22278,M,,,22
200900054788,9,10,16,1820,1,1,1,1.0,6,22278,M,,,22
200900054789,9,10,21,810,2,1,1,2.0,7,22106,M,,,22
200900054790,9,10,1,1405,1,2,3,1.0,3,22113,M,,,22
200900054791,9,10,9,1735,1,1,1,1.0,7,22360,M,,,22
200900054792,9,10,2,1455,1,1,3,1.0,5,22215,M,,,22
200900054793,9,10,10,1440,1,1,1,1.0,7,22278,M,,,22
200900054794,9,10,8,755,2,2,4,3.0,3,22278,M,,,22
200900054795,9,10,13,1325,1,2,2,1.0,3,22278,M,,,22
200900054796,9,10,2,1435,1,1,6,1.0,3,22106,M,,,22
200900054797,9,10,5,725,5,1,1,2.0,2,22215,M,,,22
200900054798,9,10,8,900,1,1,1,2.0,7,22215,M,,,22
200900054799,9,10,4,1005,1,1,1,2.0,7,22215,M,,,22
200900054800,9,10,14,725,2,1,1,1.0,7,22360,M,,,22
200900054801,9,10,15,1820,1,2,1,1.0,6,22278,M,,,22
200900054802,9,10,8,1330,1,2,2,2.0,3,22278,M,,,22
200900054803,9,10,5,925,1,2,1,1.0,2,22278,M,,,22
200900054804,9,10,24,1435,1,1,3,1.0,4,22113,M,,,22
200900054805,9,4,3,1105,1,2,1,1.0,6,39300,M,,,39
200900054806,9,10,18,2045,5,2,2,1.0,1,47001,M,4.0,0,47
200900054807,9,10,22,1915,3,1,1,1.0,2,47078,M,4.0,0,47
200900054808,9,10,24,200,3,2,1,2.0,7,47300,M,4.0,0,47
200900054809,9,10,24,1415,1,1,1,2.0,6,47048,M,0.0,0,47
200900054810,9,10,24,2000,3,1,1,2.0,1,47199,M,4.0,0,47
200900054811,9,10,1,1000,1,1,1,1.0,7,47207,M,4.0,0,47
200900054812,9,10,5,1700,1,1,1,1.0,1,47195,M,0.0,0,47
200900054813,9,10,7,1945,3,1,1,1.0,6,47172,M,4.0,0,47
200900054814,9,10,10,1330,1,1,1,1.0,6,47114,M,4.0,0,47
200900054815,9,10,10,1500,1,1,1,3.0,6,47047,M,4.0,0,47
200900054816,9,10,12,1415,1,1,2,1.0,3,47165,M,4.0,0,47
200900054817,9,10,13,1445,1,2,2,1.0,3,47168,M,4.0,0,47
200900054818,9,10,15,915,1,1,1,1.0,6,47108,M,4.0,0,47
200900054819,9,10,16,1015,1,1,4,1.0,3,47171,M,4.0,0,47
200900054820,9,10,16,1230,1,1,2,1.0,3,47011,M,4.0,0,47
200900054821,9,10,16,1245,1,2,1,1.0,6,47185,M,4.0,0,47
200900054822,9,10,18,1815,1,2,1,1.0,1,47228,M,4.0,0,47
200900054823,9,10,27,945,1,2,1,1.0,6,47106,M,4.0,0,47
200900054824,9,10,27,1415,1,1,1,1.0,1,47049,M,4.0,0,47
200900054825,9,10,29,945,1,2,1,1.0,6,47312,M,4.0,0,47
200900054826,9,10,29,1515,1,2,1,1.0,6,47175,M,4.0,0,47
200900054827,9,10,3,1845,1,2,1,1.0,6,47001,M,4.0,0,47
200900054828,9,10,27,1325,1,2,1,1.0,6,47001,M,,,47
200900054829,9,10,16,1124,1,2,1,1.0,3,47001,M,4.0,0,47
200900054830,9,10,29,1340,1,2,1,1.0,1,47001,M,4.0,0,47
200900054831,9,10,22,1825,4,2,3,1.0,2,47001,M,4.0,0,47
200900054832,9,10,4,2000,5,2,1,1.0,6,47001,M,4.0,0,47
200900054833,9,10,8,1630,1,2,1,3.0,6,47031,M,4.0,0,47
200900054834,9,10,19,1815,1,2,2,1.0,3,47001,M,4.0,0,47
200900054835,9,10,20,1534,1,2,1,1.0,1,47001,M,4.0,0,47
200900054836,9,10,2,1525,1,2,3,1.0,4,47032,M,4.0,0,47
200900054837,9,10,8,900,1,2,1,3.0,6,47001,M,4.0,0,47
200900054838,9,10,8,1030,1,2,1,2.0,1,47001,M,4.0,0,47
200900054839,9,10,28,1400,1,2,2,1.0,3,47001,M,4.0,0,47
200900054840,9,11,25,815,1,1,1,1.0,4,47285,M,4.0,0,47
200900054841,9,11,7,700,2,1,1,2.0,3,47300,M,4.0,0,47
200900054842,9,11,3,1415,1,1,1,2.0,1,47128,M,4.0,0,47
200900054843,9,11,14,1600,1,1,1,1.0,6,47312,M,4.0,0,47
200900054844,9,11,1,1430,1,1,1,1.0,6,47195,M,4.0,0,47
200900054845,9,11,21,2345,3,1,1,1.0,6,47203,M,4.0,0,47
200900054846,9,11,7,1200,1,1,1,2.0,1,47203,M,4.0,0,47
200900054847,9,11,14,1730,3,1,1,1.0,7,47172,M,4.0,0,47
200900054848,9,11,20,1630,2,1,1,1.0,2,47051,M,4.0,0,47
200900054849,9,11,5,45,3,1,1,3.0,6,47195,M,0.0,0,47
200900054850,9,11,3,1715,2,1,1,2.0,1,47138,M,4.0,0,47
200900054851,9,11,13,1515,1,1,3,1.0,3,47106,M,4.0,0,47
200900054852,9,11,10,1845,1,1,2,3.0,5,47168,M,0.0,0,47
200900054853,9,11,26,1400,1,1,1,1.0,1,47324,M,4.0,0,47
200900054854,9,11,25,1945,5,2,1,1.0,3,47001,M,4.0,0,47
200900054855,9,11,25,1020,1,2,5,1.0,2,47001,M,4.0,0,47
200900054856,9,11,29,1712,1,2,6,2.0,3,47201,M,,,47
200900054857,9,11,20,1530,1,2,1,1.0,2,47001,M,4.0,0,47
200900054858,9,11,30,1830,1,2,1,1.0,4,47001,M,4.0,0,47
200900054859,9,11,17,2240,5,2,1,1.0,3,47001,M,,,47
200900054860,9,11,13,1205,1,2,1,1.0,1,47001,M,4.0,0,47
200900054861,9,11,5,1210,1,2,1,1.0,2,47001,M,4.0,0,47
200900054862,9,11,26,1225,1,2,1,1.0,2,47001,M,4.0,0,47
200900054863,9,11,12,1019,1,2,3,1.0,2,47001,M,4.0,0,47
200900054864,9,11,22,1710,1,1,9,1.0,2,47323,M,,,47
200900054865,9,11,2,550,3,1,1,3.0,6,47215,M,4.0,0,47
200900054866,9,11,8,1415,1,2,1,2.0,2,47001,M,4.0,0,47
200900054867,9,11,3,700,2,1,1,2.0,3,47039,M,4.0,0,47
200900054868,9,11,19,1800,5,2,2,1.0,1,47128,M,4.0,0,47
200900054869,9,11,17,1645,1,1,2,1.0,3,47087,M,4.0,0,47
200900054870,9,11,17,1836,5,2,3,1.0,1,47001,M,4.0,0,47
200900054871,9,11,14,1720,1,2,7,8.0,3,47001,M,4.0,0,47
200900054872,9,11,30,1536,1,2,2,8.0,3,47001,M,4.0,0,47
200900054873,9,11,18,1450,1,2,4,1.0,2,47201,M,4.0,0,47
200900054874,9,12,9,1345,1,2,3,1.0,4,47145,M,4.0,0,47
200900054875,9,12,13,100,3,1,3,1.0,2,47326,M,4.0,0,47
200900054876,9,12,12,1730,5,2,1,1.0,6,47157,M,4.0,0,47
200900054877,9,12,5,1430,1,1,1,1.0,6,47123,M,4.0,0,47
200900054878,9,12,23,1700,2,1,2,2.0,3,47210,M,4.0,0,47
200900054879,9,12,18,800,1,1,1,4.0,4,47138,M,4.0,0,47
200900054880,9,12,11,1545,1,1,3,1.0,7,47181,M,4.0,0,47
200900054881,9,12,7,1145,1,1,1,2.0,6,47137,M,4.0,0,47
200900054882,9,12,12,1145,1,1,1,1.0,3,47249,M,4.0,0,47
200900054883,9,12,19,1500,1,1,1,1.0,5,47068,M,4.0,0,47
200900054884,9,12,28,1130,1,1,1,1.0,6,47208,M,4.0,0,47
200900054885,9,12,29,1530,5,2,4,1.0,3,47100,M,4.0,0,47
200900054886,9,12,23,1230,1,1,1,2.0,2,47320,M,4.0,0,47
200900054887,9,12,1,1740,1,2,2,1.0,3,47001,M,4.0,0,47
200900054888,9,12,2,2018,5,2,1,2.0,2,47001,M,4.0,0,47
200900054889,9,12,7,1040,1,2,1,1.0,6,47001,M,4.0,0,47
200900054890,9,12,7,1110,1,2,1,2.0,2,47323,M,4.0,0,47
200900054891,9,12,8,1810,5,2,2,2.0,6,47001,M,4.0,0,47
200900054892,9,12,9,1845,3,1,3,1.0,3,47323,M,4.0,0,47
200900054893,9,12,13,1840,5,2,2,1.0,3,47001,M,4.0,0,47
200900054894,9,12,14,1835,5,2,1,8.0,6,47001,M,4.0,0,47
200900054895,9,12,21,845,1,2,2,1.0,3,47001,M,4.0,0,47
200900054896,9,12,21,1845,5,2,1,1.0,5,47001,M,4.0,0,47
200900054897,9,12,10,1845,3,1,1,1.0,7,36159,M,,,36
200900054898,9,12,7,2140,5,2,1,1.0,1,36044,M,4.0,0,36
200900054899,9,12,8,800,3,1,1,1.0,7,36063,M,,,36
200900054900,9,12,7,1240,1,2,2,2.0,6,36044,M,4.0,0,36
200900054901,9,12,3,1215,1,2,2,1.0,6,36044,M,4.0,0,36
200900054902,9,12,10,1116,1,2,2,1.0,2,36044,M,4.0,0,36
200900054903,9,12,15,1930,5,2,1,1.0,2,36159,M,4.0,0,36
200900054904,9,12,18,930,1,2,1,4.0,6,36208,M,4.0,0,36
200900054905,9,12,5,1000,1,2,1,1.0,6,36228,M,4.0,0,36
200900054906,9,12,25,1800,5,2,3,1.0,7,36159,M,4.0,0,36
200900054907,9,12,27,845,1,1,1,9.0,6,36202,M,,,36
200900054908,9,12,23,1910,3,2,1,3.0,7,36044,M,4.0,0,36
200900054909,9,12,24,1740,2,2,1,2.0,6,36044,M,4.0,0,36
200900054910,9,12,27,847,1,1,1,1.0,3,36044,M,,,36
200900054911,9,12,5,1230,1,2,1,2.0,7,36044,M,4.0,0,36
200900054912,9,12,5,1445,1,1,1,1.0,2,36141,M,4.0,0,36
200900054913,9,12,21,820,1,2,1,8.0,2,36044,M,,,36
200900054914,9,12,22,2045,3,1,1,2.0,6,36097,M,4.0,0,36
200900054915,9,12,21,830,2,1,1,4.0,6,36144,M,4.0,0,36
200900054916,9,12,27,645,2,2,1,9.0,7,36202,M,,,36
200900054917,9,8,23,1640,1,2,2,1.0,3,88429,M,4.0,0,88
200900054918,9,11,14,15,5,2,1,1.0,6,88367,M,4.0,0,88
200900054919,9,11,15,530,3,1,1,1.0,7,88442,M,4.0,0,88
200900054920,9,11,30,1630,2,2,2,2.0,6,88218,M,4.0,0,88
200900054921,9,11,1,100,3,1,1,5.0,7,88438,M,4.0,0,88
200900054922,9,11,5,1815,5,2,3,8.0,3,88465,M,4.0,0,88
200900054923,9,11,6,215,3,1,1,2.0,7,88513,M,4.0,0,88
200900054924,9,11,7,1045,1,1,1,2.0,7,88165,M,4.0,0,88
200900054925,9,11,29,1900,5,2,1,3.0,1,88009,M,4.0,0,88
200900054926,9,11,14,1545,1,1,1,1.0,6,88031,M,4.0,0,88
200900054927,9,11,16,600,5,2,1,2.0,3,88115,M,4.0,0,88
200900054928,9,11,4,600,5,2,1,2.0,3,88486,M,4.0,0,88
200900054929,9,11,30,1700,5,2,3,1.0,1,88367,M,4.0,0,88
200900054930,9,11,27,1730,3,1,1,1.0,3,88009,M,4.0,0,88
200900054931,9,11,17,1830,5,2,1,3.0,2,88372,M,4.0,0,88
200900054932,9,11,4,900,1,1,1,1.0,1,88091,M,4.0,0,88
200900054933,9,11,13,815,1,2,2,1.0,3,88327,M,4.0,0,88
200900054934,9,11,30,1445,1,1,1,1.0,6,88227,M,4.0,0,88
200900054935,9,11,12,1715,3,2,1,2.0,6,88531,M,4.0,0,88
200900054936,9,11,20,1405,1,2,1,1.0,3,88160,M,4.0,0,88
200900054937,9,11,11,455,5,1,1,1.0,7,88413,M,4.0,0,88
200900054938,9,11,24,1340,1,2,1,2.0,6,88413,M,4.0,0,88
200900054939,9,11,21,1620,1,2,3,1.0,3,88413,M,4.0,0,88
200900054940,9,11,29,1815,3,1,1,3.0,5,88160,M,4.0,0,88
200900054941,9,11,4,1530,1,2,1,1.0,3,88413,M,4.0,0,88
200900054942,9,11,10,935,1,2,1,2.0,3,88160,M,4.0,0,88
200900054943,9,11,10,1045,1,2,1,2.0,6,88160,M,4.0,0,88
200900054944,9,11,10,750,2,2,1,2.0,6,88160,M,4.0,0,88
200900054945,9,11,4,1850,5,2,2,2.0,6,88160,M,4.0,0,88
200900054946,9,11,11,1045,1,2,4,8.0,7,88462,M,4.0,0,88
200900054947,9,11,14,213,3,1,1,1.0,6,88383,M,4.0,0,88
200900054948,9,11,17,1715,3,2,1,3.0,3,88429,M,4.0,0,88
200900054949,9,11,13,1850,3,1,1,1.0,6,95450,M,4.0,0,95
200900054950,9,9,24,845,1,2,1,1.0,6,34301,M,4.0,0,34
200900054951,9,9,26,1530,1,2,1,1.0,6,34301,M,4.0,0,34
200900054952,9,9,28,1210,1,2,1,1.0,2,34301,M,4.0,0,34
200900054953,9,9,16,1630,1,1,1,1.0,1,34301,M,4.0,0,34
200900054954,9,9,22,1620,1,2,1,1.0,3,34108,M,4.0,0,34
200900054955,9,9,21,2045,5,2,2,1.0,3,34301,M,4.0,0,34
200900054956,9,9,14,1345,1,2,1,1.0,3,34172,M,4.0,0,34
200900054957,9,9,19,2303,5,2,1,1.0,3,34172,M,4.0,0,34
200900054958,9,9,23,1910,1,2,1,1.0,3,34172,M,4.0,0,34
200900054959,9,9,28,650,5,2,3,1.0,3,34172,M,4.0,0,34
200900054960,9,9,15,1150,1,2,1,1.0,2,34172,M,4.0,0,34
200900054961,9,9,12,1208,1,2,1,1.0,6,34172,M,4.0,0,34
200900054962,9,9,17,1120,1,2,1,1.0,3,34172,M,4.0,0,34
200900054963,9,9,15,2010,5,2,1,1.0,7,34172,M,4.0,0,34
200900054964,9,9,25,1630,1,2,2,1.0,3,34172,M,4.0,0,34
200900054965,9,9,26,1515,1,2,3,1.0,5,34172,M,,,34
200900054966,9,9,23,2007,2,2,1,1.0,6,34172,M,,,34
200900054967,9,9,29,20,3,2,1,1.0,1,34172,M,,,34
200900054968,9,9,16,1325,1,2,1,2.0,2,34172,M,4.0,0,34
200900054969,9,9,24,935,1,2,1,1.0,7,34172,M,4.0,0,34
200900054970,9,9,29,735,1,2,1,1.0,7,34172,M,4.0,0,34
200900054971,9,9,18,2000,5,2,1,1.0,3,34172,M,,,34
200900054972,9,9,22,1200,1,2,1,1.0,2,34129,M,,,34
200900054973,9,9,25,805,1,1,1,1.0,3,34129,M,4.0,0,34
200900054974,9,9,22,1610,1,2,1,1.0,7,34172,M,4.0,0,34
200900054975,9,9,24,2335,5,2,6,1.0,6,34172,M,4.0,0,34
200900054976,9,9,24,1015,1,2,2,1.0,3,34172,M,4.0,0,34
200900054977,9,9,12,1040,1,2,3,1.0,1,34129,M,4.0,0,34
200900054978,9,9,26,1745,1,2,9,1.0,6,34172,M,4.0,0,34
200900054979,9,9,22,1305,1,1,1,1.0,7,34129,M,4.0,0,34
200900054980,9,9,19,1715,1,2,1,1.0,6,34129,M,4.0,0,34
200900054981,9,9,23,950,1,2,1,1.0,1,34172,M,4.0,0,34
200900054982,9,9,2,1300,1,2,1,1.0,6,34172,M,4.0,0,34
200900054983,9,9,11,1040,1,2,1,1.0,3,34301,M,4.0,0,34
200900054984,9,9,11,2045,3,1,1,1.0,2,34301,M,4.0,0,34
200900054985,9,9,4,1300,1,1,1,1.0,1,34108,M,4.0,0,34
200900054986,9,9,15,1615,1,2,3,1.0,3,34301,M,4.0,0,34
200900054987,9,9,4,1705,1,2,2,1.0,6,34032,M,4.0,0,34
200900054988,9,9,6,1700,1,1,1,1.0,5,34130,M,4.0,0,34
200900054989,9,9,19,645,2,1,1,1.0,6,34210,M,,,34
200900054990,9,9,15,800,1,1,6,1.0,3,34077,M,,,34
200900054991,9,9,9,930,1,1,1,7.0,3,34145,M,0.0,0,34
200900054992,9,9,10,1915,1,1,1,1.0,5,34274,M,4.0,0,34
200900054993,9,9,2,1115,1,1,1,1.0,6,34146,M,4.0,0,34
200900054994,9,9,21,800,1,1,1,1.0,3,34095,M,0.0,0,34
200900054995,9,9,2,1645,1,1,1,8.0,1,34154,M,4.0,0,34
200900054996,9,9,30,1700,1,2,6,1.0,6,34202,M,4.0,0,34
200900054997,9,9,11,815,1,1,1,1.0,1,34210,M,0.0,0,34
200900054998,9,9,25,700,3,1,9,1.0,6,34154,M,0.0,0,34
200900054999,9,9,11,2300,5,2,1,1.0,3,34150,M,0.0,0,34
200900055000,9,9,29,1145,1,1,1,1.0,6,34192,M,0.0,0,34
200900055001,9,9,15,1700,1,1,6,1.0,4,34077,M,,,34
200900055002,9,9,23,1530,1,1,1,1.0,5,34178,M,0.0,0,34
200900055003,9,9,2,1215,1,1,1,1.0,1,34239,M,4.0,0,34
200900055004,9,9,14,745,1,1,1,1.0,6,34141,M,0.0,0,34
200900055005,9,9,26,1545,1,1,1,1.0,3,34080,M,4.0,0,34
200900055006,9,9,10,1830,1,1,1,1.0,4,34031,M,4.0,0,34
200900055007,9,9,13,1915,1,2,1,2.0,6,34023,M,0.0,0,34
200900055008,9,9,16,1230,1,1,1,1.0,3,34139,M,,,34
200900055009,9,9,5,115,3,2,1,1.0,6,34031,M,0.0,0,34
200900055010,9,9,1,1830,1,1,1,1.0,3,34209,M,4.0,0,34
200900055011,9,9,2,1745,1,2,1,1.0,3,34281,M,0.0,0,34
200900055012,9,9,18,2000,1,1,1,1.0,1,34154,M,4.0,0,34
200900055013,9,9,30,715,2,2,6,1.0,6,34024,M,0.0,0,34
200900055014,9,9,25,1830,1,2,6,1.0,3,34155,M,4.0,0,34
200900055015,9,9,3,915,1,1,1,1.0,1,34063,M,4.0,0,34
200900055016,9,9,8,700,2,2,1,1.0,1,34157,M,0.0,0,34
200900055017,9,9,24,1615,1,1,1,1.0,1,34310,M,,,34
200900055018,9,9,9,1800,1,1,1,1.0,3,34327,M,4.0,0,34
200900055019,9,9,27,1800,1,1,1,1.0,3,34181,M,4.0,0,34
200900055020,9,9,26,1430,1,1,1,1.0,1,34139,M,,,34
200900055021,9,9,11,2300,3,1,1,1.0,3,34344,M,0.0,0,34
200900055022,9,9,4,1345,1,2,1,1.0,6,34210,M,0.0,0,34
200900055023,9,9,5,1715,1,1,1,1.0,1,34199,M,4.0,0,34
200900055024,9,9,13,1830,1,1,3,1.0,3,34074,M,4.0,0,34
200900055025,9,9,2,1745,1,2,6,8.0,7,34172,M,4.0,0,34
200900055026,9,9,3,810,1,2,1,1.0,6,34032,M,4.0,0,34
200900055027,9,9,2,1350,1,2,3,1.0,6,34172,M,4.0,0,34
200900055028,9,9,4,1145,1,2,1,1.0,2,34172,M,4.0,0,34
200900055029,9,9,3,2030,5,2,1,1.0,3,34172,M,4.0,0,34
200900055030,9,9,4,1415,1,2,2,1.0,3,34172,M,4.0,0,34
200900055031,9,9,4,1540,1,2,3,1.0,3,34172,M,4.0,0,34
200900055032,9,9,4,1555,1,2,1,1.0,6,34032,M,4.0,0,34
200900055033,9,9,5,1520,1,2,6,1.0,3,34172,M,,,34
200900055034,9,9,7,1240,1,2,1,1.0,2,34172,M,,,34
200900055035,9,9,7,1335,1,1,9,1.0,6,34172,M,4.0,0,34
200900055036,9,9,7,1700,1,2,2,1.0,3,34172,M,4.0,0,34
200900055037,9,9,6,2339,5,2,3,1.0,2,34172,M,,,34
200900055038,9,9,7,1900,1,1,1,1.0,4,34198,M,,,34
200900055039,9,9,7,1710,1,2,1,1.0,2,34032,M,4.0,0,34
200900055040,9,9,9,1635,1,2,1,1.0,3,34172,M,4.0,0,34
200900055041,9,9,10,1435,1,2,1,1.0,7,34172,M,4.0,0,34
200900055042,9,9,10,1530,1,2,3,1.0,3,34172,M,4.0,0,34
200900055043,9,9,11,1020,1,2,2,1.0,2,34172,M,4.0,0,34
200900055044,9,9,11,1200,1,2,6,1.0,3,34172,M,4.0,0,34
200900055045,9,9,11,1215,1,2,1,1.0,1,34129,M,4.0,0,34
200900055046,9,9,11,1530,1,2,1,1.0,6,34172,M,4.0,0,34
200900055047,9,9,13,1625,1,2,9,1.0,7,34172,M,4.0,0,34
200900055048,9,9,13,1630,1,1,1,1.0,3,34032,M,4.0,0,34
200900055049,9,9,13,2035,5,2,1,1.0,1,34172,M,4.0,0,34
200900055050,9,9,16,1120,1,2,1,1.0,6,34032,M,4.0,0,34
200900055051,9,9,17,2155,3,1,1,1.0,6,34003,M,4.0,0,34
200900055052,9,9,18,1945,1,2,2,1.0,3,34003,M,,,34
200900055053,9,9,17,1740,1,2,1,1.0,2,34032,M,4.0,0,34
200900055054,9,9,19,710,1,2,1,1.0,1,34172,M,4.0,0,34
200900055055,9,9,19,1420,1,1,1,1.0,3,34336,M,4.0,0,34
200900055056,9,9,19,1540,1,2,1,1.0,6,34073,M,4.0,0,34
200900055057,9,9,19,1845,1,2,1,1.0,6,34032,M,4.0,0,34
200900055058,9,9,20,1550,1,2,1,1.0,6,34003,M,,,34
200900055059,9,9,20,2235,3,1,1,1.0,6,34129,M,4.0,0,34
200900055060,9,9,21,1620,1,2,1,8.0,3,34172,M,4.0,0,34
200900055061,9,9,22,810,1,2,1,1.0,3,34032,M,4.0,0,34
200900055062,9,9,22,1410,1,2,1,1.0,7,34172,M,4.0,0,34
200900055063,9,9,22,1610,1,2,1,1.0,1,34032,M,4.0,0,34
200900055064,9,9,23,1640,1,1,1,1.0,3,34032,M,4.0,0,34
200900055065,9,9,25,820,1,2,3,1.0,3,34172,M,4.0,0,34
200900055066,9,9,26,1515,1,1,1,1.0,3,34183,M,,,34
200900055067,9,9,26,1630,1,1,1,1.0,3,34032,M,4.0,0,34
200900055068,9,9,27,2040,3,2,1,1.0,6,34003,M,,,34
200900055069,9,9,28,1400,1,2,1,1.0,2,34032,M,4.0,0,34
200900055070,9,9,29,1000,1,2,3,1.0,3,34032,M,4.0,0,34
200900055071,9,9,30,900,1,2,2,1.0,3,34032,M,4.0,0,34
200900055072,9,9,30,1218,1,2,3,1.0,7,34032,M,4.0,0,34
200900055073,9,9,30,1635,1,2,1,1.0,6,34172,M,4.0,0,34
200900055074,9,9,4,1834,1,1,1,1.0,2,34172,M,4.0,0,34
200900055075,9,9,7,1115,1,1,6,1.0,3,34336,M,4.0,0,34
200900055076,9,9,12,400,5,2,1,1.0,6,34172,M,4.0,0,34
200900055077,9,8,2,20,5,2,2,3.0,2,03001,M,0.0,0,03
200900055078,9,8,5,1705,1,2,1,1.0,7,03310,M,0.0,0,03
200900055079,9,8,13,1905,1,2,1,1.0,6,03095,M,0.0,0,03
200900055080,9,8,8,1410,1,2,1,1.0,2,03023,M,0.0,0,03
200900055081,9,8,13,2210,5,2,3,1.0,3,03310,M,,,03
200900055082,9,8,6,1330,1,1,1,1.0,7,03031,M,0.0,0,03
200900055083,9,8,12,45,3,1,1,1.0,6,03091,M,0.0,0,03
200900055084,9,8,4,100,3,1,1,1.0,7,03117,M,0.0,0,03
200900055085,9,8,24,645,1,1,1,1.0,1,03205,M,0.0,0,03