Num_Acc,an,mois,jour,hrmn,lum,agg,int,atm,col,com,gps,lat,long,dep
200900055086,9,8,10,1900,1,1,1,1.0,6,03103,M,0.0,0,03
200900055087,9,8,16,2145,3,1,1,1.0,7,03063,M,0.0,0,03
200900055088,9,8,23,1830,1,1,1,1.0,3,03042,M,0.0,0,03
200900055089,9,8,26,715,1,1,1,1.0,7,03118,M,0.0,0,03
200900055090,9,8,3,1230,1,2,1,1.0,1,03065,M,0.0,0,03
200900055091,9,8,1,415,3,1,1,1.0,1,03180,M,0.0,0,03
200900055092,9,8,16,1530,1,1,1,1.0,1,03283,M,0.0,0,03
200900055093,9,8,31,715,2,2,1,7.0,1,03082,M,0.0,0,03
200900055094,9,8,17,545,2,1,1,1.0,4,03100,M,0.0,0,03
200900055095,9,8,23,415,5,2,1,1.0,6,03195,M,0.0,0,03
200900055096,9,8,17,2330,3,1,1,1.0,7,03160,M,0.0,0,03
200900055097,9,8,5,900,1,1,1,1.0,1,03157,M,0.0,0,03
200900055098,9,8,15,1215,1,1,1,1.0,2,03018,M,0.0,0,03
200900055099,9,8,22,745,1,1,1,1.0,6,03114,M,0.0,0,03
200900055100,9,8,25,1320,1,2,3,2.0,3,03310,M,0.0,0,03
200900055101,9,8,24,1330,1,2,3,1.0,3,03310,M,0.0,0,03
200900055102,9,8,13,1855,1,2,1,1.0,6,25020,M,,,25
200900055103,9,8,7,2305,5,2,1,1.0,6,25056,M,,,25
200900055104,9,8,11,2155,5,2,1,1.0,3,25056,M,,,25
200900055105,9,8,1,2350,5,2,1,1.0,7,25056,M,,,25
200900055106,9,8,12,5,5,2,1,1.0,7,25056,M,,,25
200900055107,9,8,11,1048,1,2,1,1.0,2,25056,M,,,25
200900055108,9,8,6,1846,1,2,1,1.0,6,25056,M,,,25
200900055109,9,8,15,1126,1,2,1,1.0,7,25056,M,,,25
200900055110,9,8,5,1830,1,2,1,7.0,3,25056,M,,,25
200900055111,9,8,5,711,1,2,4,1.0,3,25056,M,,,25
200900055112,9,8,5,1208,1,2,1,1.0,3,25056,M,,,25
200900055113,9,8,1,950,1,2,2,1.0,3,25056,M,,,25
200900055114,9,8,12,1147,1,2,3,1.0,3,25056,M,,,25
200900055115,9,8,8,1501,1,2,1,1.0,7,25056,M,,,25
200900055116,9,8,14,1130,1,2,1,1.0,6,25056,M,,,25
200900055117,9,8,21,145,5,2,1,1.0,6,25011,M,0.0,0,25
200900055118,9,8,8,1845,1,2,1,1.0,3,25284,M,0.0,0,25
200900055119,9,8,3,1145,1,1,2,1.0,3,25273,M,0.0,0,25
200900055120,9,8,2,415,5,2,1,1.0,6,25410,M,0.0,0,25
200900055121,9,8,30,1715,1,1,1,1.0,2,25154,M,4.0,0,25
200900055122,9,8,15,1645,1,2,1,1.0,3,25578,M,0.0,0,25
200900055123,9,8,18,1430,1,2,1,1.0,7,25025,M,4.0,0,25
200900055124,9,8,25,400,3,1,1,1.0,7,25399,M,4.0,0,25
200900055125,9,8,15,2045,1,1,9,1.0,1,25525,M,0.0,0,25
200900055126,9,8,20,1930,1,1,1,1.0,7,25082,M,4.0,0,25
200900055127,9,8,14,1500,1,2,1,1.0,1,25620,M,4.0,0,25
200900055128,9,8,9,230,3,1,1,5.0,6,25512,M,4.0,0,25
200900055129,9,8,6,2315,3,1,1,1.0,2,25276,M,0.0,0,25
200900055130,9,8,15,2130,2,1,1,1.0,6,25410,M,0.0,0,25
200900055131,9,8,30,1915,1,2,1,1.0,2,25315,M,0.0,0,25
200900055132,9,8,2,1903,1,2,1,1.0,6,25056,M,,,25
200900055133,9,8,8,1847,1,2,1,1.0,3,25056,M,,,25
200900055134,9,8,15,2337,3,1,1,1.0,6,25056,M,,,25
200900055135,9,8,31,748,1,2,1,1.0,6,25056,M,,,25
200900055136,9,8,20,1241,1,2,3,1.0,3,25056,M,,,25
200900055137,9,8,23,1855,1,2,2,1.0,1,25056,M,,,25
200900055138,9,8,23,300,5,2,1,1.0,1,25056,M,,,25
200900055139,9,8,20,859,1,2,1,1.0,2,25056,M,,,25
200900055140,9,8,17,1835,1,2,1,1.0,7,25056,M,,,25
200900055141,9,8,19,735,1,1,1,1.0,6,25056,M,,,25
200900055142,9,8,24,1521,1,2,1,1.0,7,25031,M,,,25
200900055143,9,8,27,1333,1,2,1,1.0,3,25056,M,,,25
200900055144,9,8,7,1430,1,1,1,1.0,6,25537,M,0.0,0,25
200900055145,9,8,22,1720,1,2,1,1.0,7,25056,M,,,25
200900055146,9,9,27,2205,4,2,1,1.0,1,25056,M,,,25
200900055147,9,9,30,1730,1,2,1,1.0,1,25437,M,4.0,0,25
200900055148,9,9,13,500,3,1,1,1.0,6,25282,M,4.0,0,25
200900055149,9,9,16,1245,1,2,1,1.0,6,25448,M,4.0,0,25
200900055150,9,9,15,1745,1,2,1,1.0,2,25056,M,,,25
200900055151,9,9,12,1915,1,2,1,1.0,1,25284,M,0.0,0,25
200900055152,9,9,24,1410,1,2,1,1.0,3,25056,M,,,25
200900055153,9,9,8,1622,1,2,1,1.0,4,25056,M,,,25
200900055154,9,9,10,1430,1,2,2,1.0,3,25056,M,,,25
200900055155,9,9,3,1022,1,2,1,1.0,1,25056,M,,,25
200900055156,9,9,4,1717,1,2,1,2.0,3,25056,M,,,25
200900055157,9,9,1,1952,1,2,1,3.0,6,25056,M,,,25
200900055158,9,9,7,1355,1,2,3,1.0,3,25056,M,,,25
200900055159,9,9,12,746,1,2,1,1.0,7,25056,M,,,25
200900055160,9,9,3,817,1,2,1,2.0,7,25056,M,,,25
200900055161,9,9,3,2040,2,2,1,1.0,7,25056,M,,,25
200900055162,9,9,12,2155,5,2,1,1.0,6,25056,M,,,25
200900055163,9,9,14,859,1,2,1,1.0,5,25056,M,,,25
200900055164,9,9,30,1405,1,2,1,1.0,3,25031,M,,,25
200900055165,9,9,10,620,2,2,1,1.0,7,25056,M,,,25
200900055166,9,9,1,1953,3,2,1,3.0,6,25056,M,,,25
200900055167,9,9,25,330,5,2,1,1.0,6,25230,M,,,25
200900055168,9,9,3,1145,1,1,1,1.0,6,25327,M,0.0,0,25
200900055169,9,9,4,400,3,1,1,1.0,1,25086,M,4.0,0,25
200900055170,9,9,14,900,1,1,1,1.0,6,25370,M,0.0,0,25
200900055171,9,9,22,1830,1,1,1,1.0,7,25321,M,0.0,0,25
200900055172,9,9,1,1900,2,1,1,3.0,5,25057,M,0.0,0,25
200900055173,9,9,13,615,2,1,1,1.0,7,25479,M,0.0,0,25
200900055174,9,9,11,515,3,1,1,1.0,7,25421,M,4.0,0,25
200900055175,9,9,1,1600,1,2,1,1.0,3,25284,M,0.0,0,25
200900055176,9,9,17,1600,1,1,1,8.0,6,25597,M,0.0,0,25
200900055177,9,9,22,806,1,2,6,1.0,3,25056,M,,,25
200900055178,9,9,25,1320,1,2,1,1.0,3,25056,M,,,25
200900055179,9,9,26,1338,1,2,1,1.0,3,25056,M,,,25
200900055180,9,9,23,1850,1,2,3,1.0,2,25056,M,,,25
200900055181,9,9,18,1239,1,2,1,1.0,4,25056,M,,,25
200900055182,9,9,23,1329,1,2,2,1.0,3,25056,M,,,25
200900055183,9,9,24,1030,1,2,1,1.0,2,25056,M,,,25
200900055184,9,9,17,2205,5,2,1,1.0,6,25056,M,,,25
200900055185,9,9,19,1840,1,2,2,1.0,3,25056,M,,,25
200900055186,9,9,18,1710,1,2,1,1.0,4,25056,M,,,25
200900055187,9,9,24,1448,1,2,1,1.0,2,25056,M,,,25
200900055188,9,9,21,1630,1,2,3,1.0,2,25056,M,,,25
200900055189,9,9,28,1915,2,2,1,1.0,3,25056,M,,,25
200900055190,9,9,22,1108,1,2,2,1.0,3,25056,M,,,25
200900055191,9,9,16,1040,1,2,1,1.0,1,25056,M,,,25
200900055192,9,9,22,1620,1,2,1,1.0,2,25056,M,,,25
200900055193,9,9,25,846,1,2,1,1.0,2,25056,M,,,25
200900055194,9,9,30,1419,1,2,1,1.0,2,25056,M,,,25
200900055195,9,9,29,1840,2,2,1,1.0,3,25056,M,,,25
200900055196,9,9,19,1640,1,2,1,1.0,7,25056,M,,,25
200900055197,9,9,19,1255,1,2,1,1.0,3,25056,M,,,25
200900055198,9,9,4,834,1,2,1,1.0,5,25056,M,,,25
200900055199,9,9,8,1305,1,2,1,1.0,2,25056,M,,,25
200900055200,9,10,14,1630,1,1,1,7.0,3,25265,M,4.0,0,25
200900055201,9,10,12,1200,1,2,1,1.0,5,25632,M,0.0,0,25
200900055202,9,10,29,1130,1,1,1,1.0,1,25351,M,4.0,0,25
200900055203,9,10,29,1400,1,1,1,1.0,3,25222,M,0.0,0,25
200900055204,9,10,16,1645,1,1,1,8.0,1,25634,M,4.0,0,25
200900055205,9,10,13,715,2,1,1,8.0,7,25110,M,4.0,0,25
200900055206,9,10,19,1900,2,1,1,1.0,1,25058,M,4.0,0,25
200900055207,9,10,20,1830,1,2,1,1.0,6,25297,M,4.0,0,25
200900055208,9,10,17,1600,1,1,1,1.0,7,25255,M,0.0,0,25
200900055209,9,10,9,730,1,1,1,1.0,6,25474,M,4.0,0,25
200900055210,9,10,5,2100,3,1,1,2.0,1,25157,M,4.0,0,25
200900055211,9,10,7,1400,1,1,1,1.0,2,25024,M,4.0,0,25
200900055212,9,10,12,1715,1,2,1,7.0,1,25141,M,4.0,0,25
200900055213,9,10,14,1815,1,2,1,1.0,3,25047,M,0.0,0,25
200900055214,9,10,28,1130,1,1,3,1.0,3,25298,M,0.0,0,25
200900055215,9,10,17,1530,1,2,1,1.0,3,25031,M,,,25
200900055216,9,10,7,1230,1,1,3,1.0,3,25442,M,0.0,0,25
200900055217,9,10,8,1946,5,2,1,2.0,6,25056,M,,,25
200900055218,9,10,13,1705,1,2,1,1.0,6,25388,M,,,25
200900055219,9,10,2,2332,5,2,2,1.0,3,25056,M,,,25
200900055220,9,10,30,2045,3,1,1,1.0,3,25455,M,4.0,0,25
200900055221,9,10,17,1711,1,2,1,2.0,6,25056,M,,,25
200900055222,9,10,20,1939,5,2,1,1.0,2,25056,M,,,25
200900055223,9,10,21,1445,1,2,1,1.0,3,25056,M,,,25
200900055224,9,10,28,2120,5,2,1,1.0,6,25056,M,,,25
200900055225,9,10,31,2244,5,2,1,1.0,6,25056,M,,,25
200900055226,9,10,30,1818,5,1,1,1.0,4,25056,M,,,25
200900055227,9,10,29,2220,5,2,1,1.0,7,25056,M,,,25
200900055228,9,10,24,2335,5,2,1,2.0,6,25056,M,,,25
200900055229,9,10,30,1745,5,2,1,1.0,7,25056,M,,,25
200900055230,9,10,20,1034,1,2,1,1.0,2,25056,M,,,25
200900055231,9,10,21,739,1,2,1,1.0,3,25056,M,,,25
200900055232,9,10,30,2330,5,2,1,1.0,3,25056,M,,,25
200900055233,9,10,23,1305,1,2,1,1.0,2,25056,M,,,25
200900055234,9,10,21,1442,1,2,1,8.0,3,25539,M,,,25
200900055235,9,10,22,933,1,2,1,1.0,4,25056,M,,,25
200900055236,9,10,13,730,1,2,6,1.0,3,25056,M,,,25
200900055237,9,10,10,1601,1,2,1,1.0,7,25056,M,,,25
200900055238,9,10,8,810,1,2,1,2.0,7,25580,M,,,25
200900055239,9,10,1,1817,1,2,1,1.0,4,25056,M,,,25
200900055240,9,10,9,850,1,2,1,1.0,6,25056,M,,,25
200900055241,9,10,12,1205,1,2,1,1.0,6,25056,M,,,25
200900055242,9,10,8,805,1,2,1,1.0,4,25056,M,,,25
200900055243,9,10,5,1754,1,2,1,1.0,1,25056,M,,,25
200900055244,9,10,6,1855,2,2,3,1.0,5,25056,M,,,25
200900055245,9,10,3,2337,5,2,1,1.0,6,25056,M,,,25
200900055246,9,10,13,1223,1,2,1,1.0,6,25056,M,,,25
200900055247,9,10,15,1514,1,2,1,1.0,7,25056,M,,,25
200900055248,9,10,13,1650,1,2,1,1.0,3,25580,M,,,25
200900055249,9,10,2,1637,1,2,1,1.0,2,25056,M,,,25
200900055250,9,10,13,1739,1,2,1,1.0,2,25056,M,,,25
200900055251,9,10,7,755,1,2,9,1.0,3,25056,M,,,25
200900055252,9,10,7,933,1,2,1,1.0,7,25056,M,,,25
200900055253,9,11,4,1015,1,1,1,3.0,7,25632,M,4.0,0,25
200900055254,9,11,9,1330,1,1,1,2.0,6,25308,M,4.0,0,25
200900055255,9,11,8,2130,3,1,1,2.0,6,25372,M,0.0,0,25
200900055256,9,11,23,215,3,1,1,2.0,6,25088,M,4.0,0,25
200900055257,9,11,1,1830,3,1,9,8.0,6,25368,M,4.0,0,25
200900055258,9,11,15,1845,5,2,6,2.0,3,25411,M,0.0,0,25
200900055259,9,11,16,2000,3,1,2,8.0,3,25222,M,4.0,0,25
200900055260,9,11,8,2215,5,2,9,2.0,3,25578,M,4.0,0,25
200900055261,9,11,22,2200,3,1,1,3.0,1,25133,M,0.0,0,25
200900055262,9,11,30,1445,1,1,1,1.0,1,25410,M,0.0,0,25
200900055263,9,11,28,1715,5,1,1,1.0,4,25527,M,4.0,0,25
200900055264,9,11,14,1215,1,1,1,6.0,1,25585,M,0.0,0,25
200900055265,9,11,19,2340,5,2,9,1.0,6,25056,M,,,25
200900055266,9,11,17,1816,1,2,3,2.0,3,25056,M,,,25
200900055267,9,11,19,1433,1,2,1,1.0,6,25056,M,,,25
200900055268,9,11,16,910,1,2,1,2.0,5,25056,M,,,25
200900055269,9,11,20,1925,5,2,1,1.0,6,25056,M,,,25
200900055270,9,11,30,1710,5,2,1,1.0,6,25056,M,,,25
200900055271,9,11,21,1030,1,2,1,1.0,6,25056,M,,,25
200900055272,9,11,2,2145,3,1,1,8.0,4,25532,M,0.0,0,25
200900055273,9,11,2,1930,5,2,3,2.0,3,25056,M,,,25
200900055274,9,11,2,2030,5,2,4,2.0,3,25056,M,,,25
200900055275,9,11,10,710,5,2,3,2.0,6,25056,M,,,25
200900055276,9,11,10,1630,1,2,1,2.0,6,25056,M,,,25
200900055277,9,11,5,1040,1,1,1,2.0,7,25056,M,,,25
200900055278,9,11,1,759,1,2,1,1.0,6,25056,M,,,25
200900055279,9,11,10,2040,5,1,1,2.0,6,25056,M,,,25
200900055280,9,11,2,1335,1,1,9,2.0,3,25056,M,,,25
200900055281,9,11,5,1700,1,1,1,1.0,7,25185,M,4.0,0,25
200900055282,9,12,1,1709,5,2,1,1.0,6,25056,M,,,25
200900055283,9,12,6,1850,5,2,1,2.0,4,25056,M,,,25
200900055284,9,12,14,1900,4,2,1,1.0,6,25056,M,,,25
200900055285,9,12,6,1950,5,2,6,8.0,2,25388,M,,,25
200900055286,9,12,9,1405,1,2,1,1.0,2,25388,M,,,25
200900055287,9,12,13,1500,1,2,2,1.0,3,25056,M,,,25
200900055288,9,12,8,2005,5,2,1,2.0,1,25031,M,,,25
200900055289,9,12,6,1110,1,2,9,1.0,6,25056,M,,,25
200900055290,9,12,7,1845,5,2,1,1.0,6,25031,M,,,25
200900055291,9,12,2,1720,5,2,1,1.0,7,25031,M,,,25
200900055292,9,12,14,944,1,2,1,1.0,4,25056,M,,,25
200900055293,9,12,10,1715,2,2,1,8.0,6,25527,M,4.0,0,25
200900055294,9,12,4,1945,5,1,1,1.0,3,25265,M,4.0,0,25
200900055295,9,12,7,1730,5,2,9,2.0,6,25411,M,4.0,0,25
200900055296,9,12,17,700,3,1,1,4.0,6,25565,M,4.0,0,25
200900055297,9,12,28,2215,3,2,1,2.0,6,25508,M,4.0,0,25
200900055298,9,12,21,730,2,2,1,4.0,3,25473,M,0.0,0,25
200900055299,9,12,22,1315,1,2,1,8.0,3,25367,M,0.0,0,25
200900055300,9,12,7,645,3,1,1,2.0,1,25254,M,4.0,0,25
200900055301,9,12,5,1500,1,1,1,1.0,6,25040,M,4.0,0,25
200900055302,9,12,14,1515,1,1,1,2.0,6,25318,M,4.0,0,25
200900055303,9,12,17,745,2,2,4,4.0,3,25632,M,0.0,0,25
200900055304,9,12,4,2100,3,1,1,9.0,7,25549,M,4.0,0,25
200900055305,9,12,21,1815,3,1,1,3.0,7,25078,M,0.0,0,25
200900055306,9,12,30,1807,5,2,1,2.0,6,25388,M,,,25
200900055307,9,12,16,1915,5,1,1,1.0,6,25056,M,,,25
200900055308,9,12,9,1440,1,2,1,1.0,3,25031,M,,,25
200900055309,9,10,19,1439,1,1,3,1.0,3,09225,M,,,09
200900055310,9,9,18,855,1,1,1,1.0,3,03262,M,0.0,0,03
200900055311,9,9,14,1820,1,2,1,1.0,3,03101,M,0.0,0,03
200900055312,9,9,19,2100,5,2,1,1.0,1,03185,M,0.0,0,03
200900055313,9,9,26,2250,5,2,2,1.0,3,03185,M,,,03
200900055314,9,9,29,1215,1,2,1,1.0,6,03185,M,0.0,0,03
200900055315,9,9,3,1210,1,2,1,1.0,1,03185,M,0.0,0,03
200900055316,9,9,22,1530,1,2,2,1.0,3,03185,M,0.0,0,03
200900055317,9,9,7,1240,1,2,3,1.0,3,03310,M,,,03
200900055318,9,9,3,930,1,2,6,2.0,4,03095,M,0.0,0,03
200900055319,9,9,9,1320,1,2,3,1.0,3,03310,M,,,03
200900055320,9,9,18,2300,5,2,3,1.0,5,03310,M,,,03
200900055321,9,9,3,230,5,2,1,8.0,6,03310,M,,,03
200900055322,9,9,13,1610,1,2,2,1.0,3,03095,M,0.0,0,03
200900055323,9,9,8,1655,1,2,2,1.0,3,03321,M,,,03
200900055324,9,9,3,1315,1,2,4,1.0,3,03095,M,0.0,0,03
200900055325,9,9,13,1210,1,2,2,1.0,3,03310,M,,,03
200900055326,9,9,29,845,1,2,1,7.0,6,03095,M,0.0,0,03
200900055327,9,9,2,1230,1,2,1,1.0,6,03310,M,,,03
200900055328,9,9,3,730,2,2,1,8.0,7,03103,M,0.0,0,03
200900055329,9,9,20,1800,1,1,1,2.0,1,03315,M,0.0,0,03
200900055330,9,9,5,230,3,1,1,1.0,7,03283,M,0.0,0,03
200900055331,9,9,23,1200,1,2,1,1.0,2,03118,M,0.0,0,03
200900055332,9,9,23,630,2,1,2,5.0,3,03238,M,0.0,0,03
200900055333,9,9,11,1700,1,1,1,1.0,3,03304,M,0.0,0,03
200900055334,9,9,23,2245,3,1,1,1.0,3,03283,M,0.0,0,03
200900055335,9,9,27,2100,3,1,1,1.0,5,03314,M,0.0,0,03
200900055336,9,9,8,645,1,1,1,1.0,6,03085,M,0.0,0,03
200900055337,9,9,26,1430,1,1,1,1.0,1,03160,M,0.0,0,03
200900055338,9,9,23,800,1,2,1,1.0,3,03301,M,0.0,0,03
200900055339,9,5,24,1925,1,2,1,1.0,1,88428,M,4.0,0,88
200900055340,9,5,7,1230,1,2,2,1.0,6,92012,M,,,92
200900055341,9,9,13,1805,1,2,1,1.0,3,45208,M,4.0,0,45
200900055342,9,9,6,2330,3,2,1,1.0,3,45338,M,4.0,0,45
200900055343,9,9,10,1820,1,2,1,1.0,3,45338,M,4.0,0,45
200900055344,9,9,1,950,1,2,1,8.0,6,45338,M,4.0,0,45
200900055345,9,9,26,1430,1,2,1,1.0,1,45129,M,0.0,0,45
200900055346,9,9,28,30,3,2,1,1.0,6,45272,M,4.0,0,45
200900055347,9,9,1,1530,1,1,1,2.0,6,45153,M,0.0,0,45
200900055348,9,9,7,1,3,1,6,1.0,6,45008,M,0.0,0,45
200900055349,9,9,10,2345,3,1,1,1.0,3,45146,M,0.0,0,45
200900055350,9,9,11,1100,1,1,2,1.0,3,45098,M,4.0,0,45
200900055351,9,9,14,1745,1,1,1,1.0,6,45146,M,0.0,0,45
200900055352,9,9,14,2045,3,1,1,1.0,1,45008,M,0.0,0,45
200900055353,9,9,27,1245,1,1,1,1.0,1,45075,M,4.0,0,45
200900055354,9,9,30,1815,1,1,1,1.0,5,45279,M,4.0,0,45
200900055355,9,9,5,1445,1,1,3,1.0,3,45196,M,4.0,0,45
200900055356,9,9,26,900,1,1,1,1.0,6,45224,M,4.0,0,45
200900055357,9,9,24,1600,1,2,2,1.0,3,45208,M,4.0,0,45
200900055358,9,9,26,859,1,2,1,1.0,6,45208,M,4.0,0,45
200900055359,9,9,26,1200,1,2,1,1.0,2,45208,M,4.0,0,45
200900055360,9,9,11,1437,1,1,4,1.0,3,45004,M,4.0,0,45
200900055361,9,9,7,1900,1,2,1,1.0,6,45234,M,4.0,0,45
200900055362,9,9,2,1550,1,2,3,1.0,3,45284,M,4.0,0,45
200900055363,9,9,2,1735,1,2,1,1.0,6,45234,M,4.0,0,45
200900055364,9,9,7,1920,1,2,3,1.0,3,45285,M,4.0,0,45
200900055365,9,9,8,1855,1,2,4,1.0,3,45234,M,4.0,0,45
200900055366,9,9,13,1915,1,2,2,1.0,3,45234,M,4.0,0,45
200900055367,9,9,18,1520,1,2,1,1.0,7,45274,M,4.0,0,45
200900055368,9,9,15,850,1,2,1,2.0,3,45234,M,4.0,0,45
200900055369,9,9,15,1658,1,2,1,1.0,6,45234,M,4.0,0,45
200900055370,9,9,15,1715,1,2,1,2.0,3,45285,M,4.0,0,45
200900055371,9,9,17,1345,1,2,1,2.0,1,45298,M,4.0,0,45
200900055372,9,9,17,1000,1,2,1,2.0,6,45285,M,4.0,0,45
200900055373,9,9,18,1650,1,2,3,1.0,1,45075,M,4.0,0,45
200900055374,9,9,19,1415,1,2,3,1.0,3,45234,M,4.0,0,45
200900055375,9,9,19,1605,1,2,2,1.0,3,45234,M,4.0,0,45
200900055376,9,9,25,745,1,2,3,1.0,5,45274,M,4.0,0,45
200900055377,9,9,20,2100,5,2,1,1.0,2,45234,M,4.0,0,45
200900055378,9,9,22,1855,1,2,3,1.0,3,45234,M,4.0,0,45
200900055379,9,9,22,1950,1,2,1,1.0,1,45302,M,4.0,0,45
200900055380,9,9,24,1100,1,2,1,1.0,3,45234,M,4.0,0,45
200900055381,9,9,27,910,1,2,3,1.0,3,45286,M,4.0,0,45
200900055382,9,9,29,740,1,2,2,1.0,3,45234,M,4.0,0,45
200900055383,9,9,29,1630,1,2,2,1.0,3,45234,M,4.0,0,45
200900055384,9,9,30,845,1,1,1,1.0,2,45284,M,4.0,0,45
200900055385,9,9,5,1740,1,2,1,1.0,5,45302,M,4.0,0,45
200900055386,9,9,29,1800,1,2,1,1.0,6,45234,M,4.0,0,45
200900055387,9,9,30,1640,1,2,1,1.0,6,45302,M,4.0,0,45
200900055388,9,9,29,1310,1,2,1,1.0,1,45284,M,4.0,0,45
200900055389,9,11,23,830,1,2,1,1.0,6,95459,M,4.0,0,95
200900055390,9,11,16,1500,1,1,1,1.0,3,95205,M,4.0,0,95
200900055391,9,11,8,30,5,2,1,8.0,1,95199,M,4.0,0,95
200900055392,9,11,11,1530,1,1,1,1.0,6,95011,M,4.0,0,95
200900055393,9,11,18,810,1,2,4,1.0,3,95510,M,4.0,0,95
200900055394,9,11,5,900,1,2,1,1.0,2,95612,M,4.0,0,95
200900055395,9,11,21,245,3,1,1,2.0,6,95287,M,4.0,0,95
200900055396,9,11,21,1400,1,2,1,1.0,6,95250,M,4.0,0,95
200900055397,9,11,25,1545,1,1,1,8.0,3,95395,M,4.0,0,95
200900055398,9,11,25,2000,4,2,2,2.0,7,95018,M,4.0,0,95
200900055399,9,11,29,1110,1,2,1,1.0,6,95313,M,4.0,0,95
200900055400,9,11,18,1345,1,2,1,1.0,7,95219,M,4.0,0,95
200900055401,9,11,17,1005,1,2,1,1.0,6,95582,M,4.0,0,95
200900055402,9,11,22,1530,1,2,6,1.0,2,95582,M,4.0,0,95
200900055403,9,11,23,745,3,2,1,8.0,3,95582,M,4.0,0,95
200900055404,9,11,29,530,5,1,1,1.0,7,95127,M,4.0,0,95
200900055405,9,11,20,920,1,2,6,1.0,3,95018,M,4.0,0,95
200900055406,9,11,11,1905,2,2,3,1.0,1,95219,M,4.0,0,95
200900055407,9,11,19,1625,1,2,3,1.0,2,95018,M,4.0,0,95
200900055408,9,11,23,720,2,2,3,2.0,4,95018,M,4.0,0,95
200900055409,9,11,16,1900,1,2,2,1.0,6,95018,M,4.0,0,95
200900055410,9,11,27,1540,1,2,1,1.0,1,95018,M,4.0,0,95
200900055411,9,11,6,1040,1,2,6,1.0,6,95219,M,4.0,0,95
200900055412,9,11,20,845,1,2,3,1.0,1,95203,M,4.0,0,95
200900055413,9,11,17,1743,5,2,3,1.0,6,95018,M,4.0,0,95
200900055414,9,11,24,1700,5,2,1,1.0,3,95018,M,4.0,0,95
200900055415,9,11,24,910,1,2,1,2.0,6,95607,M,4.0,0,95
200900055416,9,11,6,920,1,2,2,1.0,4,95607,M,4.0,0,95
200900055417,9,11,1,2104,3,1,2,1.0,6,95572,M,,,95
200900055418,9,11,25,730,2,1,1,1.0,6,95026,M,0.0,0,95
200900055419,9,11,27,1830,3,1,1,1.0,2,95527,M,4.0,0,95
200900055420,9,11,6,1700,1,2,1,1.0,3,95563,M,4.0,0,95
200900055421,9,11,5,825,1,2,1,1.0,6,95018,M,4.0,0,95
200900055422,9,11,13,1725,5,2,3,1.0,6,95176,M,4.0,0,95
200900055423,9,11,7,950,1,2,1,1.0,6,95500,M,4.0,0,95
200900055424,9,11,15,1320,1,2,1,1.0,3,95052,M,4.0,0,95
200900055425,9,11,20,530,3,2,1,1.0,1,95280,M,4.0,0,95
200900055426,9,11,5,1748,5,2,3,2.0,6,95018,M,4.0,0,95
200900055427,9,11,1,430,5,2,1,1.0,6,95424,M,4.0,0,95
200900055428,9,11,4,850,1,2,6,1.0,6,95203,M,4.0,0,95
200900055429,9,11,2,925,1,2,1,1.0,4,95306,M,4.0,0,95
200900055430,9,11,3,930,1,2,1,2.0,2,95306,M,4.0,0,95
200900055431,9,11,14,335,4,1,1,1.0,7,95018,M,,,95
200900055432,9,11,19,1530,1,2,1,1.0,1,95527,M,4.0,0,95
200900055433,9,11,6,1740,2,2,1,8.0,6,95424,M,4.0,0,95
200900055434,9,11,8,1240,1,2,2,1.0,3,95424,M,4.0,0,95
200900055435,9,11,14,2355,4,2,1,1.0,6,95424,M,4.0,0,95
200900055436,9,11,17,940,1,2,6,2.0,2,95018,M,4.0,0,95
200900055437,9,11,17,1755,5,2,1,1.0,3,95480,M,4.0,0,95
200900055438,9,11,23,1910,4,2,3,8.0,3,95018,M,4.0,0,95
200900055439,9,11,20,1756,3,2,2,2.0,6,95487,M,4.0,0,95
200900055440,9,11,26,1450,1,1,1,1.0,6,95365,M,,,95
200900055441,9,10,13,1855,2,2,3,1.0,3,03190,M,0.0,0,03
200900055442,9,10,14,920,1,1,1,1.0,6,03013,M,,,03
200900055443,9,10,21,1100,1,1,1,2.0,7,03283,M,0.0,0,03
200900055444,9,10,3,215,3,1,1,1.0,3,03283,M,0.0,0,03
200900055445,9,10,7,1630,1,2,1,1.0,1,03093,M,0.0,0,03
200900055446,9,10,29,815,1,1,1,7.0,6,03235,M,0.0,0,03
200900055447,9,10,26,1815,3,1,1,1.0,3,03208,M,0.0,0,03
200900055448,9,10,31,1845,5,2,1,1.0,6,03117,M,0.0,0,03
200900055449,9,10,24,230,3,1,1,1.0,2,03277,M,0.0,0,03
200900055450,9,10,31,930,1,1,1,1.0,1,03099,M,0.0,0,03
200900055451,9,10,10,630,1,1,1,1.0,6,03031,M,0.0,0,03
200900055452,9,10,24,30,3,1,1,1.0,5,03025,M,0.0,0,03
200900055453,9,10,18,2310,5,2,1,1.0,6,03095,M,0.0,0,03
200900055454,9,10,24,2120,5,2,2,2.0,3,03310,M,0.0,0,03
200900055455,9,10,28,1345,1,1,1,1.0,2,03321,M,0.0,0,03
200900055456,9,10,29,1220,1,2,1,1.0,6,03310,M,,,03
200900055457,9,10,27,1805,2,1,3,1.0,3,03001,M,0.0,0,03
200900055458,9,10,16,1730,1,2,6,1.0,3,03101,M,,,03
200900055459,9,10,4,1545,1,1,1,7.0,1,03101,M,,,03
200900055460,9,10,8,1005,1,2,1,2.0,6,03185,M,0.0,0,03
200900055461,9,10,12,745,5,2,2,2.0,1,03095,M,0.0,0,03
200900055462,9,10,1,1405,1,2,1,1.0,3,03310,M,,,03