Num_Acc,an,mois,jour,hrmn,lum,agg,int,atm,col,com,gps,lat,long,dep
200900055463,9,10,2,650,5,2,5,1.0,3,03023,M,0.0,0,03
200900055464,9,10,8,2200,5,2,1,8.0,6,03310,M,,,03
200900055465,9,5,26,1530,1,1,1,8.0,1,77326,M,,,77
200900055466,9,5,18,1815,1,2,1,1.0,6,77482,M,,,77
200900055467,9,5,26,1645,1,2,1,1.0,6,77226,M,,,77
200900055468,9,5,18,1715,1,2,1,1.0,6,77122,M,,,77
200900055469,9,5,14,612,2,1,1,8.0,7,77013,M,4.0,0,77
200900055470,9,5,1,1340,1,2,1,1.0,3,77083,M,,,77
200900055471,9,5,30,1935,2,2,1,1.0,1,77326,M,,,77
200900055472,9,5,15,1430,1,1,2,1.0,1,77495,M,,,77
200900055473,9,5,5,1820,1,2,1,1.0,2,77215,M,,,77
200900055474,9,5,5,1350,1,2,2,1.0,3,77169,M,,,77
200900055475,9,5,20,1925,1,2,1,1.0,2,77281,M,4.0,0,77
200900055476,9,5,20,1300,1,2,1,1.0,6,77296,M,,,77
200900055477,9,5,27,1140,1,2,6,1.0,3,77305,M,,,77
200900055478,9,5,15,2233,5,2,1,8.0,3,77337,M,,,77
200900055479,9,5,29,1130,1,2,6,1.0,3,77122,M,,,77
200900055480,9,5,29,1915,1,1,1,1.0,3,77210,M,,,77
200900055481,9,5,30,1015,1,1,1,1.0,6,77121,M,4.0,0,77
200900055482,9,5,8,5,5,2,4,1.0,6,77114,M,,,77
200900055483,9,5,6,1930,1,2,1,1.0,7,77131,M,,,77
200900055484,9,5,14,1400,1,1,1,1.0,7,77495,M,,,77
200900055485,9,5,11,735,1,1,1,2.0,1,77002,M,,,77
200900055486,9,5,7,1820,1,1,3,1.0,6,77146,M,,,77
200900055487,9,5,22,1445,1,2,1,1.0,2,77320,M,,,77
200900055488,9,5,27,1820,1,2,1,1.0,6,77131,M,,,77
200900055489,9,5,10,2155,3,1,1,2.0,6,77371,M,,,77
200900055490,9,5,16,840,1,2,1,1.0,3,77131,M,4.0,0,77
200900055491,9,5,6,1945,1,2,1,1.0,2,77131,M,,,77
200900055492,9,5,8,1905,1,2,1,1.0,6,77449,M,,,77
200900055493,9,5,30,925,1,1,1,1.0,2,77251,M,4.0,0,77
200900055494,9,5,17,1045,1,1,1,1.0,7,77121,M,4.0,0,77
200900055495,9,5,28,1630,1,1,1,1.0,5,77169,M,4.0,0,77
200900055496,9,5,17,1010,1,1,1,2.0,7,77121,M,4.0,0,77
200900055497,9,5,12,700,1,1,1,2.0,5,77373,M,4.0,0,77
200900055498,9,5,29,1600,1,1,1,1.0,2,77495,M,4.0,0,77
200900055499,9,5,20,1710,1,1,1,1.0,5,77450,M,4.0,0,77
200900055500,9,5,28,1800,1,1,1,1.0,3,77121,M,4.0,0,77
200900055501,9,5,10,1010,1,1,1,1.0,3,77468,M,4.0,0,77
200900055502,9,5,15,810,1,1,1,1.0,6,77181,M,4.0,0,77
200900055503,9,5,4,1730,2,1,1,1.0,6,77385,M,0.0,0,77
200900055504,9,5,2,1615,1,1,1,1.0,6,77120,M,4.0,0,77
200900055505,9,5,25,1615,1,2,1,1.0,6,77106,M,4.0,0,77
200900055506,9,5,22,1830,1,1,2,1.0,5,77318,M,0.0,0,77
200900055507,9,5,23,1045,1,2,1,1.0,6,77437,M,0.0,0,77
200900055508,9,5,18,930,1,2,1,1.0,3,77420,M,4.0,0,77
200900055509,9,5,19,1800,1,1,1,1.0,4,77239,M,4.0,0,77
200900055510,9,5,28,1145,1,2,1,2.0,3,77106,M,4.0,0,77
200900055511,9,5,23,1100,1,2,1,1.0,6,77065,M,4.0,0,77
200900055512,9,5,3,930,1,1,1,1.0,1,77470,M,0.0,0,77
200900055513,9,5,12,2100,2,1,1,1.0,7,77212,M,0.0,0,77
200900055514,9,5,15,1730,1,1,2,1.0,1,77004,M,0.0,0,77
200900055515,9,5,7,1830,1,1,1,1.0,4,77020,M,4.0,0,77
200900055516,9,5,24,1045,1,2,1,1.0,3,77142,M,0.0,0,77
200900055517,9,5,10,1530,1,1,2,1.0,3,77239,M,0.0,0,77
200900055518,9,5,30,1845,1,1,1,1.0,1,77508,M,4.0,0,77
200900055519,9,5,18,1215,1,1,1,1.0,3,77099,M,4.0,0,77
200900055520,9,5,9,1930,1,1,1,1.0,3,77318,M,4.0,0,77
200900055521,9,5,30,1945,1,2,1,1.0,6,77420,M,0.0,0,77
200900055522,9,5,4,830,1,1,1,1.0,6,77306,M,4.0,0,77
200900055523,9,5,10,130,3,1,1,1.0,6,77150,M,4.0,0,77
200900055524,9,5,20,1530,1,2,1,1.0,3,77153,M,0.0,0,77
200900055525,9,5,30,1715,1,1,1,1.0,3,77327,M,4.0,0,77
200900055526,9,5,29,2230,5,2,1,1.0,3,77415,M,0.0,0,77
200900055527,9,5,20,1930,1,1,1,1.0,7,77103,M,4.0,0,77
200900055528,9,5,21,1500,1,2,2,1.0,3,77192,M,0.0,0,77
200900055529,9,5,31,615,2,1,1,1.0,1,77148,M,4.0,0,77
200900055530,9,5,8,1745,1,1,1,1.0,5,77212,M,4.0,0,77
200900055531,9,5,22,120,5,2,2,1.0,3,77288,M,,,77
200900055532,9,5,23,1815,1,2,1,1.0,6,77288,M,,,77
200900055533,9,5,17,1935,1,2,1,1.0,6,77288,M,,,77
200900055534,9,5,15,1415,1,1,1,8.0,6,77269,M,0.0,0,77
200900055535,9,5,22,1200,1,1,1,1.0,3,77295,M,,,77
200900055536,9,5,27,2030,1,2,1,1.0,6,77152,M,,,77
200900055537,9,5,13,1650,1,2,1,1.0,1,77288,M,,,77
200900055538,9,5,18,1815,1,2,7,1.0,6,77288,M,,,77
200900055539,9,5,6,1745,1,2,1,1.0,6,77186,M,,,77
200900055540,9,5,28,1015,1,2,2,1.0,3,77514,M,,,77
200900055541,9,5,18,2320,3,1,1,1.0,6,77513,M,,,77
200900055542,9,5,10,1410,1,2,1,1.0,2,77284,M,,,77
200900055543,9,5,24,1145,1,2,1,1.0,6,77294,M,,,77
200900055544,9,5,22,330,3,2,1,1.0,6,77379,M,,,77
200900055545,9,5,31,1720,1,1,1,1.0,1,77226,M,4.0,0,77
200900055546,9,5,13,1745,1,1,1,1.0,6,77294,M,4.0,0,77
200900055547,9,5,7,1425,1,2,3,1.0,3,77108,M,,,77
200900055548,9,5,10,2325,3,1,2,2.0,3,77186,M,,,77
200900055549,9,5,8,540,5,2,1,1.0,6,77108,M,,,77
200900055550,9,5,11,1200,1,1,2,8.0,3,77226,M,,,77
200900055551,9,5,6,2100,2,2,1,1.0,7,77243,M,,,77
200900055552,9,5,31,2205,5,2,2,1.0,3,77108,M,,,77
200900055553,9,5,22,15,5,2,1,1.0,7,77108,M,,,77
200900055554,9,5,18,1720,1,1,2,1.0,6,77186,M,,,77
200900055555,9,5,22,1240,1,2,1,1.0,6,77108,M,,,77
200900055556,9,5,27,1835,1,2,1,1.0,6,77373,M,,,77
200900055557,9,5,21,950,1,2,1,1.0,6,77390,M,,,77
200900055558,9,5,29,1420,1,2,3,1.0,6,77373,M,,,77
200900055559,9,11,17,915,1,2,1,7.0,6,03254,M,0.0,0,03
200900055560,9,11,28,1600,1,1,1,1.0,6,03022,M,0.0,0,03
200900055561,9,11,20,1845,3,1,1,1.0,6,03107,M,0.0,0,03
200900055562,9,11,10,2130,3,1,6,1.0,2,03290,M,0.0,0,03
200900055563,9,11,6,1800,3,1,1,1.0,1,03028,M,0.0,0,03
200900055564,9,11,12,1645,1,1,1,1.0,7,03217,M,0.0,0,03
200900055565,9,11,10,645,5,1,1,2.0,3,03163,M,0.0,0,03
200900055566,9,11,13,1850,5,2,3,1.0,3,03190,M,,,03
200900055567,9,11,16,910,1,2,3,1.0,7,03310,M,,,03
200900055568,9,11,21,5,5,2,4,1.0,3,03310,M,,,03
200900055569,9,11,14,1520,1,2,1,1.0,3,03310,M,,,03
200900055570,9,11,4,820,1,2,3,2.0,3,03310,M,,,03
200900055571,9,11,5,730,2,2,3,8.0,3,03310,M,0.0,0,03
200900055572,9,11,27,1215,1,2,2,1.0,6,03185,M,,,03
200900055573,9,11,5,1420,1,2,2,1.0,3,03185,M,,,03
200900055574,9,11,4,1700,5,2,1,8.0,6,03001,M,0.0,0,03
200900055575,9,11,4,745,1,2,1,1.0,6,03100,M,0.0,0,03
200900055576,9,11,6,1955,5,1,3,8.0,3,03001,M,0.0,0,03
200900055577,9,11,7,1745,5,1,3,2.0,3,03095,M,0.0,0,03
200900055578,9,11,8,2320,5,2,1,1.0,5,03094,M,0.0,0,03
200900055579,9,11,9,1620,1,2,6,2.0,6,03023,M,0.0,0,03
200900055580,9,11,10,835,1,2,1,8.0,2,03095,M,0.0,0,03
200900055581,9,11,15,545,2,2,1,1.0,6,03257,M,0.0,0,03
200900055582,9,11,16,730,2,1,1,8.0,1,03138,M,0.0,0,03
200900055583,9,11,27,1710,5,2,1,2.0,6,03310,M,0.0,0,03
200900055584,9,10,21,1645,1,1,2,2.0,1,45223,M,0.0,0,45
200900055585,9,10,3,2145,3,1,1,1.0,6,45040,M,0.0,0,45
200900055586,9,10,6,400,3,1,1,1.0,6,45216,M,4.0,0,45
200900055587,9,10,19,1515,1,1,1,1.0,5,45348,M,0.0,0,45
200900055588,9,10,10,1,3,1,1,1.0,6,45278,M,0.0,0,45
200900055589,9,10,19,1230,1,1,1,1.0,1,45224,M,0.0,0,45
200900055590,9,10,14,1915,1,2,2,1.0,3,45144,M,4.0,0,45
200900055591,9,10,7,1700,1,1,1,1.0,2,45187,M,0.0,0,45
200900055592,9,10,13,800,1,1,1,5.0,1,45051,M,0.0,0,45
200900055593,9,10,13,2100,3,1,1,1.0,1,45324,M,0.0,0,45
200900055594,9,10,15,1545,1,1,1,1.0,7,45219,M,0.0,0,45
200900055595,9,10,20,1345,1,1,1,1.0,6,45316,M,0.0,0,45
200900055596,9,10,23,1900,2,1,3,2.0,2,45025,M,4.0,0,45
200900055597,9,10,24,1145,1,1,2,8.0,1,45080,M,0.0,0,45
200900055598,9,10,25,1630,1,1,1,7.0,3,45224,M,4.0,0,45
200900055599,9,10,17,1415,1,1,1,1.0,6,45098,M,4.0,0,45
200900055600,9,10,24,1830,5,2,1,2.0,1,45015,M,4.0,0,45
200900055601,9,10,1,1810,1,2,1,1.0,3,45004,M,4.0,0,45
200900055602,9,10,6,1830,1,2,3,1.0,3,45004,M,4.0,0,45
200900055603,9,10,9,1840,1,2,1,3.0,1,45338,M,4.0,0,45
200900055604,9,10,10,1135,1,2,1,2.0,4,45208,M,4.0,0,45
200900055605,9,10,18,546,5,2,2,5.0,4,45208,M,4.0,0,45
200900055606,9,10,28,1220,1,2,3,1.0,3,45068,M,4.0,0,45
200900055607,9,10,5,1345,1,2,1,2.0,3,45089,M,4.0,0,45
200900055608,9,10,3,1108,1,2,4,1.0,2,45285,M,4.0,0,45
200900055609,9,10,6,2020,5,2,1,1.0,3,45147,M,4.0,0,45
200900055610,9,10,3,130,5,1,3,1.0,6,45302,M,4.0,0,45
200900055611,9,10,24,1855,1,2,1,1.0,2,45285,M,4.0,0,45
200900055612,9,10,30,134,5,2,4,1.0,6,45302,M,4.0,0,45
200900055613,9,10,29,2101,5,2,1,1.0,4,45232,M,4.0,0,45
200900055614,9,10,24,1835,5,1,1,2.0,4,45284,M,4.0,0,45
200900055615,9,10,29,2100,5,2,1,1.0,6,45232,M,4.0,0,45
200900055616,9,10,12,800,1,2,1,1.0,3,45234,M,4.0,0,45
200900055617,9,10,8,740,2,2,1,1.0,3,45234,M,4.0,0,45
200900055618,9,10,8,1645,1,2,1,1.0,2,45234,M,4.0,0,45
200900055619,9,10,19,800,1,2,1,1.0,3,45075,M,4.0,0,45
200900055620,9,10,13,715,5,2,3,1.0,6,45147,M,4.0,0,45
200900055621,9,10,14,745,1,2,2,1.0,3,45234,M,4.0,0,45
200900055622,9,10,15,1725,1,2,1,1.0,6,45234,M,4.0,0,45
200900055623,9,10,21,840,1,2,3,2.0,3,45284,M,4.0,0,45
200900055624,9,10,23,1430,1,2,2,1.0,3,45286,M,4.0,0,45
200900055625,9,10,25,2350,5,2,3,1.0,3,45234,M,4.0,0,45
200900055626,9,10,26,805,1,2,2,5.0,1,45147,M,4.0,0,45
200900055627,9,10,29,1833,2,2,1,1.0,3,45234,M,4.0,0,45
200900055628,9,10,9,1656,1,2,2,3.0,3,45208,M,4.0,0,45
200900055629,9,10,7,907,1,2,6,1.0,3,45208,M,4.0,0,45
200900055630,9,10,8,1650,1,2,1,1.0,2,45338,M,4.0,0,45
200900055631,9,11,19,1205,1,2,1,1.0,6,51454,M,4.0,0,51
200900055632,9,11,26,2200,5,2,1,2.0,3,51454,M,4.0,0,51
200900055633,9,12,8,1650,2,2,3,1.0,2,51454,M,4.0,0,51
200900055634,9,12,21,1859,5,2,1,2.0,5,51108,M,0.0,0,51
200900055635,9,12,29,1725,5,2,1,2.0,6,51108,M,4.0,0,51
200900055636,9,11,19,2025,5,2,1,1.0,6,51454,M,4.0,0,51
200900055637,9,11,20,1420,1,2,2,1.0,6,51454,M,4.0,0,51
200900055638,9,11,24,2040,3,2,2,1.0,3,51454,M,4.0,0,51
200900055639,9,11,25,1605,1,2,1,2.0,3,51454,M,4.0,0,51
200900055640,9,11,26,1630,1,2,1,2.0,6,51454,M,4.0,0,51
200900055641,9,11,28,1830,5,2,2,2.0,6,51454,M,4.0,0,51
200900055642,9,12,2,335,5,2,3,1.0,3,51454,M,4.0,0,51
200900055643,9,12,2,1830,5,2,1,2.0,6,51454,M,4.0,0,51
200900055644,9,12,3,1735,5,2,3,2.0,6,51454,M,4.0,0,51
200900055645,9,12,4,1125,1,2,3,1.0,6,51454,M,4.0,0,51
200900055646,9,12,4,1730,5,2,3,1.0,3,51454,M,4.0,0,51
200900055647,9,12,8,1845,5,2,1,1.0,2,51454,M,4.0,0,51
200900055648,9,12,11,645,5,2,6,1.0,3,51454,M,4.0,0,51
200900055649,9,12,16,1155,1,2,6,1.0,3,51454,M,4.0,0,51
200900055650,9,12,18,1230,1,2,2,4.0,6,51454,M,4.0,0,51
200900055651,9,12,22,1605,1,1,1,2.0,7,51168,M,4.0,0,51
200900055652,9,12,31,1000,2,2,2,1.0,3,51454,M,4.0,0,51
200900055653,9,9,26,1255,1,2,3,1.0,3,95127,M,4.0,0,95
200900055654,9,10,13,1820,2,2,1,1.0,6,95280,M,4.0,0,95
200900055655,9,9,20,1900,1,2,3,1.0,3,95370,M,4.0,0,95
200900055656,9,10,7,820,1,1,1,1.0,4,95476,M,4.0,0,95
200900055657,9,7,23,1330,1,1,1,1.0,3,59143,M,,,59
200900055658,9,5,25,1810,1,2,1,1.0,6,59143,M,,,59
200900055659,9,8,18,1245,1,2,1,1.0,6,59143,M,,,59
200900055660,9,8,18,1400,1,1,1,1.0,7,59431,M,,,59
200900055661,9,5,4,1330,1,2,2,1.0,3,59017,M,,,59
200900055662,9,5,11,1145,1,1,1,1.0,7,59143,M,,,59
200900055663,9,5,22,2115,1,2,3,1.0,6,59017,M,,,59
200900055664,9,5,24,1720,1,2,9,1.0,6,59017,M,,,59
200900055665,9,5,25,1625,1,2,1,1.0,6,59017,M,,,59
200900055666,9,6,8,1800,1,2,1,2.0,7,59431,M,,,59
200900055667,9,6,11,1705,1,1,1,1.0,3,59431,M,,,59
200900055668,9,6,13,1910,1,2,1,1.0,2,59017,M,,,59
200900055669,9,6,28,2030,1,2,1,1.0,6,59017,M,,,59
200900055670,9,7,27,1820,1,2,1,1.0,6,59017,M,,,59
200900055671,9,8,14,1850,1,1,6,1.0,3,59317,M,,,59
200900055672,9,9,19,100,5,2,1,1.0,6,59017,M,,,59
200900055673,9,10,7,1705,1,2,2,3.0,1,59017,M,,,59
200900055674,9,10,26,1800,2,2,9,1.0,6,59017,M,,,59
200900055675,9,11,13,2320,5,2,1,1.0,1,59017,M,,,59
200900055676,9,11,17,2115,5,2,1,1.0,7,59143,M,,,59
200900055677,9,11,19,1720,5,2,3,2.0,3,59431,M,,,59
200900055678,9,11,24,2020,3,1,2,1.0,3,59431,M,,,59
200900055679,9,12,6,1215,1,1,2,2.0,1,59317,M,,,59
200900055680,9,12,11,1900,4,2,3,1.0,4,59317,M,,,59
200900055681,9,12,16,1315,1,1,3,1.0,3,59317,M,,,59
200900055682,9,12,31,1330,1,2,1,2.0,1,59033,M,,,59
200900055683,9,1,23,1520,1,2,1,2.0,6,95268,M,4.0,0,95
200900055684,9,10,5,1438,1,1,1,1.0,5,30011,M,,,30
200900055685,9,7,13,1030,1,2,9,1.0,3,06103,M,4.0,0,06
200900055686,9,7,3,1245,1,2,3,1.0,3,06108,M,0.0,0,06
200900055687,9,7,28,1750,1,2,1,1.0,3,06088,M,,,06
200900055688,9,7,8,1310,1,2,2,1.0,3,06088,M,,,06
200900055689,9,7,4,1645,1,2,1,1.0,3,06088,M,,,06
200900055690,9,7,2,1500,1,2,1,1.0,2,06088,M,,,06
200900055691,9,7,7,1030,1,2,2,1.0,3,06088,M,,,06
200900055692,9,7,8,1525,1,2,1,1.0,3,06088,M,,,06
200900055693,9,7,23,1200,1,1,1,1.0,3,06088,M,,,06
200900055694,9,7,29,1625,1,2,1,1.0,5,06088,M,,,06
200900055695,9,7,18,2330,5,2,1,1.0,6,06088,M,,,06
200900055696,9,7,11,1845,1,2,1,1.0,6,06088,M,,,06
200900055697,9,7,11,1140,1,2,1,1.0,6,06088,M,,,06
200900055698,9,7,24,911,1,2,1,1.0,3,06088,M,,,06
200900055699,9,7,8,1900,1,2,1,1.0,6,06159,M,,,06
200900055700,9,7,16,1400,1,2,1,1.0,6,06088,M,,,06
200900055701,9,7,12,330,4,2,1,1.0,5,06088,M,,,06
200900055702,9,7,4,1630,1,2,1,1.0,6,06088,M,,,06
200900055703,9,7,1,1455,1,2,1,1.0,7,06088,M,,,06
200900055704,9,7,30,1220,1,2,1,1.0,6,06088,M,,,06
200900055705,9,7,11,1430,1,2,3,1.0,1,06088,M,,,06
200900055706,9,7,3,250,5,2,1,1.0,6,06088,M,,,06
200900055707,9,7,14,510,3,2,1,1.0,7,06088,M,,,06
200900055708,9,7,1,30,5,2,1,1.0,2,06088,M,,,06
200900055709,9,7,17,1415,1,2,2,1.0,3,06088,M,,,06
200900055710,9,7,9,1725,1,2,1,1.0,3,06088,M,,,06
200900055711,9,7,31,2245,5,2,1,1.0,2,06088,M,,,06
200900055712,9,7,16,2000,1,2,1,1.0,4,06088,M,,,06
200900055713,9,7,7,750,1,2,2,7.0,3,06088,M,,,06
200900055714,9,7,10,1215,1,2,1,1.0,3,06088,M,,,06
200900055715,9,7,25,740,1,2,1,1.0,6,06088,M,,,06
200900055716,9,7,7,1800,1,2,1,1.0,3,06088,M,,,06
200900055717,9,7,15,830,1,2,1,1.0,4,06088,M,,,06
200900055718,9,7,2,1545,1,2,1,1.0,6,06088,M,,,06
200900055719,9,7,13,2130,5,2,1,1.0,2,06088,M,,,06
200900055720,9,7,1,1615,1,2,1,1.0,6,06088,M,,,06
200900055721,9,7,24,1200,1,2,1,1.0,2,06088,M,,,06
200900055722,9,7,6,2005,1,2,1,1.0,3,06088,M,,,06
200900055723,9,7,16,1645,1,2,1,1.0,3,06088,M,,,06
200900055724,9,7,2,1040,1,2,1,1.0,2,06088,M,,,06
200900055725,9,7,7,1510,1,2,1,1.0,3,06088,M,,,06
200900055726,9,7,7,1030,1,2,1,1.0,3,06088,M,,,06
200900055727,9,7,31,15,5,2,1,1.0,6,06088,M,,,06
200900055728,9,7,17,1930,1,2,1,1.0,1,06088,M,,,06
200900055729,9,7,8,1550,1,2,2,1.0,3,06088,M,,,06
200900055730,9,7,28,1700,1,2,1,1.0,2,06088,M,,,06
200900055731,9,7,9,1000,1,2,1,1.0,6,06088,M,,,06
200900055732,9,7,16,2120,5,2,1,1.0,6,06088,M,,,06
200900055733,9,7,16,1730,1,2,3,1.0,6,06088,M,,,06
200900055734,9,7,23,1220,1,2,1,1.0,2,06088,M,,,06
200900055735,9,7,14,1510,1,2,1,1.0,6,06088,M,,,06
200900055736,9,7,2,1340,1,2,1,1.0,7,06088,M,,,06
200900055737,9,7,3,1850,1,2,2,1.0,3,06088,M,,,06
200900055738,9,7,21,2215,5,2,1,1.0,4,06088,M,,,06
200900055739,9,7,28,1800,1,2,6,1.0,3,06088,M,,,06
200900055740,9,7,2,2200,5,2,1,1.0,3,06088,M,,,06
200900055741,9,7,2,1700,1,2,1,1.0,2,06088,M,,,06
200900055742,9,7,17,215,5,2,2,1.0,3,06088,M,,,06
200900055743,9,7,22,2025,2,2,1,1.0,6,06088,M,,,06
200900055744,9,7,3,1115,1,2,1,1.0,6,06088,M,,,06
200900055745,9,7,24,1000,1,2,2,1.0,7,06088,M,,,06
200900055746,9,7,27,1450,1,2,2,1.0,3,06088,M,,,06
200900055747,9,7,31,1815,1,2,1,1.0,6,06088,M,,,06
200900055748,9,7,30,100,5,2,3,1.0,3,06088,M,,,06
200900055749,9,7,21,1805,1,2,1,1.0,6,06088,M,,,06
200900055750,9,7,21,856,1,2,1,1.0,4,06088,M,,,06
200900055751,9,7,6,1945,1,2,1,1.0,2,06088,M,,,06
200900055752,9,7,19,1800,1,2,1,1.0,1,06088,M,,,06
200900055753,9,7,8,1725,1,2,2,1.0,6,06088,M,,,06
200900055754,9,7,29,1300,1,2,1,1.0,6,06088,M,,,06
200900055755,9,7,4,1125,1,2,1,1.0,2,06088,M,,,06
200900055756,9,7,22,1855,1,2,2,1.0,6,06088,M,,,06
200900055757,9,7,30,2220,5,2,1,1.0,6,06088,M,,,06
200900055758,9,7,17,1245,1,2,1,1.0,3,06088,M,,,06
200900055759,9,7,4,1400,1,2,4,1.0,1,06088,M,,,06
200900055760,9,7,12,1530,1,2,1,1.0,3,06088,M,,,06
200900055761,9,7,24,1135,1,2,1,1.0,2,06088,M,,,06
200900055762,9,7,13,1910,1,2,1,1.0,6,06088,M,,,06
200900055763,9,7,9,839,1,2,1,1.0,3,06088,M,,,06
200900055764,9,7,28,1100,1,2,2,7.0,6,06088,M,,,06
200900055765,9,7,6,2155,5,2,1,1.0,6,06088,M,,,06
200900055766,9,7,1,1520,1,2,5,1.0,3,06088,M,,,06
200900055767,9,7,2,645,1,2,2,1.0,3,06088,M,,,06
200900055768,9,7,12,2155,5,2,2,1.0,3,06088,M,,,06
200900055769,9,7,31,1650,1,2,1,1.0,6,06088,M,,,06
200900055770,9,7,1,745,1,2,1,1.0,3,06088,M,,,06
200900055771,9,7,27,1745,1,2,1,1.0,7,06088,M,,,06
200900055772,9,7,5,2030,1,2,1,2.0,2,06088,M,,,06
200900055773,9,7,16,30,5,2,1,1.0,3,06088,M,,,06
200900055774,9,7,16,2235,5,2,5,1.0,3,06088,M,,,06
200900055775,9,7,23,920,1,2,2,1.0,5,06088,M,,,06
200900055776,9,7,24,850,1,2,1,1.0,6,06088,M,,,06
200900055777,9,7,30,1800,1,2,1,1.0,6,06088,M,,,06
200900055778,9,7,15,1500,1,2,1,1.0,6,06088,M,,,06
200900055779,9,7,5,1800,1,2,1,1.0,1,06088,M,,,06
200900055780,9,7,17,800,1,2,1,1.0,6,06088,M,,,06
200900055781,9,7,25,30,5,2,1,1.0,2,06088,M,,,06
200900055782,9,7,26,2345,5,2,2,1.0,3,06088,M,,,06
200900055783,9,7,2,1050,1,2,1,1.0,3,06088,M,,,06
200900055784,9,7,9,855,1,2,1,1.0,1,06088,M,,,06
200900055785,9,7,15,1555,1,2,2,1.0,3,06088,M,,,06
200900055786,9,7,10,905,1,2,1,1.0,3,06088,M,,,06
200900055787,9,7,22,2000,1,2,2,1.0,3,06088,M,,,06
200900055788,9,7,17,45,3,1,1,1.0,4,06105,M,4.0,0,06
200900055789,9,7,25,1430,1,1,1,1.0,7,06056,M,4.0,0,06
200900055790,9,7,16,1400,1,2,1,1.0,3,06084,M,4.0,0,06
200900055791,9,7,16,1730,1,2,1,1.0,1,06136,M,0.0,0,06
200900055792,9,7,16,1730,5,2,1,1.0,6,06138,M,4.0,0,06
200900055793,9,7,1,1830,1,1,1,8.0,4,06046,M,0.0,0,06
200900055794,9,7,10,1315,1,1,1,1.0,1,06130,M,0.0,0,06
200900055795,9,7,29,15,3,1,1,1.0,6,06147,M,0.0,0,06
200900055796,9,7,15,930,1,2,1,1.0,6,06079,M,4.0,0,06
200900055797,9,7,14,1400,1,1,1,1.0,1,06058,M,0.0,0,06
200900055798,9,7,28,545,1,1,1,1.0,6,06075,M,0.0,0,06
200900055799,9,7,22,2300,5,2,1,1.0,6,06085,M,4.0,0,06
200900055800,9,7,31,330,3,1,1,1.0,6,06044,M,0.0,0,06
200900055801,9,7,26,30,5,2,1,1.0,3,06105,M,0.0,0,06
200900055802,9,7,20,2130,1,2,1,1.0,6,06038,M,4.0,0,06
200900055803,9,7,6,1100,1,2,1,1.0,3,06161,M,0.0,0,06
200900055804,9,7,27,1430,1,1,1,1.0,6,06056,M,4.0,0,06
200900055805,9,7,14,2030,1,2,1,1.0,6,06085,M,0.0,0,06
200900055806,9,7,8,1700,1,1,1,1.0,4,06004,M,4.0,0,06
200900055807,9,7,10,1930,1,2,6,1.0,1,06033,M,0.0,0,06
200900055808,9,7,12,2000,1,1,1,1.0,1,06130,M,0.0,0,06
200900055809,9,7,22,245,5,2,1,1.0,6,06032,M,0.0,0,06
200900055810,9,7,22,1800,1,1,1,1.0,3,06014,M,4.0,0,06
200900055811,9,7,6,1715,1,1,1,1.0,3,06161,M,0.0,0,06
200900055812,9,7,4,1030,1,2,1,1.0,1,06095,M,0.0,0,06
200900055813,9,7,2,1815,1,2,1,1.0,3,06085,M,0.0,0,06
200900055814,9,7,22,1000,1,1,1,1.0,7,06036,M,0.0,0,06
200900055815,9,7,6,1530,1,1,1,1.0,6,06117,M,0.0,0,06
200900055816,9,7,23,2100,2,1,1,1.0,7,06094,M,4.0,0,06
200900055817,9,7,4,900,1,1,1,1.0,1,06143,M,4.0,0,06
200900055818,9,7,27,1845,1,1,1,1.0,1,06138,M,0.0,0,06
200900055819,9,7,14,730,1,1,1,1.0,1,06004,M,0.0,0,06
200900055820,9,7,29,1245,1,2,1,1.0,1,06085,M,0.0,0,06
200900055821,9,7,7,1630,1,1,1,1.0,6,06059,M,0.0,0,06
200900055822,9,7,24,1730,1,1,1,1.0,1,06117,M,0.0,0,06
200900055823,9,7,14,1200,1,1,1,1.0,1,06079,M,0.0,0,06
200900055824,9,7,5,1800,1,2,1,1.0,1,06092,M,0.0,0,06
200900055825,9,7,24,1045,1,1,1,1.0,2,06088,M,0.0,0,06
200900055826,9,7,18,1515,1,1,1,1.0,7,06071,M,4.0,0,06
200900055827,9,7,18,1445,1,1,1,1.0,1,06033,M,0.0,0,06
200900055828,9,7,9,1500,1,2,1,1.0,6,06155,M,,,06
200900055829,9,7,9,1310,1,2,3,1.0,3,06069,M,,,06
200900055830,9,7,8,2000,1,2,1,1.0,6,06155,M,,,06
200900055831,9,7,15,1830,1,2,1,1.0,4,06069,M,,,06
200900055832,9,7,15,1240,1,2,6,1.0,3,06069,M,,,06
200900055833,9,7,5,2030,2,2,1,1.0,7,06069,M,,,06
200900055834,9,7,5,530,2,1,1,1.0,6,06004,M,,,06
200900055835,9,7,11,1400,1,1,1,1.0,3,06004,M,,,06
200900055836,9,7,10,935,1,2,1,1.0,6,06004,M,,,06
200900055837,9,7,10,1000,1,2,4,1.0,3,06069,M,,,06
200900055838,9,7,5,1045,1,2,1,1.0,3,06069,M,,,06
200900055839,9,7,3,2200,5,1,1,1.0,7,06069,M,,,06
200900055840,9,7,1,1230,1,2,1,1.0,6,06069,M,,,06
200900055841,9,7,15,1710,1,2,1,1.0,2,06069,M,,,06
200900055842,9,7,7,1455,1,2,1,1.0,7,06155,M,,,06