Num_Acc,an,mois,jour,hrmn,lum,agg,int,atm,col,com,gps,lat,long,dep
200900055843,9,7,1,1400,1,2,1,1.0,7,06069,M,,,06
200900055844,9,7,4,1250,1,2,1,1.0,2,06069,M,,,06
200900055845,9,7,28,440,5,2,1,1.0,6,06029,M,,,06
200900055846,9,7,22,1625,1,2,3,1.0,6,06083,M,,,06
200900055847,9,7,3,1955,1,2,1,1.0,3,06029,M,,,06
200900055848,9,7,20,1040,1,2,6,1.0,3,06029,M,,,06
200900055849,9,7,12,1220,1,2,1,1.0,6,06029,M,,,06
200900055850,9,7,29,1955,1,2,1,1.0,2,06029,M,,,06
200900055851,9,7,27,1100,1,2,3,1.0,7,06004,M,,,06
200900055852,9,7,4,408,5,2,6,1.0,3,06029,M,,,06
200900055853,9,7,14,2025,1,2,1,1.0,3,06029,M,,,06
200900055854,9,7,2,1355,1,2,3,1.0,3,06012,M,,,06
200900055855,9,7,15,700,1,2,1,9.0,6,06029,M,,,06
200900055856,9,7,27,920,1,2,1,1.0,7,06030,M,,,06
200900055857,9,7,12,1900,1,2,1,1.0,1,06029,M,,,06
200900055858,9,7,24,1644,1,2,1,1.0,3,06029,M,,,06
200900055859,9,7,1,1825,1,2,1,1.0,1,06012,M,,,06
200900055860,9,7,27,1930,1,2,1,1.0,7,06069,M,,,06
200900055861,9,7,17,845,1,2,1,1.0,7,06083,M,,,06
200900055862,9,7,16,845,1,2,1,1.0,7,06029,M,,,06
200900055863,9,7,1,1200,1,2,1,1.0,3,06083,M,,,06
200900055864,9,7,12,2000,1,2,1,1.0,2,06029,M,,,06
200900055865,9,7,2,1405,1,2,1,7.0,7,06029,M,,,06
200900055866,9,7,3,150,5,2,1,1.0,3,06029,M,,,06
200900055867,9,7,6,1540,1,2,1,1.0,2,06029,M,,,06
200900055868,9,7,21,1840,1,2,1,1.0,2,06069,M,,,06
200900055869,9,7,4,1800,1,2,1,1.0,7,06029,M,,,06
200900055870,9,7,26,130,5,2,1,1.0,6,06083,M,,,06
200900055871,9,7,27,1820,1,2,1,1.0,7,06069,M,,,06
200900055872,9,7,15,30,5,2,1,1.0,3,06029,M,,,06
200900055873,9,7,9,1555,1,2,1,1.0,5,06083,M,,,06
200900055874,9,7,16,1755,1,2,1,1.0,6,06104,M,,,06
200900055875,9,7,3,1010,1,2,1,1.0,6,06030,M,,,06
200900055876,9,7,3,854,1,2,1,1.0,3,06029,M,,,06
200900055877,9,7,25,5,5,2,1,1.0,3,06029,M,,,06
200900055878,9,7,24,144,3,2,2,1.0,3,06004,M,,,06
200900055879,9,7,3,1150,1,2,1,1.0,3,06029,M,,,06
200900055880,9,7,1,1300,1,2,1,1.0,5,06083,M,,,06
200900055881,9,7,4,125,5,2,1,1.0,6,06104,M,,,06
200900055882,9,7,29,820,1,2,1,1.0,1,06104,M,,,06
200900055883,9,7,15,1040,1,2,3,1.0,1,06104,M,,,06
200900055884,9,7,30,335,5,2,1,1.0,6,06104,M,,,06
200900055885,9,7,6,1658,1,2,1,7.0,7,06029,M,,,06
200900055886,9,7,13,2020,1,2,2,1.0,3,06029,M,,,06
200900055887,9,7,3,1720,1,2,1,1.0,3,06029,M,,,06
200900055888,9,7,24,1020,1,2,2,1.0,3,06004,M,,,06
200900055889,9,7,13,1045,1,2,1,1.0,3,06029,M,,,06
200900055890,9,7,22,1820,1,2,6,1.0,3,06004,M,,,06
200900055891,9,7,13,200,5,2,1,1.0,1,06030,M,,,06
200900055892,9,7,18,2205,2,2,1,1.0,1,06029,M,,,06
200900055893,9,7,19,525,5,2,1,1.0,2,06029,M,,,06
200900055894,9,7,8,1815,1,2,1,7.0,7,06029,M,,,06
200900055895,9,7,28,1200,1,2,1,1.0,3,06104,M,,,06
200900055896,9,7,14,830,1,2,1,1.0,7,06029,M,,,06
200900055897,9,7,23,1740,1,1,1,1.0,6,06004,M,,,06
200900055898,9,7,14,1130,1,2,1,1.0,3,06029,M,,,06
200900055899,9,7,7,800,1,2,1,1.0,3,06029,M,,,06
200900055900,9,7,30,1023,1,2,1,1.0,6,06030,M,,,06
200900055901,9,7,20,2330,5,2,1,1.0,3,06029,M,,,06
200900055902,9,7,3,1210,1,2,1,1.0,6,06012,M,,,06
200900055903,9,7,8,2320,5,2,1,1.0,1,06104,M,,,06
200900055904,9,7,30,2015,1,2,3,1.0,2,06155,M,,,06
200900055905,9,7,27,1110,1,2,1,1.0,3,06029,M,,,06
200900055906,9,7,16,1430,1,2,1,1.0,1,06029,M,,,06
200900055907,9,7,30,2340,5,2,1,1.0,6,06029,M,,,06
200900055908,9,7,18,1305,1,2,1,1.0,6,06029,M,,,06
200900055909,9,7,30,1840,1,2,1,1.0,3,06069,M,,,06
200900055910,9,7,23,1345,1,2,1,1.0,3,06083,M,,,06
200900055911,9,7,2,1055,1,2,1,1.0,6,06029,M,,,06
200900055912,9,7,23,1540,1,2,1,1.0,7,06069,M,,,06
200900055913,9,7,29,1125,1,2,1,1.0,3,06088,M,,,06
200900055914,9,7,25,1600,1,2,1,1.0,6,06088,M,,,06
200900055915,9,7,31,845,1,2,1,1.0,3,06029,M,,,06
200900055916,9,7,7,1620,1,2,1,1.0,2,06088,M,,,06
200900055917,9,7,22,1800,1,2,3,1.0,3,06027,M,,,06
200900055918,9,7,8,1800,1,2,1,1.0,3,06027,M,,,06
200900055919,9,7,5,1700,1,2,1,1.0,2,06027,M,,,06
200900055920,9,7,13,1750,1,2,3,1.0,2,06027,M,,,06
200900055921,9,7,30,1125,1,2,1,1.0,3,06027,M,,,06
200900055922,9,7,16,2000,1,2,1,1.0,6,06027,M,,,06
200900055923,9,7,29,2000,1,2,1,1.0,4,06123,M,,,06
200900055924,9,7,19,10,5,2,1,1.0,6,06027,M,,,06
200900055925,9,7,1,1900,2,2,6,1.0,2,06027,M,,,06
200900055926,9,7,15,930,1,2,1,1.0,3,06027,M,,,06
200900055927,9,7,10,2000,1,2,4,1.0,6,06027,M,,,06
200900055928,9,7,9,430,5,2,2,1.0,3,06027,M,,,06
200900055929,9,7,26,2010,1,2,1,1.0,6,06027,M,,,06
200900055930,9,7,11,1710,1,2,1,1.0,1,06123,M,,,06
200900055931,9,7,18,1900,1,2,1,1.0,3,06027,M,,,06
200900055932,9,7,4,1450,1,2,1,1.0,2,06027,M,,,06
200900055933,9,7,31,1550,1,2,1,1.0,2,06123,M,,,06
200900055934,9,7,7,1550,1,2,1,1.0,3,06123,M,,,06
200900055935,9,7,1,1410,1,2,1,1.0,2,06027,M,,,06
200900055936,9,7,2,950,1,2,1,1.0,3,06027,M,,,06
200900055937,9,7,26,1745,1,2,3,1.0,3,06027,M,,,06
200900055938,9,7,1,10,5,2,1,1.0,5,06027,M,,,06
200900055939,9,7,25,435,5,2,1,1.0,3,06123,M,,,06
200900055940,9,7,23,755,1,2,1,1.0,2,06088,M,,,06
200900055941,9,7,26,30,3,2,2,1.0,3,06088,M,,,06
200900055942,9,7,29,1920,1,2,1,1.0,2,06088,M,,,06
200900055943,9,7,4,1535,1,2,1,1.0,6,06088,M,,,06
200900055944,9,7,10,955,1,2,1,1.0,6,06088,M,,,06
200900055945,9,7,14,1910,1,2,2,1.0,3,06088,M,,,06
200900055946,9,7,15,1200,1,2,1,1.0,2,06088,M,,,06
200900055947,9,7,18,1730,1,2,3,1.0,6,06088,M,,,06
200900055948,9,9,22,2115,5,2,1,1.0,6,61143,M,4.0,0,61
200900055949,9,9,14,1237,1,2,1,1.0,6,61006,M,,,61
200900055950,9,9,27,800,1,1,4,5.0,5,61135,M,4.0,-,61
200900055951,9,9,28,730,2,1,1,5.0,1,61474,M,4.0,0,61
200900055952,9,9,5,30,3,1,1,1.0,7,61102,M,4.0,-,61
200900055953,9,9,24,1130,1,2,1,1.0,6,61096,M,4.0,-,61
200900055954,9,9,24,1615,1,1,1,1.0,7,61359,M,0.0,0,61
200900055955,9,9,23,2300,5,2,1,1.0,7,61508,M,0.0,0,61
200900055956,9,9,7,100,3,1,1,1.0,6,61343,M,4.0,0,61
200900055957,9,9,3,1630,1,2,1,1.0,7,61342,M,4.0,0,61
200900055958,9,9,27,1020,1,2,1,1.0,6,61167,M,0.0,0,61
200900055959,9,9,23,924,1,2,1,1.0,6,61169,M,4.0,-,61
200900055960,9,11,2,1815,5,2,1,1.0,3,72181,M,,,72
200900055961,9,11,13,930,1,2,1,2.0,4,72181,M,,,72
200900055962,9,11,19,1815,3,1,1,1.0,6,45028,M,4.0,0,45
200900055963,9,11,19,930,1,1,3,2.0,3,45065,M,4.0,0,45
200900055964,9,11,3,1430,1,1,1,2.0,6,45182,M,0.0,0,45
200900055965,9,11,11,1130,1,1,1,1.0,6,45239,M,0.0,0,45
200900055966,9,11,7,1345,1,1,1,2.0,6,45315,M,0.0,0,45
200900055967,9,11,1,1815,3,1,1,2.0,6,45161,M,0.0,0,45
200900055968,9,11,3,2015,3,1,1,2.0,6,45095,M,0.0,0,45
200900055969,9,11,21,1630,1,1,1,1.0,1,45203,M,0.0,0,45
200900055970,9,11,14,1200,1,1,1,7.0,6,45282,M,4.0,0,45
200900055971,9,11,22,2115,3,1,1,2.0,1,45272,M,4.0,0,45
200900055972,9,11,23,745,2,1,1,9.0,6,45330,M,0.0,0,45
200900055973,9,11,29,1745,3,1,1,1.0,6,45336,M,4.0,0,45
200900055974,9,11,29,1845,3,1,1,8.0,5,45008,M,0.0,0,45
200900055975,9,11,30,1930,5,2,1,2.0,6,45082,M,0.0,0,45
200900055976,9,11,25,1738,5,2,1,2.0,3,45004,M,4.0,0,45
200900055977,9,11,24,901,1,1,1,2.0,2,45338,M,4.0,0,45
200900055978,9,11,27,2050,3,1,1,1.0,6,45068,M,4.0,0,45
200900055979,9,11,16,1809,5,2,2,2.0,2,45004,M,4.0,0,45
200900055980,9,11,19,1959,5,2,1,1.0,6,45004,M,4.0,0,45
200900055981,9,11,3,1345,1,2,1,1.0,3,45234,M,4.0,0,45
200900055982,9,11,3,1920,5,2,3,2.0,2,45234,M,4.0,0,45
200900055983,9,11,5,1430,1,2,1,1.0,6,45302,M,4.0,0,45
200900055984,9,11,5,1004,1,2,1,1.0,3,45284,M,4.0,0,45
200900055985,9,11,10,2137,1,2,2,1.0,3,45234,M,4.0,0,45
200900055986,9,11,9,1629,1,2,2,1.0,4,45234,M,4.0,0,45
200900055987,9,11,12,310,5,2,1,1.0,6,45286,M,4.0,0,45
200900055988,9,11,12,1800,2,2,1,1.0,4,45302,M,4.0,0,45
200900055989,9,11,14,1708,2,2,2,1.0,3,45302,M,4.0,0,45
200900055990,9,11,17,1740,1,2,3,1.0,3,45232,M,4.0,0,45
200900055991,9,11,19,400,5,2,1,1.0,6,45234,M,4.0,0,45
200900055992,9,11,19,1047,1,2,1,1.0,2,45232,M,4.0,0,45
200900055993,9,11,21,1110,1,2,1,1.0,2,45075,M,4.0,0,45
200900055994,9,11,21,1405,1,2,1,1.0,3,45147,M,4.0,0,45
200900055995,9,11,25,740,2,2,1,1.0,6,45234,M,4.0,0,45
200900055996,9,11,26,1300,1,2,1,1.0,6,45234,M,4.0,0,45
200900055997,9,11,28,25,5,2,1,1.0,6,45234,M,4.0,0,45
200900055998,9,6,1,1315,1,1,1,1.0,3,77354,M,4.0,0,77
200900055999,9,6,1,1710,1,2,1,1.0,2,77108,M,,,77
200900056000,9,6,2,1415,1,2,3,1.0,6,77169,M,,,77
200900056001,9,6,2,1530,1,2,1,1.0,6,77131,M,,,77
200900056002,9,6,2,1700,1,2,1,1.0,6,77372,M,,,77
200900056003,9,6,2,1715,1,2,1,1.0,3,77042,M,,,77
200900056004,9,6,3,820,1,1,1,1.0,2,77169,M,4.0,0,77
200900056005,9,6,3,1235,1,2,1,1.0,3,77284,M,,,77
200900056006,9,6,4,645,1,2,1,1.0,6,77305,M,,,77
200900056007,9,6,4,805,1,1,1,1.0,2,77083,M,4.0,0,77
200900056008,9,6,4,1900,1,1,1,1.0,6,77264,M,4.0,0,77
200900056009,9,6,4,2005,1,2,3,1.0,3,77108,M,,,77
200900056010,9,6,5,855,1,2,1,1.0,6,77294,M,4.0,0,77
200900056011,9,6,5,1230,1,2,1,1.0,3,77131,M,,,77
200900056012,9,6,5,1515,1,1,1,1.0,1,77107,M,0.0,0,77
200900056013,9,6,6,830,1,1,1,3.0,7,77240,M,4.0,0,77
200900056014,9,6,6,1640,1,2,1,1.0,1,77121,M,,,77
200900056015,9,6,6,1925,1,2,3,1.0,3,77215,M,4.0,0,77
200900056016,9,6,7,2030,1,1,1,8.0,3,77070,M,,,77
200900056017,9,6,8,1025,1,1,1,1.0,2,77517,M,4.0,0,77
200900056018,9,6,8,1717,1,2,2,1.0,6,77288,M,,,77
200900056019,9,6,8,1915,1,1,1,3.0,7,77371,M,,,77
200900056020,9,6,9,5,3,1,1,2.0,6,77175,M,4.0,0,77
200900056021,9,6,9,855,1,1,1,2.0,4,77186,M,,,77
200900056022,9,6,9,1630,1,1,1,2.0,2,77384,M,4.0,0,77
200900056023,9,6,9,1800,1,1,1,1.0,5,77146,M,,,77
200900056024,9,6,9,1920,1,2,8,1.0,1,77320,M,,,77
200900056025,9,6,10,1700,1,1,2,2.0,3,77281,M,,,77
200900056026,9,6,10,1920,1,1,1,2.0,6,77175,M,4.0,0,77
200900056027,9,6,11,1845,1,1,1,1.0,7,77337,M,4.0,0,77
200900056028,9,6,12,1440,1,2,1,1.0,3,77284,M,,,77
200900056029,9,6,12,2013,1,1,1,1.0,2,77083,M,,,77
200900056030,9,6,12,2115,1,1,1,1.0,3,77373,M,4.0,0,77
200900056031,9,6,13,1510,1,2,3,7.0,7,77350,M,,,77
200900056032,9,6,14,900,1,1,1,7.0,6,77350,M,4.0,0,77
200900056033,9,6,14,940,1,1,1,1.0,7,77083,M,4.0,0,77
200900056034,9,6,15,654,1,1,1,3.0,7,77251,M,4.0,0,77
200900056035,9,6,15,1050,1,2,1,2.0,6,77337,M,,,77
200900056036,9,6,15,1145,1,1,1,3.0,7,77153,M,4.0,0,77
200900056037,9,6,15,1420,1,1,1,2.0,7,77495,M,4.0,0,77
200900056038,9,6,15,1700,1,1,1,2.0,6,77070,M,,,77
200900056039,9,6,15,2335,5,2,1,1.0,6,77114,M,,,77
200900056040,9,6,16,750,1,1,1,1.0,6,77251,M,4.0,0,77
200900056041,9,6,17,830,1,1,1,1.0,5,77337,M,4.0,0,77
200900056042,9,6,17,1220,1,2,1,1.0,2,77363,M,,,77
200900056043,9,6,17,1800,1,1,1,1.0,1,77069,M,0.0,0,77
200900056044,9,6,19,1215,1,2,1,1.0,1,77405,M,0.0,0,77
200900056045,9,6,19,1415,1,2,1,1.0,6,77445,M,,,77
200900056046,9,6,19,1705,1,2,3,1.0,3,77131,M,,,77
200900056047,9,1,2,1015,1,2,1,4.0,1,77058,M,,,77
200900056048,9,2,26,1705,1,1,9,1.0,7,77350,M,4.0,0,77
200900056049,9,11,4,630,2,1,1,9.0,6,43058,M,4.0,0,43
200900056050,9,11,3,715,2,1,1,2.0,1,43020,M,4.0,0,43
200900056051,9,11,5,1545,1,1,1,1.0,1,43058,M,4.0,0,43
200900056052,9,11,11,1700,2,1,1,9.0,3,43172,M,4.0,0,43
200900056053,9,11,8,1500,1,1,1,1.0,7,43124,M,0.0,0,43
200900056054,9,11,14,415,3,1,1,1.0,6,43137,M,0.0,0,43
200900056055,9,11,15,1730,2,1,1,8.0,6,43119,M,0.0,0,43
200900056056,9,11,22,315,3,1,1,1.0,7,43090,M,0.0,0,43
200900056057,9,11,9,1345,1,1,1,1.0,1,43078,M,4.0,0,43
200900056058,9,11,12,1915,3,1,1,1.0,6,43039,M,4.0,0,43
200900056059,9,11,13,1845,5,2,1,1.0,6,43268,M,0.0,0,43
200900056060,9,11,17,1715,1,1,1,1.0,5,43025,M,4.0,0,43
200900056061,9,11,24,1000,1,1,1,1.0,5,43152,M,4.0,0,43
200900056062,9,11,28,2000,3,1,1,1.0,5,43137,M,0.0,0,43
200900056063,9,11,6,410,5,2,1,8.0,6,43041,M,,,43
200900056064,9,6,24,740,1,2,2,7.0,6,77258,M,,,77
200900056065,9,6,13,1140,1,2,6,1.0,3,77083,M,,,77
200900056066,9,6,26,1950,1,2,1,7.0,6,77468,M,,,77
200900056067,9,6,30,815,1,1,2,1.0,3,77393,M,0.0,0,77
200900056068,9,6,15,1400,1,1,1,2.0,6,77311,M,0.0,0,77
200900056069,9,6,25,1745,1,1,1,1.0,2,77288,M,,,77
200900056070,9,6,30,1650,1,2,1,1.0,1,77407,M,,,77
200900056071,9,6,19,2025,1,2,1,1.0,6,77285,M,,,77
200900056072,9,6,30,100,3,2,1,1.0,7,77183,M,0.0,0,77
200900056073,9,6,27,345,3,1,1,1.0,2,77251,M,4.0,0,77
200900056074,9,6,25,815,1,1,1,1.0,1,77371,M,4.0,0,77
200900056075,9,6,30,1750,1,2,1,1.0,2,77070,M,,,77
200900056076,9,6,28,1610,1,2,2,1.0,3,77284,M,,,77
200900056077,9,6,27,30,3,2,1,1.0,7,77042,M,4.0,0,77
200900056078,9,6,29,1810,1,1,2,1.0,3,77186,M,,,77
200900056079,9,6,20,1800,1,1,1,1.0,3,77445,M,,,77
200900056080,9,6,7,315,5,2,6,1.0,3,77067,M,,,77
200900056081,9,6,24,254,5,2,6,1.0,6,77251,M,,,77
200900056082,9,6,26,2220,5,2,1,1.0,1,77251,M,,,77
200900056083,9,6,28,815,1,2,1,1.0,2,77296,M,,,77
200900056084,9,6,21,1945,1,2,3,1.0,1,77445,M,,,77
200900056085,9,6,22,1750,1,2,1,1.0,1,77108,M,,,77
200900056086,9,6,28,2115,1,1,1,1.0,7,77296,M,,,77
200900056087,9,6,27,1615,1,2,2,1.0,7,77108,M,,,77
200900056088,9,6,21,1215,1,2,1,1.0,7,77373,M,,,77
200900056089,9,7,12,2345,5,2,1,1.0,6,77257,M,0.0,0,77
200900056090,9,7,26,1500,1,1,1,1.0,1,77376,M,4.0,0,77
200900056091,9,7,24,215,3,1,1,8.0,1,77301,M,4.0,0,77
200900056092,9,7,3,1715,1,1,2,1.0,3,77077,M,0.0,0,77
200900056093,9,7,25,1800,1,2,2,1.0,7,77430,M,0.0,0,77
200900056094,9,7,3,1445,1,1,1,1.0,7,77216,M,0.0,0,77
200900056095,9,7,6,1115,1,1,1,1.0,7,77343,M,4.0,0,77
200900056096,9,7,13,2145,3,1,1,1.0,2,77344,M,4.0,0,77
200900056097,9,7,6,2300,3,1,1,1.0,6,77088,M,0.0,0,77
200900056098,9,7,17,1630,1,2,2,1.0,3,77100,M,0.0,0,77
200900056099,9,7,1,2000,1,1,2,1.0,3,77104,M,0.0,0,77
200900056100,9,7,17,1600,1,1,1,2.0,3,77476,M,4.0,0,77
200900056101,9,7,17,45,3,1,2,3.0,3,77460,M,0.0,0,77
200900056102,9,7,7,1930,2,1,1,2.0,7,77415,M,0.0,0,77
200900056103,9,7,23,930,1,2,1,1.0,1,77100,M,0.0,0,77
200900056104,9,7,21,800,1,1,2,1.0,3,77453,M,0.0,0,77
200900056105,9,7,27,1730,1,1,1,1.0,6,77240,M,4.0,0,77
200900056106,9,7,7,1653,1,2,6,8.0,5,77083,M,,,77
200900056107,9,7,3,1700,1,1,1,1.0,3,77111,M,,,77
200900056108,9,7,9,1730,1,2,3,1.0,3,77018,M,,,77
200900056109,9,7,14,1720,1,2,1,7.0,7,77146,M,,,77
200900056110,9,7,17,1525,1,2,2,1.0,7,77458,M,,,77
200900056111,9,7,9,735,1,2,3,1.0,6,77131,M,,,77
200900056112,9,7,11,820,1,1,1,1.0,7,77013,M,4.0,0,77
200900056113,9,7,10,1620,1,2,1,1.0,4,77320,M,,,77
200900056114,9,7,25,1755,1,1,1,1.0,3,77132,M,,,77
200900056115,9,7,16,1915,1,1,2,1.0,3,77400,M,,,77
200900056116,9,7,19,34,5,2,1,1.0,6,77371,M,,,77
200900056117,9,7,11,1625,1,1,1,1.0,7,77433,M,,,77
200900056118,9,7,24,1010,1,1,1,8.0,3,77371,M,4.0,0,77
200900056119,9,7,2,835,1,2,1,1.0,6,77514,M,,,77
200900056120,9,7,28,1815,1,2,1,7.0,7,77320,M,,,77
200900056121,9,7,4,1815,1,1,1,1.0,2,77131,M,,,77
200900056122,9,7,9,1815,1,2,9,1.0,3,77371,M,,,77
200900056123,9,7,14,1640,1,2,1,1.0,1,77320,M,,,77
200900056124,9,7,11,1705,1,2,1,1.0,2,77131,M,,,77
200900056125,9,7,5,1830,1,1,2,1.0,3,77384,M,,,77
200900056126,9,7,10,115,4,1,1,1.0,6,77114,M,,,77
200900056127,9,7,3,1800,1,2,1,1.0,6,77284,M,,,77
200900056128,9,7,24,1615,1,1,1,2.0,7,77226,M,4.0,0,77
200900056129,9,7,8,1800,1,1,1,1.0,1,77186,M,4.0,0,77
200900056130,9,7,26,1830,1,2,1,1.0,7,77188,M,,,77
200900056131,9,7,6,1957,1,1,1,1.0,7,77251,M,,,77
200900056132,9,7,15,1330,1,1,2,1.0,3,77186,M,,,77
200900056133,9,7,6,1900,1,2,3,1.0,3,77326,M,4.0,0,77
200900056134,9,7,8,1930,1,2,3,8.0,3,77284,M,,,77
200900056135,9,7,4,1305,1,2,1,1.0,6,77284,M,,,77
200900056136,9,7,18,1910,1,2,1,1.0,7,77053,M,,,77
200900056137,9,7,8,2030,1,1,1,1.0,6,77186,M,,,77
200900056138,9,7,31,1335,1,1,9,1.0,3,77459,M,4.0,0,77
200900056139,9,7,3,1310,1,2,1,1.0,6,77284,M,,,77
200900056140,9,7,4,1545,1,1,9,1.0,3,77048,M,,,77
200900056141,9,7,2,520,1,2,1,1.0,3,77284,M,,,77
200900056142,9,7,9,1155,1,2,2,1.0,3,77333,M,,,77
200900056143,9,7,28,1320,1,1,1,1.0,6,77258,M,4.0,0,77
200900056144,9,7,1,1910,1,1,1,1.0,7,77121,M,4.0,0,77
200900056145,9,7,24,1800,1,1,1,3.0,6,77175,M,4.0,0,77
200900056146,9,7,12,300,3,1,1,2.0,6,77121,M,4.0,0,77
200900056147,9,7,28,1740,1,1,1,1.0,4,77181,M,4.0,0,77
200900056148,9,7,9,1845,1,1,1,1.0,6,77249,M,4.0,0,77
200900056149,9,7,16,1600,1,1,1,1.0,3,77468,M,4.0,0,77
200900056150,9,7,23,730,1,1,1,3.0,1,77175,M,4.0,0,77
200900056151,9,7,8,1400,1,1,1,8.0,7,77175,M,4.0,0,77
200900056152,9,7,3,1720,1,1,1,1.0,4,77169,M,4.0,0,77
200900056153,9,7,15,1000,1,1,1,1.0,2,77169,M,4.0,0,77
200900056154,9,7,18,1710,1,1,1,1.0,7,77251,M,4.0,0,77
200900056155,9,7,10,1450,1,1,1,1.0,7,77363,M,4.0,0,77
200900056156,9,7,12,1100,1,1,1,2.0,6,77121,M,4.0,0,77
200900056157,9,7,16,2045,2,1,1,1.0,6,77373,M,4.0,0,77
200900056158,9,7,27,615,1,1,1,1.0,7,77517,M,4.0,0,77
200900056159,9,7,12,605,2,1,1,2.0,6,77337,M,4.0,0,77
200900056160,9,7,22,900,1,1,6,1.0,3,77374,M,,,77
200900056161,9,7,6,1315,1,2,1,1.0,3,77373,M,,,77
200900056162,9,8,23,120,5,2,1,1.0,6,92012,M,,,92
200900056163,9,7,7,810,1,2,1,1.0,3,92051,M,,,92
200900056164,9,11,2,1700,2,1,1,2.0,1,74019,M,4.0,0,74
200900056165,9,11,8,1345,1,1,1,8.0,6,74120,M,0.0,0,74
200900056166,9,11,13,1400,1,1,1,8.0,6,74106,M,4.0,0,74
200900056167,9,11,6,1515,1,2,1,1.0,2,74081,M,0.0,0,74
200900056168,9,11,13,1730,5,1,1,2.0,7,74003,M,0.0,0,74
200900056169,9,11,1,1130,1,2,1,1.0,1,74164,M,4.0,0,74
200900056170,9,11,26,915,1,1,1,1.0,2,74293,M,0.0,0,74
200900056171,9,11,5,745,1,1,1,1.0,7,74109,M,0.0,0,74
200900056172,9,11,11,1500,1,2,1,1.0,6,74055,M,0.0,0,74
200900056173,9,11,21,630,3,1,1,5.0,7,74145,M,0.0,0,74
200900056174,9,11,24,1215,1,2,1,2.0,1,74236,M,0.0,0,74
200900056175,9,11,11,115,3,1,1,1.0,6,74119,M,4.0,0,74
200900056176,9,11,7,1900,3,1,1,2.0,6,74106,M,0.0,0,74
200900056177,9,11,14,400,5,2,1,5.0,6,74105,M,4.0,0,74
200900056178,9,11,19,1830,5,1,1,1.0,1,74086,M,0.0,0,74
200900056179,9,11,6,1845,5,2,1,1.0,6,74183,M,4.0,0,74
200900056180,9,11,5,645,2,1,1,1.0,2,74021,M,0.0,0,74
200900056181,9,11,29,1230,1,2,1,1.0,1,74236,M,4.0,0,74
200900056182,9,11,15,730,2,1,1,1.0,6,74128,M,0.0,0,74
200900056183,9,11,16,900,1,1,1,8.0,4,74016,M,4.0,0,74
200900056184,9,11,18,1830,5,1,1,1.0,1,74081,M,0.0,0,74
200900056185,9,11,19,1900,5,2,1,8.0,3,74225,M,0.0,0,74
200900056186,9,11,21,500,5,2,1,1.0,7,74123,M,0.0,0,74
200900056187,9,11,22,1615,1,2,1,1.0,6,74081,M,0.0,0,74
200900056188,9,11,15,1645,1,1,1,1.0,1,74123,M,0.0,0,74
200900056189,9,11,19,650,5,2,1,1.0,3,74133,M,,,74
200900056190,9,11,19,1345,1,1,1,8.0,5,74128,M,0.0,0,74
200900056191,9,11,20,705,5,2,1,1.0,3,74298,M,,,74
200900056192,9,11,23,1730,5,1,8,8.0,1,74256,M,0.0,0,74
200900056193,9,11,26,1840,5,2,3,1.0,3,74012,M,,,74
200900056194,9,11,27,30,5,2,1,1.0,3,74012,M,,,74
200900056195,9,11,27,2130,5,2,3,1.0,5,74012,M,,,74
200900056196,9,11,28,1000,1,1,1,1.0,6,74312,M,4.0,0,74
200900056197,9,7,7,638,1,2,1,1.0,3,92051,M,,,92
200900056198,9,7,7,920,1,2,1,1.0,2,92051,M,,,92
200900056199,9,11,6,920,1,2,1,1.0,5,95680,M,4.0,0,95
200900056200,9,11,9,1800,2,2,2,1.0,3,95539,M,4.0,0,95
200900056201,9,11,11,2045,5,2,1,1.0,6,95585,M,4.0,0,95
200900056202,9,11,16,1650,2,2,1,1.0,6,95585,M,4.0,0,95
200900056203,9,11,24,1315,1,2,1,8.0,1,95585,M,4.0,0,95
200900056204,9,11,29,1350,1,2,1,8.0,6,95585,M,4.0,0,95
200900056205,9,9,4,1330,1,2,1,1.0,2,95268,M,4.0,0,95
200900056206,9,10,14,1432,1,2,1,2.0,3,95268,M,4.0,0,95
200900056207,9,12,4,1920,5,2,1,1.0,7,10387,M,,,10
200900056208,9,12,11,1510,1,2,2,1.0,3,10387,M,,,10
200900056209,9,12,8,955,1,2,4,1.0,1,10387,M,,,10
200900056210,9,12,9,515,3,1,1,1.0,7,10081,M,,,10
200900056211,9,12,14,1530,1,2,1,1.0,1,10343,M,,,10
200900056212,9,12,27,745,2,1,1,9.0,7,10296,M,0.0,0,10
200900056213,9,12,22,1615,1,1,2,8.0,3,10153,M,0.0,0,10
200900056214,9,12,24,1,3,1,1,1.0,6,10405,M,4.0,0,10
200900056215,9,12,5,1515,1,1,1,1.0,1,10298,M,0.0,0,10
200900056216,9,12,6,1815,5,2,1,3.0,1,10189,M,4.0,0,10
200900056217,9,12,27,2315,3,1,1,9.0,6,10008,M,4.0,0,10
200900056218,9,12,3,1700,4,2,1,2.0,6,10191,M,0.0,0,10
200900056219,9,12,31,1145,1,1,1,2.0,1,10035,M,4.0,0,10
200900056220,9,12,10,1515,1,2,2,1.0,3,10387,M,,,10
200900056221,9,12,23,2005,4,2,2,1.0,7,10387,M,,,10
200900056222,9,12,1,1245,1,2,7,1.0,3,10033,M,4.0,0,10
200900056223,9,12,8,1215,1,1,1,7.0,2,10063,M,4.0,0,10
200900056224,9,12,24,1715,3,1,1,1.0,4,10343,M,,,10