Num_Acc,an,mois,jour,hrmn,lum,agg,int,atm,col,com,gps,lat,long,dep
200900056991,9,8,4,1940,1,2,1,1.0,6,13208,M,,,13
200900056992,9,8,27,1330,1,2,1,1.0,3,13055,M,,,13
200900056993,9,8,26,1800,1,2,1,1.0,3,13209,M,,,13
200900056994,9,8,29,115,5,2,3,1.0,1,13055,M,,,13
200900056995,9,8,14,1515,1,2,1,1.0,1,13075,M,,,13
200900056996,9,8,1,745,1,2,3,1.0,3,13206,M,,,13
200900056997,9,8,9,1115,1,2,1,1.0,3,13055,M,,,13
200900056998,9,8,31,1755,1,2,6,1.0,2,13055,M,,,13
200900056999,9,8,14,2200,5,2,1,1.0,3,13206,M,,,13
200900057000,9,8,25,1020,1,2,9,1.0,6,13210,M,,,13
200900057001,9,8,14,940,1,2,1,1.0,6,13212,M,,,13
200900057002,9,8,17,300,3,1,1,1.0,6,13001,M,4.0,0,13
200900057003,9,8,11,1200,1,1,1,1.0,7,13004,M,,,13
200900057004,9,8,14,1725,1,1,1,1.0,2,13004,M,,,13
200900057005,9,8,18,1359,1,1,1,1.0,4,13055,M,4.0,0,13
200900057006,9,8,1,1225,1,2,1,1.0,6,13077,M,,,13
200900057007,9,8,10,1755,1,1,1,1.0,2,13055,M,4.0,0,13
200900057008,9,8,11,145,5,2,6,1.0,3,13028,M,4.0,0,13
200900057009,9,8,28,1200,1,2,1,1.0,3,13043,M,,,13
200900057010,9,8,28,2330,3,1,1,1.0,1,13108,M,,,13
200900057011,9,8,29,1220,1,1,1,1.0,3,13004,M,,,13
200900057012,9,8,20,1925,1,1,1,1.0,3,13001,M,,,13
200900057013,9,8,21,20,5,1,1,1.0,1,13001,M,4.0,0,13
200900057014,9,8,25,1145,1,1,1,1.0,3,13043,M,4.0,0,13
200900057015,9,8,27,1105,1,2,1,1.0,6,13054,M,,,13
200900057016,9,8,20,1255,1,2,1,1.0,3,13055,M,,,13
200900057017,9,8,28,1435,1,2,1,1.0,3,13055,M,,,13
200900057018,9,8,3,2030,2,2,1,1.0,6,13205,M,,,13
200900057019,9,8,19,2040,1,2,2,1.0,3,13212,M,,,13
200900057020,9,8,3,1630,1,2,1,1.0,6,13055,M,,,13
200900057021,9,8,31,2210,5,2,1,1.0,3,13211,M,,,13
200900057022,9,8,13,1015,1,2,1,1.0,2,13055,M,,,13
200900057023,9,8,22,1110,1,2,1,1.0,2,13055,M,,,13
200900057024,9,8,20,1225,1,2,1,1.0,3,13210,M,,,13
200900057025,9,8,11,1600,1,2,1,1.0,6,13213,M,,,13
200900057026,9,8,14,800,1,2,1,1.0,3,13055,M,,,13
200900057027,9,8,25,1435,1,2,1,1.0,3,13055,M,,,13
200900057028,9,8,6,1710,1,2,1,1.0,6,13214,M,,,13
200900057029,9,8,31,1605,1,2,1,1.0,3,13210,M,,,13
200900057030,9,8,6,1945,1,2,3,1.0,6,13211,M,,,13
200900057031,9,8,3,1200,1,2,2,1.0,3,13201,M,,,13
200900057032,9,8,12,2140,5,2,2,1.0,1,13202,M,,,13
200900057033,9,8,9,1200,1,2,1,1.0,7,13055,M,,,13
200900057034,9,8,17,1550,1,2,1,1.0,7,13201,M,,,13
200900057035,9,8,20,1725,1,2,1,1.0,2,13055,M,,,13
200900057036,9,8,26,1215,1,2,1,1.0,2,13208,M,,,13
200900057037,9,8,9,1130,1,2,1,1.0,2,13205,M,,,13
200900057038,9,8,18,1415,1,2,1,1.0,6,13205,M,,,13
200900057039,9,8,8,1045,1,2,1,1.0,4,13208,M,,,13
200900057040,9,8,9,1640,1,2,6,1.0,6,13216,M,,,13
200900057041,9,8,30,630,5,2,1,1.0,2,13214,M,,,13
200900057042,9,8,22,1900,1,1,1,1.0,7,13002,M,,,13
200900057043,9,8,17,1720,1,2,1,1.0,7,13203,M,,,13
200900057044,9,8,6,100,5,2,1,1.0,6,13055,M,,,13
200900057045,9,8,29,1030,1,2,1,1.0,2,13211,M,,,13
200900057046,9,8,7,1800,1,2,1,1.0,1,13205,M,,,13
200900057047,9,8,22,1205,1,2,1,1.0,6,13055,M,,,13
200900057048,9,8,10,1530,1,2,3,1.0,2,13075,M,,,13
200900057049,9,8,13,1230,1,2,1,1.0,3,13055,M,4.0,0,13
200900057050,9,8,11,745,1,2,9,1.0,6,13215,M,,,13
200900057051,9,8,10,1600,1,2,1,1.0,3,13213,M,,,13
200900057052,9,8,2,1400,1,2,1,1.0,6,13055,M,,,13
200900057053,9,8,3,230,5,2,1,1.0,1,13055,M,,,13
200900057054,9,8,16,1540,1,2,1,1.0,6,13055,M,4.0,0,13
200900057055,9,8,1,1745,1,2,2,1.0,3,13205,M,,,13
200900057056,9,8,5,1110,1,2,4,1.0,6,13210,M,,,13
200900057057,9,8,30,1830,1,2,3,1.0,3,13203,M,,,13
200900057058,9,8,31,1805,1,2,3,1.0,5,13055,M,,,13
200900057059,9,8,19,730,1,2,1,1.0,6,13211,M,,,13
200900057060,9,8,14,1830,1,2,3,1.0,3,13205,M,,,13
200900057061,9,8,19,1240,1,2,1,1.0,2,13055,M,,,13
200900057062,9,8,10,1440,1,2,3,1.0,3,13208,M,,,13
200900057063,9,8,12,2015,2,2,2,1.0,1,13203,M,,,13
200900057064,9,8,13,750,1,2,1,1.0,6,13204,M,,,13
200900057065,9,8,1,1125,1,2,1,1.0,3,13213,M,,,13
200900057066,9,8,13,1620,1,2,1,1.0,3,13075,M,4.0,0,13
200900057067,9,8,19,1540,1,2,1,1.0,3,13207,M,,,13
200900057068,9,8,21,1705,1,2,6,1.0,7,13055,M,,,13
200900057069,9,8,1,920,1,2,1,1.0,6,13055,M,,,13
200900057070,9,8,19,1740,1,2,2,1.0,3,13206,M,,,13
200900057071,9,8,16,1545,1,2,1,1.0,1,13202,M,,,13
200900057072,9,8,30,700,2,2,2,1.0,6,13055,M,,,13
200900057073,9,8,18,1,5,2,1,1.0,2,13055,M,,,13
200900057074,9,8,5,1610,1,2,1,1.0,2,13201,M,,,13
200900057075,9,8,17,1930,1,2,2,1.0,3,13055,M,,,13
200900057076,9,8,5,2115,5,2,2,1.0,6,13201,M,,,13
200900057077,9,8,26,1105,1,2,1,1.0,6,13055,M,,,13
200900057078,9,8,9,2010,1,2,1,1.0,3,13207,M,,,13
200900057079,9,8,19,1740,1,2,2,1.0,3,13205,M,,,13
200900057080,9,8,9,225,5,2,1,1.0,1,13201,M,,,13
200900057081,9,8,4,2245,4,2,2,1.0,3,13206,M,,,13
200900057082,9,8,19,1845,1,2,7,1.0,3,13203,M,,,13
200900057083,9,8,18,1745,1,2,1,1.0,2,13209,M,,,13
200900057084,9,8,18,2130,5,2,1,1.0,7,13055,M,,,13
200900057085,9,8,15,1800,1,2,1,1.0,2,13202,M,,,13
200900057086,9,8,2,130,5,2,2,1.0,3,13207,M,,,13
200900057087,9,8,29,1830,1,2,1,1.0,6,13214,M,,,13
200900057088,9,8,22,1210,1,2,3,1.0,3,13204,M,,,13
200900057089,9,8,26,1600,1,2,6,1.0,2,13055,M,,,13
200900057090,9,8,16,1430,1,2,1,1.0,3,13055,M,,,13
200900057091,9,8,27,1400,1,2,1,1.0,1,13205,M,,,13
200900057092,9,8,28,1815,1,2,1,1.0,1,13055,M,,,13
200900057093,9,8,23,1715,1,2,3,1.0,2,13203,M,,,13
200900057094,9,8,17,5,5,2,1,1.0,2,13208,M,,,13
200900057095,9,8,10,1730,1,2,1,1.0,4,13055,M,,,13
200900057096,9,8,19,2145,5,2,4,1.0,3,13055,M,,,13
200900057097,9,8,10,1200,1,2,1,1.0,6,13209,M,,,13
200900057098,9,8,29,1730,1,2,1,1.0,1,13055,M,,,13
200900057099,9,8,1,2010,1,2,1,1.0,6,13055,M,,,13
200900057100,9,8,17,2245,5,2,2,1.0,3,13205,M,,,13
200900057101,9,8,19,945,1,2,1,1.0,7,13204,M,,,13
200900057102,9,8,4,1730,1,2,3,1.0,3,13209,M,,,13
200900057103,9,8,19,130,5,2,1,1.0,7,13055,M,,,13
200900057104,9,8,19,2150,5,2,1,1.0,4,13212,M,,,13
200900057105,9,8,23,1450,1,2,2,1.0,3,13207,M,,,13
200900057106,9,8,28,1230,1,2,1,1.0,6,13208,M,,,13
200900057107,9,8,17,1400,1,2,1,1.0,3,13214,M,,,13
200900057108,9,8,5,1745,1,2,1,1.0,6,13055,M,4.0,0,13
200900057109,9,8,9,2305,5,2,1,1.0,7,13055,M,4.0,0,13
200900057110,9,8,8,1615,1,2,1,1.0,2,13055,M,,,13
200900057111,9,8,13,1950,1,2,1,1.0,2,13055,M,4.0,0,13
200900057112,9,8,6,945,1,2,6,1.0,3,13055,M,,,13
200900057113,9,8,17,1700,1,2,1,1.0,3,13055,M,,,13
200900057114,9,8,9,1430,1,2,1,1.0,2,13214,M,,,13
200900057115,9,8,18,1505,1,2,1,1.0,3,13208,M,,,13
200900057116,9,8,15,2130,5,2,2,1.0,2,13213,M,,,13
200900057117,9,8,23,1630,1,2,1,1.0,3,13215,M,,,13
200900057118,9,8,30,1840,1,2,2,1.0,3,13206,M,,,13
200900057119,9,8,18,1815,1,2,1,1.0,3,13055,M,,,13
200900057120,9,8,13,1428,1,2,6,1.0,3,13205,M,,,13
200900057121,9,8,26,1500,1,2,1,1.0,1,13205,M,,,13
200900057122,9,8,6,940,1,2,3,1.0,3,13208,M,,,13
200900057123,9,8,28,1745,1,2,1,1.0,4,13055,M,4.0,0,13
200900057124,9,8,27,1720,1,2,1,1.0,3,13055,M,4.0,0,13
200900057125,9,8,1,2345,5,2,3,1.0,3,13214,M,,,13
200900057126,9,8,11,850,1,2,1,2.0,3,13214,M,,,13
200900057127,9,8,29,315,5,2,1,1.0,6,13205,M,,,13
200900057128,9,8,6,1115,1,2,1,1.0,3,13055,M,,,13
200900057129,9,8,20,840,1,2,1,1.0,6,13209,M,,,13
200900057130,9,8,12,800,1,2,1,1.0,6,13208,M,,,13
200900057131,9,8,6,1715,1,2,1,1.0,2,13055,M,,,13
200900057132,9,8,15,1315,1,2,2,1.0,3,13209,M,,,13
200900057133,9,8,29,2050,2,2,1,1.0,6,13201,M,,,13
200900057134,9,8,29,2015,1,2,1,1.0,5,13213,M,,,13
200900057135,9,8,7,1545,1,2,1,1.0,6,13203,M,,,13
200900057136,9,8,3,1530,1,2,3,1.0,3,13201,M,,,13
200900057137,9,8,10,2135,5,2,1,1.0,1,13207,M,,,13
200900057138,9,8,17,1400,1,2,2,1.0,3,13055,M,,,13
200900057139,9,8,29,1415,1,2,1,1.0,6,13215,M,,,13
200900057140,9,8,10,815,1,2,3,1.0,5,13201,M,,,13
200900057141,9,8,14,2000,1,2,1,1.0,1,13055,M,4.0,0,13
200900057142,9,8,5,1410,1,2,3,1.0,6,13209,M,,,13
200900057143,9,8,8,140,5,2,1,1.0,7,13211,M,,,13
200900057144,9,8,5,1610,1,2,3,1.0,3,13204,M,,,13
200900057145,9,8,31,2330,5,2,1,1.0,1,13211,M,,,13
200900057146,9,8,5,2330,5,2,1,1.0,6,13055,M,,,13
200900057147,9,8,28,1845,1,2,1,1.0,6,13213,M,,,13
200900057148,9,8,4,1830,1,2,2,1.0,3,13205,M,,,13
200900057149,9,8,11,245,5,2,1,1.0,6,13055,M,4.0,0,13
200900057150,9,8,19,1100,1,2,1,1.0,6,13055,M,,,13
200900057151,9,8,19,2335,5,2,1,1.0,1,13211,M,,,13
200900057152,9,8,9,1705,1,2,1,1.0,2,13205,M,,,13
200900057153,9,8,14,2230,5,2,1,1.0,1,13055,M,,,13
200900057154,9,8,22,130,5,2,1,1.0,7,13055,M,4.0,0,13
200900057155,9,8,9,1530,1,2,1,1.0,3,13216,M,,,13
200900057156,9,8,8,1130,1,2,3,1.0,6,13055,M,,,13
200900057157,9,8,12,1745,1,2,1,1.0,7,13215,M,,,13
200900057158,9,8,2,200,5,2,1,1.0,6,13055,M,,,13
200900057159,9,8,17,2025,2,2,1,1.0,6,13210,M,,,13
200900057160,9,8,11,1630,1,2,1,1.0,1,13055,M,,,13
200900057161,9,8,31,1545,1,2,7,1.0,2,13055,M,,,13
200900057162,9,8,6,1755,1,2,1,1.0,6,13210,M,,,13
200900057163,9,8,12,1415,1,2,1,1.0,2,13207,M,,,13
200900057164,9,8,31,2005,2,2,2,1.0,3,13055,M,,,13
200900057165,9,8,18,1140,1,2,1,1.0,6,13208,M,,,13
200900057166,9,8,11,1915,1,2,1,1.0,6,13209,M,,,13
200900057167,9,8,9,2300,5,2,2,1.0,3,13203,M,,,13
200900057168,9,8,20,1945,2,2,1,1.0,6,13210,M,,,13
200900057169,9,8,19,1645,1,2,3,1.0,3,13203,M,,,13
200900057170,9,8,10,1220,1,2,1,1.0,6,13204,M,,,13
200900057171,9,8,5,1850,1,2,1,1.0,6,13209,M,,,13
200900057172,9,8,21,1030,1,2,2,1.0,3,13055,M,,,13
200900057173,9,8,18,1315,1,2,2,1.0,2,13214,M,,,13
200900057174,9,8,23,420,5,2,1,1.0,2,13055,M,,,13
200900057175,9,8,21,20,5,2,3,1.0,7,13212,M,,,13
200900057176,9,8,19,905,1,2,1,1.0,6,13212,M,,,13
200900057177,9,8,24,1230,1,2,1,1.0,2,13055,M,,,13
200900057178,9,8,4,1600,1,2,1,1.0,2,13213,M,,,13
200900057179,9,8,13,1445,1,2,1,1.0,1,13212,M,,,13
200900057180,9,9,26,1625,1,1,1,2.0,4,13015,M,4.0,0,13
200900057181,9,9,20,30,3,1,1,1.0,2,13071,M,4.0,0,13
200900057182,9,9,1,1030,1,1,1,1.0,4,13071,M,4.0,0,13
200900057183,9,9,11,1305,1,1,1,1.0,7,13055,M,4.0,0,13
200900057184,9,9,20,100,4,1,1,8.0,6,13055,M,4.0,0,13
200900057185,9,9,29,1015,1,1,1,1.0,2,13055,M,4.0,0,13
200900057186,9,9,7,950,1,1,1,1.0,5,13055,M,4.0,0,13
200900057187,9,9,15,221,3,1,1,1.0,6,13001,M,4.0,0,13
200900057188,9,9,16,1150,1,1,1,2.0,6,13056,M,4.0,0,13
200900057189,9,9,17,1350,1,1,1,1.0,2,13055,M,4.0,0,13
200900057190,9,9,6,2030,4,1,1,1.0,4,13055,M,4.0,0,13
200900057191,9,9,19,2042,3,1,1,3.0,3,13026,M,4.0,0,13
200900057192,9,9,18,1945,3,1,1,6.0,5,13071,M,,,13
200900057193,9,9,15,750,2,1,1,1.0,3,13055,M,4.0,0,13
200900057194,9,9,19,1830,2,1,1,1.0,4,13055,M,4.0,0,13
200900057195,9,9,16,1915,1,1,1,1.0,4,13019,M,4.0,0,13
200900057196,9,9,16,1638,1,1,1,1.0,3,13106,M,4.0,0,13
200900057197,9,9,18,1800,1,1,1,2.0,4,13070,M,4.0,0,13
200900057198,9,9,10,920,1,1,1,1.0,4,13055,M,4.0,0,13
200900057199,9,9,9,1956,5,1,1,1.0,2,13055,M,4.0,0,13
200900057200,9,9,2,1520,1,1,1,1.0,2,13106,M,4.0,0,13
200900057201,9,9,16,1540,1,1,1,1.0,4,13055,M,4.0,0,13
200900057202,9,9,28,1525,1,1,1,1.0,5,13055,M,4.0,0,13
200900057203,9,9,18,1809,1,1,1,3.0,4,13055,M,4.0,0,13
200900057204,9,9,25,1715,1,1,1,1.0,3,13055,M,4.0,0,13
200900057205,9,9,10,1800,1,1,1,1.0,3,13055,M,4.0,0,13
200900057206,9,9,2,1800,1,1,1,1.0,7,13055,M,,,13
200900057207,9,9,2,1915,1,1,1,1.0,2,13055,M,4.0,0,13
200900057208,9,9,22,1803,1,1,1,1.0,7,13005,M,4.0,0,13
200900057209,9,9,27,310,3,1,1,1.0,6,13001,M,4.0,0,13
200900057210,9,9,19,925,1,1,1,2.0,6,13071,M,4.0,0,13
200900057211,9,9,18,900,1,1,1,3.0,4,13005,M,4.0,0,13
200900057212,9,9,14,850,1,1,1,1.0,7,13070,M,4.0,0,13
200900057213,9,9,6,2155,3,1,1,1.0,7,13063,M,,,13
200900057214,9,9,30,1730,1,1,1,1.0,1,13047,M,,,13
200900057215,9,9,9,1705,1,2,9,1.0,3,13063,M,,,13
200900057216,9,9,16,2105,5,2,3,1.0,6,13063,M,,,13
200900057217,9,9,3,855,1,1,1,1.0,2,13098,M,4.0,0,13
200900057218,9,9,30,1515,1,2,3,1.0,3,13039,M,,,13
200900057219,9,9,3,1005,1,1,1,1.0,3,13047,M,,,13
200900057220,9,9,3,900,1,1,1,1.0,2,13056,M,,,13
200900057221,9,9,26,1910,5,2,1,1.0,2,13056,M,,,13
200900057222,9,9,14,2155,5,2,3,1.0,3,13056,M,,,13
200900057223,9,9,30,930,1,1,2,1.0,3,13063,M,,,13
200900057224,9,9,4,1850,1,2,1,1.0,6,13005,M,,,13
200900057225,9,9,30,1455,1,2,1,1.0,2,13047,M,,,13
200900057226,9,9,17,1630,1,2,1,1.0,1,13005,M,,,13
200900057227,9,9,20,445,3,1,1,1.0,3,13019,M,4.0,0,13
200900057228,9,9,5,1545,1,2,1,1.0,6,13055,M,,,13
200900057229,9,9,5,1830,1,2,1,1.0,2,13055,M,,,13
200900057230,9,9,15,1125,1,2,1,2.0,5,13055,M,,,13
200900057231,9,9,14,1920,1,2,1,1.0,6,13201,M,,,13
200900057232,9,9,6,520,5,2,1,1.0,2,13209,M,,,13
200900057233,9,9,6,2120,5,2,1,1.0,6,13211,M,,,13
200900057234,9,9,4,745,1,2,1,1.0,6,13055,M,,,13
200900057235,9,9,25,1815,1,2,1,1.0,6,13055,M,,,13
200900057236,9,9,13,840,1,2,1,1.0,7,13214,M,,,13
200900057237,9,9,9,1145,1,2,1,1.0,6,13204,M,,,13
200900057238,9,9,17,1655,1,2,1,1.0,6,13206,M,,,13
200900057239,9,9,29,2005,5,2,2,1.0,3,13055,M,,,13
200900057240,9,9,13,1515,1,2,1,1.0,6,13201,M,,,13
200900057241,9,9,27,1630,1,2,1,1.0,1,13214,M,,,13
200900057242,9,9,11,1920,2,2,3,1.0,3,13210,M,,,13
200900057243,9,9,18,1320,1,2,1,1.0,2,13204,M,,,13
200900057244,9,9,11,1345,1,2,2,1.0,3,13205,M,,,13
200900057245,9,9,10,605,5,2,1,1.0,3,13208,M,,,13
200900057246,9,9,13,300,5,2,1,1.0,6,13213,M,,,13
200900057247,9,9,11,1730,1,2,1,1.0,3,13055,M,,,13
200900057248,9,9,5,1640,1,2,3,1.0,3,13055,M,,,13
200900057249,9,9,12,1840,1,2,1,1.0,3,13055,M,,,13
200900057250,9,9,13,1745,1,2,1,1.0,6,13055,M,,,13
200900057251,9,9,10,1805,1,2,1,1.0,1,13215,M,,,13
200900057252,9,9,23,1810,1,2,1,1.0,3,13055,M,,,13
200900057253,9,9,12,1900,1,2,1,1.0,2,13055,M,,,13
200900057254,9,9,17,730,1,2,1,1.0,3,13055,M,,,13
200900057255,9,9,21,1245,1,2,3,1.0,1,13211,M,,,13
200900057256,9,9,15,1110,1,2,1,2.0,7,13212,M,,,13
200900057257,9,9,28,1600,1,2,1,1.0,6,13213,M,,,13
200900057258,9,9,4,1700,1,2,1,1.0,3,13208,M,,,13
200900057259,9,9,22,1715,1,2,1,1.0,6,13212,M,,,13
200900057260,9,9,16,2045,2,2,1,1.0,6,13213,M,,,13
200900057261,9,9,23,1630,1,2,1,1.0,6,13210,M,,,13
200900057262,9,9,20,230,5,2,1,1.0,6,13205,M,,,13
200900057263,9,9,7,1130,1,2,2,1.0,6,13055,M,,,13
200900057264,9,9,23,820,1,2,1,1.0,3,13211,M,,,13
200900057265,9,9,6,1500,1,2,1,1.0,6,13208,M,,,13
200900057266,9,9,25,1100,1,2,1,1.0,2,13204,M,,,13
200900057267,9,9,16,1115,1,2,1,8.0,3,13215,M,,,13
200900057268,9,9,8,1355,1,2,1,1.0,3,13055,M,,,13
200900057269,9,9,23,1730,1,2,1,1.0,2,13213,M,,,13
200900057270,9,9,22,1140,1,2,1,1.0,1,13201,M,,,13
200900057271,9,9,6,530,5,2,1,1.0,3,13207,M,,,13
200900057272,9,9,3,1025,1,2,1,1.0,7,13055,M,,,13
200900057273,9,9,21,1910,1,2,1,1.0,6,13201,M,,,13
200900057274,9,9,27,545,5,2,1,1.0,2,13055,M,,,13
200900057275,9,9,11,2200,5,2,2,1.0,2,13206,M,,,13
200900057276,9,9,28,800,1,2,1,1.0,6,13055,M,,,13
200900057277,9,9,15,1230,1,2,1,2.0,6,13055,M,,,13
200900057278,9,9,11,1115,1,2,1,1.0,3,13209,M,,,13
200900057279,9,9,25,1425,1,2,1,1.0,3,13203,M,,,13
200900057280,9,9,26,20,3,2,3,1.0,2,13210,M,,,13
200900057281,9,9,29,2000,5,2,1,1.0,2,13216,M,,,13
200900057282,9,9,9,1630,1,2,1,1.0,2,13209,M,,,13
200900057283,9,9,13,1720,1,2,1,1.0,6,13055,M,,,13
200900057284,9,9,29,1850,1,2,1,1.0,6,13214,M,,,13
200900057285,9,9,5,820,1,2,2,1.0,3,13201,M,,,13
200900057286,9,9,10,805,1,2,1,1.0,6,13204,M,,,13
200900057287,9,9,6,1920,1,2,1,1.0,6,13207,M,,,13
200900057288,9,9,4,1350,1,2,1,1.0,6,13208,M,,,13
200900057289,9,9,17,1600,1,2,1,1.0,3,13208,M,,,13
200900057290,9,9,15,2300,5,2,3,2.0,3,13055,M,4.0,0,13
200900057291,9,9,14,1601,1,2,1,1.0,6,13002,M,,,13
200900057292,9,9,3,1545,1,2,1,1.0,3,13204,M,,,13
200900057293,9,9,23,1220,1,2,1,1.0,3,13055,M,,,13
200900057294,9,9,7,845,1,2,1,1.0,6,13055,M,,,13
200900057295,9,9,28,1120,1,2,2,1.0,3,13206,M,,,13
200900057296,9,9,20,1000,1,2,1,1.0,7,13203,M,,,13
200900057297,9,9,26,1945,5,2,3,1.0,5,13203,M,,,13
200900057298,9,9,7,1900,1,2,1,1.0,2,13210,M,,,13
200900057299,9,9,2,2000,5,2,1,1.0,6,13055,M,,,13
200900057300,9,9,27,1640,1,2,3,1.0,3,13055,M,,,13
200900057301,9,9,10,735,1,2,6,1.0,3,13055,M,,,13
200900057302,9,9,27,2040,5,2,1,1.0,3,13210,M,,,13
200900057303,9,9,24,810,1,2,1,1.0,3,13211,M,,,13
200900057304,9,9,7,1200,1,2,1,1.0,3,13207,M,,,13
200900057305,9,9,1,800,1,2,1,1.0,2,13211,M,,,13
200900057306,9,9,9,820,1,2,1,1.0,2,13211,M,,,13
200900057307,9,9,30,1700,1,2,6,1.0,6,13055,M,,,13
200900057308,9,9,21,2315,5,2,1,1.0,6,13209,M,,,13
200900057309,9,9,14,1615,1,2,2,1.0,3,13055,M,,,13
200900057310,9,9,13,1500,1,2,1,1.0,3,13208,M,,,13
200900057311,9,9,15,1540,1,2,1,2.0,7,13212,M,,,13
200900057312,9,9,27,1900,5,2,1,1.0,7,13055,M,,,13
200900057313,9,9,28,1145,1,2,1,1.0,6,13213,M,,,13
200900057314,9,9,3,2230,5,2,1,1.0,6,13055,M,4.0,0,13
200900057315,9,9,19,900,1,2,1,3.0,7,13055,M,4.0,0,13
200900057316,9,9,18,825,1,2,1,2.0,6,13215,M,,,13
200900057317,9,9,5,2225,5,2,1,1.0,3,13204,M,,,13
200900057318,9,9,25,1750,1,2,1,1.0,6,13206,M,,,13
200900057319,9,9,21,1710,1,2,1,1.0,3,13055,M,,,13
200900057320,9,9,22,155,5,2,1,1.0,6,13210,M,,,13
200900057321,9,9,15,950,1,2,1,1.0,6,13210,M,,,13
200900057322,9,9,9,1,5,2,3,1.0,3,13205,M,,,13
200900057323,9,9,16,1805,1,2,1,1.0,1,13211,M,,,13
200900057324,9,9,8,705,1,2,6,1.0,3,13203,M,,,13
200900057325,9,9,2,750,1,2,1,1.0,3,13055,M,,,13
200900057326,9,9,17,1100,1,2,2,1.0,6,13209,M,,,13
200900057327,9,9,9,1230,1,2,1,1.0,3,13055,M,,,13
200900057328,9,9,1,1000,1,2,3,1.0,3,13201,M,,,13
200900057329,9,9,14,1530,1,2,1,1.0,6,13055,M,,,13
200900057330,9,9,11,1530,1,2,1,1.0,3,13215,M,,,13
200900057331,9,9,19,1520,1,2,1,2.0,1,13055,M,,,13
200900057332,9,9,12,1320,1,2,3,1.0,3,13055,M,,,13
200900057333,9,9,3,15,3,2,4,1.0,1,13210,M,,,13
200900057334,9,9,3,2015,5,2,2,1.0,3,13206,M,,,13
200900057335,9,9,30,1945,5,2,1,1.0,1,13209,M,,,13
200900057336,9,9,5,950,1,2,3,1.0,6,13055,M,,,13
200900057337,9,9,29,900,1,2,1,1.0,3,13215,M,,,13
200900057338,9,9,17,1400,1,2,1,1.0,6,13208,M,,,13
200900057339,9,9,20,1815,1,2,1,1.0,3,13206,M,,,13
200900057340,9,9,20,830,1,2,3,8.0,3,13055,M,,,13
200900057341,9,9,23,2245,5,2,1,1.0,7,13075,M,4.0,0,13
200900057342,9,9,25,800,1,2,3,1.0,3,13055,M,,,13
200900057343,9,9,25,1620,1,2,2,1.0,3,13201,M,,,13
200900057344,9,9,9,1650,1,2,1,1.0,6,13055,M,,,13
200900057345,9,9,10,1200,1,2,1,1.0,7,13205,M,,,13
200900057346,9,9,4,1350,1,2,1,1.0,3,13206,M,,,13
200900057347,9,9,2,1830,1,2,1,1.0,3,13212,M,,,13
200900057348,9,9,3,1545,1,2,1,1.0,6,13203,M,,,13
200900057349,9,9,26,1055,1,2,1,1.0,7,13210,M,,,13
200900057350,9,9,21,2105,5,2,1,1.0,6,13214,M,,,13
200900057351,9,9,11,1550,1,2,2,1.0,3,13213,M,,,13
200900057352,9,9,10,1410,1,2,1,1.0,6,13206,M,,,13
200900057353,9,9,25,1830,1,2,1,1.0,3,13210,M,,,13
200900057354,9,9,17,1710,1,2,1,1.0,7,13205,M,,,13
200900057355,9,9,17,1245,1,2,2,1.0,4,13211,M,,,13
200900057356,9,9,2,1745,1,2,2,1.0,3,13213,M,,,13
200900057357,9,9,29,2214,5,2,3,1.0,1,13055,M,,,13
200900057358,9,9,7,730,1,2,3,1.0,3,13055,M,,,13
200900057359,9,9,29,1440,1,2,1,1.0,2,13208,M,,,13
200900057360,9,9,13,50,5,2,1,1.0,6,13206,M,,,13
200900057361,9,9,17,1020,1,2,1,1.0,4,13207,M,,,13
200900057362,9,9,1,1820,1,2,1,1.0,3,13208,M,,,13
200900057363,9,9,15,815,1,2,2,1.0,3,13208,M,,,13
200900057364,9,9,22,1810,1,2,1,1.0,3,13210,M,,,13
200900057365,9,9,29,1730,1,2,1,1.0,2,13055,M,,,13
200900057366,9,9,7,1050,1,2,3,1.0,3,13204,M,,,13
200900057367,9,9,4,1255,1,2,1,1.0,3,13055,M,,,13
200900057368,9,9,27,1200,1,2,1,1.0,6,13055,M,,,13
200900057369,9,9,1,1120,1,2,1,1.0,6,13201,M,,,13
200900057370,9,9,26,1610,1,2,6,1.0,3,13208,M,,,13
200900057371,9,9,10,1,5,2,1,1.0,3,13206,M,,,13
200900057372,9,9,28,1105,1,2,1,1.0,6,13210,M,,,13
200900057373,9,9,18,1440,1,2,9,2.0,6,13055,M,,,13
200900057374,9,9,15,2030,5,2,3,3.0,2,13055,M,,,13
200900057375,9,9,27,1700,1,2,1,1.0,3,13055,M,,,13
200900057376,9,9,17,1800,1,2,1,1.0,6,13055,M,,,13
200900057377,9,9,3,2140,5,2,1,1.0,2,13055,M,,,13
200900057378,9,9,9,1630,1,2,1,1.0,6,13210,M,,,13
200900057379,9,9,13,310,5,2,1,1.0,6,13055,M,,,13
200900057380,9,9,12,1515,1,2,1,1.0,5,13209,M,,,13
200900057381,9,9,9,1740,1,2,1,1.0,6,13055,M,,,13
200900057382,9,9,19,1915,2,2,1,1.0,6,13055,M,4.0,0,13
200900057383,9,9,13,1645,1,2,3,1.0,1,13055,M,,,13