Num_Acc,an,mois,jour,hrmn,lum,agg,int,atm,col,com,gps,lat,long,dep
200900057762,9,10,20,1000,1,2,6,1.0,7,13208,M,,,13
200900057763,9,10,28,645,2,2,1,1.0,3,13055,M,,,13
200900057764,9,10,26,730,1,2,1,1.0,6,13212,M,,,13
200900057765,9,10,13,1750,1,2,1,1.0,2,13055,M,,,13
200900057766,9,10,28,1415,1,2,2,1.0,6,13203,M,,,13
200900057767,9,10,2,1930,2,2,1,1.0,3,13208,M,,,13
200900057768,9,10,12,745,2,2,3,1.0,6,13209,M,,,13
200900057769,9,10,6,1050,1,2,1,1.0,1,13209,M,,,13
200900057770,9,10,6,315,5,2,3,1.0,3,13204,M,,,13
200900057771,9,10,17,2100,4,2,1,2.0,6,13055,M,,,13
200900057772,9,10,23,1200,1,2,3,1.0,3,13055,M,,,13
200900057773,9,10,8,1245,1,2,2,1.0,6,13204,M,,,13
200900057774,9,10,25,700,1,2,5,1.0,3,13209,M,,,13
200900057775,9,10,19,900,1,2,1,1.0,6,13055,M,,,13
200900057776,9,10,15,1445,1,2,3,1.0,3,13055,M,,,13
200900057777,9,10,15,2045,5,2,1,1.0,2,13205,M,,,13
200900057778,9,10,19,1045,1,2,3,1.0,3,13055,M,,,13
200900057779,9,10,9,1230,1,2,1,1.0,3,13055,M,,,13
200900057780,9,10,6,1600,1,2,3,1.0,3,13055,M,,,13
200900057781,9,10,28,1115,1,2,9,1.0,3,13055,M,,,13
200900057782,9,10,28,1500,1,2,2,1.0,3,13207,M,,,13
200900057783,9,10,5,915,1,2,1,1.0,3,13207,M,,,13
200900057784,9,10,22,1919,2,2,1,3.0,5,13055,M,,,13
200900057785,9,10,21,2250,5,2,3,3.0,3,13211,M,,,13
200900057786,9,10,20,1130,1,2,2,1.0,7,13201,M,,,13
200900057787,9,10,7,1430,1,2,1,1.0,7,13201,M,,,13
200900057788,9,10,4,345,5,2,2,1.0,3,13055,M,,,13
200900057789,9,10,9,1115,1,2,1,1.0,1,13206,M,,,13
200900057790,9,10,2,750,1,2,9,1.0,3,13055,M,,,13
200900057791,9,10,23,810,1,2,3,1.0,3,13209,M,,,13
200900057792,9,10,14,2320,5,2,1,1.0,1,13208,M,,,13
200900057793,9,10,21,1450,1,2,2,2.0,3,13214,M,,,13
200900057794,9,10,6,835,1,2,1,1.0,6,13203,M,,,13
200900057795,9,10,15,1835,2,2,2,1.0,6,13055,M,,,13
200900057796,9,10,5,1200,1,2,1,1.0,3,13210,M,,,13
200900057797,9,10,2,815,1,2,1,1.0,2,13215,M,,,13
200900057798,9,10,2,1345,1,2,1,1.0,1,13211,M,,,13
200900057799,9,10,15,1830,2,2,1,1.0,3,13213,M,,,13
200900057800,9,10,28,1000,1,2,1,1.0,6,13203,M,,,13
200900057801,9,10,6,1600,1,2,1,1.0,3,13201,M,,,13
200900057802,9,10,16,1205,1,2,1,1.0,6,13055,M,,,13
200900057803,9,10,26,2000,5,2,3,1.0,3,13055,M,,,13
200900057804,9,10,2,1640,1,2,1,1.0,2,13055,M,4.0,0,13
200900057805,9,10,3,420,5,2,1,1.0,7,13206,M,,,13
200900057806,9,10,13,2300,5,2,1,1.0,6,13002,M,,,13
200900057807,9,10,14,900,1,2,1,1.0,7,13055,M,,,13
200900057808,9,10,24,2100,5,2,1,1.0,7,13055,M,,,13
200900057809,9,10,7,2045,5,2,3,1.0,1,13210,M,,,13
200900057810,9,10,6,1755,2,2,1,1.0,1,13055,M,,,13
200900057811,9,10,20,1730,1,2,1,2.0,6,13055,M,,,13
200900057812,9,10,3,1910,1,2,1,1.0,6,13201,M,,,13
200900057813,9,10,27,1850,5,2,1,1.0,6,13208,M,,,13
200900057814,9,10,26,1700,2,2,1,1.0,6,13210,M,,,13
200900057815,9,10,28,1545,1,2,1,1.0,2,13055,M,,,13
200900057816,9,10,3,1800,1,2,1,1.0,6,13201,M,,,13
200900057817,9,10,7,1330,1,2,1,1.0,3,13210,M,,,13
200900057818,9,10,21,1910,5,2,1,2.0,6,13216,M,,,13
200900057819,9,10,14,1000,1,2,1,1.0,3,13206,M,,,13
200900057820,9,10,15,2100,5,2,1,1.0,6,13211,M,,,13
200900057821,9,10,1,1030,1,2,1,1.0,6,13055,M,,,13
200900057822,9,10,16,905,1,2,1,1.0,3,13209,M,,,13
200900057823,9,10,3,1440,1,2,1,1.0,3,13213,M,,,13
200900057824,9,10,26,915,1,2,6,1.0,6,13055,M,,,13
200900057825,9,10,16,1100,1,2,2,1.0,3,13202,M,,,13
200900057826,9,10,2,1520,1,2,1,1.0,3,13055,M,4.0,0,13
200900057827,9,10,26,1930,5,2,1,1.0,6,13055,M,,,13
200900057828,9,10,12,730,2,2,1,1.0,3,13055,M,,,13
200900057829,9,10,2,1715,1,2,1,1.0,2,13055,M,,,13
200900057830,9,10,26,1640,1,2,1,1.0,5,13208,M,,,13
200900057831,9,10,28,1230,1,2,1,1.0,6,13055,M,,,13
200900057832,9,10,24,935,1,2,1,1.0,3,13208,M,,,13
200900057833,9,10,7,710,2,2,1,1.0,6,13055,M,,,13
200900057834,9,10,15,1600,2,2,1,1.0,6,13202,M,,,13
200900057835,9,10,14,1215,1,2,1,1.0,2,13206,M,,,13
200900057836,9,10,18,1845,5,2,1,1.0,3,13204,M,,,13
200900057837,9,10,7,1700,1,2,1,1.0,1,13209,M,,,13
200900057838,9,10,9,710,2,2,1,8.0,6,13209,M,,,13
200900057839,9,10,4,1250,1,2,1,1.0,2,13212,M,,,13
200900057840,9,10,13,750,1,2,1,1.0,3,13205,M,,,13
200900057841,9,10,23,1910,4,2,1,1.0,1,13201,M,,,13
200900057842,9,10,28,1850,5,2,1,1.0,6,13055,M,,,13
200900057843,9,10,27,2005,5,2,1,1.0,3,13055,M,,,13
200900057844,9,10,21,1605,1,2,1,3.0,3,13055,M,,,13
200900057845,9,10,15,1700,1,2,1,1.0,6,13208,M,,,13
200900057846,9,10,15,1330,1,2,1,1.0,3,13055,M,,,13
200900057847,9,10,27,1335,1,2,1,1.0,6,13211,M,,,13
200900057848,9,10,24,2000,5,2,1,1.0,3,13055,M,,,13
200900057849,9,10,15,750,1,2,1,1.0,3,13210,M,,,13
200900057850,9,10,26,1305,1,2,1,1.0,3,13201,M,,,13
200900057851,9,10,24,2300,5,2,2,1.0,3,13205,M,,,13
200900057852,9,10,7,1330,1,2,4,1.0,3,13213,M,,,13
200900057853,9,10,12,240,3,1,1,1.0,6,13002,M,4.0,0,13
200900057854,9,10,28,1425,1,2,1,1.0,3,13211,M,,,13
200900057855,9,10,10,1315,1,2,1,1.0,6,13055,M,,,13
200900057856,9,10,9,709,5,2,1,1.0,3,13055,M,,,13
200900057857,9,10,21,955,1,2,1,3.0,6,13055,M,,,13
200900057858,9,10,1,1800,1,2,1,1.0,2,13208,M,,,13
200900057859,9,10,27,1700,1,2,1,1.0,2,13055,M,4.0,0,13
200900057860,9,10,19,850,1,2,1,1.0,6,13214,M,,,13
200900057861,9,10,21,1600,1,2,1,3.0,7,13204,M,,,13
200900057862,9,10,14,1730,1,2,1,1.0,6,13206,M,,,13
200900057863,9,10,25,445,4,2,1,1.0,1,13207,M,,,13
200900057864,9,10,8,1600,1,2,1,1.0,3,13208,M,,,13
200900057865,9,10,17,1600,1,2,1,1.0,6,13204,M,,,13
200900057866,9,10,25,730,2,2,1,1.0,7,13055,M,,,13
200900057867,9,10,13,1710,1,2,1,1.0,6,13206,M,,,13
200900057868,9,10,23,2100,5,2,3,1.0,3,13055,M,,,13
200900057869,9,10,17,1300,1,2,1,1.0,3,13212,M,,,13
200900057870,9,10,3,1145,1,2,3,1.0,5,13055,M,,,13
200900057871,9,10,15,1630,1,2,3,2.0,3,13214,M,,,13
200900057872,9,10,13,1645,1,2,1,1.0,6,13206,M,,,13
200900057873,9,10,7,920,1,2,1,1.0,6,13075,M,4.0,0,13
200900057874,9,10,24,2020,5,2,1,1.0,3,13208,M,,,13
200900057875,9,10,2,1900,1,2,1,1.0,6,13055,M,,,13
200900057876,9,10,27,1430,1,2,1,1.0,3,13201,M,,,13
200900057877,9,10,3,1755,1,2,6,1.0,6,13055,M,,,13
200900057878,9,10,3,1840,1,2,1,1.0,3,13055,M,,,13
200900057879,9,10,3,845,1,2,1,1.0,7,13055,M,,,13
200900057880,9,10,3,2250,5,2,1,1.0,6,13055,M,,,13
200900057881,9,10,2,1800,1,2,1,1.0,3,13208,M,,,13
200900057882,9,10,4,950,1,2,1,1.0,3,13201,M,,,13
200900057883,9,10,2,1740,1,2,1,1.0,3,13002,M,4.0,0,13
200900057884,9,10,25,145,5,2,1,1.0,7,13055,M,,,13
200900057885,9,10,14,1700,1,2,1,1.0,3,13055,M,,,13
200900057886,9,10,3,1245,1,2,1,1.0,3,13055,M,,,13
200900057887,9,10,3,1200,1,2,1,1.0,6,13202,M,,,13
200900057888,9,10,25,1330,1,2,1,1.0,3,13055,M,,,13
200900057889,9,10,20,845,1,2,1,8.0,6,13055,M,,,13
200900057890,9,10,16,1000,1,2,6,1.0,3,13213,M,,,13
200900057891,9,10,5,2150,5,2,1,1.0,6,13201,M,,,13
200900057892,9,10,16,1540,1,2,1,1.0,6,13206,M,,,13
200900057893,9,10,1,1145,1,2,1,1.0,1,13055,M,,,13
200900057894,9,10,21,1120,1,2,1,3.0,7,13055,M,,,13
200900057895,9,10,23,1030,1,2,1,1.0,3,13055,M,,,13
200900057896,9,10,13,2045,5,2,1,1.0,7,13055,M,,,13
200900057897,9,10,1,2000,2,2,1,1.0,7,13028,M,4.0,0,13
200900057898,9,10,7,1430,1,1,1,1.0,6,13028,M,,,13
200900057899,9,10,17,1835,5,2,1,1.0,3,13206,M,,,13
200900057900,9,10,7,1020,1,2,1,1.0,3,13055,M,4.0,0,13
200900057901,9,10,9,1415,1,2,2,1.0,3,13208,M,,,13
200900057902,9,10,6,2030,2,2,1,1.0,4,13206,M,,,13
200900057903,9,10,8,1600,1,2,1,1.0,3,13207,M,,,13
200900057904,9,10,20,1905,2,2,1,2.0,7,13213,M,,,13
200900057905,9,10,15,1720,1,2,1,1.0,6,13205,M,,,13
200900057906,9,10,13,2150,4,2,1,1.0,2,13055,M,,,13
200900057907,9,10,22,945,1,2,1,1.0,6,13055,M,,,13
200900057908,9,10,13,2050,5,2,6,1.0,6,13002,M,,,13
200900057909,9,10,16,1720,1,2,1,1.0,6,13211,M,,,13
200900057910,9,10,14,1115,1,2,1,1.0,3,13055,M,,,13
200900057911,9,10,19,1645,1,2,1,1.0,6,13203,M,,,13
200900057912,9,10,5,1030,1,2,1,1.0,1,13055,M,,,13
200900057913,9,10,22,1105,1,2,1,8.0,3,13210,M,,,13
200900057914,9,10,6,1340,1,2,9,1.0,2,13201,M,,,13
200900057915,9,10,20,1725,1,2,1,1.0,2,13208,M,,,13
200900057916,9,10,7,1300,1,2,1,1.0,3,13055,M,,,13
200900057917,9,10,15,1820,2,2,2,1.0,3,13054,M,,,13
200900057918,9,10,24,1725,1,1,1,1.0,2,13043,M,,,13
200900057919,9,10,13,1310,1,1,1,1.0,2,13043,M,,,13
200900057920,9,10,5,1325,1,1,3,1.0,3,13043,M,4.0,0,13
200900057921,9,10,16,1500,1,1,1,1.0,4,13102,M,,,13
200900057922,9,10,13,1535,1,2,1,1.0,4,13054,M,,,13
200900057923,9,10,18,1930,3,1,2,1.0,3,13043,M,4.0,0,13
200900057924,9,10,10,1925,1,1,1,1.0,3,13004,M,,,13
200900057925,9,10,2,815,1,1,1,1.0,3,13117,M,,,13
200900057926,9,10,14,815,1,2,3,1.0,5,13001,M,,,13
200900057927,9,10,8,1355,1,1,1,2.0,3,13103,M,,,13
200900057928,9,10,5,850,1,2,3,1.0,3,13004,M,,,13
200900057929,9,10,2,1445,1,2,3,1.0,6,13004,M,,,13
200900057930,9,10,5,145,3,1,1,1.0,6,13117,M,,,13
200900057931,9,10,9,855,1,1,3,9.0,3,13001,M,4.0,0,13
200900057932,9,10,7,1550,1,1,3,1.0,3,13071,M,,,13
200900057933,9,10,3,1350,1,2,6,1.0,3,13117,M,,,13
200900057934,9,10,6,1855,1,2,1,1.0,6,13078,M,,,13
200900057935,9,10,3,1345,1,2,8,1.0,3,13103,M,,,13
200900057936,9,10,10,2300,5,2,2,1.0,3,13001,M,,,13
200900057937,9,10,15,1630,1,1,1,1.0,4,13071,M,,,13
200900057938,9,10,6,1415,1,2,1,1.0,6,13001,M,,,13
200900057939,9,10,6,750,1,2,3,1.0,6,13004,M,,,13
200900057940,9,10,9,720,2,1,1,1.0,3,13001,M,,,13
200900057941,9,10,7,1030,1,2,1,1.0,6,13004,M,,,13
200900057942,9,10,2,1115,1,2,6,1.0,3,13071,M,,,13
200900057943,9,10,6,1055,1,1,1,1.0,2,13117,M,,,13
200900057944,9,10,9,1820,1,2,1,7.0,6,13117,M,,,13
200900057945,9,10,1,1115,1,2,2,1.0,3,13001,M,,,13
200900057946,9,10,1,1645,1,1,1,1.0,6,13071,M,,,13
200900057947,9,10,5,1130,1,2,1,1.0,4,13004,M,,,13
200900057948,9,10,6,1215,1,2,1,1.0,3,13117,M,,,13
200900057949,9,10,15,1300,1,1,4,1.0,3,13071,M,,,13
200900057950,9,11,16,1930,3,2,1,1.0,1,13051,M,0.0,0,13
200900057951,9,11,11,1700,1,1,1,7.0,2,13021,M,4.0,0,13
200900057952,9,11,7,1515,1,1,1,2.0,4,13100,M,4.0,0,13
200900057953,9,11,4,1800,5,1,1,1.0,1,13062,M,0.0,0,13
200900057954,9,11,2,1215,1,1,1,1.0,1,13087,M,4.0,0,13
200900057955,9,11,22,1215,1,1,1,1.0,7,13092,M,,,13
200900057956,9,11,20,1730,3,1,1,1.0,1,13040,M,4.0,0,13
200900057957,9,11,27,745,1,2,1,1.0,6,13097,M,0.0,0,13
200900057958,9,11,22,530,3,1,1,1.0,6,13051,M,4.0,0,13
200900057959,9,11,28,2100,5,2,1,1.0,1,13088,M,4.0,0,13
200900057960,9,11,28,1400,1,2,1,1.0,6,13031,M,0.0,0,13
200900057961,9,11,11,415,3,1,1,1.0,1,13089,M,4.0,0,13
200900057962,9,11,18,2315,3,1,1,5.0,6,13072,M,4.0,0,13
200900057963,9,11,14,1915,5,2,1,1.0,3,13042,M,4.0,0,13
200900057964,9,11,4,1900,3,1,3,1.0,3,13060,M,4.0,0,13
200900057965,9,11,26,1400,1,1,1,1.0,1,13066,M,4.0,0,13
200900057966,9,11,8,1745,2,2,1,1.0,5,13040,M,0.0,0,13
200900057967,9,11,14,1430,1,1,9,1.0,3,13114,M,4.0,0,13
200900057968,9,11,27,1315,1,1,1,1.0,1,13100,M,4.0,0,13
200900057969,9,11,11,330,3,1,1,5.0,6,13060,M,0.0,0,13
200900057970,9,11,1,1545,1,2,1,1.0,3,13041,M,0.0,0,13
200900057971,9,11,19,1730,2,1,3,1.0,3,13042,M,4.0,0,13
200900057972,9,11,1,2030,5,2,1,2.0,1,13015,M,4.0,0,13
200900057973,9,11,7,1600,1,1,1,1.0,6,13038,M,4.0,0,13
200900057974,9,11,19,1915,5,2,1,1.0,3,13060,M,4.0,0,13
200900057975,9,11,8,1930,3,1,1,1.0,7,13050,M,4.0,0,13
200900057976,9,11,14,1730,5,2,1,1.0,6,13014,M,0.0,0,13
200900057977,9,11,6,1000,1,1,1,1.0,1,13086,M,4.0,0,13
200900057978,9,11,23,1700,1,1,2,1.0,3,13083,M,4.0,0,13
200900057979,9,11,21,1915,3,2,1,1.0,1,13032,M,4.0,0,13
200900057980,9,11,24,1245,1,2,1,1.0,3,13113,M,0.0,0,13
200900057981,9,11,4,1700,1,1,1,1.0,1,13066,M,0.0,0,13
200900057982,9,11,25,1050,1,1,1,1.0,6,13071,M,,,13
200900057983,9,11,3,1625,1,2,1,1.0,4,13028,M,,,13
200900057984,9,11,26,1200,1,2,1,1.0,6,13117,M,,,13
200900057985,9,11,4,2245,5,2,1,1.0,7,13117,M,,,13
200900057986,9,11,25,720,1,2,6,1.0,6,13117,M,,,13
200900057987,9,11,7,1830,5,2,3,1.0,6,13004,M,,,13
200900057988,9,11,8,550,3,1,1,1.0,5,13117,M,,,13
200900057989,9,11,18,1900,5,2,1,1.0,2,13117,M,,,13
200900057990,9,11,24,850,1,2,1,1.0,3,13117,M,,,13
200900057991,9,11,21,1445,1,2,1,1.0,6,13028,M,,,13
200900057992,9,11,13,1750,5,2,1,8.0,6,13004,M,,,13
200900057993,9,11,29,600,3,1,1,8.0,2,13103,M,4.0,0,13
200900057994,9,11,4,915,1,2,1,2.0,6,13005,M,,,13
200900057995,9,11,12,1500,1,2,1,1.0,3,13071,M,,,13
200900057996,9,11,25,1115,1,2,2,1.0,6,13028,M,,,13
200900057997,9,11,25,1350,1,1,1,1.0,2,13117,M,,,13
200900057998,9,11,28,1845,5,2,3,1.0,3,13117,M,4.0,0,13
200900057999,9,11,13,800,1,1,3,1.0,3,13071,M,,,13
200900058000,9,11,21,45,5,1,6,1.0,3,13071,M,4.0,0,13
200900058001,9,11,9,949,1,2,6,1.0,3,13028,M,4.0,0,13
200900058002,9,11,14,2050,5,2,1,1.0,3,13117,M,,,13
200900058003,9,11,6,910,1,2,1,1.0,6,13004,M,,,13
200900058004,9,11,26,1800,5,2,1,1.0,2,13004,M,,,13
200900058005,9,11,25,1335,1,2,3,1.0,3,13103,M,,,13
200900058006,9,11,10,1330,1,2,2,1.0,3,13071,M,,,13
200900058007,9,11,20,1610,1,2,1,1.0,6,13004,M,,,13
200900058008,9,11,17,1700,1,1,6,1.0,7,13071,M,,,13
200900058009,9,11,8,1420,1,2,1,1.0,6,13004,M,,,13
200900058010,9,11,24,1000,1,2,1,1.0,6,13108,M,,,13
200900058011,9,11,28,1650,1,2,1,1.0,5,13004,M,,,13
200900058012,9,11,12,1355,1,1,1,1.0,2,13117,M,4.0,0,13
200900058013,9,11,7,1015,1,1,3,1.0,3,13117,M,,,13
200900058014,9,11,6,1430,1,2,1,1.0,4,13005,M,,,13
200900058015,9,11,29,1510,1,1,1,1.0,6,13117,M,,,13
200900058016,9,11,25,1715,2,1,1,1.0,2,13106,M,4.0,0,13
200900058017,9,11,5,1320,1,1,1,1.0,3,13055,M,4.0,0,13
200900058018,9,11,22,830,2,1,1,1.0,7,13001,M,4.0,0,13
200900058019,9,11,29,1800,5,1,1,1.0,6,13055,M,4.0,0,13
200900058020,9,11,19,835,1,1,1,1.0,3,13001,M,4.0,0,13
200900058021,9,11,25,1443,1,1,1,1.0,2,13117,M,4.0,0,13
200900058022,9,11,28,1335,1,1,1,1.0,7,13055,M,4.0,0,13
200900058023,9,11,18,1835,3,1,1,1.0,4,13106,M,4.0,0,13
200900058024,9,11,2,1955,3,1,1,1.0,6,13117,M,4.0,0,13
200900058025,9,11,1,1930,3,1,1,1.0,4,13106,M,4.0,0,13
200900058026,9,11,14,310,5,1,1,1.0,2,13055,M,4.0,0,13
200900058027,9,11,5,1755,2,1,1,1.0,4,13055,M,4.0,0,13
200900058028,9,11,12,1820,3,1,1,1.0,4,13081,M,4.0,0,13
200900058029,9,11,22,2135,3,1,1,1.0,7,13117,M,4.0,0,13
200900058030,9,11,15,1630,1,1,1,1.0,6,13019,M,4.0,0,13
200900058031,9,11,15,1730,5,1,1,1.0,6,13055,M,4.0,0,13
200900058032,9,11,10,1810,3,1,1,1.0,3,13001,M,4.0,0,13
200900058033,9,11,30,510,3,1,1,2.0,7,13071,M,4.0,0,13
200900058034,9,11,29,1500,1,1,1,8.0,6,13117,M,4.0,0,13
200900058035,9,11,1,1945,3,1,1,1.0,2,13055,M,4.0,0,13
200900058036,9,11,26,810,1,1,1,1.0,2,13070,M,4.0,0,13
200900058037,9,11,16,450,3,1,1,1.0,2,13033,M,4.0,0,13
200900058038,9,11,12,800,1,1,1,1.0,6,13055,M,4.0,0,13
200900058039,9,11,22,525,3,1,1,1.0,6,13043,M,4.0,0,13
200900058040,9,11,23,1120,1,1,1,1.0,2,13071,M,4.0,0,13
200900058041,9,11,12,1825,3,1,1,1.0,4,13106,M,4.0,0,13
200900058042,9,11,28,2156,5,1,1,1.0,5,13055,M,4.0,0,13
200900058043,9,11,30,1130,1,1,1,1.0,2,13005,M,4.0,0,13
200900058044,9,11,26,1810,3,1,1,8.0,2,13001,M,4.0,0,13
200900058045,9,11,17,950,1,1,1,1.0,4,13055,M,,,13
200900058046,9,11,21,2040,5,2,3,1.0,3,13001,M,,,13
200900058047,9,11,18,1800,5,2,1,1.0,1,13001,M,,,13
200900058048,9,11,23,1230,1,2,1,1.0,6,13001,M,,,13
200900058049,9,11,22,500,5,2,1,1.0,6,13001,M,,,13
200900058050,9,11,18,1630,1,2,3,1.0,3,13001,M,,,13
200900058051,9,11,21,300,5,2,1,1.0,6,13001,M,,,13
200900058052,9,11,30,845,1,2,1,1.0,3,13001,M,4.0,0,13
200900058053,9,11,21,1015,1,2,3,1.0,3,13001,M,,,13
200900058054,9,11,29,1940,3,1,1,2.0,2,13001,M,,,13
200900058055,9,11,29,900,1,2,9,8.0,1,13001,M,,,13
200900058056,9,11,20,1115,1,2,2,1.0,3,13001,M,,,13
200900058057,9,11,16,905,1,2,1,1.0,2,13205,M,,,13
200900058058,9,11,11,1420,1,2,1,1.0,2,13208,M,,,13
200900058059,9,11,12,830,1,2,1,1.0,2,13210,M,,,13
200900058060,9,11,21,1140,1,2,1,1.0,3,13208,M,,,13
200900058061,9,11,10,1400,1,2,1,1.0,3,13201,M,,,13
200900058062,9,11,9,1055,1,2,1,1.0,6,13055,M,,,13
200900058063,9,11,20,1230,1,2,1,1.0,6,13211,M,,,13
200900058064,9,11,18,1900,5,2,1,1.0,3,13055,M,,,13
200900058065,9,11,24,1340,1,2,1,1.0,6,13201,M,,,13
200900058066,9,11,4,2120,5,2,2,1.0,3,13206,M,,,13
200900058067,9,11,21,845,1,2,1,1.0,2,13207,M,,,13
200900058068,9,11,19,1415,1,2,1,1.0,1,13208,M,,,13
200900058069,9,11,20,1725,1,2,6,1.0,2,13208,M,,,13
200900058070,9,11,17,1830,5,2,2,1.0,3,13055,M,,,13
200900058071,9,11,27,1810,5,2,1,1.0,3,13213,M,,,13
200900058072,9,11,8,1350,1,2,1,1.0,2,13204,M,,,13
200900058073,9,11,19,1610,1,2,1,1.0,6,13204,M,,,13
200900058074,9,11,27,1030,1,2,1,8.0,6,13055,M,,,13
200900058075,9,11,25,2030,4,2,2,1.0,3,13208,M,,,13
200900058076,9,11,16,1530,1,2,3,1.0,6,13055,M,,,13
200900058077,9,11,16,1200,1,2,1,1.0,6,13214,M,,,13
200900058078,9,11,15,645,2,2,1,1.0,3,13203,M,,,13
200900058079,9,11,12,1415,1,2,2,1.0,3,13201,M,,,13
200900058080,9,11,6,1620,1,2,1,1.0,2,13207,M,,,13
200900058081,9,11,26,1515,1,2,1,1.0,3,13055,M,,,13
200900058082,9,11,14,1620,1,2,1,1.0,3,13204,M,,,13
200900058083,9,11,7,1445,1,2,1,2.0,4,13055,M,,,13
200900058084,9,11,21,1220,1,2,2,1.0,3,13204,M,,,13
200900058085,9,11,4,2045,5,2,3,1.0,2,13208,M,,,13
200900058086,9,11,11,230,5,2,1,1.0,5,13055,M,,,13
200900058087,9,11,14,1520,1,2,1,1.0,6,13205,M,,,13
200900058088,9,11,16,1250,1,2,1,1.0,2,13055,M,,,13
200900058089,9,11,16,1400,1,2,1,1.0,1,13055,M,,,13
200900058090,9,11,2,1150,1,2,1,1.0,6,13202,M,,,13
200900058091,9,11,20,1530,1,2,3,1.0,6,13202,M,,,13
200900058092,9,11,13,1200,1,2,1,1.0,3,13202,M,,,13
200900058093,9,11,19,2040,5,2,2,1.0,3,13205,M,,,13
200900058094,9,11,3,1900,5,2,1,1.0,1,13210,M,,,13
200900058095,9,11,17,1330,1,2,1,1.0,6,13055,M,,,13
200900058096,9,11,4,1530,1,2,1,1.0,6,13055,M,,,13
200900058097,9,11,23,1215,1,2,3,1.0,6,13206,M,,,13
200900058098,9,11,26,645,1,2,1,1.0,6,13208,M,,,13
200900058099,9,11,10,2000,1,2,3,1.0,3,13055,M,,,13
200900058100,9,11,24,2215,5,2,1,1.0,6,13210,M,,,13
200900058101,9,11,20,2150,5,2,1,1.0,3,13205,M,,,13
200900058102,9,11,15,1630,1,2,1,1.0,2,13208,M,,,13
200900058103,9,11,6,2245,5,2,1,1.0,3,13055,M,,,13
200900058104,9,11,21,30,5,2,2,1.0,3,13206,M,,,13
200900058105,9,11,11,1730,5,2,1,1.0,3,13207,M,,,13
200900058106,9,11,27,1940,3,2,1,1.0,6,13055,M,4.0,0,13
200900058107,9,11,18,1630,1,2,1,1.0,2,13055,M,,,13
200900058108,9,11,7,1900,5,2,1,1.0,7,13203,M,,,13
200900058109,9,11,26,1625,1,2,3,1.0,3,13055,M,,,13
200900058110,9,11,7,40,3,2,1,1.0,7,13055,M,,,13
200900058111,9,11,6,2000,5,2,9,1.0,6,13205,M,,,13
200900058112,9,11,5,1645,2,2,1,1.0,3,13208,M,,,13
200900058113,9,11,20,955,1,2,1,1.0,6,13055,M,,,13
200900058114,9,11,9,1905,5,2,1,1.0,3,13214,M,,,13
200900058115,9,11,16,1330,1,2,4,1.0,7,13002,M,,,13
200900058116,9,11,21,2050,5,2,3,1.0,6,13202,M,,,13
200900058117,9,11,20,955,1,2,1,1.0,5,13204,M,,,13
200900058118,9,11,3,1545,1,2,1,1.0,7,13205,M,,,13
200900058119,9,11,2,1450,1,2,2,1.0,3,13205,M,,,13
200900058120,9,11,27,1450,1,2,1,1.0,1,13055,M,4.0,0,13
200900058121,9,11,16,336,5,2,2,1.0,3,13201,M,,,13
200900058122,9,11,15,2030,4,2,1,1.0,6,13055,M,,,13
200900058123,9,11,14,1820,2,2,1,1.0,3,13055,M,,,13
200900058124,9,11,7,1910,5,2,1,1.0,6,13002,M,,,13
200900058125,9,11,28,1340,1,2,1,1.0,3,13055,M,,,13
200900058126,9,11,12,2000,5,2,1,1.0,6,13204,M,,,13
200900058127,9,11,6,1945,5,2,1,1.0,6,13055,M,,,13
200900058128,9,11,2,1820,5,2,2,1.0,3,13201,M,,,13
200900058129,9,11,19,1000,1,2,1,1.0,6,13055,M,,,13
200900058130,9,11,8,1905,5,2,1,1.0,1,13055,M,4.0,0,13
200900058131,9,11,6,835,1,2,1,1.0,6,13055,M,,,13
200900058132,9,11,4,715,1,2,1,1.0,2,13055,M,,,13
200900058133,9,11,7,305,5,2,1,1.0,6,13055,M,,,13
200900058134,9,11,7,2125,5,2,2,1.0,3,13206,M,,,13
200900058135,9,11,20,2020,5,2,1,1.0,1,13209,M,,,13
200900058136,9,11,21,1350,1,2,2,1.0,3,13208,M,,,13
200900058137,9,11,26,1730,5,2,1,1.0,7,13055,M,,,13
200900058138,9,11,25,1830,5,2,2,1.0,6,13207,M,,,13
200900058139,9,11,6,900,1,2,1,1.0,6,13208,M,,,13
200900058140,9,11,3,1720,2,2,1,1.0,4,13208,M,,,13
200900058141,9,11,13,1505,1,2,1,1.0,6,13203,M,,,13
200900058142,9,11,28,1100,1,2,1,1.0,7,13055,M,,,13
200900058143,9,11,27,2145,5,2,3,1.0,4,13213,M,,,13
200900058144,9,11,24,1815,5,2,1,1.0,6,13055,M,,,13
200900058145,9,11,26,1305,1,2,1,1.0,3,13055,M,,,13