Num_Acc,an,mois,jour,hrmn,lum,agg,int,atm,col,com,gps,lat,long,dep
200900058146,9,11,12,1140,1,2,1,1.0,5,13055,M,,,13
200900058147,9,11,20,820,1,2,2,1.0,3,13212,M,,,13
200900058148,9,11,10,1430,1,2,1,1.0,2,13055,M,,,13
200900058149,9,11,4,1645,2,2,3,1.0,2,13208,M,,,13
200900058150,9,11,28,1900,5,2,3,1.0,3,13206,M,,,13
200900058151,9,11,24,1945,5,2,1,1.0,2,13211,M,,,13
200900058152,9,11,24,1400,1,2,2,1.0,1,13201,M,,,13
200900058153,9,11,6,1400,1,2,1,1.0,6,13208,M,,,13
200900058154,9,11,6,1210,1,2,4,1.0,2,13055,M,,,13
200900058155,9,11,25,1605,1,2,2,1.0,3,13210,M,,,13
200900058156,9,11,12,1640,1,2,1,1.0,3,13201,M,,,13
200900058157,9,11,20,530,5,2,1,1.0,6,13055,M,,,13
200900058158,9,11,1,1330,1,2,3,1.0,3,13204,M,,,13
200900058159,9,11,18,2320,5,2,2,1.0,3,13213,M,,,13
200900058160,9,11,4,905,1,2,3,1.0,6,13215,M,,,13
200900058161,9,11,14,1030,1,2,1,1.0,2,13201,M,,,13
200900058162,9,11,16,850,1,2,1,1.0,3,13212,M,,,13
200900058163,9,11,3,1125,1,2,1,1.0,3,13055,M,,,13
200900058164,9,11,29,530,5,2,1,1.0,6,13211,M,,,13
200900058165,9,11,20,1015,1,2,1,1.0,6,13205,M,,,13
200900058166,9,11,17,1515,1,2,1,1.0,2,13055,M,,,13
200900058167,9,11,9,1000,1,2,1,1.0,6,13208,M,,,13
200900058168,9,11,19,1840,5,2,1,1.0,6,13215,M,,,13
200900058169,9,11,19,1930,5,2,1,1.0,6,13214,M,,,13
200900058170,9,11,17,1020,1,2,1,1.0,3,13209,M,,,13
200900058171,9,11,10,750,1,2,1,1.0,7,13204,M,,,13
200900058172,9,11,12,1000,1,2,1,1.0,6,13216,M,,,13
200900058173,9,11,11,2100,5,2,2,1.0,3,13055,M,,,13
200900058174,9,11,4,2230,5,2,1,1.0,3,13055,M,,,13
200900058175,9,11,7,1,5,2,1,1.0,2,13201,M,,,13
200900058176,9,11,30,830,1,2,1,1.0,5,13055,M,4.0,0,13
200900058177,9,11,19,100,5,2,1,1.0,3,13201,M,,,13
200900058178,9,11,15,2200,5,2,1,1.0,3,13202,M,,,13
200900058179,9,11,21,1515,1,2,3,1.0,3,13212,M,,,13
200900058180,9,11,13,1330,1,2,3,1.0,3,13211,M,,,13
200900058181,9,11,6,1530,1,2,1,1.0,6,13204,M,,,13
200900058182,9,11,24,1845,5,2,1,1.0,3,13204,M,,,13
200900058183,9,11,2,1830,4,2,1,1.0,7,13211,M,,,13
200900058184,9,11,28,1750,5,2,1,1.0,6,13055,M,4.0,0,13
200900058185,9,11,11,1530,1,2,9,1.0,6,13055,M,,,13
200900058186,9,11,3,2130,5,2,1,1.0,3,13208,M,,,13
200900058187,9,11,18,1450,1,2,1,1.0,6,13212,M,,,13
200900058188,9,11,10,1805,5,2,1,1.0,6,13209,M,,,13
200900058189,9,11,9,2210,5,2,1,1.0,7,13055,M,,,13
200900058190,9,11,30,1700,5,2,1,1.0,6,13055,M,,,13
200900058191,9,11,16,635,2,2,3,1.0,3,13206,M,,,13
200900058192,9,11,24,1415,1,2,3,1.0,3,13214,M,,,13
200900058193,9,11,17,1020,1,2,1,1.0,6,13055,M,,,13
200900058194,9,11,2,1845,5,2,1,8.0,6,13055,M,,,13
200900058195,9,11,24,1750,4,2,1,1.0,3,13205,M,,,13
200900058196,9,11,9,945,1,2,4,1.0,3,13055,M,,,13
200900058197,9,11,21,1330,1,2,2,1.0,5,13204,M,,,13
200900058198,9,11,6,840,1,2,1,1.0,5,13214,M,,,13
200900058199,9,11,9,1250,1,2,1,1.0,6,13208,M,,,13
200900058200,9,11,23,1235,1,2,2,1.0,3,13212,M,,,13
200900058201,9,11,5,1330,1,2,1,1.0,2,13211,M,,,13
200900058202,9,11,16,1520,1,2,1,1.0,5,13208,M,,,13
200900058203,9,11,13,1630,1,2,1,1.0,2,13204,M,,,13
200900058204,9,11,19,2100,5,2,1,1.0,1,13211,M,,,13
200900058205,9,11,6,1130,1,2,1,1.0,3,13214,M,,,13
200900058206,9,11,9,1530,1,2,1,1.0,6,13213,M,,,13
200900058207,9,11,8,2315,5,2,1,1.0,7,13055,M,,,13
200900058208,9,11,1,1540,1,2,9,1.0,2,13208,M,,,13
200900058209,9,11,12,1515,1,2,3,1.0,6,13208,M,,,13
200900058210,9,11,13,915,1,2,1,1.0,3,13201,M,,,13
200900058211,9,11,19,1555,1,2,1,1.0,3,13055,M,,,13
200900058212,9,11,1,530,5,2,1,1.0,6,13211,M,,,13
200900058213,9,11,5,725,1,2,2,1.0,3,13204,M,,,13
200900058214,9,11,18,1900,5,2,1,1.0,6,13211,M,,,13
200900058215,9,11,30,1520,1,2,1,1.0,6,13201,M,,,13
200900058216,9,11,6,1100,1,2,1,1.0,7,13205,M,,,13
200900058217,9,11,13,1000,1,2,1,1.0,6,13214,M,,,13
200900058218,9,11,17,1230,1,2,1,1.0,4,13210,M,,,13
200900058219,9,11,13,1230,1,2,3,1.0,6,13209,M,,,13
200900058220,9,11,25,1005,1,2,1,1.0,6,13055,M,,,13
200900058221,9,11,2,1920,5,2,1,1.0,2,13055,M,,,13
200900058222,9,11,17,1830,4,2,1,1.0,7,13216,M,,,13
200900058223,9,11,8,855,1,2,1,1.0,1,13055,M,,,13
200900058224,9,11,27,815,1,2,1,3.0,1,13055,M,,,13
200900058225,9,11,4,1700,1,2,1,1.0,4,13055,M,,,13
200900058226,9,11,30,1845,5,2,1,1.0,3,13055,M,,,13
200900058227,9,11,8,45,5,2,1,1.0,1,13207,M,,,13
200900058228,9,11,9,1630,1,2,1,1.0,1,13216,M,,,13
200900058229,9,11,15,1445,1,2,1,1.0,3,13213,M,,,13
200900058230,9,11,2,1,5,2,1,2.0,3,13055,M,,,13
200900058231,9,11,12,1900,5,2,3,1.0,3,13055,M,,,13
200900058232,9,11,8,1645,1,2,1,1.0,2,13055,M,,,13
200900058233,9,11,22,2100,5,2,1,1.0,2,13055,M,,,13
200900058234,9,11,17,835,1,2,1,1.0,7,13055,M,,,13
200900058235,9,11,13,410,3,2,1,1.0,6,13001,M,,,13
200900058236,9,11,1,2215,5,2,1,1.0,6,13001,M,,,13
200900058237,9,11,13,1800,5,1,6,8.0,3,13001,M,,,13
200900058238,9,11,5,1100,1,2,1,1.0,2,13001,M,,,13
200900058239,9,11,13,1100,1,2,1,1.0,2,13001,M,,,13
200900058240,9,11,25,515,3,1,1,1.0,6,13063,M,4.0,0,13
200900058241,9,11,1,2115,5,2,6,1.0,1,13063,M,,,13
200900058242,9,11,6,1750,1,2,6,1.0,3,13001,M,,,13
200900058243,9,11,8,2110,3,1,1,1.0,6,13047,M,4.0,0,13
200900058244,9,11,5,800,1,2,1,1.0,6,13001,M,,,13
200900058245,9,11,13,1635,1,2,1,1.0,3,13001,M,,,13
200900058246,9,11,6,1930,5,1,1,1.0,2,13001,M,,,13
200900058247,9,11,13,925,1,2,1,9.0,2,13001,M,,,13
200900058248,9,11,19,1330,1,2,1,1.0,3,13047,M,,,13
200900058249,9,12,3,1545,1,2,1,1.0,6,13001,M,,,13
200900058250,9,12,9,1845,5,2,1,1.0,6,13117,M,,,13
200900058251,9,12,3,845,1,2,1,3.0,2,13117,M,,,13
200900058252,9,12,2,10,5,1,1,1.0,1,13001,M,,,13
200900058253,9,12,4,1130,1,2,1,8.0,1,13071,M,,,13
200900058254,9,12,6,145,5,2,1,1.0,7,13117,M,,,13
200900058255,9,12,14,1755,5,1,1,1.0,6,13001,M,,,13
200900058256,9,12,8,1340,1,2,2,1.0,3,13117,M,,,13
200900058257,9,12,1,1530,1,2,1,1.0,6,13117,M,,,13
200900058258,9,12,15,1015,1,1,1,1.0,2,13078,M,,,13
200900058259,9,12,2,1100,1,2,3,1.0,3,13117,M,,,13
200900058260,9,12,14,1200,1,2,1,1.0,3,13001,M,,,13
200900058261,9,12,5,1630,1,2,1,1.0,6,13071,M,,,13
200900058262,9,12,4,1210,1,2,2,1.0,3,13078,M,,,13
200900058263,9,12,9,850,1,2,1,1.0,6,13103,M,,,13
200900058264,9,12,10,345,5,1,1,1.0,6,13001,M,,,13
200900058265,9,12,14,1245,1,1,1,1.0,3,13001,M,,,13
200900058266,9,12,11,1000,1,1,3,1.0,3,13117,M,,,13
200900058267,9,12,10,1730,2,2,1,1.0,6,13004,M,,,13
200900058268,9,12,11,810,1,2,4,1.0,3,13004,M,,,13
200900058269,9,12,8,1010,1,1,3,1.0,3,13004,M,,,13
200900058270,9,12,31,1808,5,1,1,1.0,7,13055,M,4.0,0,13
200900058271,9,12,13,1830,3,1,1,1.0,2,13055,M,4.0,0,13
200900058272,9,12,15,1430,1,1,1,1.0,4,13055,M,4.0,0,13
200900058273,9,12,21,1930,3,1,1,3.0,4,13081,M,4.0,0,13
200900058274,9,12,21,2210,3,1,1,3.0,3,13056,M,4.0,0,13
200900058275,9,12,28,700,5,1,1,1.0,7,13055,M,4.0,0,13
200900058276,9,12,3,1840,2,1,1,2.0,6,13117,M,4.0,0,13
200900058277,9,12,4,1550,1,1,1,1.0,7,13005,M,4.0,0,13
200900058278,9,12,21,2154,3,1,1,3.0,6,13056,M,4.0,0,13
200900058279,9,12,21,2000,3,1,1,3.0,6,13005,M,4.0,0,13
200900058280,9,12,25,330,3,1,1,2.0,7,13088,M,4.0,0,13
200900058281,9,12,23,1710,2,1,1,2.0,7,13071,M,4.0,0,13
200900058282,9,12,11,825,1,1,1,1.0,2,13055,M,4.0,0,13
200900058283,9,12,22,1615,1,1,1,3.0,2,13056,M,4.0,0,13
200900058284,9,12,4,1115,1,1,1,1.0,2,13055,M,4.0,0,13
200900058285,9,12,7,1605,1,1,1,2.0,7,13055,M,4.0,0,13
200900058286,9,12,1,1720,5,1,1,1.0,2,13055,M,4.0,0,13
200900058287,9,12,24,1554,1,1,1,2.0,2,13056,M,,,13
200900058288,9,12,9,1250,1,1,1,1.0,4,13055,M,4.0,0,13
200900058289,9,12,29,1000,1,1,1,1.0,7,13026,M,4.0,0,13
200900058290,9,12,24,1825,4,1,1,2.0,2,13005,M,4.0,0,13
200900058291,9,12,4,608,3,1,1,3.0,3,13055,M,4.0,0,13
200900058292,9,12,9,750,1,1,1,1.0,3,13005,M,4.0,0,13
200900058293,9,12,7,1830,3,1,1,1.0,3,13056,M,4.0,0,13
200900058294,9,12,16,1640,1,1,1,1.0,5,13055,M,4.0,0,13
200900058295,9,12,21,1030,1,1,1,2.0,2,13055,M,4.0,0,13
200900058296,9,12,11,1020,1,1,1,1.0,7,13071,M,4.0,0,13
200900058297,9,12,29,840,1,1,1,1.0,3,13055,M,4.0,0,13
200900058298,9,12,24,400,3,1,1,1.0,6,13055,M,4.0,0,13
200900058299,9,12,22,2210,3,1,1,2.0,6,13005,M,4.0,0,13
200900058300,9,12,2,2353,3,1,1,1.0,6,13005,M,4.0,0,13
200900058301,9,12,26,2330,3,1,1,2.0,6,13055,M,4.0,0,13
200900058302,9,12,22,1240,1,1,1,1.0,6,13055,M,4.0,0,13
200900058303,9,12,9,1809,3,1,1,1.0,4,13117,M,4.0,0,13
200900058304,9,12,24,730,2,1,1,1.0,7,13106,M,4.0,0,13
200900058305,9,12,8,1014,1,1,1,1.0,7,13055,M,4.0,0,13
200900058306,9,12,1,915,1,1,1,1.0,2,13071,M,4.0,0,13
200900058307,9,12,20,1630,1,1,1,1.0,6,13001,M,4.0,0,13
200900058308,9,12,12,1530,1,1,1,1.0,6,13055,M,4.0,0,13
200900058309,9,12,7,2130,3,1,1,1.0,2,13055,M,4.0,0,13
200900058310,9,12,31,1845,3,1,6,2.0,7,13019,M,0.0,0,13
200900058311,9,12,4,745,2,1,1,1.0,1,13113,M,4.0,0,13
200900058312,9,12,9,1745,2,1,2,1.0,3,13027,M,4.0,0,13
200900058313,9,12,3,1245,1,1,4,2.0,3,13081,M,,,13
200900058314,9,12,20,1845,3,1,1,1.0,6,13004,M,4.0,0,13
200900058315,9,12,22,815,1,1,1,9.0,5,13051,M,4.0,0,13
200900058316,9,12,3,615,3,1,1,2.0,6,13051,M,,,13
200900058317,9,12,20,1015,1,2,1,7.0,6,13107,M,0.0,0,13
200900058318,9,12,17,930,1,1,1,1.0,2,13015,M,4.0,0,13
200900058319,9,12,29,1600,1,1,1,1.0,7,13104,M,4.0,0,13
200900058320,9,12,11,815,1,1,1,6.0,7,13069,M,4.0,0,13
200900058321,9,12,10,1715,2,1,1,1.0,2,13051,M,4.0,0,13
200900058322,9,12,23,545,3,1,1,2.0,6,13103,M,4.0,0,13
200900058323,9,12,25,1015,1,1,1,1.0,3,13038,M,4.0,0,13
200900058324,9,12,22,2130,3,1,1,1.0,6,13038,M,4.0,0,13
200900058325,9,12,2,1630,2,1,2,1.0,3,13110,M,4.0,0,13
200900058326,9,12,7,730,2,2,1,1.0,3,13037,M,4.0,0,13
200900058327,9,12,26,1915,5,2,1,1.0,1,13041,M,0.0,0,13
200900058328,9,12,9,1900,5,1,1,1.0,1,13042,M,4.0,0,13
200900058329,9,12,23,1545,1,2,6,2.0,1,13015,M,0.0,0,13
200900058330,9,12,12,2045,5,2,1,1.0,1,13060,M,0.0,0,13
200900058331,9,12,25,1815,3,1,1,1.0,1,13059,M,4.0,0,13
200900058332,9,12,29,1315,1,2,1,1.0,3,13113,M,0.0,0,13
200900058333,9,12,21,1730,5,2,1,3.0,6,13042,M,4.0,0,13
200900058334,9,12,1,2015,3,2,1,1.0,6,13207,M,,,13
200900058335,9,12,2,1815,3,2,1,1.0,2,13055,M,,,13
200900058336,9,12,17,1650,2,2,6,1.0,6,13055,M,,,13
200900058337,9,12,1,1345,1,2,1,1.0,4,13210,M,,,13
200900058338,9,12,9,940,1,2,1,1.0,2,13055,M,,,13
200900058339,9,12,22,1800,5,2,1,2.0,3,13055,M,,,13
200900058340,9,12,12,245,5,2,2,1.0,6,13205,M,,,13
200900058341,9,12,14,1940,5,2,1,1.0,7,13055,M,,,13
200900058342,9,12,11,1225,1,2,1,1.0,2,13208,M,,,13
200900058343,9,12,14,2230,5,2,1,1.0,6,13207,M,,,13
200900058344,9,12,14,1950,5,2,1,1.0,3,13208,M,,,13
200900058345,9,12,11,1425,1,2,1,1.0,6,13211,M,,,13
200900058346,9,12,14,940,1,2,3,1.0,3,13055,M,,,13
200900058347,9,12,18,2230,5,2,2,1.0,1,13210,M,,,13
200900058348,9,12,18,1515,1,2,1,1.0,3,13210,M,,,13
200900058349,9,12,20,1530,1,2,1,7.0,1,13211,M,,,13
200900058350,9,12,3,1830,1,2,1,1.0,1,13205,M,,,13
200900058351,9,12,28,1815,2,2,1,1.0,6,13215,M,,,13
200900058352,9,12,13,245,5,2,2,2.0,3,13215,M,,,13
200900058353,9,12,20,700,5,2,1,1.0,2,13055,M,,,13
200900058354,9,12,22,950,1,2,1,1.0,6,13205,M,,,13
200900058355,9,12,7,625,5,2,1,2.0,6,13055,M,,,13
200900058356,9,12,10,830,1,2,1,1.0,6,13207,M,,,13
200900058357,9,12,3,740,2,2,1,3.0,6,13212,M,,,13
200900058358,9,12,17,745,1,2,1,1.0,6,13205,M,,,13
200900058359,9,12,14,900,1,2,1,1.0,2,13213,M,,,13
200900058360,9,12,30,1800,5,2,2,1.0,3,13214,M,,,13
200900058361,9,12,2,1515,1,2,2,1.0,6,13212,M,,,13
200900058362,9,12,8,1505,1,2,1,1.0,6,13202,M,,,13
200900058363,9,12,26,1050,1,2,1,1.0,6,13055,M,,,13
200900058364,9,12,30,1840,5,2,1,1.0,1,13055,M,,,13
200900058365,9,12,24,1545,1,2,9,2.0,6,13055,M,,,13
200900058366,9,12,4,1945,5,2,1,1.0,2,13214,M,,,13
200900058367,9,12,22,2110,5,2,1,2.0,3,13055,M,,,13
200900058368,9,12,7,1550,1,2,1,8.0,6,13211,M,,,13
200900058369,9,12,6,210,5,2,1,1.0,2,13055,M,4.0,0,13
200900058370,9,12,10,1930,5,2,1,1.0,1,13211,M,,,13
200900058371,9,12,3,1900,2,2,1,1.0,3,13055,M,,,13
200900058372,9,12,11,745,1,2,1,1.0,5,13055,M,,,13
200900058373,9,12,14,1830,5,2,1,1.0,2,13205,M,,,13
200900058374,9,12,8,1525,1,2,2,1.0,6,13203,M,,,13
200900058375,9,12,11,950,1,2,1,1.0,6,13055,M,,,13
200900058376,9,12,31,1715,5,2,1,1.0,3,13211,M,,,13
200900058377,9,12,16,1735,5,2,1,1.0,3,13055,M,,,13
200900058378,9,12,15,1810,5,2,1,1.0,7,13209,M,,,13
200900058379,9,12,31,2000,5,1,1,1.0,7,13075,M,,,13
200900058380,9,12,3,2315,5,2,1,1.0,3,13202,M,,,13
200900058381,9,12,25,1805,3,2,1,1.0,3,13055,M,,,13
200900058382,9,12,13,1430,1,2,1,2.0,6,13215,M,,,13
200900058383,9,12,1,1535,1,2,1,1.0,3,13055,M,,,13
200900058384,9,12,5,1645,1,2,1,1.0,3,13203,M,,,13
200900058385,9,12,22,2230,5,2,2,2.0,3,13055,M,,,13
200900058386,9,12,8,1210,1,2,1,1.0,2,13055,M,,,13
200900058387,9,12,6,1445,1,2,1,1.0,7,13055,M,,,13
200900058388,9,12,31,735,1,2,1,1.0,6,13055,M,,,13
200900058389,9,12,1,1625,1,2,9,1.0,3,13055,M,,,13
200900058390,9,12,2,1900,5,2,3,1.0,1,13055,M,,,13
200900058391,9,12,28,1615,1,2,1,1.0,2,13055,M,,,13
200900058392,9,12,27,2325,5,2,1,1.0,2,13208,M,,,13
200900058393,9,12,18,1915,5,2,1,1.0,1,13055,M,,,13
200900058394,9,12,2,1530,1,2,2,1.0,7,13055,M,,,13
200900058395,9,12,22,1340,1,2,9,1.0,2,13204,M,,,13
200900058396,9,12,31,1200,1,2,1,1.0,6,13203,M,,,13
200900058397,9,12,18,930,1,2,1,1.0,2,13201,M,,,13
200900058398,9,12,4,645,2,2,1,2.0,7,13055,M,,,13
200900058399,9,12,4,1740,5,2,1,1.0,5,13209,M,,,13
200900058400,9,12,14,1050,1,2,1,1.0,6,13210,M,,,13
200900058401,9,12,5,45,5,2,1,1.0,3,13055,M,,,13
200900058402,9,12,11,705,1,2,1,1.0,2,13206,M,,,13
200900058403,9,12,17,1545,1,2,1,1.0,6,13055,M,,,13
200900058404,9,12,21,2215,5,2,1,2.0,2,13206,M,,,13
200900058405,9,12,29,1350,1,2,1,1.0,3,13055,M,,,13
200900058406,9,12,29,1100,1,2,1,1.0,3,13055,M,,,13
200900058407,9,12,17,1500,1,2,9,1.0,6,13211,M,,,13
200900058408,9,12,13,840,1,2,1,2.0,7,13055,M,4.0,0,13
200900058409,9,12,11,1300,1,2,1,1.0,7,13055,M,,,13
200900058410,9,12,1,2000,2,2,1,1.0,3,13208,M,,,13
200900058411,9,12,16,1430,1,2,3,1.0,3,13055,M,,,13
200900058412,9,12,4,1200,1,2,1,1.0,3,13210,M,,,13
200900058413,9,12,3,750,1,2,1,2.0,6,13215,M,,,13
200900058414,9,12,8,755,1,2,1,2.0,6,13209,M,,,13
200900058415,9,12,7,1750,5,2,1,1.0,6,13055,M,,,13
200900058416,9,12,22,2045,5,2,1,1.0,6,13206,M,,,13
200900058417,9,12,15,830,1,2,3,1.0,7,13209,M,,,13
200900058418,9,12,9,1410,1,2,1,1.0,2,13055,M,,,13
200900058419,9,12,29,1730,1,2,1,1.0,6,13055,M,,,13
200900058420,9,12,18,1940,5,2,2,1.0,6,13202,M,,,13
200900058421,9,12,31,1830,5,2,1,1.0,1,13211,M,,,13
200900058422,9,12,31,1210,1,2,1,1.0,3,13208,M,,,13
200900058423,9,12,1,845,1,2,1,1.0,6,13211,M,,,13
200900058424,9,12,29,1850,5,2,1,1.0,7,13055,M,,,13
200900058425,9,12,10,745,1,2,1,1.0,3,13205,M,,,13
200900058426,9,12,10,1330,1,2,1,1.0,7,13213,M,,,13
200900058427,9,12,27,910,1,2,1,1.0,2,13055,M,,,13
200900058428,9,12,19,2000,3,2,1,1.0,6,13055,M,,,13
200900058429,9,12,4,1110,1,2,1,1.0,6,13204,M,,,13
200900058430,9,12,8,1615,1,2,1,1.0,6,13055,M,,,13
200900058431,9,12,10,715,2,2,3,1.0,3,13055,M,,,13
200900058432,9,12,29,830,1,2,3,1.0,3,13206,M,,,13
200900058433,9,12,5,1505,1,2,2,1.0,6,13206,M,,,13
200900058434,9,12,29,1000,1,2,1,1.0,6,13055,M,,,13
200900058435,9,12,18,1100,1,2,1,1.0,6,13055,M,,,13
200900058436,9,12,27,1355,1,2,6,1.0,3,13055,M,,,13
200900058437,9,12,4,940,1,2,1,2.0,3,13214,M,,,13
200900058438,9,12,14,545,5,2,1,1.0,1,13205,M,,,13
200900058439,9,12,21,1500,1,2,3,3.0,2,13204,M,,,13
200900058440,9,12,28,1845,5,2,1,1.0,6,13055,M,,,13
200900058441,9,12,11,1915,5,2,1,1.0,3,13055,M,,,13
200900058442,9,12,17,1115,1,2,1,1.0,1,13055,M,,,13
200900058443,9,12,18,1315,1,1,1,4.0,1,13002,M,4.0,0,13
200900058444,9,12,31,845,1,2,1,1.0,6,13212,M,,,13
200900058445,9,12,9,1835,5,2,1,1.0,4,13055,M,,,13
200900058446,9,12,16,840,1,2,1,1.0,3,13208,M,,,13
200900058447,9,12,19,1730,5,2,1,1.0,6,13055,M,,,13
200900058448,9,12,23,1003,1,2,1,1.0,3,13205,M,,,13
200900058449,9,12,23,2145,3,2,1,1.0,6,13055,M,,,13
200900058450,9,12,25,1800,5,2,1,1.0,6,13002,M,4.0,0,13
200900058451,9,12,5,955,1,2,1,1.0,3,13201,M,,,13
200900058452,9,12,15,1050,1,2,1,1.0,6,13055,M,4.0,0,13
200900058453,9,12,22,535,3,1,1,1.0,6,13002,M,4.0,0,13
200900058454,9,12,7,1600,1,2,1,2.0,3,13204,M,,,13
200900058455,9,12,23,2045,5,2,6,2.0,3,13055,M,,,13
200900058456,9,12,18,1530,1,2,1,1.0,3,13055,M,,,13
200900058457,9,12,18,1735,1,2,2,1.0,1,13211,M,,,13
200900058458,9,12,22,1300,1,2,1,1.0,2,13055,M,,,13
200900058459,9,12,16,750,1,2,3,1.0,7,13210,M,,,13
200900058460,9,12,1,1830,5,2,1,1.0,7,13214,M,,,13
200900058461,9,12,16,805,1,2,1,1.0,6,13211,M,,,13
200900058462,9,12,16,1000,1,2,1,1.0,3,13205,M,,,13
200900058463,9,12,6,1958,5,2,2,1.0,3,13208,M,,,13
200900058464,9,12,24,1145,2,2,3,2.0,3,13055,M,,,13
200900058465,9,12,12,1605,1,2,1,1.0,2,13201,M,,,13
200900058466,9,12,28,2000,5,2,1,1.0,2,13211,M,,,13
200900058467,9,12,10,850,1,2,1,1.0,6,13055,M,,,13
200900058468,9,12,24,1240,1,2,1,3.0,6,13214,M,,,13
200900058469,9,12,1,2320,5,2,1,1.0,6,13214,M,,,13
200900058470,9,12,7,710,1,1,1,8.0,7,13002,M,4.0,0,13
200900058471,9,12,5,1810,5,2,1,1.0,3,13209,M,,,13
200900058472,9,12,25,2100,5,2,1,1.0,6,13207,M,,,13
200900058473,9,12,3,845,1,2,1,3.0,4,13055,M,,,13
200900058474,9,12,1,1820,5,2,1,1.0,2,13213,M,,,13
200900058475,9,12,4,2025,5,2,1,1.0,6,13002,M,,,13
200900058476,9,12,11,1615,1,2,1,1.0,3,13055,M,,,13
200900058477,9,12,16,1930,5,2,9,1.0,1,13055,M,,,13
200900058478,9,12,9,1830,5,2,1,1.0,2,13209,M,,,13
200900058479,9,12,23,1730,5,2,1,2.0,1,13055,M,,,13
200900058480,9,12,2,1900,5,2,1,1.0,1,13002,M,4.0,0,13
200900058481,9,12,22,1730,2,2,3,2.0,5,13204,M,,,13
200900058482,9,12,11,825,1,2,1,1.0,6,13208,M,,,13
200900058483,9,12,4,1200,1,2,1,1.0,6,13214,M,,,13
200900058484,9,12,7,1825,5,2,1,8.0,3,13211,M,,,13
200900058485,9,12,10,1245,1,2,2,1.0,3,13205,M,,,13
200900058486,9,12,11,1100,1,2,1,1.0,7,13055,M,,,13
200900058487,9,12,12,1015,1,2,9,1.0,6,13211,M,,,13
200900058488,9,12,17,2050,5,2,1,1.0,3,13055,M,,,13
200900058489,9,12,7,1930,5,2,2,1.0,3,13055,M,,,13
200900058490,9,12,10,1900,2,2,1,1.0,2,13055,M,4.0,0,13
200900058491,9,12,24,1300,1,2,1,3.0,4,13055,M,,,13
200900058492,9,12,8,1800,5,2,3,1.0,1,13055,M,,,13
200900058493,9,12,16,900,1,2,3,1.0,3,13216,M,,,13
200900058494,9,12,2,1920,5,2,1,1.0,6,13002,M,,,13
200900058495,9,12,23,1340,1,2,1,1.0,6,13055,M,,,13
200900058496,9,12,21,930,1,2,1,2.0,5,13055,M,,,13
200900058497,9,12,27,600,5,1,1,1.0,1,13075,M,,,13
200900058498,9,12,18,1745,5,1,6,1.0,3,13001,M,,,13
200900058499,9,12,16,1412,1,1,2,1.0,1,13108,M,4.0,0,13
200900058500,9,12,20,1225,1,2,2,1.0,3,13103,M,,,13
200900058501,9,12,25,2145,3,1,1,1.0,3,13108,M,,,13
200900058502,9,12,21,1400,1,1,9,3.0,6,13108,M,,,13
200900058503,9,12,4,1530,1,2,3,1.0,3,13028,M,,,13
200900058504,9,12,20,1810,5,2,1,1.0,1,13028,M,,,13
200900058505,9,12,16,1630,1,2,3,1.0,3,13206,M,,,13
200900058506,9,12,29,2000,3,2,1,1.0,3,13215,M,,,13
200900058507,9,12,18,1630,1,2,6,1.0,1,13055,M,,,13
200900058508,9,12,20,1750,2,2,1,1.0,3,13206,M,,,13
200900058509,9,12,12,630,2,2,1,1.0,3,13215,M,,,13
200900058510,9,12,2,1630,1,2,1,1.0,3,13055,M,,,13
200900058511,9,12,25,1230,1,1,1,1.0,4,13055,M,4.0,0,13
200900058512,9,12,15,700,2,2,1,1.0,6,13055,M,4.0,0,13
200900058513,9,12,8,1150,1,2,9,1.0,3,13055,M,,,13
200900058514,9,12,24,1200,1,2,1,2.0,1,13055,M,,,13
200900058515,9,12,8,1900,5,2,3,8.0,3,13055,M,,,13
200900058516,9,12,24,500,5,2,2,1.0,6,13203,M,,,13
200900058517,9,12,17,1800,5,2,1,1.0,3,13117,M,,,13
200900058518,9,12,30,1530,2,2,1,1.0,1,13117,M,,,13
200900058519,9,12,16,1140,1,1,1,1.0,1,13004,M,,,13
200900058520,9,12,23,1040,1,2,3,1.0,6,13004,M,,,13
200900058521,9,12,24,1630,2,1,1,2.0,6,13117,M,,,13
200900058522,9,12,22,1105,1,2,1,1.0,2,13117,M,,,13
200900058523,9,12,26,930,1,2,6,1.0,7,13004,M,,,13
200900058524,9,12,21,2000,3,2,3,2.0,3,13047,M,,,13
200900058525,9,12,4,900,1,2,6,1.0,3,13047,M,,,13
200900058526,9,12,30,1400,1,2,3,1.0,3,13047,M,,,13
200900058527,9,12,8,610,3,1,8,5.0,5,13063,M,4.0,0,13
200900058528,9,12,19,1900,3,1,1,6.0,1,13047,M,,,13
200900058529,9,12,9,300,3,1,1,1.0,7,13047,M,4.0,0,13