Num_Acc,an,mois,jour,hrmn,lum,agg,int,atm,col,com,gps,lat,long,dep
200900058898,9,8,7,730,1,2,3,1.0,3,06088,M,,,06
200900058899,9,8,3,1800,1,2,1,1.0,3,06088,M,,,06
200900058900,9,8,11,1220,1,2,3,1.0,6,06088,M,,,06
200900058901,9,8,9,2200,5,2,1,9.0,4,06088,M,,,06
200900058902,9,8,7,1415,1,2,1,1.0,6,06088,M,,,06
200900058903,9,8,11,1625,1,2,1,1.0,6,06088,M,,,06
200900058904,9,8,15,1730,1,2,1,1.0,1,06088,M,,,06
200900058905,9,8,12,1220,1,2,1,1.0,1,06088,M,,,06
200900058906,9,8,2,1955,1,2,1,1.0,3,06088,M,,,06
200900058907,9,8,6,1130,1,2,1,1.0,2,06088,M,,,06
200900058908,9,8,3,1450,1,2,1,1.0,6,06088,M,,,06
200900058909,9,8,3,905,1,2,1,1.0,7,06088,M,,,06
200900058910,9,8,3,1220,1,2,1,1.0,3,06088,M,,,06
200900058911,9,8,11,915,1,2,1,1.0,6,06088,M,,,06
200900058912,9,8,10,150,5,2,1,1.0,3,06088,M,,,06
200900058913,9,8,6,1045,1,2,1,1.0,6,06088,M,,,06
200900058914,9,8,14,1725,1,2,1,1.0,3,06088,M,,,06
200900058915,9,8,6,45,5,2,2,1.0,3,06088,M,,,06
200900058916,9,8,3,2330,5,2,2,1.0,3,06088,M,,,06
200900058917,9,8,9,1840,1,2,1,1.0,6,06088,M,,,06
200900058918,9,8,15,345,5,2,1,1.0,3,06088,M,,,06
200900058919,9,8,13,1840,1,2,2,1.0,4,06159,M,,,06
200900058920,9,8,11,1820,1,2,1,9.0,1,06088,M,,,06
200900058921,9,8,6,1400,1,2,1,1.0,2,06088,M,,,06
200900058922,9,8,14,1130,1,2,1,1.0,3,06088,M,,,06
200900058923,9,8,13,830,1,2,1,1.0,2,06159,M,,,06
200900058924,9,8,12,200,5,2,1,1.0,2,06088,M,,,06
200900058925,9,8,1,120,5,2,1,1.0,3,06088,M,,,06
200900058926,9,8,4,1730,1,2,1,1.0,1,06088,M,,,06
200900058927,9,8,13,1530,1,2,3,1.0,3,06088,M,,,06
200900058928,9,8,9,1745,1,2,1,1.0,7,06088,M,,,06
200900058929,9,8,4,1815,1,2,1,1.0,6,06088,M,,,06
200900058930,9,8,6,1245,1,2,1,1.0,2,06088,M,,,06
200900058931,9,8,12,2015,2,2,1,1.0,1,06088,M,,,06
200900058932,9,8,10,1800,1,2,1,1.0,7,06069,M,,,06
200900058933,9,8,1,2230,5,1,1,1.0,7,06069,M,,,06
200900058934,9,8,5,1940,1,2,1,1.0,6,06155,M,,,06
200900058935,9,8,2,1800,1,2,1,1.0,3,06069,M,,,06
200900058936,9,8,15,1227,1,2,1,1.0,6,06004,M,,,06
200900058937,9,8,15,1950,1,2,1,1.0,1,06069,M,,,06
200900058938,9,8,9,1415,1,2,1,1.0,3,06004,M,,,06
200900058939,9,8,2,2120,5,2,1,1.0,1,06155,M,,,06
200900058940,9,8,11,1535,1,2,1,1.0,6,06155,M,,,06
200900058941,9,8,14,1120,1,2,1,1.0,2,06069,M,,,06
200900058942,9,8,12,1230,1,2,1,1.0,3,06004,M,,,06
200900058943,9,8,1,1125,1,2,1,1.0,3,06083,M,,,06
200900058944,9,8,2,2120,1,2,1,1.0,6,06004,M,,,06
200900058945,9,8,12,1120,1,2,1,1.0,3,06004,M,,,06
200900058946,9,8,2,1930,1,1,1,1.0,7,06069,M,,,06
200900058947,9,8,9,1805,1,2,3,1.0,6,06104,M,,,06
200900058948,9,8,3,1850,1,2,1,1.0,3,06069,M,,,06
200900058949,9,8,5,1905,1,2,1,1.0,3,06030,M,,,06
200900058950,9,8,12,1530,1,2,3,1.0,3,06155,M,,,06
200900058951,9,8,1,945,1,1,1,1.0,6,06067,M,0.0,0,06
200900058952,9,8,20,2345,5,2,1,1.0,7,06079,M,0.0,0,06
200900058953,9,8,30,830,1,1,1,1.0,6,06092,M,0.0,0,06
200900058954,9,8,8,1300,1,1,1,1.0,1,06025,M,0.0,0,06
200900058955,9,8,30,400,3,1,1,1.0,6,06113,M,0.0,0,06
200900058956,9,8,11,700,1,2,1,1.0,3,06094,M,4.0,0,06
200900058957,9,8,24,1715,1,1,1,1.0,1,06144,M,4.0,0,06
200900058958,9,8,5,1945,1,1,1,1.0,1,06151,M,0.0,0,06
200900058959,9,8,11,530,3,2,1,1.0,1,06085,M,4.0,0,06
200900058960,9,8,6,1745,1,2,1,1.0,6,06079,M,0.0,0,06
200900058961,9,8,26,1815,1,2,1,1.0,6,06018,M,0.0,0,06
200900058962,9,8,15,1930,1,2,1,1.0,3,06161,M,4.0,0,06
200900058963,9,8,2,2330,5,2,1,1.0,6,06075,M,4.0,0,06
200900058964,9,8,7,1245,1,2,1,1.0,6,06127,M,0.0,0,06
200900058965,9,8,14,1500,1,1,1,1.0,7,06163,M,0.0,0,06
200900058966,9,8,30,1400,1,1,1,1.0,7,06071,M,4.0,0,06
200900058967,9,8,5,1600,1,1,1,1.0,7,06134,M,0.0,0,06
200900058968,9,8,18,2115,5,1,1,1.0,5,06059,M,0.0,0,06
200900058969,9,8,31,830,1,1,1,1.0,6,06012,M,0.0,0,06
200900058970,9,8,15,2200,5,2,9,1.0,6,06048,M,4.0,0,06
200900058971,9,8,4,1745,1,2,1,1.0,6,06077,M,0.0,0,06
200900058972,9,8,13,1430,1,1,1,1.0,6,06154,M,4.0,0,06
200900058973,9,8,28,1715,1,2,1,1.0,3,06161,M,0.0,0,06
200900058974,9,8,23,300,3,1,1,1.0,1,06099,M,0.0,0,06
200900058975,9,8,26,1915,1,1,1,1.0,1,06138,M,0.0,0,06
200900058976,9,8,21,1130,1,1,1,1.0,1,06036,M,0.0,0,06
200900058977,9,8,3,1600,1,1,1,1.0,2,06161,M,0.0,0,06
200900058978,9,8,10,1630,1,2,1,1.0,6,06011,M,0.0,0,06
200900058979,9,8,27,1515,1,2,1,1.0,7,06079,M,0.0,0,06
200900058980,9,8,29,1030,1,1,1,1.0,4,06003,M,4.0,0,06
200900058981,9,8,20,1115,1,2,1,1.0,1,06149,M,0.0,0,06
200900058982,9,8,27,930,1,2,1,1.0,7,06120,M,0.0,0,06
200900058983,9,8,29,1315,1,2,1,1.0,3,06033,M,0.0,0,06
200900058984,9,8,5,1715,1,1,1,1.0,6,06152,M,0.0,0,06
200900058985,9,8,26,1630,1,2,1,1.0,1,06029,M,,,06
200900058986,9,8,8,2340,5,2,1,1.0,3,06029,M,,,06
200900058987,9,8,17,1705,1,2,1,1.0,6,06030,M,,,06
200900058988,9,8,28,1845,1,2,1,1.0,6,06069,M,,,06
200900058989,9,8,6,1828,1,2,1,1.0,6,06030,M,,,06
200900058990,9,8,28,1230,1,2,1,1.0,7,06069,M,,,06
200900058991,9,8,23,1810,1,2,3,1.0,3,06004,M,,,06
200900058992,9,8,24,1030,1,2,1,1.0,2,06069,M,,,06
200900058993,9,8,19,1705,1,2,1,1.0,3,06069,M,,,06
200900058994,9,8,21,1920,1,2,3,1.0,1,06004,M,,,06
200900058995,9,8,19,1230,1,1,1,1.0,3,06004,M,,,06
200900058996,9,8,18,1610,1,2,1,1.0,3,06069,M,,,06
200900058997,9,8,24,1829,1,2,3,1.0,3,06004,M,,,06
200900058998,9,8,27,1605,1,2,1,1.0,2,06069,M,,,06
200900058999,9,8,16,2030,1,2,1,1.0,7,06069,M,,,06
200900059000,9,8,14,1226,1,2,2,1.0,6,06029,M,,,06
200900059001,9,8,19,2320,5,2,1,1.0,6,06069,M,,,06
200900059002,9,8,25,1345,1,2,1,1.0,7,06069,M,,,06
200900059003,9,8,24,1650,1,2,1,1.0,3,06029,M,,,06
200900059004,9,8,30,145,5,2,2,1.0,3,06029,M,,,06
200900059005,9,8,30,1745,1,2,1,1.0,3,06029,M,,,06
200900059006,9,8,25,800,1,2,1,1.0,7,06069,M,,,06
200900059007,9,8,12,1658,1,2,1,1.0,2,06029,M,,,06
200900059008,9,8,19,2150,5,2,1,1.0,3,06029,M,,,06
200900059009,9,8,22,2245,5,2,1,1.0,6,06029,M,,,06
200900059010,9,8,21,1530,1,2,3,1.0,6,06155,M,,,06
200900059011,9,8,24,1800,1,2,1,1.0,3,06029,M,,,06
200900059012,9,8,21,1900,1,2,1,1.0,3,06030,M,,,06
200900059013,9,8,18,930,1,2,1,1.0,3,06029,M,,,06
200900059014,9,8,24,1655,1,2,1,1.0,3,06069,M,,,06
200900059015,9,8,31,1850,1,2,1,1.0,3,06069,M,,,06
200900059016,9,8,30,2315,5,2,1,1.0,7,06069,M,,,06
200900059017,9,8,31,1405,1,2,1,1.0,3,06029,M,,,06
200900059018,9,8,14,2340,5,2,1,1.0,3,06029,M,,,06
200900059019,9,8,5,1158,1,2,1,1.0,6,06029,M,,,06
200900059020,9,8,24,1700,1,2,1,1.0,3,06069,M,,,06
200900059021,9,8,9,45,5,2,1,1.0,3,06029,M,,,06
200900059022,9,8,31,2310,5,2,1,1.0,7,06069,M,,,06
200900059023,9,8,18,1200,1,1,9,1.0,3,06004,M,,,06
200900059024,9,8,28,1120,1,2,1,1.0,3,06030,M,,,06
200900059025,9,8,24,1110,1,2,3,1.0,1,06004,M,,,06
200900059026,9,8,16,1620,1,2,1,1.0,2,06029,M,,,06
200900059027,9,8,25,1355,1,1,1,1.0,3,06088,M,,,06
200900059028,9,8,17,900,1,2,1,1.0,2,06088,M,,,06
200900059029,9,8,31,1015,1,2,1,1.0,2,06088,M,,,06
200900059030,9,8,16,1810,1,2,1,1.0,2,06088,M,,,06
200900059031,9,8,17,740,1,2,2,2.0,6,06088,M,,,06
200900059032,9,8,25,2300,3,1,1,1.0,6,06088,M,,,06
200900059033,9,8,22,1020,1,2,2,1.0,6,06088,M,,,06
200900059034,9,8,18,2000,2,2,1,1.0,6,06088,M,,,06
200900059035,9,8,24,1600,1,2,1,1.0,2,06088,M,,,06
200900059036,9,8,20,1700,1,2,1,1.0,3,06088,M,,,06
200900059037,9,8,20,905,1,2,1,1.0,6,06088,M,,,06
200900059038,9,8,16,250,5,2,2,1.0,7,06088,M,,,06
200900059039,9,8,24,1805,1,2,1,1.0,6,06088,M,,,06
200900059040,9,8,21,1315,1,2,1,2.0,6,06088,M,,,06
200900059041,9,8,19,1440,1,2,1,1.0,1,06088,M,,,06
200900059042,9,8,20,405,5,2,2,1.0,3,06088,M,,,06
200900059043,9,8,19,2240,5,2,1,1.0,6,06088,M,,,06
200900059044,9,8,22,1515,1,2,1,1.0,3,06088,M,,,06
200900059045,9,8,25,850,1,2,1,1.0,5,06088,M,,,06
200900059046,9,8,28,1215,1,2,1,1.0,2,06088,M,,,06
200900059047,9,8,27,1505,1,2,1,1.0,3,06088,M,,,06
200900059048,9,8,16,355,5,2,1,1.0,6,06088,M,,,06
200900059049,9,8,29,830,1,2,3,1.0,3,06159,M,,,06
200900059050,9,8,22,845,1,2,2,1.0,3,06088,M,,,06
200900059051,9,8,16,1440,1,2,2,1.0,3,06088,M,,,06
200900059052,9,8,23,1050,1,2,3,1.0,5,06088,M,,,06
200900059053,9,8,28,1640,1,2,1,1.0,2,06088,M,,,06
200900059054,9,8,28,1000,1,2,1,1.0,2,06088,M,,,06
200900059055,9,8,25,1115,1,2,2,1.0,3,06088,M,,,06
200900059056,9,8,20,1515,1,2,1,1.0,6,06088,M,,,06
200900059057,9,8,21,840,1,2,1,1.0,3,06088,M,,,06
200900059058,9,8,24,1130,1,2,2,1.0,3,06088,M,,,06
200900059059,9,8,28,1850,1,2,1,1.0,7,06088,M,,,06
200900059060,9,8,31,1140,1,2,1,1.0,3,06088,M,,,06
200900059061,9,8,25,915,1,2,4,9.0,3,06088,M,,,06
200900059062,9,8,30,1915,1,2,1,1.0,1,06088,M,,,06
200900059063,9,8,18,1200,1,2,2,1.0,3,06088,M,,,06
200900059064,9,8,14,1220,1,2,1,1.0,6,06029,M,,,06
200900059065,9,8,16,310,5,2,1,1.0,6,06088,M,,,06
200900059066,9,8,21,1310,1,2,1,1.0,6,06088,M,,,06
200900059067,9,8,27,1615,1,2,1,1.0,3,06069,M,,,06
200900059068,9,8,24,1755,1,2,1,1.0,2,06069,M,,,06
200900059069,9,8,20,1655,1,2,1,1.0,3,06027,M,,,06
200900059070,9,8,14,2030,2,2,1,1.0,3,06027,M,,,06
200900059071,9,8,18,1700,1,2,1,1.0,3,06027,M,,,06
200900059072,9,8,13,1010,1,2,1,1.0,3,06123,M,,,06
200900059073,9,8,11,1200,1,2,3,1.0,3,06027,M,,,06
200900059074,9,8,14,820,1,2,1,1.0,3,06027,M,,,06
200900059075,9,8,22,950,1,2,1,1.0,6,06123,M,,,06
200900059076,9,8,21,1515,1,2,6,1.0,3,06027,M,,,06
200900059077,9,8,11,1630,1,2,1,1.0,2,06123,M,,,06
200900059078,9,8,28,1215,1,2,1,1.0,2,06123,M,,,06
200900059079,9,8,8,1215,1,2,3,1.0,3,06027,M,,,06
200900059080,9,8,23,1800,1,2,1,1.0,3,06123,M,,,06
200900059081,9,8,29,1435,1,2,1,1.0,3,06027,M,,,06
200900059082,9,8,24,705,1,2,3,1.0,3,06027,M,,,06
200900059083,9,8,31,2110,5,2,1,1.0,2,06123,M,,,06
200900059084,9,8,17,715,1,2,1,1.0,6,06027,M,,,06
200900059085,9,8,29,1245,1,2,1,1.0,2,06027,M,,,06
200900059086,9,8,19,2330,5,2,3,1.0,3,06123,M,,,06
200900059087,9,8,25,1040,1,2,1,1.0,6,06123,M,,,06
200900059088,9,8,2,430,5,2,1,1.0,7,06027,M,,,06
200900059089,9,8,25,1210,1,2,1,1.0,6,06027,M,,,06
200900059090,9,8,31,915,1,1,6,1.0,3,06152,M,0.0,0,06
200900059091,9,8,17,1345,1,2,1,1.0,2,06149,M,0.0,0,06
200900059092,9,8,18,1215,1,1,1,7.0,6,06150,M,0.0,0,06
200900059093,9,8,3,1710,1,2,1,1.0,4,06088,M,,,06
200900059094,9,8,4,1626,1,2,1,1.0,2,06088,M,,,06
200900059095,9,8,18,1415,1,2,1,1.0,6,06083,M,,,06
200900059096,9,8,20,1935,1,2,1,1.0,7,06083,M,,,06
200900059097,9,8,31,530,5,2,1,1.0,6,06104,M,,,06
200900059098,9,8,21,1030,1,2,1,1.0,6,06083,M,,,06
200900059099,9,8,31,1240,1,2,1,1.0,6,06104,M,,,06
200900059100,9,8,21,9,5,2,1,1.0,6,06083,M,,,06
200900059101,9,8,22,2115,2,2,6,1.0,3,06104,M,,,06
200900059102,9,4,23,1521,1,2,3,1.0,3,69388,M,,,69
200900059103,9,4,23,1726,1,2,3,1.0,3,69382,M,,,69
200900059104,9,5,16,2030,1,2,2,2.0,3,18279,M,,,18
200900059105,9,4,24,1430,1,2,3,1.0,3,69388,M,,,69
200900059106,9,4,25,2135,5,2,3,1.0,3,69388,M,,,69
200900059107,9,4,26,1825,1,2,1,2.0,6,69388,M,,,69
200900059108,9,4,27,1210,1,2,1,1.0,2,69388,M,,,69
200900059109,9,4,30,700,1,2,3,1.0,3,69388,M,,,69
200900059110,9,4,30,1920,1,2,1,1.0,3,69388,M,,,69
200900059111,9,5,15,1515,1,2,1,2.0,3,69388,M,,,69
200900059112,9,12,5,1300,1,1,1,8.0,7,87187,M,4.0,0,87
200900059113,9,12,7,1615,1,1,1,3.0,6,87062,M,4.0,0,87
200900059114,9,12,27,700,2,1,1,9.0,6,87041,M,4.0,0,87
200900059115,9,12,12,2100,3,1,1,1.0,7,87161,M,4.0,0,87
200900059116,9,12,29,1700,2,1,1,8.0,6,87199,M,4.0,0,87
200900059117,9,12,2,1730,3,1,1,2.0,6,87141,M,4.0,0,87
200900059118,9,12,1,115,3,1,1,3.0,2,87014,M,0.0,0,87
200900059119,9,12,29,1830,3,1,1,3.0,6,87063,M,4.0,0,87
200900059120,9,12,26,1715,2,1,1,9.0,5,87180,M,4.0,0,87
200900059121,9,12,2,759,1,2,1,1.0,2,87085,M,,,87
200900059122,9,12,1,1820,5,2,3,1.0,3,87085,M,,,87
200900059123,9,12,1,1848,5,1,1,1.0,5,87050,M,4.0,0,87
200900059124,9,12,3,1845,5,2,2,1.0,3,87085,M,,,87
200900059125,9,12,4,1630,1,2,2,1.0,3,87085,M,4.0,0,87
200900059126,9,12,3,1950,5,1,1,2.0,6,87085,M,4.0,0,87
200900059127,9,12,4,1710,5,2,1,2.0,6,87085,M,,,87
200900059128,9,12,8,931,1,2,1,2.0,7,87085,M,,,87
200900059129,9,12,10,844,1,2,6,1.0,3,87085,M,,,87
200900059130,9,12,11,1220,1,2,2,1.0,6,87085,M,,,87
200900059131,9,12,4,1855,4,1,1,2.0,2,87107,M,4.0,0,87
200900059132,9,12,5,1338,1,2,2,1.0,3,87085,M,,,87
200900059133,9,12,6,151,5,1,1,1.0,6,87085,M,4.0,0,87
200900059134,9,12,6,1955,5,2,1,2.0,3,87085,M,,,87
200900059135,9,12,7,941,1,1,1,2.0,3,87085,M,4.0,0,87
200900059136,9,12,11,1507,1,2,1,1.0,3,87085,M,,,87
200900059137,9,12,7,1719,5,2,1,2.0,6,87085,M,,,87
200900059138,9,12,11,2154,5,2,1,1.0,4,87085,M,,,87
200900059139,9,12,12,850,1,2,1,1.0,3,87085,M,,,87
200900059140,9,12,12,1735,5,2,1,1.0,6,87085,M,,,87
200900059141,9,12,11,1754,3,1,1,1.0,6,87048,M,4.0,0,87
200900059142,9,12,12,1504,1,2,9,1.0,3,87085,M,,,87
200900059143,9,12,13,203,5,2,1,1.0,6,87085,M,,,87
200900059144,9,12,13,1737,5,2,1,1.0,2,87085,M,,,87
200900059145,9,12,15,1912,1,2,1,1.0,3,87085,M,4.0,0,87
200900059146,9,12,17,1045,1,2,1,1.0,6,87075,M,,,87
200900059147,9,12,17,1322,1,2,3,1.0,3,87085,M,,,87
200900059148,9,12,17,1728,5,2,1,4.0,2,87085,M,,,87
200900059149,9,12,23,1845,5,1,1,2.0,2,87085,M,,,87
200900059150,9,12,17,1825,5,2,3,4.0,3,87085,M,,,87
200900059151,9,12,21,1118,1,2,1,1.0,6,87085,M,,,87
200900059152,9,12,22,1841,5,2,1,2.0,1,87085,M,,,87
200900059153,9,12,22,1956,5,2,1,2.0,6,87085,M,4.0,0,87
200900059154,9,12,24,855,1,1,1,2.0,1,87085,M,4.0,0,87
200900059155,9,12,24,1604,1,2,2,3.0,3,87085,M,4.0,0,87
200900059156,9,12,28,1055,1,1,1,2.0,6,87085,M,4.0,0,87
200900059157,9,12,26,1120,1,2,1,1.0,6,87085,M,4.0,0,87
200900059158,9,12,26,1652,2,1,1,2.0,7,87085,M,4.0,0,87
200900059159,9,12,26,2217,5,2,9,1.0,3,87085,M,,,87
200900059160,9,12,27,640,4,1,1,2.0,6,87085,M,4.0,0,87
200900059161,9,12,27,1012,1,2,1,4.0,6,87085,M,4.0,0,87
200900059162,9,12,30,1510,1,2,1,1.0,6,87085,M,,,87
200900059163,9,12,30,1733,5,2,1,1.0,6,87085,M,,,87
200900059164,9,12,31,2002,5,2,1,2.0,2,87085,M,,,87
200900059165,9,12,31,2145,5,2,1,3.0,6,87085,M,,,87
200900059166,9,11,10,1400,1,2,1,2.0,6,40088,M,,,40
200900059167,9,11,15,1745,2,2,6,1.0,6,40088,M,,,40
200900059168,9,11,7,1725,1,2,1,3.0,6,40279,M,,,40
200900059169,9,11,17,1830,3,1,1,1.0,1,40080,M,0.0,0,40
200900059170,9,11,3,1915,3,1,1,2.0,1,40132,M,4.0,-,40
200900059171,9,11,9,940,1,1,1,1.0,5,40164,M,0.0,0,40
200900059172,9,11,10,1020,1,1,1,2.0,2,40269,M,4.0,-,40
200900059173,9,11,13,1830,5,2,1,1.0,6,40273,M,4.0,-,40
200900059174,9,11,11,1630,1,1,1,2.0,6,40115,M,0.0,0,40
200900059175,9,11,1,1900,2,1,1,2.0,4,40036,M,4.0,-,40
200900059176,9,11,6,1830,5,2,1,1.0,6,40001,M,0.0,0,40
200900059177,9,11,29,2145,3,1,1,1.0,7,40002,M,0.0,0,40
200900059178,9,11,13,1530,1,2,1,1.0,6,40312,M,4.0,-,40
200900059179,9,11,6,2245,3,1,1,3.0,3,40261,M,4.0,-,40
200900059180,9,11,18,1810,3,2,1,1.0,3,40192,M,,,40
200900059181,9,11,28,1805,1,2,1,1.0,4,40281,M,,,40
200900059182,9,11,26,2245,3,1,1,1.0,7,40307,M,0.0,0,40
200900059183,9,11,14,1620,1,2,1,1.0,6,40192,M,,,40
200900059184,9,11,29,1155,1,2,1,2.0,1,40192,M,,,40
200900059185,9,11,19,1745,5,2,2,1.0,3,40134,M,0.0,0,40
200900059186,9,11,16,1545,1,1,3,1.0,3,40250,M,0.0,0,40
200900059187,9,11,10,1905,5,1,1,2.0,3,40284,M,4.0,-,40
200900059188,9,11,4,1515,1,1,1,2.0,7,40320,M,0.0,0,40
200900059189,9,11,4,1905,5,2,1,2.0,6,40088,M,,,40
200900059190,9,5,30,315,5,2,3,1.0,6,69266,M,,,69
200900059191,9,6,1,1455,1,2,1,1.0,3,69388,M,,,69
200900059192,9,6,3,1710,1,2,2,1.0,3,69388,M,,,69
200900059193,9,6,4,1645,1,2,3,1.0,6,69388,M,,,69
200900059194,9,6,5,715,1,2,2,1.0,2,69282,M,,,69
200900059195,9,6,5,1915,1,2,6,1.0,3,69282,M,,,69
200900059196,9,6,7,1140,1,2,1,7.0,3,69388,M,,,69
200900059197,9,6,9,700,1,2,1,1.0,6,69282,M,,,69
200900059198,9,6,10,1900,1,2,2,1.0,6,69266,M,,,69
200900059199,9,6,12,1140,1,2,1,1.0,3,69388,M,,,69
200900059200,9,6,13,1803,1,2,9,1.0,3,69388,M,,,69
200900059201,9,6,15,1340,1,2,2,1.0,3,69266,M,,,69
200900059202,9,6,15,1630,1,2,3,1.0,3,69266,M,,,69
200900059203,9,6,15,1805,1,2,1,1.0,6,69266,M,,,69
200900059204,9,11,12,1600,1,1,9,2.0,3,22204,M,4.0,-,22
200900059205,9,11,16,1730,5,2,1,1.0,6,22166,M,4.0,-,22
200900059206,9,11,11,1830,3,1,1,3.0,1,22281,M,0.0,0,22
200900059207,9,11,9,1030,1,2,6,1.0,3,22228,M,4.0,-,22
200900059208,9,11,9,1800,3,1,3,1.0,3,22145,M,0.0,0,22
200900059209,9,11,27,1545,1,1,3,1.0,3,22237,M,0.0,0,22
200900059210,9,11,1,1230,1,2,2,2.0,3,22352,M,0.0,0,22
200900059211,9,11,9,1815,5,1,1,8.0,6,22226,M,4.0,-,22
200900059212,9,11,25,1830,3,1,1,2.0,6,22354,M,4.0,-,22
200900059213,9,11,24,530,3,2,1,1.0,1,22287,M,0.0,0,22
200900059214,9,11,11,1615,1,1,1,1.0,7,22079,M,0.0,0,22
200900059215,9,11,28,1100,1,2,2,2.0,3,22180,M,0.0,0,22
200900059216,9,11,30,1000,1,2,1,2.0,7,22362,M,4.0,-,22
200900059217,9,11,20,1345,1,1,1,1.0,7,22341,M,4.0,-,22
200900059218,9,11,13,545,4,2,1,2.0,3,22383,M,4.0,-,22
200900059219,9,11,24,2000,3,1,2,6.0,3,22246,M,0.0,0,22
200900059220,9,11,3,2000,5,2,1,2.0,7,22147,M,0.0,0,22
200900059221,9,11,5,1915,5,2,1,1.0,1,22251,M,0.0,0,22
200900059222,9,11,27,900,1,2,3,1.0,6,22187,M,0.0,0,22
200900059223,9,11,18,1630,1,1,4,1.0,3,22106,M,,,22
200900059224,9,11,20,850,1,1,1,2.0,4,22360,M,,,22
200900059225,9,11,25,1010,1,2,2,7.0,6,22278,M,,,22
200900059226,9,11,20,1745,1,2,2,2.0,6,22278,M,,,22
200900059227,9,11,20,1820,1,2,6,2.0,3,22278,M,,,22
200900059228,9,11,19,1125,1,2,1,7.0,6,22278,M,,,22
200900059229,9,11,17,840,1,1,6,1.0,3,22215,M,,,22
200900059230,9,11,19,1415,1,2,1,7.0,6,22278,M,,,22
200900059231,9,11,16,1220,1,2,6,1.0,6,22278,M,,,22
200900059232,9,11,23,750,2,1,1,2.0,5,22215,M,,,22
200900059233,9,11,23,920,1,1,1,6.0,7,22215,M,,,22
200900059234,9,11,26,1700,1,2,3,2.0,6,22050,M,,,22
200900059235,9,11,19,525,3,1,1,1.0,3,22389,M,,,22
200900059236,9,11,3,2035,5,2,1,1.0,6,22278,M,,,22
200900059237,9,11,4,1842,2,2,6,1.0,6,22278,M,,,22
200900059238,9,11,6,1445,1,2,3,1.0,3,22106,M,,,22
200900059239,9,11,3,2100,5,1,1,2.0,7,22278,M,,,22
200900059240,9,11,3,1735,1,2,3,2.0,3,22278,M,,,22
200900059241,9,11,14,1510,1,2,1,3.0,2,22278,M,,,22
200900059242,9,11,7,1040,1,2,1,1.0,6,22106,M,,,22
200900059243,9,11,13,1701,1,2,1,1.0,3,22278,M,,,22
200900059244,9,11,11,1501,1,2,4,1.0,2,22278,M,,,22
200900059245,9,6,17,850,1,2,1,1.0,6,69266,M,,,69
200900059246,9,6,17,1945,1,2,1,1.0,2,69388,M,,,69
200900059247,9,6,18,1500,1,2,2,1.0,6,69266,M,,,69
200900059248,9,6,19,1545,1,2,2,1.0,6,69266,M,,,69
200900059249,9,6,20,1110,1,2,1,1.0,6,69275,M,,,69
200900059250,9,6,21,1200,1,2,1,1.0,6,69266,M,,,69
200900059251,9,6,22,750,1,2,1,1.0,3,69266,M,,,69
200900059252,9,6,23,1100,1,2,9,1.0,2,69266,M,,,69
200900059253,9,6,23,1700,1,2,1,1.0,6,69266,M,,,69
200900059254,9,6,25,1600,1,2,1,1.0,6,69266,M,,,69
200900059255,9,6,26,740,1,2,3,1.0,7,69388,M,,,69
200900059256,9,6,26,1400,1,2,4,1.0,6,69282,M,,,69
200900059257,9,6,26,1435,1,2,1,1.0,6,69266,M,,,69
200900059258,9,6,27,1930,1,2,1,1.0,6,69266,M,,,69
200900059259,9,6,28,2355,5,2,1,1.0,7,69275,M,,,69
200900059260,9,6,29,1940,1,2,1,1.0,2,69266,M,,,69
200900059261,9,6,30,1850,1,2,2,1.0,6,69266,M,,,69
200900059262,9,7,3,1315,1,2,2,1.0,3,69388,M,,,69
200900059263,9,7,3,1930,1,2,2,2.0,5,69388,M,,,69
200900059264,9,7,3,2005,1,2,1,1.0,6,69275,M,,,69
200900059265,9,7,3,2125,5,2,1,1.0,6,69388,M,,,69
200900059266,9,7,7,1820,1,2,1,1.0,2,69388,M,,,69
200900059267,9,7,8,1815,1,2,2,1.0,5,69275,M,,,69
200900059268,9,7,8,1910,1,2,2,1.0,3,69388,M,,,69
200900059269,9,7,9,1020,1,2,2,1.0,3,69266,M,,,69
200900059270,9,7,9,1415,1,2,2,1.0,3,69388,M,,,69
200900059271,9,7,9,2230,5,2,2,1.0,3,69388,M,,,69
200900059272,9,7,10,20,5,2,3,1.0,3,69388,M,,,69
200900059273,9,7,11,1920,1,2,2,1.0,6,69266,M,,,69
200900059274,9,7,14,1520,1,2,2,1.0,6,69266,M,,,69
200900059275,9,7,15,2015,1,2,1,1.0,3,69266,M,,,69
200900059276,9,7,16,1050,1,2,1,1.0,6,69266,M,,,69
200900059277,9,7,17,1230,1,2,3,3.0,3,69388,M,,,69
200900059278,9,7,22,900,1,2,1,6.0,4,69388,M,,,69
200900059279,9,11,13,2355,5,2,1,1.0,6,72181,M,,,72
200900059280,9,11,14,1835,5,2,3,3.0,6,72181,M,,,72
200900059281,9,7,23,2140,5,2,2,1.0,2,69275,M,,,69
200900059282,9,7,24,1700,1,2,1,1.0,6,69266,M,,,69
200900059283,9,7,24,1850,1,2,2,1.0,6,69266,M,,,69