Num_Acc,an,mois,jour,hrmn,lum,agg,int,atm,col,com,gps,lat,long,dep
200900060799,9,8,22,1800,1,1,1,1.0,7,62075,M,0.0,0,62
200900060800,9,8,30,2245,3,1,2,1.0,3,62172,M,0.0,0,62
200900060801,9,8,31,1700,1,1,1,1.0,5,62534,M,5.0,0,62
200900060802,9,8,22,1845,1,2,1,1.0,1,62318,M,5.0,0,62
200900060803,9,8,29,1415,1,1,1,7.0,6,62506,M,0.0,0,62
200900060804,9,8,17,1645,1,1,1,1.0,6,62770,M,5.0,0,62
200900060805,9,8,18,1900,1,2,1,7.0,3,62767,M,5.0,0,62
200900060806,9,8,15,1645,1,1,1,1.0,7,62355,M,5.0,0,62
200900060807,9,8,14,1330,1,1,1,1.0,2,62516,M,5.0,0,62
200900060808,9,8,30,1330,1,2,1,1.0,1,62261,M,5.0,0,62
200900060809,9,8,4,930,1,1,1,1.0,6,62408,M,0.0,0,62
200900060810,9,8,17,500,5,1,1,1.0,3,62355,M,0.0,0,62
200900060811,9,8,29,2345,3,1,9,1.0,3,62086,M,0.0,0,62
200900060812,9,8,13,2245,1,1,1,1.0,1,62016,M,0.0,0,62
200900060813,9,8,19,1740,1,2,1,1.0,1,62262,M,,,62
200900060814,9,8,31,2100,2,2,8,1.0,6,62119,M,,,62
200900060815,9,8,22,115,3,1,1,1.0,1,62642,M,,,62
200900060816,9,8,17,1910,1,1,9,1.0,6,62624,M,,,62
200900060817,9,8,21,1245,1,2,1,1.0,6,62193,M,,,62
200900060818,9,8,19,1710,1,2,1,1.0,3,62250,M,,,62
200900060819,9,8,30,2010,1,2,1,1.0,6,62666,M,,,62
200900060820,9,8,25,2030,1,2,2,1.0,6,62193,M,,,62
200900060821,9,8,23,2320,5,2,2,1.0,3,62771,M,,,62
200900060822,9,8,30,1515,1,2,1,1.0,6,62842,M,,,62
200900060823,9,8,21,855,1,1,2,1.0,3,62626,M,,,62
200900060824,9,8,20,2040,1,2,6,1.0,1,62041,M,,,62
200900060825,9,8,23,1825,1,2,1,1.0,6,62193,M,,,62
200900060826,9,8,27,905,1,2,1,1.0,3,62215,M,,,62
200900060827,9,8,27,1640,1,1,1,1.0,6,62842,M,,,62
200900060828,9,8,16,2015,1,2,1,1.0,6,62413,M,,,62
200900060829,9,8,21,1110,1,2,1,1.0,2,62413,M,,,62
200900060830,9,8,20,1310,1,1,1,1.0,2,62215,M,,,62
200900060831,9,8,30,1920,1,2,1,1.0,3,62570,M,,,62
200900060832,9,8,19,1530,1,1,1,1.0,6,62774,M,,,62
200900060833,9,8,17,1955,1,2,1,1.0,7,62065,M,,,62
200900060834,9,8,28,630,2,1,1,1.0,6,62276,M,,,62
200900060835,9,8,2,540,2,1,1,2.0,7,62771,M,,,62
200900060836,9,8,20,2015,1,1,1,1.0,6,62274,M,,,62
200900060837,9,8,7,2255,3,1,1,1.0,7,62528,M,,,62
200900060838,9,8,13,1050,1,1,1,2.0,6,62771,M,,,62
200900060839,9,8,21,800,1,1,1,1.0,7,62528,M,,,62
200900060840,9,8,18,1530,1,1,1,1.0,7,62907,M,,,62
200900060841,9,8,2,610,2,1,1,2.0,7,62771,M,,,62
200900060842,9,8,17,950,1,1,1,1.0,7,62748,M,,,62
200900060843,9,8,2,220,5,1,1,3.0,6,62215,M,,,62
200900060844,9,8,18,1555,1,2,1,1.0,2,62510,M,,,62
200900060845,9,8,17,2145,2,1,1,1.0,6,62510,M,,,62
200900060846,9,8,30,1007,1,2,1,1.0,1,62563,M,,,62
200900060847,9,8,17,1932,1,2,2,1.0,3,62510,M,,,62
200900060848,9,8,3,2235,5,2,1,1.0,3,62510,M,,,62
200900060849,9,8,22,1800,1,1,1,1.0,3,62528,M,,,62
200900060850,9,8,1,2215,5,2,1,1.0,6,62032,M,,,62
200900060851,9,8,5,910,1,1,6,1.0,2,62765,M,,,62
200900060852,9,8,7,2015,1,1,1,1.0,7,62249,M,,,62
200900060853,9,8,15,1,4,2,1,1.0,6,62108,M,,,62
200900060854,9,8,29,1650,1,1,3,1.0,7,62023,M,,,62
200900060855,9,7,5,1115,1,1,1,1.0,3,62742,M,0.0,0,62
200900060856,9,7,20,1015,1,1,1,1.0,6,62780,M,0.0,0,62
200900060857,9,7,10,2145,1,2,1,1.0,6,62046,M,0.0,0,62
200900060858,9,7,26,1030,1,2,1,1.0,7,62043,M,5.0,0,62
200900060859,9,7,13,1530,1,1,1,1.0,6,62484,M,0.0,0,62
200900060860,9,7,18,1900,1,2,1,2.0,1,62571,M,0.0,0,62
200900060861,9,7,18,1545,1,1,1,1.0,6,62019,M,5.0,0,62
200900060862,9,7,16,1815,1,2,1,1.0,1,62014,M,0.0,0,62
200900060863,9,7,3,1845,1,2,7,1.0,6,62680,M,5.0,0,62
200900060864,9,7,26,145,3,1,1,1.0,6,62060,M,5.0,0,62
200900060865,9,7,22,1745,1,1,1,1.0,1,62794,M,5.0,0,62
200900060866,9,7,23,1815,1,2,1,1.0,6,62571,M,0.0,0,62
200900060867,9,7,11,145,3,2,1,1.0,6,62865,M,5.0,0,62
200900060868,9,7,5,1800,1,2,1,7.0,6,62759,M,0.0,0,62
200900060869,9,7,17,845,1,1,1,1.0,1,62817,M,5.0,0,62
200900060870,9,7,31,2045,1,2,1,1.0,1,62452,M,0.0,0,62
200900060871,9,7,16,1830,1,1,1,1.0,2,62332,M,5.0,0,62
200900060872,9,7,3,1930,1,1,1,1.0,2,62820,M,0.0,0,62
200900060873,9,7,24,1130,1,2,1,1.0,1,62054,M,5.0,0,62
200900060874,9,7,19,1000,1,2,1,8.0,1,62273,M,0.0,0,62
200900060875,9,7,1,1600,1,2,1,1.0,1,62875,M,0.0,0,62
200900060876,9,7,4,2330,5,2,6,1.0,3,62550,M,0.0,0,62
200900060877,9,7,19,1815,1,2,1,1.0,3,62645,M,5.0,0,62
200900060878,9,7,1,1630,1,1,1,1.0,2,62517,M,0.0,0,62
200900060879,9,7,4,1100,1,1,1,1.0,1,62595,M,0.0,0,62
200900060880,9,7,4,145,3,1,1,1.0,7,62260,M,5.0,0,62
200900060881,9,7,4,1500,1,2,1,1.0,1,62124,M,5.0,0,62
200900060882,9,7,11,1810,1,2,1,1.0,7,62277,M,,,62
200900060883,9,7,4,2013,1,2,1,1.0,6,62617,M,,,62
200900060884,9,7,12,1235,1,2,1,1.0,6,62771,M,,,62
200900060885,9,7,14,1110,1,2,7,1.0,6,62041,M,,,62
200900060886,9,7,9,835,1,2,1,1.0,6,62895,M,,,62
200900060887,9,7,8,1100,1,2,2,1.0,3,62033,M,,,62
200900060888,9,7,8,1735,1,2,1,1.0,6,62041,M,,,62
200900060889,9,7,15,2240,4,1,1,1.0,6,62744,M,,,62
200900060890,9,7,1,1615,1,2,1,1.0,3,62907,M,,,62
200900060891,9,7,18,1320,1,2,2,1.0,6,62193,M,,,62
200900060892,9,7,10,1225,1,2,1,1.0,1,62051,M,,,62
200900060893,9,7,25,1950,1,1,1,1.0,7,62065,M,,,62
200900060894,9,7,19,1510,1,2,1,1.0,6,62193,M,,,62
200900060895,9,7,22,2300,5,2,3,3.0,7,62498,M,,,62
200900060896,9,7,18,1200,1,2,2,1.0,6,62637,M,,,62
200900060897,9,7,19,1500,1,2,2,2.0,3,62498,M,,,62
200900060898,9,7,11,2130,1,1,1,1.0,5,62688,M,,,62
200900060899,9,7,23,1800,1,2,2,1.0,3,62119,M,,,62
200900060900,9,7,20,245,3,1,1,1.0,7,62573,M,,,62
200900060901,9,7,20,920,1,2,1,1.0,6,62774,M,,,62
200900060902,9,7,14,1810,1,1,1,1.0,6,62178,M,,,62
200900060903,9,7,22,2055,1,2,2,2.0,3,62263,M,,,62
200900060904,9,7,21,2058,2,2,2,1.0,5,62724,M,,,62
200900060905,9,7,28,1930,1,2,3,1.0,1,62637,M,,,62
200900060906,9,7,22,1515,1,2,1,1.0,1,62457,M,,,62
200900060907,9,7,23,1630,1,2,2,1.0,3,62215,M,,,62
200900060908,9,7,11,1700,1,1,1,1.0,7,62048,M,,,62
200900060909,9,7,7,1940,1,1,1,1.0,7,62587,M,,,62
200900060910,9,7,12,810,1,1,1,2.0,7,62628,M,,,62
200900060911,9,7,14,600,1,1,1,1.0,7,62186,M,,,62
200900060912,9,7,28,1450,1,1,1,1.0,6,62427,M,,,62
200900060913,9,7,13,1800,1,1,1,1.0,7,62548,M,,,62
200900060914,9,7,28,1820,1,1,1,1.0,2,62498,M,,,62
200900060915,9,7,17,1415,1,1,1,1.0,6,62498,M,,,62
200900060916,9,7,17,535,2,1,1,1.0,6,62274,M,,,62
200900060917,9,7,13,1615,1,1,1,1.0,7,62193,M,,,62
200900060918,9,7,3,45,3,1,1,1.0,7,62274,M,,,62
200900060919,9,7,9,1940,1,1,1,1.0,5,62510,M,,,62
200900060920,9,7,9,1145,1,2,2,1.0,3,62510,M,,,62
200900060921,9,7,20,2130,2,2,1,1.0,6,62510,M,,,62
200900060922,9,7,24,1330,1,2,2,1.0,3,62528,M,,,62
200900060923,9,7,13,2330,4,2,1,1.0,6,62528,M,,,62
200900060924,9,7,26,1330,1,2,1,1.0,1,62510,M,,,62
200900060925,9,7,28,1800,1,2,1,1.0,3,62019,M,,,62
200900060926,9,7,31,1520,1,2,1,1.0,6,62510,M,,,62
200900060927,9,7,20,920,1,2,1,1.0,7,62826,M,,,62
200900060928,9,7,12,1550,1,2,3,1.0,3,62193,M,,,62
200900060929,9,7,25,2050,2,2,1,1.0,3,62034,M,,,62
200900060930,9,7,23,20,5,2,1,1.0,1,62139,M,,,62
200900060931,9,7,11,948,1,2,1,2.0,6,62160,M,,,62
200900060932,9,9,26,1820,1,1,1,1.0,7,62427,M,,,62
200900060933,9,9,22,1115,1,1,1,1.0,7,62351,M,,,62
200900060934,9,9,14,1330,1,1,1,1.0,6,62274,M,,,62
200900060935,9,9,13,600,3,1,1,1.0,2,62186,M,,,62
200900060936,9,9,19,1100,1,1,1,1.0,7,62771,M,,,62
200900060937,9,9,20,1415,1,1,1,1.0,1,62193,M,,,62
200900060938,9,9,4,1840,1,2,1,1.0,6,62083,M,,,62
200900060939,9,9,10,1935,2,1,1,1.0,5,62617,M,,,62
200900060940,9,9,22,1630,1,2,1,1.0,6,62498,M,,,62
200900060941,9,9,15,2000,2,1,1,1.0,6,62224,M,,,62
200900060942,9,9,7,1600,1,2,1,1.0,6,62498,M,,,62
200900060943,9,9,6,1350,1,1,1,1.0,5,62065,M,,,62
200900060944,9,9,12,2115,5,2,2,1.0,3,62215,M,,,62
200900060945,9,9,26,1640,1,2,2,1.0,3,62826,M,,,62
200900060946,9,9,13,1430,1,1,1,1.0,5,62516,M,,,62
200900060947,9,9,12,1430,1,1,2,1.0,6,62099,M,,,62
200900060948,9,9,2,1520,1,2,1,1.0,7,62033,M,,,62
200900060949,9,9,8,1220,1,2,3,1.0,3,62178,M,,,62
200900060950,9,9,30,820,1,2,2,1.0,3,62004,M,,,62
200900060951,9,9,27,2030,5,2,1,1.0,3,62895,M,,,62
200900060952,9,9,13,920,1,2,1,1.0,5,62120,M,,,62
200900060953,9,9,25,1645,1,1,3,1.0,3,62215,M,,,62
200900060954,9,9,17,1320,1,2,1,1.0,6,62498,M,,,62
200900060955,9,9,23,2140,5,2,2,1.0,6,62193,M,,,62
200900060956,9,9,6,1150,1,2,2,1.0,3,62573,M,,,62
200900060957,9,9,10,1620,1,2,1,1.0,6,62427,M,,,62
200900060958,9,9,5,510,5,2,1,1.0,6,62413,M,,,62
200900060959,9,9,3,2355,3,2,1,8.0,6,62215,M,,,62
200900060960,9,9,12,600,5,2,1,1.0,6,62895,M,,,62
200900060961,9,9,1,1640,1,2,1,1.0,6,62041,M,,,62
200900060962,9,9,4,1320,1,2,1,1.0,6,62427,M,,,62
200900060963,9,9,4,30,3,1,1,6.0,6,62193,M,,,62
200900060964,9,9,4,1115,1,2,1,1.0,6,62413,M,,,62
200900060965,9,9,26,1235,1,2,1,1.0,6,62532,M,,,62
200900060966,9,9,11,1711,1,2,2,1.0,3,62724,M,,,62
200900060967,9,9,29,1455,1,2,1,1.0,1,62215,M,,,62
200900060968,9,9,8,1710,1,1,1,1.0,1,62263,M,,,62
200900060969,9,9,9,1855,1,2,3,1.0,3,62427,M,,,62
200900060970,9,9,14,1800,1,2,1,1.0,6,62193,M,,,62
200900060971,9,9,11,1645,1,2,1,1.0,2,62771,M,,,62
200900060972,9,9,17,1345,1,2,2,1.0,6,62193,M,,,62
200900060973,9,9,12,1250,1,2,1,1.0,7,62895,M,,,62
200900060974,9,9,13,1755,1,2,3,1.0,3,62498,M,,,62
200900060975,9,9,6,2050,5,2,2,1.0,3,62498,M,,,62
200900060976,9,9,12,1115,1,2,1,1.0,3,62041,M,,,62
200900060977,9,9,25,2345,5,2,2,1.0,3,62498,M,,,62
200900060978,9,9,3,1500,1,1,1,1.0,6,62193,M,,,62
200900060979,9,9,10,1340,1,2,1,1.0,3,62215,M,,,62
200900060980,9,9,13,1800,1,2,6,2.0,3,62215,M,,,62
200900060981,9,9,3,820,1,2,1,6.0,6,62193,M,,,62
200900060982,9,9,1,1715,1,2,1,1.0,6,62510,M,,,62
200900060983,9,9,24,2050,2,2,1,1.0,6,62563,M,,,62
200900060984,9,9,26,1830,1,2,1,1.0,7,62386,M,,,62
200900060985,9,9,18,1250,1,2,1,1.0,1,62019,M,,,62
200900060986,9,9,9,1015,1,2,1,1.0,3,62528,M,,,62
200900060987,9,9,11,905,1,2,1,1.0,5,62510,M,,,62
200900060988,9,9,30,2030,3,2,1,1.0,7,62759,M,0.0,0,62
200900060989,9,9,12,2145,5,2,1,1.0,3,62247,M,0.0,0,62
200900060990,9,9,19,215,4,2,1,1.0,6,62257,M,0.0,0,62
200900060991,9,9,18,1645,1,2,3,1.0,1,62488,M,5.0,0,62
200900060992,9,9,24,2045,3,1,1,1.0,3,62269,M,0.0,0,62
200900060993,9,9,1,1630,1,1,1,1.0,6,62260,M,0.0,0,62
200900060994,9,9,19,1500,1,1,1,1.0,5,62899,M,5.0,0,62
200900060995,9,9,4,830,1,1,1,3.0,5,62801,M,5.0,0,62
200900060996,9,9,10,900,1,2,2,1.0,5,62568,M,0.0,0,62
200900060997,9,9,2,1445,1,1,1,1.0,7,62754,M,5.0,0,62
200900060998,9,9,4,1400,1,1,1,2.0,6,62591,M,0.0,0,62
200900060999,9,9,20,500,4,2,1,1.0,7,62506,M,5.0,0,62
200900061000,9,9,4,2045,2,1,1,1.0,3,62873,M,5.0,0,62
200900061001,9,9,14,1815,1,1,1,1.0,3,62476,M,0.0,0,62
200900061002,9,9,26,15,5,2,1,1.0,6,62638,M,0.0,0,62
200900061003,9,9,11,1130,1,2,1,1.0,6,62014,M,0.0,0,62
200900061004,9,9,14,2230,5,1,1,3.0,6,62852,M,5.0,0,62
200900061005,9,9,28,530,3,1,1,1.0,6,62767,M,0.0,0,62
200900061006,9,9,12,1630,1,2,1,1.0,2,62254,M,5.0,0,62
200900061007,9,9,27,1220,1,2,1,1.0,6,62160,M,,,62
200900061008,9,9,19,1000,1,2,1,7.0,6,62160,M,,,62
200900061009,9,9,27,930,1,2,1,1.0,7,62724,M,,,62
200900061010,9,9,27,1700,1,2,3,1.0,2,62570,M,,,62
200900061011,9,9,8,1315,1,2,2,1.0,6,62427,M,,,62
200900061012,9,9,19,1930,1,2,1,1.0,7,62133,M,,,62
200900061013,9,9,29,1530,1,2,2,1.0,3,62119,M,,,62
200900061014,9,9,19,1105,1,2,2,1.0,5,62224,M,,,62
200900061015,9,9,2,2005,1,2,3,1.0,6,62427,M,,,62
200900061016,9,9,23,1100,1,2,1,1.0,6,62427,M,,,62
200900061017,9,9,27,1500,1,1,1,1.0,3,62724,M,,,62
200900061018,9,9,19,645,2,2,1,1.0,6,62119,M,,,62
200900061019,9,9,26,2130,5,2,1,1.0,7,62108,M,,,62
200900061020,9,9,21,1315,1,2,2,1.0,3,62108,M,,,62
200900061021,9,9,27,530,5,2,1,1.0,6,62065,M,,,62
200900061022,9,12,9,655,2,2,1,8.0,7,29151,M,,,29
200900061023,9,11,1,1300,1,1,1,2.0,6,29026,M,4.0,-,29
200900061024,9,11,8,900,1,1,1,1.0,1,29005,M,0.0,0,29
200900061025,9,11,12,815,2,2,1,8.0,3,29124,M,0.0,0,29
200900061026,9,11,24,1930,5,2,7,6.0,6,29162,M,4.0,-,29
200900061027,9,11,14,1030,1,1,1,6.0,3,29259,M,0.0,0,29
200900061028,9,11,7,1900,3,1,1,2.0,6,29131,M,0.0,0,29
200900061029,9,11,26,1815,3,1,2,3.0,3,29021,M,0.0,0,29
200900061030,9,11,15,1830,1,1,1,2.0,1,29086,M,4.0,-,29
200900061031,9,11,28,915,1,1,1,2.0,1,29176,M,4.0,-,29
200900061032,9,11,15,630,3,2,1,2.0,6,29236,M,0.0,0,29
200900061033,9,11,28,145,3,1,1,3.0,6,29277,M,4.0,-,29
200900061034,9,11,18,1730,2,2,1,8.0,3,29058,M,0.0,0,29
200900061035,9,11,19,1130,1,2,1,1.0,6,29189,M,4.0,-,29
200900061036,9,11,7,1815,5,2,1,2.0,1,29103,M,0.0,0,29
200900061037,9,11,3,1900,5,1,1,3.0,6,29161,M,4.0,-,29
200900061038,9,11,12,1545,1,1,1,9.0,1,29208,M,4.0,-,29
200900061039,9,11,15,2000,3,1,2,2.0,3,29213,M,4.0,-,29
200900061040,9,11,6,1730,2,2,3,8.0,3,29103,M,0.0,0,29
200900061041,9,11,4,1845,3,1,1,3.0,1,29020,M,0.0,0,29
200900061042,9,11,27,1915,3,1,1,2.0,1,29179,M,4.0,-,29
200900061043,9,11,16,900,1,2,6,1.0,2,29058,M,4.0,-,29
200900061044,9,11,8,1820,5,2,1,1.0,6,29051,M,,,29
200900061045,9,11,20,1830,5,2,1,1.0,1,29232,M,,,29
200900061046,9,11,26,1000,1,2,1,2.0,1,29151,M,,,29
200900061047,9,11,14,1730,2,2,1,1.0,3,29151,M,,,29
200900061048,9,11,30,2043,5,2,1,1.0,6,29151,M,,,29
200900061049,9,11,1,1330,1,1,1,3.0,5,29233,M,0.0,0,29
200900061050,9,11,18,2153,5,2,2,1.0,3,29019,M,,,29
200900061051,9,11,7,2250,5,2,2,2.0,6,29019,M,,,29
200900061052,9,11,26,930,1,2,9,1.0,6,29019,M,,,29
200900061053,9,11,26,1045,1,2,2,1.0,6,29019,M,,,29
200900061054,9,11,2,1830,5,2,2,3.0,6,29019,M,,,29
200900061055,9,11,12,1240,1,2,6,2.0,3,29019,M,,,29
200900061056,9,11,30,2300,3,1,1,1.0,6,29151,M,,,29
200900061057,9,11,19,1100,1,2,1,1.0,6,29019,M,,,29
200900061058,9,11,25,1240,1,2,2,1.0,3,29019,M,,,29
200900061059,9,11,9,2230,5,2,1,1.0,2,29019,M,,,29
200900061060,9,11,12,735,2,2,1,1.0,6,29019,M,,,29
200900061061,9,11,12,750,2,2,2,1.0,3,29019,M,,,29
200900061062,9,11,18,710,5,2,7,1.0,3,29019,M,,,29
200900061063,9,11,13,1900,5,2,1,3.0,6,29019,M,,,29
200900061064,9,9,23,1500,1,1,1,1.0,2,69284,M,,,69
200900061065,9,12,3,835,2,2,1,1.0,6,29019,M,,,29
200900061066,9,12,4,2305,4,2,1,2.0,6,29019,M,,,29
200900061067,9,12,12,1820,5,2,2,1.0,3,29019,M,,,29
200900061068,9,12,9,110,5,2,7,2.0,6,29019,M,,,29
200900061069,9,12,4,1320,1,2,3,1.0,6,29019,M,,,29
200900061070,9,12,15,1020,1,2,1,2.0,6,29019,M,,,29
200900061071,9,12,8,800,5,2,1,1.0,6,29232,M,,,29
200900061072,9,12,4,1930,3,1,1,1.0,5,29280,M,0.0,0,29
200900061073,9,12,26,1045,1,1,1,9.0,1,29152,M,4.0,-,29
200900061074,9,12,4,1500,1,2,6,8.0,1,29117,M,0.0,0,29
200900061075,9,12,26,1830,3,1,1,2.0,7,29264,M,4.0,-,29
200900061076,9,12,6,1815,3,1,1,8.0,6,29075,M,0.0,0,29
200900061077,9,12,9,1530,1,1,1,8.0,1,29113,M,4.0,-,29
200900061078,9,12,29,1500,1,1,1,2.0,2,29054,M,0.0,0,29
200900061079,9,12,11,1700,1,1,1,7.0,6,29024,M,0.0,0,29
200900061080,9,12,3,1815,3,1,1,2.0,5,29038,M,0.0,0,29
200900061081,9,12,9,400,3,2,6,2.0,7,29020,M,0.0,0,29
200900061082,9,12,27,1615,1,1,1,1.0,7,29239,M,4.0,-,29
200900061083,9,12,23,900,3,1,1,9.0,6,29025,M,4.0,-,29
200900061084,9,12,24,1445,1,1,1,2.0,1,29079,M,0.0,0,29
200900061085,9,12,3,1300,1,1,1,3.0,3,29056,M,0.0,0,29
200900061086,9,12,8,1745,5,1,1,3.0,5,29041,M,0.0,0,29
200900061087,9,12,26,930,1,1,1,9.0,6,29147,M,0.0,0,29
200900061088,9,12,20,715,3,1,1,2.0,6,29149,M,4.0,-,29
200900061089,9,12,11,1600,1,1,1,1.0,3,29259,M,0.0,0,29
200900061090,9,12,8,1215,1,2,1,1.0,6,29103,M,0.0,0,29
200900061091,9,12,22,1200,1,2,1,7.0,1,29010,M,4.0,-,29
200900061092,9,12,29,930,1,2,1,2.0,6,29236,M,0.0,0,29
200900061093,9,12,24,1915,3,1,1,8.0,7,29087,M,4.0,-,29
200900061094,9,12,18,1510,1,2,6,1.0,6,29019,M,,,29
200900061095,9,12,23,1930,5,2,1,2.0,6,29039,M,,,29
200900061096,9,12,19,1810,5,2,1,8.0,2,29019,M,,,29
200900061097,9,12,16,1355,1,1,1,1.0,4,29039,M,,,29
200900061098,9,12,17,730,5,2,6,2.0,3,29019,M,,,29
200900061099,9,12,18,1540,1,2,1,4.0,6,29019,M,,,29
200900061100,9,12,29,1945,5,2,1,1.0,6,29019,M,,,29
200900061101,9,12,18,840,2,2,1,2.0,2,29019,M,,,29
200900061102,9,12,25,1900,5,2,2,1.0,3,29019,M,,,29
200900061103,9,12,1,1230,1,2,6,1.0,3,29260,M,4.0,-,29
200900061104,9,12,6,1145,1,1,1,1.0,1,29113,M,4.0,-,29
200900061105,9,12,4,1745,3,1,9,8.0,3,29010,M,4.0,-,29
200900061106,9,12,29,1505,1,1,1,1.0,6,29254,M,,,29
200900061107,9,12,25,1300,1,2,1,1.0,2,29232,M,,,29
200900061108,9,12,11,1620,1,2,1,1.0,2,29151,M,,,29
200900061109,9,12,29,854,2,2,1,1.0,7,29151,M,,,29
200900061110,9,12,25,1030,1,1,1,1.0,7,29254,M,,,29
200900061111,9,12,13,405,5,2,1,8.0,2,29151,M,,,29
200900061112,9,12,1,1625,1,2,1,2.0,3,29151,M,,,29
200900061113,9,12,7,1200,1,1,1,2.0,7,29254,M,,,29
200900061114,9,2,27,1210,1,2,1,1.0,2,09244,M,,,09
200900061115,9,10,15,700,2,1,1,1.0,6,69290,M,,,69
200900061116,9,2,21,1645,1,2,1,1.0,1,76520,M,4.0,0,76
200900061117,9,2,4,1945,3,1,1,2.0,1,76543,M,0.0,0,76
200900061118,9,2,21,2030,3,1,1,1.0,6,76260,M,0.0,0,76
200900061119,9,2,27,730,2,1,6,5.0,7,76138,M,4.0,0,76
200900061120,9,2,6,1630,1,1,1,1.0,7,76127,M,0.0,0,76
200900061121,9,2,9,1845,3,1,1,3.0,1,76344,M,0.0,0,76
200900061122,9,2,6,730,2,1,1,1.0,7,76018,M,4.0,0,76
200900061123,9,2,22,630,3,1,1,1.0,2,76405,M,4.0,0,76
200900061124,9,2,16,2000,3,1,1,1.0,7,76092,M,0.0,0,76
200900061125,9,2,23,900,1,1,2,2.0,3,76021,M,4.0,0,76
200900061126,9,2,28,1845,2,1,2,1.0,3,76167,M,4.0,0,76
200900061127,9,2,17,900,1,2,1,1.0,6,76709,M,0.0,0,76
200900061128,9,2,23,1000,1,1,1,8.0,1,76630,M,4.0,0,76
200900061129,9,2,20,2200,5,1,6,1.0,6,76302,M,4.0,0,76
200900061130,9,2,1,1700,1,2,2,1.0,4,76715,M,4.0,0,76
200900061131,9,2,19,915,1,1,1,8.0,1,76452,M,0.0,0,76
200900061132,9,2,14,1700,1,1,1,1.0,7,76503,M,4.0,0,76
200900061133,9,2,2,1115,1,2,1,4.0,5,76098,M,4.0,0,76
200900061134,9,2,2,1145,1,1,1,4.0,6,76510,M,4.0,0,76
200900061135,9,2,9,845,1,1,2,1.0,3,76281,M,4.0,0,76
200900061136,9,2,6,945,1,2,1,1.0,6,76401,M,0.0,0,76
200900061137,9,2,23,1745,1,1,2,2.0,6,76385,M,4.0,0,76
200900061138,9,2,18,1800,2,1,1,8.0,1,76745,M,4.0,0,76
200900061139,9,2,6,1630,1,2,2,1.0,3,76597,M,0.0,0,76
200900061140,9,2,6,1830,3,1,1,1.0,2,76563,M,0.0,0,76
200900061141,9,2,24,1715,2,1,1,1.0,6,76727,M,0.0,0,76
200900061142,9,2,6,2110,5,2,1,1.0,3,76540,M,,,76
200900061143,9,2,13,1910,5,2,1,9.0,6,76540,M,,,76
200900061144,9,2,16,1855,5,1,1,1.0,3,76540,M,,,76
200900061145,9,2,20,1905,5,2,1,1.0,6,76498,M,,,76
200900061146,9,2,25,1215,1,2,1,1.0,2,76095,M,,,76
200900061147,9,2,24,1845,2,2,1,1.0,3,76540,M,,,76
200900061148,9,2,18,1745,1,2,1,8.0,6,76498,M,,,76
200900061149,9,2,4,815,1,2,1,1.0,5,76540,M,,,76
200900061150,9,2,5,200,5,2,1,1.0,6,76540,M,,,76
200900061151,9,2,23,755,1,2,2,1.0,3,76216,M,,,76
200900061152,9,2,24,1010,1,2,1,1.0,6,76540,M,,,76
200900061153,9,2,1,2038,5,2,1,1.0,3,76540,M,,,76
200900061154,9,2,12,1030,1,2,1,8.0,1,76157,M,,,76
200900061155,9,2,20,640,4,1,1,2.0,6,76429,M,,,76
200900061156,9,2,24,750,1,2,1,2.0,6,76575,M,,,76
200900061157,9,2,9,1050,1,2,1,2.0,6,76575,M,,,76
200900061158,9,2,21,1615,1,2,1,1.0,2,76540,M,,,76
200900061159,9,2,14,530,5,2,1,1.0,7,76540,M,,,76
200900061160,9,2,4,1440,1,1,1,2.0,4,76157,M,,,76
200900061161,9,2,5,1825,5,2,1,1.0,6,76540,M,,,76
200900061162,9,2,26,1915,5,2,1,1.0,6,76402,M,,,76
200900061163,9,2,18,825,2,2,1,1.0,3,76575,M,,,76
200900061164,9,2,3,725,5,2,1,9.0,3,76540,M,,,76
200900061165,9,2,25,1650,1,1,1,1.0,4,76322,M,,,76
200900061166,9,2,12,1445,1,2,1,1.0,6,76451,M,,,76
200900061167,9,2,6,2050,3,1,1,1.0,7,76157,M,,,76
200900061168,9,2,27,1900,5,2,1,1.0,6,76498,M,,,76
200900061169,9,2,12,1330,1,2,1,1.0,7,76351,M,,,76
200900061170,9,2,5,1540,1,2,1,1.0,6,76351,M,,,76
200900061171,9,2,1,920,1,2,1,1.0,6,76447,M,,,76
200900061172,9,2,4,1657,1,2,1,1.0,6,76114,M,,,76
200900061173,9,2,6,2200,5,2,1,1.0,6,76114,M,,,76
200900061174,9,2,2,1600,1,2,2,1.0,7,76231,M,,,76
200900061175,9,2,28,1645,1,1,1,1.0,3,76351,M,,,76
200900061176,9,2,18,1710,1,2,2,1.0,3,76351,M,,,76
200900061177,9,2,23,1300,1,2,1,1.0,6,76341,M,,,76
200900061178,9,2,26,1815,2,2,1,1.0,7,76351,M,,,76
200900061179,9,2,16,1625,1,2,1,1.0,6,76351,M,,,76
200900061180,9,2,25,845,1,2,1,1.0,6,76351,M,,,76
200900061181,9,2,28,110,5,2,1,1.0,6,76351,M,,,76
200900061182,9,2,27,1600,1,2,1,1.0,2,76351,M,,,76
200900061183,9,2,28,1725,1,2,2,1.0,7,76231,M,,,76