Num_Acc,an,mois,jour,hrmn,lum,agg,int,atm,col,com,gps,lat,long,dep
200900061184,9,2,16,1450,1,2,1,1.0,2,76351,M,,,76
200900061185,9,2,22,400,5,2,2,1.0,3,76296,M,,,76
200900061186,9,2,16,1725,1,2,1,1.0,7,76231,M,,,76
200900061187,9,2,27,315,5,2,1,1.0,6,76231,M,,,76
200900061188,9,2,25,1515,1,2,1,1.0,6,76351,M,,,76
200900061189,9,2,25,1805,1,1,1,1.0,5,76545,M,,,76
200900061190,9,5,25,1325,1,1,1,1.0,3,91223,M,,,91
200900061191,9,3,29,500,3,2,1,2.0,6,09262,M,,,09
200900061192,9,11,24,1730,2,1,3,1.0,3,84086,M,0.0,0,84
200900061193,9,11,7,1745,5,2,1,2.0,3,84138,M,0.0,0,84
200900061194,9,11,27,945,1,1,1,1.0,3,84137,M,0.0,0,84
200900061195,9,11,20,1845,3,1,1,1.0,1,84028,M,0.0,0,84
200900061196,9,11,4,1330,1,2,1,1.0,6,84092,M,0.0,0,84
200900061197,9,11,7,1,3,1,2,1.0,3,84029,M,0.0,0,84
200900061198,9,11,8,900,1,2,1,1.0,7,84066,M,0.0,0,84
200900061199,9,11,3,745,1,1,1,1.0,1,84088,M,0.0,0,84
200900061200,9,11,8,1715,2,2,1,1.0,3,84054,M,4.0,0,84
200900061201,9,11,24,1700,2,1,1,1.0,1,84132,M,0.0,0,84
200900061202,9,11,18,1630,1,2,1,1.0,1,84043,M,0.0,0,84
200900061203,9,11,13,1730,5,1,1,1.0,1,84003,M,4.0,0,84
200900061204,9,11,17,800,1,1,1,1.0,5,84134,M,0.0,0,84
200900061205,9,11,1,1630,1,1,1,1.0,1,84131,M,0.0,0,84
200900061206,9,11,13,1930,5,1,1,1.0,4,84132,M,0.0,0,84
200900061207,9,11,16,1845,5,2,1,1.0,1,84092,M,4.0,0,84
200900061208,9,11,8,1200,1,2,1,1.0,1,84070,M,4.0,0,84
200900061209,9,11,28,930,1,1,1,1.0,3,84062,M,0.0,0,84
200900061210,9,11,7,1845,3,2,1,1.0,6,84007,M,,,84
200900061211,9,11,22,730,2,1,1,2.0,1,84007,M,,,84
200900061212,9,11,19,2300,3,1,1,1.0,6,84007,M,,,84
200900061213,9,11,5,540,5,2,6,1.0,3,84007,M,,,84
200900061214,9,11,13,1430,1,1,1,1.0,6,84007,M,,,84
200900061215,9,11,28,30,5,2,1,1.0,2,84007,M,,,84
200900061216,9,11,4,1550,1,2,1,1.0,6,84007,M,,,84
200900061217,9,11,16,1715,1,1,1,1.0,3,84007,M,,,84
200900061218,9,11,20,2130,5,2,1,1.0,6,84007,M,,,84
200900061219,9,11,11,1815,5,1,1,1.0,2,84007,M,,,84
200900061220,9,11,6,705,2,2,1,1.0,6,84007,M,,,84
200900061221,9,11,9,1845,5,2,1,1.0,3,84007,M,,,84
200900061222,9,11,26,1440,1,2,1,1.0,6,84007,M,,,84
200900061223,9,11,13,1210,1,2,3,1.0,6,84087,M,,,84
200900061224,9,11,5,1420,1,2,1,1.0,6,84007,M,,,84
200900061225,9,11,17,700,2,2,1,1.0,2,84007,M,,,84
200900061226,9,11,18,1130,1,1,1,1.0,6,84007,M,,,84
200900061227,9,11,30,1335,1,2,1,1.0,2,84007,M,,,84
200900061228,9,11,28,1715,2,2,2,1.0,3,84007,M,,,84
200900061229,9,11,29,250,5,2,1,1.0,1,84007,M,,,84
200900061230,9,11,19,1320,1,2,1,1.0,6,84007,M,,,84
200900061231,9,11,15,1300,1,1,1,1.0,7,84007,M,,,84
200900061232,9,11,5,2255,3,2,1,2.0,7,84007,M,,,84
200900061233,9,11,1,1730,1,2,1,1.0,6,84007,M,,,84
200900061234,9,10,22,815,1,2,1,8.0,6,84007,M,,,84
200900061235,9,12,14,500,5,2,1,9.0,6,63075,M,,,63
200900061236,9,12,3,1715,1,2,3,1.0,6,63032,M,,,63
200900061237,9,12,9,1000,1,2,2,2.0,6,63113,M,,,63
200900061238,9,12,14,1340,1,2,1,1.0,2,63113,M,,,63
200900061239,9,12,14,2030,5,2,1,2.0,6,63113,M,,,63
200900061240,9,12,7,1320,1,2,1,1.0,6,63113,M,,,63
200900061241,9,12,11,1100,1,2,1,1.0,6,63113,M,,,63
200900061242,9,12,15,1415,1,2,1,1.0,7,63113,M,,,63
200900061243,9,12,11,2005,5,2,1,1.0,3,63113,M,,,63
200900061244,9,12,5,1300,1,2,1,1.0,2,63113,M,,,63
200900061245,9,12,7,610,5,2,2,8.0,3,63113,M,,,63
200900061246,9,12,4,1545,1,2,1,1.0,6,63032,M,,,63
200900061247,9,12,9,545,5,2,1,8.0,3,63113,M,,,63
200900061248,9,12,7,2120,5,2,1,1.0,6,63113,M,,,63
200900061249,9,12,14,900,1,2,1,4.0,6,63113,M,,,63
200900061250,9,12,12,800,2,2,3,1.0,6,63113,M,,,63
200900061251,9,12,11,920,1,2,2,1.0,6,63113,M,,,63
200900061252,9,12,1,1200,1,2,1,1.0,6,63113,M,,,63
200900061253,9,12,15,1810,5,1,1,9.0,6,63113,M,,,63
200900061254,9,12,1,1830,5,2,1,1.0,6,63113,M,,,63
200900061255,9,12,4,2015,3,1,1,1.0,5,63327,M,0.0,0,63
200900061256,9,12,30,1715,2,1,1,1.0,3,63031,M,4.0,0,63
200900061257,9,12,21,1845,5,2,1,3.0,6,63236,M,4.0,0,63
200900061258,9,12,11,130,3,1,1,5.0,2,63265,M,0.0,0,63
200900061259,9,12,19,1600,1,1,1,1.0,6,63338,M,0.0,0,63
200900061260,9,12,26,1745,3,1,1,1.0,6,63014,M,0.0,0,63
200900061261,9,12,29,1645,2,1,1,8.0,1,63271,M,4.0,0,63
200900061262,9,12,11,1715,5,2,1,8.0,6,63276,M,0.0,0,63
200900061263,9,12,2,445,3,1,1,1.0,6,63148,M,0.0,0,63
200900061264,9,12,23,1345,1,1,1,2.0,1,63397,M,4.0,0,63
200900061265,9,12,15,1800,5,2,1,1.0,1,63430,M,0.0,0,63
200900061266,9,12,2,1230,1,2,1,1.0,1,63457,M,0.0,0,63
200900061267,9,12,17,1830,5,2,1,4.0,1,63066,M,0.0,0,63
200900061268,9,12,31,1800,3,1,1,1.0,3,63387,M,4.0,0,63
200900061269,9,12,24,1810,3,1,1,2.0,6,63300,M,,,63
200900061270,9,12,24,815,1,2,1,1.0,6,63113,M,,,63
200900061271,9,12,19,1210,1,2,1,8.0,6,63113,M,,,63
200900061272,9,12,19,1415,1,1,1,1.0,6,63032,M,,,63
200900061273,9,12,23,1230,1,2,1,1.0,6,63113,M,,,63
200900061274,9,12,29,1850,2,2,1,2.0,6,63070,M,,,63
200900061275,9,12,17,1050,1,2,1,1.0,6,63113,M,,,63
200900061276,9,12,18,1310,1,2,1,1.0,6,63113,M,,,63
200900061277,9,12,23,1750,5,2,1,2.0,6,63014,M,,,63
200900061278,9,12,22,1600,1,2,1,1.0,2,63113,M,,,63
200900061279,9,12,22,1845,5,2,1,1.0,6,63113,M,,,63
200900061280,9,12,16,2050,5,2,1,1.0,6,63113,M,,,63
200900061281,9,12,27,1500,1,2,1,2.0,6,63113,M,,,63
200900061282,9,12,29,1100,1,2,1,1.0,2,63113,M,,,63
200900061283,9,12,19,2000,5,2,1,1.0,6,63113,M,,,63
200900061284,9,12,16,1600,1,2,1,8.0,1,63113,M,,,63
200900061285,9,12,30,1840,5,2,1,1.0,6,63113,M,,,63
200900061286,9,12,22,1050,1,2,1,1.0,6,63075,M,,,63
200900061287,9,12,30,2020,2,2,1,2.0,6,63070,M,,,63
200900061288,9,12,27,1205,1,2,2,8.0,3,63113,M,,,63
200900061289,9,12,24,315,5,2,3,8.0,3,63014,M,,,63
200900061290,9,5,1,2245,3,1,1,1.0,6,14739,M,4.0,-,14
200900061291,9,5,2,1650,1,1,1,1.0,7,14516,M,4.0,-,14
200900061292,9,5,2,1855,1,2,1,1.0,6,14118,M,4.0,-,14
200900061293,9,5,3,1430,1,1,1,1.0,7,14487,M,,,14
200900061294,9,5,4,835,1,1,1,1.0,3,14119,M,4.0,-,14
200900061295,9,5,4,930,1,1,1,1.0,1,14540,M,4.0,0,14
200900061296,9,5,4,2015,1,2,1,1.0,1,14118,M,4.0,-,14
200900061297,9,5,4,2040,2,2,2,1.0,3,14118,M,4.0,-,14
200900061298,9,5,6,1015,1,2,1,1.0,6,14024,M,4.0,-,14
200900061299,9,5,6,1420,1,1,9,1.0,3,14177,M,4.0,0,14
200900061300,9,5,7,910,1,1,1,1.0,2,14036,M,4.0,-,14
200900061301,9,5,7,945,1,1,3,1.0,3,14164,M,4.0,-,14
200900061302,9,5,9,1245,1,2,1,1.0,3,14605,M,4.0,-,14
200900061303,9,5,10,1630,1,1,1,1.0,7,14422,M,4.0,0,14
200900061304,9,5,11,1950,1,2,2,1.0,3,14118,M,4.0,-,14
200900061305,9,5,11,2010,1,2,2,1.0,3,14118,M,4.0,-,14
200900061306,9,5,13,800,1,1,1,1.0,1,14644,M,0.0,0,14
200900061307,9,5,13,1510,1,2,3,1.0,3,14118,M,4.0,-,14
200900061308,9,5,13,1645,1,1,1,1.0,3,14346,M,4.0,-,14
200900061309,9,5,14,2040,1,2,3,1.0,3,14301,M,4.0,-,14
200900061310,9,5,15,1745,1,1,1,1.0,5,14460,M,4.0,0,14
200900061311,9,5,16,1700,1,1,1,1.0,1,14213,M,4.0,-,14
200900061312,9,5,16,2250,3,2,1,1.0,7,14118,M,4.0,-,14
200900061313,9,5,17,1150,1,1,3,1.0,3,14578,M,4.0,0,14
200900061314,9,5,18,1800,1,2,2,1.0,3,14225,M,4.0,-,14
200900061315,9,5,20,1515,1,2,1,1.0,1,14685,M,4.0,-,14
200900061316,9,5,20,2145,2,2,3,1.0,3,14675,M,4.0,-,14
200900061317,9,5,21,1615,1,1,1,1.0,7,14396,M,4.0,-,14
200900061318,9,5,22,1045,1,2,1,1.0,6,14118,M,,,14
200900061319,9,5,22,1315,1,1,1,1.0,6,14436,M,4.0,-,14
200900061320,9,5,22,1830,1,2,1,1.0,3,14194,M,4.0,0,14
200900061321,9,5,22,1945,1,1,1,1.0,1,14174,M,4.0,-,14
200900061322,9,5,23,1605,1,1,1,1.0,6,14513,M,4.0,-,14
200900061323,9,5,25,55,5,2,1,1.0,7,14167,M,4.0,-,14
200900061324,9,5,25,745,1,1,1,8.0,3,14187,M,0.0,0,14
200900061325,9,5,26,1425,1,1,1,1.0,7,14593,M,4.0,0,14
200900061326,9,5,27,320,5,2,1,1.0,7,14118,M,4.0,-,14
200900061327,9,5,27,2015,2,2,4,8.0,1,14353,M,4.0,-,14
200900061328,9,5,28,2245,3,1,1,5.0,6,14354,M,4.0,-,14
200900061329,9,5,29,1630,1,1,1,1.0,1,14298,M,0.0,0,14
200900061330,9,5,29,1850,1,1,3,1.0,3,14570,M,4.0,0,14
200900061331,9,5,30,955,1,2,4,1.0,3,14333,M,4.0,0,14
200900061332,9,5,30,1726,1,2,1,1.0,2,14409,M,4.0,-,14
200900061333,9,5,31,1230,1,1,1,1.0,6,14487,M,4.0,0,14
200900061334,9,5,31,2015,1,1,1,1.0,6,14352,M,4.0,-,14
200900061335,9,3,13,1400,1,2,1,1.0,3,09225,M,4.0,-,09
200900061336,9,7,3,1750,1,1,1,1.0,6,42031,M,,,42
200900061337,9,7,4,1745,1,1,1,1.0,1,42246,M,4.0,0,42
200900061338,9,7,5,430,3,1,1,1.0,6,42168,M,4.0,0,42
200900061339,9,5,28,2115,1,2,1,1.0,1,02408,M,,,02
200900061340,9,10,21,2320,3,1,1,1.0,6,09124,M,,,09
200900061341,9,7,30,1640,1,2,1,8.0,3,09235,M,,,09
200900061342,9,11,15,30,3,1,1,1.0,5,67125,M,4.0,0,67
200900061343,9,11,23,1015,1,2,1,1.0,2,67248,M,0.0,0,67
200900061344,9,11,2,1015,1,1,1,1.0,6,67128,M,0.0,0,67
200900061345,9,11,17,1700,5,2,1,3.0,6,67222,M,0.0,0,67
200900061346,9,11,10,730,2,2,1,2.0,3,67008,M,0.0,0,67
200900061347,9,11,6,1400,1,1,1,1.0,1,67463,M,4.0,0,67
200900061348,9,11,14,2300,3,1,1,2.0,7,67529,M,4.0,0,67
200900061349,9,11,24,615,3,1,1,2.0,6,67409,M,0.0,0,67
200900061350,9,11,25,1015,1,2,1,7.0,6,67289,M,0.0,0,67
200900061351,9,11,24,1830,3,1,1,1.0,7,67030,M,4.0,0,67
200900061352,9,11,16,715,2,1,1,2.0,1,67019,M,4.0,0,67
200900061353,9,11,9,1800,5,2,1,2.0,6,67529,M,4.0,0,67
200900061354,9,11,24,1930,3,1,1,1.0,7,67235,M,4.0,0,67
200900061355,9,11,11,1145,1,1,1,8.0,7,67353,M,4.0,0,67
200900061356,9,11,4,130,3,1,1,2.0,7,67338,M,4.0,0,67
200900061357,9,11,4,1500,1,1,1,1.0,3,67506,M,4.0,0,67
200900061358,9,11,30,1500,2,2,1,1.0,6,67414,M,4.0,0,67
200900061359,9,11,21,620,5,2,2,1.0,3,67482,M,0.0,0,67
200900061360,9,11,22,200,5,2,2,1.0,6,67447,M,0.0,0,67
200900061361,9,11,19,515,3,1,1,8.0,6,67462,M,4.0,0,67
200900061362,9,11,30,1030,1,2,3,2.0,6,67482,M,0.0,0,67
200900061363,9,11,18,825,1,2,1,1.0,6,67447,M,0.0,0,67
200900061364,9,11,21,1135,1,2,2,1.0,6,67447,M,0.0,0,67
200900061365,9,11,19,728,2,2,1,1.0,6,67482,M,0.0,0,67
200900061366,9,11,18,2030,5,2,2,1.0,6,67482,M,0.0,0,67
200900061367,9,11,16,1030,1,2,2,2.0,3,67365,M,0.0,0,67
200900061368,9,11,30,1750,2,2,1,2.0,6,67482,M,0.0,0,67
200900061369,9,11,19,1315,1,2,1,1.0,2,67482,M,0.0,0,67
200900061370,9,11,19,1830,5,2,1,1.0,4,67482,M,0.0,0,67
200900061371,9,11,29,1955,5,2,3,1.0,5,67482,M,0.0,0,67
200900061372,9,11,23,1330,1,2,1,1.0,6,67482,M,0.0,0,67
200900061373,9,11,30,1615,2,2,1,2.0,3,67482,M,0.0,0,67
200900061374,9,11,20,800,1,2,2,1.0,2,67482,M,0.0,0,67
200900061375,9,11,25,2320,5,2,2,1.0,6,67267,M,0.0,0,67
200900061376,9,11,20,1225,1,2,3,1.0,3,67462,M,0.0,0,67
200900061377,9,11,21,1530,1,2,1,1.0,6,67482,M,0.0,0,67
200900061378,9,11,18,1430,1,2,1,1.0,3,67482,M,0.0,0,67
200900061379,9,11,20,1230,1,2,2,1.0,2,67447,M,0.0,0,67
200900061380,9,11,21,1845,5,2,3,1.0,3,67204,M,0.0,0,67
200900061381,9,11,25,1750,1,2,4,1.0,3,67482,M,0.0,0,67
200900061382,9,11,21,1720,2,2,1,1.0,3,67267,M,0.0,0,67
200900061383,9,11,17,1759,5,1,1,1.0,6,67482,M,0.0,0,67
200900061384,9,11,21,330,5,2,2,1.0,3,67447,M,0.0,0,67
200900061385,9,11,24,1750,2,2,1,1.0,6,67482,M,0.0,0,67
200900061386,9,11,20,1420,1,2,1,1.0,3,67482,M,0.0,0,67
200900061387,9,11,29,1100,1,2,1,1.0,6,67482,M,0.0,0,67
200900061388,9,11,21,1800,2,2,2,1.0,3,67365,M,0.0,0,67
200900061389,9,11,26,1413,1,2,2,1.0,3,67482,M,0.0,0,67
200900061390,9,11,6,1625,1,1,1,8.0,3,67447,M,4.0,0,67
200900061391,9,11,10,1835,4,1,1,2.0,3,67482,M,4.0,0,67
200900061392,9,11,19,1545,1,1,1,1.0,3,67447,M,4.0,0,67
200900061393,9,11,20,1830,4,1,1,1.0,6,67482,M,4.0,0,67
200900061394,9,11,9,1300,1,1,1,2.0,3,67482,M,4.0,0,67
200900061395,9,11,15,1240,1,1,1,8.0,7,67482,M,4.0,0,67
200900061396,9,11,26,1330,1,2,1,1.0,6,67180,M,0.0,0,67
200900061397,9,11,24,1830,3,1,1,1.0,1,67180,M,4.0,0,67
200900061398,9,11,2,2350,5,2,1,1.0,6,67218,M,0.0,0,67
200900061399,9,11,12,1100,1,2,3,2.0,7,67482,M,0.0,0,67
200900061400,9,11,13,1815,5,2,1,1.0,2,67482,M,0.0,0,67
200900061401,9,11,14,1925,5,2,1,2.0,2,67482,M,0.0,0,67
200900061402,9,11,6,1750,1,2,5,1.0,6,67447,M,0.0,0,67
200900061403,9,11,3,1855,5,2,1,2.0,6,67482,M,,,67
200900061404,9,11,10,1350,1,2,3,1.0,6,67482,M,0.0,0,67
200900061405,9,11,8,1740,5,2,1,1.0,6,67043,M,,,67
200900061406,9,11,10,48,5,2,2,2.0,3,67447,M,0.0,0,67
200900061407,9,11,11,1100,1,2,2,1.0,3,67482,M,0.0,0,67
200900061408,9,11,9,700,2,2,1,2.0,3,67482,M,0.0,0,67
200900061409,9,11,5,1010,1,2,1,1.0,6,67482,M,0.0,0,67
200900061410,9,11,6,1350,1,2,3,1.0,3,67447,M,0.0,0,67
200900061411,9,11,12,1755,5,2,2,1.0,3,67482,M,0.0,0,67
200900061412,9,11,3,1515,1,2,1,1.0,6,67482,M,0.0,0,67
200900061413,9,11,12,1855,5,2,1,1.0,3,67447,M,0.0,0,67
200900061414,9,11,10,800,1,2,3,2.0,6,67043,M,0.0,0,67
200900061415,9,11,14,1355,1,2,2,2.0,3,67365,M,0.0,0,67
200900061416,9,11,5,900,1,2,2,1.0,3,67482,M,0.0,0,67
200900061417,9,11,15,2015,5,2,1,2.0,2,67482,M,0.0,0,67
200900061418,9,11,12,1230,1,2,1,8.0,6,67482,M,,,67
200900061419,9,11,3,1900,5,2,1,2.0,6,67447,M,0.0,0,67
200900061420,9,11,10,2130,5,2,1,1.0,7,67482,M,0.0,0,67
200900061421,9,11,11,1715,2,2,2,1.0,3,67482,M,0.0,0,67
200900061422,9,7,27,1900,1,2,1,1.0,1,02691,M,,,02
200900061423,9,7,30,1540,1,2,6,1.0,3,02340,M,,,02
200900061424,9,12,3,1633,2,2,1,3.0,6,02258,M,,,02
200900061425,9,12,9,1900,5,2,3,2.0,6,02722,M,,,02
200900061426,9,12,10,755,5,2,6,8.0,6,02722,M,,,02
200900061427,9,12,2,1815,5,2,1,2.0,6,02722,M,,,02
200900061428,9,12,11,1100,1,1,1,1.0,3,02815,M,0.0,0,02
200900061429,9,12,15,2145,3,1,1,9.0,1,02800,M,0.0,0,02
200900061430,9,12,29,815,2,2,3,2.0,1,02810,M,0.0,0,02
200900061431,9,12,19,1315,1,1,1,1.0,1,02355,M,0.0,0,02
200900061432,9,12,19,550,3,1,1,1.0,2,02009,M,4.0,0,02
200900061433,9,12,15,525,3,1,1,1.0,3,02720,M,0.0,0,02
200900061434,9,12,11,1800,2,2,8,1.0,1,02315,M,0.0,0,02
200900061435,9,12,1,1830,3,2,1,2.0,6,02834,M,0.0,0,02
200900061436,9,12,26,415,5,1,9,9.0,6,02785,M,0.0,0,02
200900061437,9,12,26,1830,3,2,1,9.0,6,02307,M,0.0,0,02
200900061438,9,12,7,1800,3,1,1,8.0,2,02601,M,0.0,0,02
200900061439,9,12,16,1330,1,1,1,1.0,1,02613,M,0.0,0,02
200900061440,9,12,5,215,3,1,1,2.0,1,02468,M,0.0,0,02
200900061441,9,12,5,1050,1,1,1,1.0,2,02046,M,0.0,0,02
200900061442,9,12,14,1500,1,1,9,1.0,5,02360,M,0.0,0,02
200900061443,9,12,5,1915,3,1,1,2.0,3,02592,M,4.0,0,02
200900061444,9,12,3,2115,3,1,1,3.0,1,02801,M,0.0,0,02
200900061445,9,12,6,1940,5,2,1,2.0,6,02691,M,,,02
200900061446,9,12,29,1430,1,2,3,2.0,6,02691,M,,,02
200900061447,9,12,10,20,5,2,1,2.0,2,02691,M,,,02
200900061448,9,12,22,935,1,2,2,4.0,4,02691,M,,,02
200900061449,9,12,29,2000,3,2,1,2.0,7,02480,M,0.0,0,02
200900061450,9,10,23,1445,1,2,1,1.0,2,02168,M,,,02
200900061451,9,7,4,945,1,2,2,1.0,3,42095,M,4.0,0,42
200900061452,9,8,12,1430,1,2,1,1.0,3,84007,M,,,84
200900061453,9,12,19,30,3,1,1,4.0,2,84139,M,0.0,0,84
200900061454,9,12,20,1815,3,1,1,1.0,6,84012,M,0.0,0,84
200900061455,9,12,11,1030,1,1,1,1.0,3,84139,M,0.0,0,84
200900061456,9,12,22,1645,2,2,1,3.0,6,84133,M,0.0,0,84
200900061457,9,12,15,1330,1,2,1,1.0,3,84054,M,0.0,0,84
200900061458,9,12,18,1530,1,2,1,4.0,7,84043,M,0.0,0,84
200900061459,9,12,5,1515,1,2,1,1.0,3,84092,M,4.0,0,84
200900061460,9,12,4,1245,1,1,1,8.0,1,84044,M,4.0,0,84
200900061461,9,12,3,915,1,1,1,2.0,7,84129,M,0.0,0,84
200900061462,9,12,24,1730,5,2,1,8.0,6,84016,M,0.0,0,84
200900061463,9,12,16,1400,1,1,1,1.0,3,84088,M,4.0,0,84
200900061464,9,12,31,1300,1,1,1,1.0,1,84115,M,4.0,0,84
200900061465,9,12,1,700,2,2,1,5.0,6,84138,M,0.0,0,84
200900061466,9,12,1,800,1,1,8,1.0,1,84074,M,4.0,0,84
200900061467,9,12,14,2130,5,2,2,1.0,3,84007,M,,,84
200900061468,9,12,10,1330,1,2,1,1.0,1,84007,M,,,84
200900061469,9,12,4,955,1,2,1,1.0,6,84007,M,,,84
200900061470,9,12,3,1801,3,2,1,3.0,6,84007,M,,,84
200900061471,9,12,4,810,1,2,1,1.0,2,84007,M,,,84
200900061472,9,12,3,1020,1,2,1,2.0,3,84007,M,,,84
200900061473,9,12,4,1510,1,2,2,1.0,3,84007,M,,,84
200900061474,9,12,12,1410,1,2,1,1.0,6,84007,M,,,84
200900061475,9,12,3,1740,5,2,1,1.0,3,84007,M,,,84
200900061476,9,12,11,950,1,2,1,1.0,3,84007,M,,,84
200900061477,9,12,21,1400,1,2,1,1.0,6,84007,M,,,84
200900061478,9,12,19,2155,5,1,1,1.0,6,84007,M,,,84
200900061479,9,12,28,1715,1,1,2,1.0,3,84007,M,,,84
200900061480,9,12,22,1745,5,1,1,3.0,3,84007,M,,,84
200900061481,9,12,21,120,3,2,1,1.0,6,84007,M,,,84
200900061482,9,12,21,1130,1,2,1,2.0,2,84007,M,,,84
200900061483,9,12,17,1445,1,2,2,1.0,3,84007,M,,,84
200900061484,9,12,21,1830,3,2,1,3.0,6,84089,M,,,84
200900061485,9,12,25,20,5,1,3,2.0,3,84007,M,,,84
200900061486,9,12,23,1600,1,2,2,1.0,6,84007,M,,,84
200900061487,9,12,18,2250,5,2,2,1.0,6,84007,M,,,84
200900061488,9,12,19,930,1,2,2,1.0,2,84007,M,,,84
200900061489,9,12,23,1930,5,1,1,3.0,6,84007,M,,,84
200900061490,9,12,26,1743,5,2,2,1.0,6,84007,M,,,84
200900061491,9,12,27,1735,5,2,2,1.0,3,84087,M,,,84
200900061492,9,11,19,1515,1,2,4,1.0,3,09047,M,4.0,-,09
200900061493,9,12,24,1815,4,2,1,2.0,6,09268,M,4.0,0,09
200900061494,9,12,15,1300,1,2,1,1.0,6,09106,M,4.0,0,09
200900061495,9,12,18,1615,1,2,1,1.0,6,09167,M,4.0,0,09
200900061496,9,12,31,1800,5,2,1,1.0,3,09145,M,0.0,0,09
200900061497,9,1,25,1910,3,1,1,1.0,7,13047,M,4.0,0,13
200900061498,9,4,25,1810,1,1,1,1.0,1,13047,M,4.0,0,13
200900061499,9,1,19,1923,3,1,1,8.0,7,13047,M,,,13
200900061500,9,3,14,1540,1,2,1,1.0,6,13047,M,,,13
200900061501,9,2,1,140,5,2,2,2.0,3,13047,M,4.0,0,13
200900061502,9,2,22,130,4,1,1,1.0,1,13063,M,,,13
200900061503,9,4,7,1800,1,2,1,1.0,5,13063,M,,,13
200900061504,9,4,1,825,1,1,1,1.0,6,13047,M,,,13
200900061505,9,3,20,1740,1,2,1,1.0,6,13047,M,,,13
200900061506,9,4,14,1720,1,2,1,1.0,4,13047,M,,,13
200900061507,9,2,17,1800,1,2,1,1.0,2,13063,M,,,13
200900061508,9,5,16,315,5,2,1,1.0,1,13063,M,,,13
200900061509,9,7,28,1205,1,1,1,1.0,3,13047,M,4.0,0,13
200900061510,9,3,13,1410,1,2,1,1.0,3,13047,M,,,13
200900061511,9,3,5,1230,1,2,3,8.0,3,76319,M,,,76
200900061512,9,3,24,1950,5,2,1,1.0,3,76451,M,,,76
200900061513,9,3,14,1100,1,2,1,2.0,6,76322,M,,,76
200900061514,9,3,26,1830,1,1,1,3.0,4,76540,M,,,76
200900061515,9,3,27,1440,1,2,3,1.0,3,76319,M,,,76
200900061516,9,3,26,2010,5,2,1,2.0,3,76681,M,,,76
200900061517,9,3,30,1325,1,1,1,1.0,3,76484,M,,,76
200900061518,9,3,20,2155,3,1,1,1.0,3,76384,M,,,76
200900061519,9,3,10,935,1,2,1,2.0,3,76216,M,,,76
200900061520,9,3,22,1530,1,1,1,1.0,1,76157,M,,,76
200900061521,9,3,21,2310,5,1,1,1.0,3,76322,M,,,76
200900061522,9,3,16,745,2,2,1,9.0,3,76497,M,,,76
200900061523,9,3,29,1450,1,2,1,1.0,1,76095,M,,,76
200900061524,9,3,25,910,1,2,1,2.0,6,76410,M,,,76
200900061525,9,3,1,1415,1,2,1,1.0,6,76681,M,,,76
200900061526,9,3,21,145,5,2,1,1.0,7,76005,M,,,76
200900061527,9,3,30,1940,1,2,1,1.0,6,76474,M,,,76
200900061528,9,3,17,1120,1,2,1,1.0,3,76540,M,,,76
200900061529,9,3,9,1745,1,2,1,1.0,5,76540,M,,,76
200900061530,9,3,11,1345,1,2,1,1.0,3,76498,M,,,76
200900061531,9,3,27,1740,1,2,2,9.0,6,76540,M,,,76
200900061532,9,3,28,1110,1,2,1,3.0,3,76540,M,,,76
200900061533,9,3,18,1630,1,1,3,1.0,1,76114,M,,,76
200900061534,9,3,5,805,1,2,3,1.0,3,76681,M,,,76
200900061535,9,3,2,2000,5,2,2,1.0,3,76540,M,,,76
200900061536,9,3,25,2015,5,2,1,1.0,6,76498,M,,,76
200900061537,9,3,11,1145,1,2,1,9.0,3,76540,M,,,76
200900061538,9,3,6,1530,2,2,1,1.0,6,76322,M,,,76
200900061539,9,3,4,1800,1,2,1,1.0,4,76322,M,,,76
200900061540,9,3,15,1700,1,2,1,1.0,2,76474,M,,,76
200900061541,9,3,31,15,3,1,1,1.0,5,76657,M,0.0,0,76
200900061542,9,3,8,905,1,2,1,1.0,6,76351,M,,,76
200900061543,9,3,16,200,5,2,1,1.0,6,76351,M,,,76
200900061544,9,3,12,1045,1,2,3,1.0,3,76351,M,,,76
200900061545,9,3,6,1655,1,2,1,1.0,7,76351,M,,,76
200900061546,9,3,13,1525,1,2,1,1.0,6,76305,M,,,76
200900061547,9,3,3,2115,5,2,1,1.0,2,76351,M,,,76
200900061548,9,3,16,1910,2,2,2,1.0,1,76600,M,,,76
200900061549,9,3,23,1300,1,2,1,1.0,6,76341,M,,,76
200900061550,9,3,17,1700,1,2,1,1.0,3,76447,M,,,76
200900061551,9,3,25,1705,1,2,6,1.0,2,76341,M,,,76
200900061552,9,3,7,30,5,2,1,1.0,1,76447,M,,,76
200900061553,9,3,13,1930,5,2,2,1.0,3,76231,M,,,76
200900061554,9,3,11,1410,1,2,1,1.0,6,76351,M,,,76
200900061555,9,3,4,1725,1,2,1,1.0,2,76178,M,,,76
200900061556,9,3,24,1330,1,2,1,1.0,6,76351,M,,,76
200900061557,9,3,17,1730,1,2,1,1.0,2,76351,M,,,76
200900061558,9,3,10,1340,1,1,1,1.0,7,76351,M,,,76
200900061559,9,3,6,1330,1,2,1,1.0,6,76351,M,,,76