Num_Acc,an,mois,jour,hrmn,lum,agg,int,atm,col,com,gps,lat,long,dep
200900061560,9,3,21,1230,1,2,1,1.0,6,76447,M,,,76
200900061561,9,3,22,315,5,2,1,1.0,3,76351,M,,,76
200900061562,9,3,18,1700,1,1,2,7.0,3,76663,M,4.0,0,76
200900061563,9,3,21,900,1,2,1,1.0,7,76216,M,0.0,0,76
200900061564,9,3,7,15,3,1,1,1.0,3,76006,M,4.0,0,76
200900061565,9,3,16,745,1,1,1,1.0,1,76235,M,4.0,0,76
200900061566,9,3,23,1,4,1,1,1.0,6,76602,M,4.0,0,76
200900061567,9,3,3,1200,1,1,1,1.0,1,76219,M,4.0,0,76
200900061568,9,3,14,1100,1,2,1,1.0,7,76752,M,0.0,0,76
200900061569,9,3,12,1315,1,2,9,1.0,3,76647,M,0.0,0,76
200900061570,9,3,11,2315,3,1,2,1.0,3,76525,M,0.0,0,76
200900061571,9,3,30,1730,1,1,1,1.0,1,76718,M,0.0,0,76
200900061572,9,3,22,750,3,1,1,1.0,6,76385,M,4.0,0,76
200900061573,9,3,17,1345,1,2,1,1.0,1,76008,M,4.0,0,76
200900061574,9,3,28,1515,1,2,1,1.0,3,76452,M,0.0,0,76
200900061575,9,3,8,1615,1,1,1,7.0,5,76069,M,4.0,0,76
200900061576,9,3,16,1630,1,2,1,1.0,2,76192,M,0.0,0,76
200900061577,9,3,8,1630,1,1,1,1.0,1,76081,M,4.0,0,76
200900061578,9,3,21,2030,3,1,1,1.0,7,76566,M,4.0,0,76
200900061579,9,3,20,1515,1,2,1,1.0,7,76031,M,4.0,0,76
200900061580,9,3,16,745,2,1,1,1.0,6,76065,M,0.0,0,76
200900061581,9,3,24,1300,1,1,1,1.0,7,76014,M,4.0,0,76
200900061582,9,3,30,1750,1,1,1,1.0,6,76498,M,,,76
200900061583,9,3,27,1630,1,2,1,1.0,6,76410,M,,,76
200900061584,9,3,23,2040,5,2,1,3.0,2,76540,M,,,76
200900061585,9,3,23,1840,2,2,2,1.0,3,76681,M,,,76
200900061586,9,11,21,2120,3,1,1,1.0,7,87111,M,4.0,0,87
200900061587,9,12,6,320,3,1,1,1.0,6,59606,M,,,59
200900061588,9,12,8,1745,1,1,1,3.0,6,59172,M,,,59
200900061589,9,7,6,1346,1,2,1,1.0,6,42218,M,4.0,0,42
200900061590,9,7,7,1430,1,2,1,1.0,3,42095,M,4.0,0,42
200900061591,9,11,16,715,1,1,1,2.0,1,73282,M,4.0,0,73
200900061592,9,11,15,1630,2,1,1,1.0,1,73303,M,0.0,0,73
200900061593,9,11,25,1300,1,1,1,1.0,7,73155,M,0.0,0,73
200900061594,9,11,22,1330,1,2,1,2.0,1,73070,M,4.0,0,73
200900061595,9,11,20,1830,5,2,3,1.0,3,73213,M,4.0,0,73
200900061596,9,11,1,1100,1,2,2,1.0,1,73141,M,0.0,0,73
200900061597,9,11,19,300,5,1,1,1.0,6,73215,M,4.0,0,73
200900061598,9,11,2,1230,1,1,1,4.0,1,73322,M,0.0,0,73
200900061599,9,11,6,2000,5,2,1,1.0,1,73212,M,4.0,0,73
200900061600,9,11,17,745,2,1,1,2.0,6,73007,M,4.0,0,73
200900061601,9,11,30,800,2,1,1,3.0,6,73179,M,4.0,0,73
200900061602,9,11,6,1745,5,2,1,1.0,2,73248,M,4.0,0,73
200900061603,9,11,13,900,1,1,1,8.0,5,73159,M,4.0,0,73
200900061604,9,11,13,1645,1,2,3,1.0,3,73065,M,,,73
200900061605,9,11,9,856,1,1,1,1.0,3,73191,M,,,73
200900061606,9,11,6,1415,1,2,4,1.0,7,73065,M,,,73
200900061607,9,11,6,825,1,2,6,2.0,6,73008,M,,,73
200900061608,9,11,21,1640,1,2,1,1.0,6,73008,M,,,73
200900061609,9,11,22,2000,3,1,1,1.0,1,73288,M,,,73
200900061610,9,12,6,1815,5,2,1,2.0,6,73008,M,,,73
200900061611,9,12,9,1630,1,1,1,1.0,6,73283,M,0.0,0,73
200900061612,9,12,25,630,5,1,1,1.0,2,73213,M,4.0,0,73
200900061613,9,12,17,1145,1,2,1,1.0,6,73257,M,4.0,0,73
200900061614,9,12,8,715,2,1,1,1.0,3,73191,M,4.0,0,73
200900061615,9,12,9,1745,5,2,1,1.0,3,73030,M,4.0,0,73
200900061616,9,12,18,1915,3,1,1,4.0,3,73039,M,4.0,0,73
200900061617,9,12,26,800,1,1,1,1.0,6,73162,M,0.0,0,73
200900061618,9,12,21,1400,1,1,1,1.0,7,73034,M,0.0,0,73
200900061619,9,12,3,1130,1,1,1,8.0,1,73169,M,4.0,0,73
200900061620,9,12,27,1245,1,1,1,1.0,1,73283,M,0.0,0,73
200900061621,9,12,3,1850,5,2,4,1.0,3,73065,M,,,73
200900061622,9,12,24,350,5,2,6,1.0,6,73065,M,,,73
200900061623,9,11,8,400,3,1,1,8.0,6,05040,M,0.0,0,05
200900061624,9,11,23,1345,1,1,1,1.0,1,05068,M,0.0,0,05
200900061625,9,11,11,700,2,1,1,1.0,6,05177,M,0.0,0,05
200900061626,9,11,25,1015,1,1,1,1.0,6,05039,M,0.0,0,05
200900061627,9,11,23,845,1,1,1,1.0,7,05180,M,0.0,0,05
200900061628,9,11,19,830,1,1,1,1.0,6,05100,M,0.0,0,05
200900061629,9,11,6,1800,5,2,7,1.0,6,05170,M,0.0,0,05
200900061630,9,11,14,515,3,1,1,1.0,6,05073,M,0.0,0,05
200900061631,9,11,29,1430,1,1,1,2.0,4,05103,M,0.0,0,05
200900061632,9,11,27,2145,3,1,1,1.0,4,05123,M,0.0,0,05
200900061633,9,11,27,1135,1,2,3,1.0,6,05061,M,,,05
200900061634,9,11,3,1720,2,1,2,1.0,3,05061,M,,,05
200900061635,9,11,6,1455,1,2,1,1.0,6,05061,M,,,05
200900061636,9,11,14,1415,1,2,6,1.0,3,05061,M,,,05
200900061637,9,11,9,1905,5,1,4,1.0,3,05061,M,,,05
200900061638,9,11,9,927,1,1,1,1.0,6,05023,M,,,05
200900061639,9,11,13,1700,2,2,3,1.0,3,05023,M,,,05
200900061640,9,11,20,2220,3,1,1,1.0,1,05023,M,,,05
200900061641,9,3,2,2025,5,2,2,1.0,3,78498,M,4.0,0,78
200900061642,9,5,28,835,1,2,3,1.0,3,78481,M,4.0,0,78
200900061643,9,5,10,550,2,1,1,1.0,5,77175,M,4.0,0,77
200900061644,9,5,12,800,1,1,1,8.0,7,77258,M,4.0,0,77
200900061645,9,5,26,1400,1,2,1,1.0,1,77494,M,4.0,0,77
200900061646,9,5,26,1800,1,2,2,1.0,3,77316,M,,,77
200900061647,9,5,31,830,1,1,1,1.0,2,77294,M,4.0,0,77
200900061648,9,7,7,1645,1,2,1,8.0,6,42095,M,4.0,0,42
200900061649,9,7,9,910,1,2,1,1.0,6,42218,M,4.0,0,42
200900061650,9,7,9,1428,1,2,1,1.0,7,42218,M,4.0,0,42
200900061651,9,11,8,920,1,2,1,1.0,6,81065,M,0.0,0,81
200900061652,9,4,1,2130,5,2,1,1.0,7,76341,M,,,76
200900061653,9,4,10,1100,1,2,1,1.0,6,76351,M,,,76
200900061654,9,4,3,1405,1,2,1,1.0,6,76305,M,,,76
200900061655,9,4,6,1410,1,2,1,1.0,3,76351,M,,,76
200900061656,9,4,5,1700,1,2,3,1.0,5,76351,M,,,76
200900061657,9,4,8,1330,1,2,2,1.0,3,76351,M,,,76
200900061658,9,4,12,1910,1,2,1,1.0,6,76351,M,,,76
200900061659,9,4,12,915,1,2,1,2.0,6,76351,M,,,76
200900061660,9,4,7,825,1,1,1,1.0,1,76391,M,,,76
200900061661,9,4,8,1830,1,2,1,8.0,3,76351,M,,,76
200900061662,9,4,13,2220,5,2,2,1.0,6,76351,M,,,76
200900061663,9,4,1,1220,1,2,4,1.0,3,76705,M,,,76
200900061664,9,4,22,1100,1,2,1,1.0,3,76705,M,,,76
200900061665,9,4,11,1420,1,1,1,2.0,3,76259,M,,,76
200900061666,9,4,18,1515,1,2,9,2.0,3,76259,M,,,76
200900061667,9,4,20,2345,3,1,1,1.0,7,76480,M,0.0,0,76
200900061668,9,4,24,800,1,2,1,1.0,1,76568,M,0.0,0,76
200900061669,9,4,25,130,3,1,1,1.0,1,76255,M,0.0,0,76
200900061670,9,4,16,1730,1,1,1,1.0,3,76291,M,4.0,0,76
200900061671,9,4,11,500,5,2,1,1.0,6,76312,M,0.0,0,76
200900061672,9,4,2,845,1,1,1,1.0,7,76756,M,0.0,0,76
200900061673,9,4,25,2330,5,2,1,1.0,6,76035,M,0.0,0,76
200900061674,9,4,10,1945,1,1,1,1.0,5,76459,M,4.0,0,76
200900061675,9,4,24,1700,1,2,1,1.0,6,76245,M,0.0,0,76
200900061676,9,4,19,2015,2,2,1,2.0,6,76206,M,4.0,0,76
200900061677,9,4,5,1945,1,2,3,1.0,3,76255,M,5.0,0,76
200900061678,9,4,15,1000,1,1,1,1.0,7,76533,M,4.0,0,76
200900061679,9,4,13,1330,1,2,1,1.0,7,76437,M,4.0,0,76
200900061680,9,4,21,1400,1,1,1,1.0,2,76417,M,4.0,0,76
200900061681,9,4,13,715,1,1,1,1.0,6,76533,M,4.0,0,76
200900061682,9,4,26,145,4,1,1,1.0,7,76409,M,4.0,0,76
200900061683,9,4,9,2015,2,1,1,1.0,3,76646,M,4.0,0,76
200900061684,9,4,8,1030,1,2,1,2.0,6,76159,M,4.0,0,76
200900061685,9,4,23,1745,1,1,1,1.0,1,76307,M,0.0,0,76
200900061686,9,4,19,700,2,1,1,1.0,6,76357,M,4.0,0,76
200900061687,9,4,21,930,1,2,1,1.0,2,76758,M,0.0,0,76
200900061688,9,4,12,2300,3,1,1,1.0,1,76107,M,0.0,0,76
200900061689,9,4,14,830,1,1,1,1.0,1,76401,M,0.0,0,76
200900061690,9,4,2,745,1,1,1,1.0,2,76657,M,4.0,0,76
200900061691,9,4,7,1215,1,2,1,1.0,2,76255,M,0.0,0,76
200900061692,9,4,2,1715,1,1,1,1.0,5,76614,M,4.0,0,76
200900061693,9,4,27,1000,1,1,1,1.0,2,76606,M,4.0,0,76
200900061694,9,4,25,1830,1,1,1,1.0,6,76595,M,4.0,0,76
200900061695,9,4,17,830,1,1,1,1.0,3,76533,M,0.0,0,76
200900061696,9,4,6,1730,1,1,1,1.0,6,76517,M,0.0,0,76
200900061697,9,4,18,1745,1,1,1,8.0,1,76229,M,0.0,0,76
200900061698,9,4,22,1715,1,1,1,1.0,3,76401,M,0.0,0,76
200900061699,9,4,13,1630,1,1,1,1.0,6,76432,M,0.0,0,76
200900061700,9,4,9,1645,1,1,1,1.0,2,76039,M,4.0,0,76
200900061701,9,4,21,400,5,2,1,1.0,1,76447,M,,,76
200900061702,9,4,20,1320,1,2,6,1.0,6,76351,M,,,76
200900061703,9,4,20,2110,5,2,3,1.0,3,76351,M,,,76
200900061704,9,4,27,1345,1,2,2,2.0,3,76351,M,,,76
200900061705,9,4,29,910,1,2,1,1.0,6,76351,M,,,76
200900061706,9,4,22,1300,1,2,1,1.0,6,76341,M,,,76
200900061707,9,4,23,1055,1,2,1,1.0,6,76351,M,,,76
200900061708,9,4,24,1750,1,1,1,1.0,3,76384,M,,,76
200900061709,9,4,21,1455,1,2,1,1.0,3,76217,M,,,76
200900061710,9,4,8,1435,1,2,1,2.0,6,76217,M,,,76
200900061711,9,4,4,1405,1,2,1,1.0,6,76026,M,,,76
200900061712,9,4,17,1640,1,2,1,1.0,6,76026,M,,,76
200900061713,9,4,15,1320,1,2,2,1.0,3,76217,M,,,76
200900061714,9,4,9,1025,1,2,1,8.0,2,76540,M,,,76
200900061715,9,4,3,1630,1,1,1,1.0,2,76498,M,,,76
200900061716,9,4,19,2040,3,1,1,1.0,1,76474,M,,,76
200900061717,9,4,16,1710,1,2,1,9.0,2,76540,M,,,76
200900061718,9,4,15,1730,1,2,6,2.0,3,76540,M,,,76
200900061719,9,4,2,1645,1,2,1,1.0,4,76108,M,,,76
200900061720,9,4,12,245,5,2,1,8.0,3,76497,M,,,76
200900061721,9,4,3,715,1,2,1,1.0,6,76540,M,,,76
200900061722,9,4,26,1900,1,2,1,1.0,6,76216,M,,,76
200900061723,9,4,25,1105,1,2,1,1.0,2,76540,M,,,76
200900061724,9,4,5,1625,1,2,2,1.0,3,76575,M,,,76
200900061725,9,4,16,1710,1,2,3,1.0,3,76498,M,,,76
200900061726,9,4,9,810,1,2,1,1.0,2,76216,M,,,76
200900061727,9,4,2,1710,1,1,1,1.0,4,76498,M,,,76
200900061728,9,4,28,1410,1,2,1,1.0,6,76575,M,,,76
200900061729,9,4,10,850,1,1,1,8.0,2,76540,M,,,76
200900061730,9,4,21,440,5,2,1,1.0,2,76540,M,,,76
200900061731,9,4,19,120,5,1,1,3.0,7,76575,M,,,76
200900061732,9,4,30,1730,1,2,1,1.0,2,76474,M,,,76
200900061733,9,4,21,2140,5,2,1,1.0,6,76540,M,,,76
200900061734,9,4,10,1010,1,2,1,1.0,6,76681,M,,,76
200900061735,9,4,5,1420,1,2,1,1.0,3,76322,M,,,76
200900061736,9,4,27,1715,1,2,1,2.0,6,76108,M,,,76
200900061737,9,4,18,950,1,2,1,2.0,6,76540,M,,,76
200900061738,9,4,14,10,5,2,1,1.0,6,76575,M,,,76
200900061739,9,4,3,1205,1,2,2,1.0,3,76540,M,,,76
200900061740,9,4,17,2225,3,2,1,1.0,6,76540,M,,,76
200900061741,9,4,1,1750,1,2,1,7.0,7,76212,M,,,76
200900061742,9,4,10,1535,1,2,1,1.0,7,76216,M,,,76
200900061743,9,4,22,1915,1,2,3,1.0,3,76322,M,,,76
200900061744,9,4,23,1350,1,1,3,1.0,2,76157,M,,,76
200900061745,9,4,24,1500,1,1,1,1.0,3,76497,M,,,76
200900061746,9,4,8,2220,5,2,1,2.0,6,76540,M,,,76
200900061747,9,4,2,1935,1,1,1,1.0,3,76451,M,,,76
200900061748,9,4,8,15,5,2,1,1.0,2,76575,M,,,76
200900061749,9,4,6,2345,5,1,1,2.0,7,76484,M,,,76
200900061750,9,4,22,1345,1,2,2,1.0,3,76575,M,,,76
200900061751,9,4,9,1140,1,2,1,1.0,5,76540,M,,,76
200900061752,9,4,7,1100,1,2,6,1.0,3,76322,M,,,76
200900061753,9,7,13,1024,1,2,1,1.0,3,42218,M,4.0,0,42
200900061754,9,7,14,925,1,2,1,1.0,1,42218,M,4.0,0,42
200900061755,9,6,3,1840,1,2,2,1.0,3,14197,M,4.0,-,14
200900061756,9,6,5,1400,1,1,1,1.0,7,14325,M,4.0,-,14
200900061757,9,6,9,1545,1,1,1,2.0,1,14715,M,4.0,0,14
200900061758,9,6,13,1010,1,2,6,1.0,3,14117,M,4.0,-,14
200900061759,9,6,13,1135,1,2,2,1.0,1,14225,M,4.0,-,14
200900061760,9,6,14,1010,1,1,4,1.0,2,14717,M,4.0,-,14
200900061761,9,6,16,1410,1,1,1,1.0,1,14563,M,4.0,0,14
200900061762,9,6,17,1215,1,2,6,1.0,3,14118,M,4.0,-,14
200900061763,9,6,21,45,3,2,1,1.0,6,14437,M,4.0,-,14
200900061764,9,6,22,1920,1,1,1,1.0,6,14505,M,4.0,-,14
200900061765,9,6,22,1940,1,1,1,1.0,2,14178,M,4.0,-,14
200900061766,9,6,26,1530,1,2,1,1.0,6,14118,M,4.0,-,14
200900061767,9,6,27,1015,1,1,1,1.0,7,14311,M,4.0,-,14
200900061768,9,6,27,1810,1,2,3,1.0,1,14698,M,4.0,-,14
200900061769,9,6,29,1205,1,1,1,1.0,7,14513,M,4.0,-,14
200900061770,9,6,29,2010,1,1,4,7.0,1,14523,M,4.0,-,14
200900061771,9,5,17,155,5,2,1,1.0,6,76305,M,,,76
200900061772,9,5,17,1910,1,2,1,1.0,2,76351,M,,,76
200900061773,9,5,30,1430,1,2,1,1.0,6,76351,M,,,76
200900061774,9,5,27,1400,1,2,1,1.0,6,76351,M,,,76
200900061775,9,5,22,1715,1,2,1,1.0,7,76282,M,,,76
200900061776,9,5,16,1655,1,2,1,1.0,6,76351,M,,,76
200900061777,9,5,29,1740,1,2,1,1.0,1,76640,M,,,76
200900061778,9,5,18,835,1,2,1,1.0,6,76351,M,,,76
200900061779,9,5,18,1210,1,1,1,1.0,2,76305,M,,,76
200900061780,9,5,30,1025,1,2,3,1.0,6,76481,M,,,76
200900061781,9,5,22,2355,5,2,1,1.0,6,76305,M,,,76
200900061782,9,5,8,130,5,2,1,1.0,6,76351,M,,,76
200900061783,9,5,2,1740,1,2,1,1.0,4,76231,M,,,76
200900061784,9,5,13,1220,1,2,2,1.0,4,76351,M,,,76
200900061785,9,5,11,900,1,2,1,1.0,6,76351,M,,,76
200900061786,9,5,9,210,5,2,2,1.0,3,76351,M,,,76
200900061787,9,5,10,1035,1,2,2,1.0,6,76341,M,,,76
200900061788,9,5,15,2040,1,2,3,1.0,3,76351,M,,,76
200900061789,9,5,6,1445,1,2,1,1.0,3,76351,M,,,76
200900061790,9,5,1,450,5,2,1,1.0,6,76351,M,,,76
200900061791,9,5,7,1520,1,2,2,1.0,7,76351,M,,,76
200900061792,9,5,1,1945,2,2,3,1.0,3,76351,M,,,76
200900061793,9,5,15,945,1,2,1,2.0,6,76196,M,4.0,0,76
200900061794,9,5,6,1715,1,2,1,1.0,2,76475,M,4.0,0,76
200900061795,9,5,27,1900,2,1,1,3.0,3,76303,M,4.0,0,76
200900061796,9,5,17,2130,2,2,1,1.0,7,76627,M,4.0,0,76
200900061797,9,5,17,1330,1,1,1,1.0,6,76494,M,0.0,0,76
200900061798,9,5,3,2100,2,2,6,1.0,1,76255,M,0.0,0,76
200900061799,9,5,7,1200,1,2,1,1.0,2,76434,M,0.0,0,76
200900061800,9,5,16,1530,1,1,3,1.0,5,76407,M,4.0,0,76
200900061801,9,5,14,800,1,1,1,1.0,1,76627,M,0.0,0,76
200900061802,9,5,19,1645,1,1,1,1.0,1,76636,M,0.0,0,76
200900061803,9,5,8,1615,1,1,1,1.0,6,76378,M,4.0,0,76
200900061804,9,5,16,2215,3,1,1,1.0,7,76488,M,4.0,0,76
200900061805,9,5,21,600,2,1,1,1.0,5,76242,M,0.0,0,76
200900061806,9,5,21,2100,1,2,1,1.0,1,76559,M,0.0,0,76
200900061807,9,5,31,2200,2,1,5,1.0,3,76101,M,4.0,0,76
200900061808,9,5,27,1045,1,1,1,1.0,5,76197,M,4.0,0,76
200900061809,9,5,20,2145,2,1,1,1.0,6,76473,M,0.0,0,76
200900061810,9,5,30,1100,1,2,1,1.0,6,76302,M,4.0,0,76
200900061811,9,5,24,1300,1,1,1,1.0,3,76719,M,0.0,0,76
200900061812,9,5,25,1920,1,2,3,1.0,3,76259,M,,,76
200900061813,9,5,16,1915,1,2,1,1.0,6,76217,M,,,76
200900061814,9,5,28,810,1,1,1,2.0,2,76565,M,,,76
200900061815,9,5,1,1700,1,2,1,1.0,7,76681,M,,,76
200900061816,9,5,2,1635,1,2,1,1.0,3,76540,M,,,76
200900061817,9,5,28,1345,1,2,2,1.0,3,76429,M,,,76
200900061818,9,5,30,1115,1,2,1,1.0,6,76540,M,,,76
200900061819,9,5,29,1750,1,2,1,1.0,5,76474,M,,,76
200900061820,9,5,19,1020,1,2,1,1.0,4,76540,M,,,76
200900061821,9,5,11,1040,1,2,1,1.0,3,76540,M,,,76
200900061822,9,5,6,1610,1,2,1,1.0,4,76217,M,,,76
200900061823,9,5,21,1835,1,2,3,1.0,6,76095,M,,,76
200900061824,9,5,29,302,5,1,1,1.0,7,76540,M,,,76
200900061825,9,5,15,1920,1,2,2,1.0,3,76216,M,,,76
200900061826,9,5,30,1430,1,2,1,1.0,7,76540,M,,,76
200900061827,9,5,29,1215,1,2,1,1.0,6,76681,M,,,76
200900061828,9,5,15,1210,1,2,1,3.0,6,76540,M,,,76
200900061829,9,5,10,1230,1,2,1,1.0,3,76457,M,,,76
200900061830,9,5,7,1640,1,2,1,1.0,6,76319,M,,,76
200900061831,9,5,14,1415,1,2,2,1.0,7,76322,M,,,76
200900061832,9,5,20,1810,1,2,9,1.0,4,76217,M,,,76
200900061833,9,5,29,1710,1,2,1,1.0,6,76540,M,,,76
200900061834,9,5,19,1715,1,2,3,1.0,5,76026,M,,,76
200900061835,9,5,7,1500,1,2,1,1.0,7,76540,M,,,76
200900061836,9,5,21,1800,1,2,1,1.0,6,76540,M,,,76
200900061837,9,5,12,800,1,2,3,3.0,3,76212,M,,,76
200900061838,9,5,22,2150,1,2,1,1.0,7,76681,M,,,76
200900061839,9,5,29,340,5,2,1,1.0,7,76322,M,,,76
200900061840,9,5,19,1710,1,2,1,1.0,6,76217,M,,,76
200900061841,9,5,27,1020,1,2,1,1.0,7,76540,M,,,76
200900061842,9,5,14,1550,1,2,9,1.0,6,76349,M,,,76
200900061843,9,5,2,1745,1,2,1,1.0,2,76681,M,,,76
200900061844,9,5,29,1740,1,2,2,1.0,3,76540,M,,,76
200900061845,9,5,19,1315,1,2,1,1.0,6,76157,M,,,76
200900061846,9,5,14,1730,1,2,1,2.0,2,76540,M,,,76
200900061847,9,5,7,1830,1,2,1,1.0,6,76540,M,,,76
200900061848,9,5,28,1720,1,2,3,1.0,5,76217,M,,,76
200900061849,9,5,11,1940,1,2,1,7.0,6,76540,M,,,76
200900061850,9,5,30,1900,1,2,1,1.0,6,76319,M,,,76
200900061851,9,5,6,1955,1,2,1,1.0,6,76319,M,,,76
200900061852,9,5,14,1215,1,2,1,1.0,6,76498,M,,,76
200900061853,9,5,20,1500,1,2,1,1.0,7,76217,M,,,76
200900061854,9,5,1,1030,1,2,1,1.0,3,76217,M,,,76
200900061855,9,5,20,1745,1,1,1,9.0,3,76322,M,,,76
200900061856,9,5,22,1735,1,2,2,1.0,3,76217,M,,,76
200900061857,9,5,10,1640,1,2,1,1.0,6,76540,M,,,76
200900061858,9,5,5,1105,1,2,1,8.0,3,76540,M,,,76
200900061859,9,5,20,1650,1,2,1,1.0,6,76322,M,,,76
200900061860,9,5,28,2055,1,2,1,1.0,2,76217,M,,,76
200900061861,9,5,18,1135,1,2,1,1.0,5,76217,M,,,76
200900061862,9,5,19,1940,1,2,1,1.0,2,78015,M,4.0,0,78
200900061863,9,5,16,2320,3,1,1,1.0,6,78644,M,4.0,0,78
200900061864,9,6,9,1135,1,1,1,8.0,1,14582,M,4.0,0,14
200900061865,9,6,26,1637,1,1,1,1.0,2,14726,M,4.0,-,14
200900061866,9,12,2,1715,5,2,3,2.0,7,72181,M,,,72
200900061867,9,10,21,1938,1,2,1,2.0,6,87085,M,,,87
200900061868,9,11,24,1752,5,2,1,1.0,6,87085,M,,,87
200900061869,9,11,30,2005,5,2,2,1.0,6,87085,M,,,87
200900061870,9,6,30,1305,1,1,3,1.0,3,14069,M,4.0,0,14
200900061871,9,6,4,1620,1,2,1,1.0,6,76351,M,,,76
200900061872,9,6,3,1405,1,2,3,1.0,3,76351,M,,,76
200900061873,9,6,1,1915,1,2,1,1.0,6,76447,M,,,76
200900061874,9,6,12,130,5,2,1,1.0,6,76447,M,,,76
200900061875,9,6,7,2350,5,2,1,1.0,6,76351,M,,,76
200900061876,9,6,7,1325,1,2,1,1.0,2,76351,M,,,76
200900061877,9,6,11,2025,1,2,2,1.0,2,76351,M,,,76
200900061878,9,6,5,1020,1,2,3,1.0,6,76552,M,,,76
200900061879,9,6,10,2140,2,2,3,1.0,3,76351,M,,,76
200900061880,9,6,14,2050,1,1,1,1.0,7,76305,M,,,76
200900061881,9,6,1,15,5,2,1,1.0,6,76351,M,,,76
200900061882,9,6,6,240,5,2,2,1.0,3,76341,M,,,76
200900061883,9,6,17,1845,1,1,1,1.0,7,76290,M,0.0,0,76
200900061884,9,6,4,730,1,1,1,1.0,3,76591,M,0.0,0,76
200900061885,9,6,25,1200,1,1,1,1.0,1,76376,M,0.0,0,76
200900061886,9,6,13,900,1,1,1,1.0,3,76684,M,4.0,0,76
200900061887,9,6,24,1830,1,2,2,1.0,3,76749,M,4.0,0,76
200900061888,9,6,30,845,1,1,1,1.0,1,76529,M,0.0,0,76
200900061889,9,6,10,1730,1,1,1,1.0,7,76169,M,4.0,0,76
200900061890,9,6,17,1830,1,1,1,1.0,7,76248,M,0.0,0,76
200900061891,9,6,14,1015,2,1,1,1.0,6,76684,M,4.0,0,76
200900061892,9,6,5,500,2,1,1,1.0,6,76657,M,0.0,0,76
200900061893,9,6,7,2100,1,2,1,1.0,6,76100,M,0.0,0,76
200900061894,9,6,23,800,1,2,1,1.0,3,76659,M,4.0,0,76
200900061895,9,6,30,1130,1,2,1,1.0,6,76711,M,0.0,0,76
200900061896,9,6,24,815,1,1,1,1.0,1,76432,M,4.0,0,76
200900061897,9,6,25,630,1,1,1,1.0,6,76659,M,0.0,0,76
200900061898,9,6,10,1400,1,1,1,8.0,3,76638,M,0.0,0,76
200900061899,9,6,29,1945,1,1,1,1.0,1,76594,M,4.0,0,76
200900061900,9,6,2,30,5,2,1,1.0,6,76711,M,0.0,0,76
200900061901,9,6,21,1600,1,1,1,1.0,6,76614,M,0.0,0,76
200900061902,9,6,14,145,3,1,1,1.0,6,76454,M,0.0,0,76
200900061903,9,6,25,30,3,1,1,1.0,7,76755,M,4.0,0,76
200900061904,9,6,1,1430,1,1,1,1.0,6,76244,M,4.0,0,76
200900061905,9,6,25,1615,1,1,1,1.0,3,76533,M,0.0,0,76
200900061906,9,6,7,430,3,1,1,1.0,6,76228,M,4.0,0,76
200900061907,9,6,27,2330,3,1,1,1.0,7,76591,M,0.0,0,76
200900061908,9,6,29,1245,1,1,1,1.0,3,76120,M,0.0,0,76
200900061909,9,6,5,2200,2,1,1,1.0,6,76271,M,0.0,0,76
200900061910,9,6,30,1730,1,2,1,1.0,5,76101,M,4.0,0,76
200900061911,9,6,27,830,1,1,1,1.0,2,76010,M,0.0,0,76
200900061912,9,6,14,1230,1,1,1,1.0,6,76647,M,4.0,0,76
200900061913,9,6,5,1700,1,1,1,1.0,3,76271,M,0.0,0,76
200900061914,9,6,21,1545,1,1,1,1.0,7,76682,M,0.0,0,76
200900061915,9,6,19,1400,1,2,1,1.0,6,76351,M,,,76
200900061916,9,6,29,1745,1,2,2,1.0,1,76351,M,,,76
200900061917,9,6,16,2315,3,1,1,1.0,7,76481,M,,,76
200900061918,9,6,19,1120,1,2,3,1.0,3,76351,M,,,76
200900061919,9,6,16,1145,1,2,2,1.0,3,76231,M,,,76
200900061920,9,6,19,2240,5,2,2,1.0,3,76178,M,,,76
200900061921,9,6,25,925,1,2,3,1.0,6,76351,M,,,76
200900061922,9,6,26,1130,1,2,2,1.0,3,76351,M,,,76
200900061923,9,6,26,1800,1,2,2,1.0,3,76351,M,,,76
200900061924,9,6,18,40,5,2,6,1.0,7,76705,M,,,76
200900061925,9,6,24,1040,1,2,2,1.0,6,76351,M,,,76
200900061926,9,6,28,1150,1,2,1,1.0,6,76351,M,,,76
200900061927,9,6,27,115,5,2,2,1.0,6,76351,M,,,76
200900061928,9,6,23,2130,1,2,1,1.0,6,76351,M,,,76
200900061929,9,6,21,30,5,1,1,1.0,2,76351,M,,,76
200900061930,9,6,22,1300,1,2,1,1.0,7,76231,M,,,76
200900061931,9,6,17,2155,1,2,1,1.0,6,76351,M,,,76
200900061932,9,6,19,1520,1,2,6,1.0,3,76165,M,,,76
200900061933,9,6,28,1755,1,2,1,1.0,6,76351,M,,,76
200900061934,9,6,9,1320,1,2,1,1.0,6,76540,M,,,76
200900061935,9,6,3,1935,1,2,1,1.0,7,76681,M,,,76
200900061936,9,6,4,1211,1,2,9,1.0,3,76217,M,,,76
200900061937,9,6,5,1730,1,2,1,1.0,6,76498,M,,,76
200900061938,9,6,22,1900,1,2,3,1.0,3,76540,M,,,76
200900061939,9,6,24,1810,1,1,1,1.0,1,76026,M,,,76
200900061940,9,6,1,2025,1,1,1,1.0,7,76707,M,,,76
200900061941,9,6,4,1700,1,1,1,1.0,3,76429,M,,,76
200900061942,9,6,6,1725,1,2,2,1.0,3,76498,M,,,76