Num_Acc,an,mois,jour,hrmn,lum,agg,int,atm,col,com,gps,lat,long,dep
200900062330,9,11,25,1425,1,2,1,1.0,6,54526,M,,,54
200900062331,9,11,30,730,2,2,1,1.0,1,54395,M,,,54
200900062332,9,11,14,2225,3,1,1,2.0,1,54051,M,,,54
200900062333,9,11,5,1940,3,1,3,1.0,2,54253,M,,,54
200900062334,9,11,25,1021,1,2,1,1.0,7,54329,M,,,54
200900062335,9,11,21,2030,5,2,3,1.0,3,54395,M,,,54
200900062336,9,11,17,1915,5,2,2,2.0,3,54395,M,,,54
200900062337,9,11,13,1520,1,2,1,8.0,1,54323,M,,,54
200900062338,9,11,27,1834,5,2,1,2.0,6,54395,M,,,54
200900062339,9,11,23,1730,5,1,1,6.0,2,54547,M,,,54
200900062340,9,11,30,605,1,2,1,1.0,2,54395,M,,,54
200900062341,9,11,29,515,5,2,1,1.0,1,54547,M,,,54
200900062342,9,11,19,1610,1,2,1,1.0,6,54395,M,,,54
200900062343,9,11,27,1210,1,1,1,1.0,2,54165,M,,,54
200900062344,9,11,18,1640,1,2,1,1.0,2,54395,M,,,54
200900062345,9,11,22,20,5,2,2,1.0,3,54395,M,,,54
200900062346,9,11,27,1615,2,2,1,2.0,6,54547,M,,,54
200900062347,9,11,18,1720,1,2,3,1.0,4,54257,M,,,54
200900062348,9,11,26,1330,1,2,2,1.0,3,54357,M,,,54
200900062349,9,11,25,1450,1,2,2,1.0,6,54395,M,,,54
200900062350,9,11,30,840,1,2,3,1.0,6,54528,M,,,54
200900062351,9,11,18,1830,5,2,1,1.0,2,54395,M,,,54
200900062352,9,11,19,845,1,2,9,1.0,6,54328,M,,,54
200900062353,9,11,28,1745,5,2,3,2.0,6,54547,M,,,54
200900062354,9,11,22,1620,1,2,1,1.0,2,54395,M,,,54
200900062355,9,11,27,2125,5,2,1,2.0,6,54395,M,,,54
200900062356,9,11,9,1650,2,1,1,3.0,3,54304,M,4.0,0,54
200900062357,9,11,1,2000,5,1,1,3.0,5,54167,M,4.0,0,54
200900062358,9,11,28,1150,1,1,1,1.0,7,54571,M,4.0,0,54
200900062359,9,11,5,745,1,2,2,2.0,2,54395,M,,,54
200900062360,9,11,5,1915,5,2,1,1.0,2,54395,M,,,54
200900062361,9,11,4,2045,5,2,2,1.0,3,54395,M,,,54
200900062362,9,11,5,1705,2,2,2,1.0,2,54395,M,,,54
200900062363,9,11,7,1110,1,2,1,8.0,5,54547,M,,,54
200900062364,9,11,4,1620,1,2,2,2.0,3,54578,M,,,54
200900062365,9,11,5,1000,1,2,3,2.0,3,54395,M,,,54
200900062366,9,11,4,1730,2,2,2,2.0,3,54304,M,,,54
200900062367,9,11,9,825,1,2,1,2.0,4,54395,M,,,54
200900062368,9,11,6,1200,1,2,1,2.0,6,54395,M,,,54
200900062369,9,11,3,1830,5,2,1,2.0,7,54395,M,,,54
200900062370,9,11,19,855,1,2,9,1.0,7,54099,M,,,54
200900062371,9,11,5,1500,1,2,5,1.0,3,54528,M,,,54
200900062372,9,11,10,1010,1,2,4,1.0,2,54528,M,,,54
200900062373,9,12,23,2150,5,2,1,1.0,6,31483,M,,,31
200900062374,9,1,3,1220,1,2,2,1.0,6,92012,M,,,92
200900062375,9,1,10,1235,1,2,1,1.0,3,92035,M,,,92
200900062376,9,1,12,1030,1,2,6,1.0,3,92035,M,,,92
200900062377,9,1,15,1500,1,2,7,1.0,7,92035,M,,,92
200900062378,9,11,9,1300,1,2,1,1.0,3,20004,M,,,201
200900062379,9,1,23,2030,5,2,2,1.0,3,92051,M,,,92
200900062380,9,11,7,555,5,2,1,1.0,6,20004,M,0.0,0,201
200900062381,9,7,20,720,1,2,1,7.0,1,42218,M,4.0,0,42
200900062382,9,1,21,1220,1,2,1,1.0,3,31555,M,,,31
200900062383,9,1,21,1345,1,2,1,1.0,3,31555,M,,,31
200900062384,9,1,21,1345,1,2,1,1.0,3,31555,M,,,31
200900062385,9,11,15,1820,5,2,1,1.0,6,20004,M,,,201
200900062386,9,1,21,1840,5,2,1,1.0,6,31555,M,,,31
200900062387,9,1,28,2039,5,2,1,3.0,4,31149,M,,,31
200900062388,9,5,7,1035,1,1,3,1.0,2,78522,M,4.0,0,78
200900062389,9,1,23,2330,5,2,2,1.0,3,92012,M,,,92
200900062390,9,1,30,1430,1,2,1,1.0,3,92012,M,,,92
200900062391,9,3,1,815,1,2,1,1.0,3,92051,M,,,92
200900062392,9,3,17,1140,1,2,9,1.0,6,92035,M,,,92
200900062393,9,3,17,1300,1,2,3,1.0,3,92012,M,,,92
200900062394,9,3,19,1610,1,2,3,1.0,1,92035,M,,,92
200900062395,9,3,20,1325,1,2,7,1.0,3,92035,M,,,92
200900062396,9,3,21,2000,5,2,3,1.0,2,92035,M,,,92
200900062397,9,3,27,1110,1,2,9,1.0,3,92035,M,,,92
200900062398,9,2,4,1610,1,2,5,1.0,3,92035,M,,,92
200900062399,9,2,5,1240,1,2,4,2.0,2,92007,M,,,92
200900062400,9,2,13,1151,1,2,2,2.0,6,92002,M,,,92
200900062401,9,9,19,2240,5,2,1,1.0,6,92012,M,,,92
200900062402,9,2,23,130,5,2,1,1.0,6,92012,M,,,92
200900062403,9,2,24,1150,1,2,1,1.0,1,92012,M,,,92
200900062404,9,4,1,1445,1,2,2,1.0,3,92012,M,,,92
200900062405,9,4,3,905,1,2,2,1.0,3,92035,M,,,92
200900062406,9,4,5,2010,2,2,1,1.0,5,92012,M,,,92
200900062407,9,4,7,1015,1,2,4,1.0,6,92035,M,,,92
200900062408,9,4,7,1015,1,2,1,1.0,5,92012,M,,,92
200900062409,9,4,9,1800,1,2,1,1.0,6,92012,M,,,92
200900062410,9,4,10,1000,1,2,1,1.0,3,92012,M,,,92
200900062411,9,4,10,2005,1,2,6,1.0,3,92035,M,,,92
200900062412,9,4,11,235,5,2,6,1.0,6,92035,M,,,92
200900062413,9,4,14,1415,1,2,3,1.0,6,92035,M,,,92
200900062414,9,4,15,920,1,2,1,1.0,4,92012,M,,,92
200900062415,9,4,16,600,2,2,2,1.0,6,92012,M,,,92
200900062416,9,4,21,910,1,2,2,1.0,6,92012,M,,,92
200900062417,9,4,21,1955,2,2,1,1.0,7,92035,M,,,92
200900062418,9,4,22,1635,1,2,3,1.0,6,92035,M,,,92
200900062419,9,4,26,1855,2,2,2,1.0,6,92012,M,,,92
200900062420,9,4,27,1245,1,2,2,1.0,3,92012,M,,,92
200900062421,9,4,29,1630,1,2,2,1.0,6,92012,M,,,92
200900062422,9,5,1,1540,1,2,2,1.0,3,92012,M,,,92
200900062423,9,5,1,1735,1,2,1,1.0,6,92012,M,,,92
200900062424,9,5,5,1745,1,2,1,1.0,6,92012,M,,,92
200900062425,9,5,12,1255,1,2,2,1.0,6,92012,M,,,92
200900062426,9,5,14,2025,1,2,5,1.0,3,92035,M,,,92
200900062427,9,5,18,1630,1,2,1,1.0,6,92012,M,,,92
200900062428,9,5,19,850,1,2,1,1.0,6,92012,M,,,92
200900062429,9,5,20,1700,1,2,1,1.0,2,92012,M,,,92
200900062430,9,5,26,820,1,2,1,1.0,5,92012,M,,,92
200900062431,9,5,26,903,1,2,2,1.0,3,92012,M,,,92
200900062432,9,5,26,2125,2,2,1,1.0,1,92012,M,,,92
200900062433,9,5,27,1515,1,2,1,1.0,6,92012,M,,,92
200900062434,9,5,28,1115,1,2,2,1.0,3,92012,M,,,92
200900062435,9,5,28,1240,1,2,1,2.0,3,92051,M,,,92
200900062436,9,5,28,2220,5,2,1,1.0,3,92051,M,,,92
200900062437,9,5,31,1510,1,2,1,1.0,5,92051,M,,,92
200900062438,9,6,3,920,1,2,1,1.0,4,92012,M,,,92
200900062439,9,6,4,1220,1,2,3,1.0,3,92012,M,,,92
200900062440,9,6,4,1810,1,2,1,1.0,6,92051,M,,,92
200900062441,9,6,5,1200,1,2,3,1.0,3,92012,M,,,92
200900062442,9,6,5,1904,1,2,1,1.0,6,92012,M,,,92
200900062443,9,6,5,2045,1,2,2,1.0,6,92012,M,,,92
200900062444,9,6,8,1340,1,2,1,2.0,3,92035,M,,,92
200900062445,9,6,12,1341,1,2,1,1.0,2,92051,M,,,92
200900062446,9,6,14,835,1,2,1,1.0,6,92012,M,,,92
200900062447,9,6,15,915,1,2,1,1.0,3,92012,M,,,92
200900062448,9,6,15,930,1,2,1,1.0,6,92012,M,,,92
200900062449,9,6,16,730,1,2,1,1.0,3,92051,M,,,92
200900062450,9,6,16,1210,1,2,2,1.0,6,92012,M,,,92
200900062451,9,6,16,2210,5,2,2,1.0,2,92048,M,,,92
200900062452,9,6,18,925,1,2,1,1.0,6,92012,M,,,92
200900062453,9,6,18,1605,1,2,1,1.0,6,92012,M,,,92
200900062454,9,6,18,1915,1,2,3,1.0,3,92012,M,,,92
200900062455,9,6,19,1500,1,2,1,1.0,3,92051,M,,,92
200900062456,9,6,19,1535,1,2,1,1.0,5,92012,M,,,92
200900062457,9,6,19,1825,1,2,2,1.0,6,92048,M,,,92
200900062458,9,2,7,900,1,2,1,2.0,3,31555,M,,,31
200900062459,9,6,19,2012,1,2,1,1.0,3,92051,M,,,92
200900062460,9,6,21,1435,1,2,1,1.0,6,92012,M,,,92
200900062461,9,6,22,935,1,2,1,1.0,3,92012,M,,,92
200900062462,9,6,22,1610,1,2,2,1.0,3,92051,M,,,92
200900062463,9,6,22,1740,1,2,1,1.0,6,92051,M,,,92
200900062464,9,6,24,530,5,2,3,1.0,2,92026,M,,,92
200900062465,9,6,24,1510,1,2,1,1.0,3,92051,M,,,92
200900062466,9,6,24,1805,1,2,1,1.0,3,92035,M,,,92
200900062467,9,6,24,1935,2,2,1,1.0,2,92012,M,,,92
200900062468,9,6,25,1935,1,2,1,3.0,3,92051,M,,,92
200900062469,9,6,26,1850,1,2,1,1.0,3,92012,M,,,92
200900062470,9,6,26,1920,1,2,1,1.0,6,92012,M,,,92
200900062471,9,6,30,1515,1,2,9,1.0,3,92051,M,,,92
200900062472,9,7,1,2200,5,2,1,9.0,6,92012,M,,,92
200900062473,9,7,2,630,1,2,2,1.0,3,92012,M,,,92
200900062474,9,7,2,1230,1,2,1,1.0,6,92012,M,,,92
200900062475,9,7,5,440,5,2,3,1.0,2,92035,M,,,92
200900062476,9,7,7,1815,1,1,2,1.0,3,92048,M,,,92
200900062477,9,7,8,1840,1,2,1,1.0,6,92012,M,,,92
200900062478,9,7,10,1315,1,2,2,1.0,6,92012,M,,,92
200900062479,9,7,10,1520,1,2,1,1.0,2,92012,M,,,92
200900062480,9,7,10,2010,2,2,1,1.0,3,92012,M,,,92
200900062481,9,7,15,1535,1,2,2,1.0,2,92012,M,,,92
200900062482,9,7,16,2245,5,2,2,3.0,3,92012,M,,,92
200900062483,9,7,18,1955,1,2,2,2.0,6,92012,M,,,92
200900062484,9,7,20,950,1,2,2,1.0,6,92012,M,,,92
200900062485,9,7,20,1020,1,2,1,1.0,6,92051,M,,,92
200900062486,9,7,24,1010,1,2,1,1.0,3,92063,M,,,92
200900062487,9,7,27,1245,1,2,2,3.0,3,92051,M,,,92
200900062488,9,7,29,925,1,2,1,1.0,3,92012,M,,,92
200900062489,9,7,30,1055,1,2,2,1.0,3,92012,M,,,92
200900062490,9,7,31,140,5,2,1,1.0,3,92012,M,,,92
200900062491,9,8,1,2300,5,2,1,1.0,6,92032,M,,,92
200900062492,9,8,2,1650,1,2,2,1.0,3,92051,M,,,92
200900062493,9,8,5,1720,1,2,4,1.0,6,92035,M,,,92
200900062494,9,8,15,845,1,2,2,1.0,3,92051,M,,,92
200900062495,9,8,17,1855,1,2,1,1.0,3,92012,M,,,92
200900062496,9,8,18,815,1,2,1,1.0,3,92012,M,,,92
200900062497,9,8,19,925,1,2,1,1.0,6,92012,M,,,92
200900062498,9,8,19,1640,1,2,2,1.0,2,92035,M,,,92
200900062499,9,8,19,1858,1,2,1,1.0,2,92012,M,,,92
200900062500,9,8,21,1410,1,2,2,1.0,3,92012,M,,,92
200900062501,9,8,25,1000,1,2,2,1.0,6,92012,M,,,92
200900062502,9,8,27,1410,1,2,1,1.0,3,92051,M,,,92
200900062503,9,8,27,1745,1,2,3,1.0,3,92012,M,,,92
200900062504,9,8,27,1750,1,2,1,1.0,6,92012,M,,,92
200900062505,9,8,28,810,1,2,1,1.0,3,92051,M,,,92
200900062506,9,8,29,1620,1,2,1,1.0,6,92012,M,,,92
200900062507,9,8,30,1910,1,2,2,1.0,6,92024,M,,,92
200900062508,9,8,31,1305,1,2,1,1.0,2,92024,M,,,92
200900062509,9,9,1,1510,1,2,2,2.0,2,92012,M,,,92
200900062510,9,9,1,1630,1,2,1,1.0,6,92012,M,,,92
200900062511,9,9,3,1650,1,2,1,1.0,6,92051,M,,,92
200900062512,9,9,3,1805,1,2,1,1.0,3,92051,M,,,92
200900062513,9,9,5,910,1,2,1,1.0,2,92051,M,,,92
200900062514,9,9,5,1435,1,2,2,9.0,3,92012,M,,,92
200900062515,9,9,7,1810,1,2,1,1.0,6,92051,M,,,92
200900062516,9,9,8,915,1,2,9,1.0,3,92012,M,,,92
200900062517,9,9,9,1955,2,2,2,1.0,3,92012,M,,,92
200900062518,9,9,10,1615,1,2,1,1.0,6,92012,M,,,92
200900062519,9,9,10,1950,1,2,5,1.0,2,92035,M,,,92
200900062520,9,9,14,1130,1,2,1,1.0,3,92012,M,,,92
200900062521,9,9,15,1305,1,2,1,1.0,6,92012,M,,,92
200900062522,9,9,15,1920,2,2,1,1.0,6,92012,M,,,92
200900062523,9,9,16,1335,1,2,2,1.0,5,92012,M,,,92
200900062524,9,9,17,1705,1,2,1,1.0,6,92012,M,,,92
200900062525,9,9,19,1555,1,2,1,1.0,6,92035,M,,,92
200900062526,9,9,20,1110,1,2,6,1.0,3,92007,M,,,92
200900062527,9,9,20,1235,1,2,1,1.0,6,92051,M,,,92
200900062528,9,9,20,2110,5,2,2,1.0,6,92012,M,,,92
200900062529,9,9,21,1825,1,2,1,1.0,6,92012,M,,,92
200900062530,9,9,22,1105,1,2,1,1.0,7,92051,M,,,92
200900062531,9,9,23,2100,5,2,1,1.0,6,92012,M,,,92
200900062532,9,9,25,755,1,2,4,1.0,3,92035,M,,,92
200900062533,9,9,25,1635,1,2,4,1.0,6,92035,M,,,92
200900062534,9,9,25,1650,1,2,1,1.0,1,92012,M,,,92
200900062535,9,9,27,1110,1,2,1,1.0,3,92051,M,,,92
200900062536,9,9,27,1810,1,2,1,1.0,3,92051,M,,,92
200900062537,9,9,27,2020,5,2,2,1.0,3,92007,M,,,92
200900062538,9,9,28,1015,1,2,1,1.0,6,92012,M,,,92
200900062539,9,9,29,945,1,2,3,1.0,3,92007,M,,,92
200900062540,9,9,29,1145,1,2,2,1.0,5,92007,M,,,92
200900062541,9,9,30,730,2,2,2,1.0,3,92012,M,,,92
200900062542,9,10,1,100,5,2,1,1.0,3,92051,M,,,92
200900062543,9,10,1,1055,1,2,1,1.0,6,92012,M,,,92
200900062544,9,10,1,1350,1,2,1,1.0,2,92007,M,,,92
200900062545,9,10,2,825,2,2,2,1.0,6,92035,M,,,92
200900062546,9,10,2,1655,1,2,1,1.0,2,92012,M,,,92
200900062547,9,10,2,1755,1,2,1,1.0,6,92051,M,,,92
200900062548,9,10,5,948,1,2,1,2.0,7,92051,M,,,92
200900062549,9,10,5,1420,1,2,1,1.0,6,92012,M,,,92
200900062550,9,10,6,1435,1,2,6,1.0,3,92007,M,,,92
200900062551,9,10,7,900,1,2,1,1.0,3,92035,M,,,92
200900062552,9,10,7,1700,1,2,9,9.0,3,92012,M,,,92
200900062553,9,10,9,700,2,2,2,1.0,6,92012,M,,,92
200900062554,9,10,9,815,1,2,2,9.0,6,92012,M,,,92
200900062555,9,10,9,2040,5,2,1,1.0,1,92051,M,,,92
200900062556,9,10,11,1805,1,2,2,1.0,6,92007,M,,,92
200900062557,9,10,12,2005,5,2,1,1.0,6,92012,M,,,92
200900062558,9,10,13,2235,5,2,9,1.0,2,92012,M,,,92
200900062559,9,10,16,1110,1,2,1,1.0,3,92007,M,,,92
200900062560,9,10,16,2013,4,2,1,1.0,2,92012,M,,,92
200900062561,9,10,17,1150,1,2,1,1.0,5,92035,M,,,92
200900062562,9,10,19,115,5,2,3,1.0,3,92035,M,,,92
200900062563,9,10,19,1540,1,2,5,1.0,6,92035,M,,,92
200900062564,9,10,20,900,1,2,2,1.0,3,92012,M,,,92
200900062565,9,10,20,2300,5,2,2,1.0,6,92051,M,,,92
200900062566,9,10,21,1400,1,2,1,1.0,6,92007,M,,,92
200900062567,9,10,21,1440,1,2,1,2.0,3,92051,M,,,92
200900062568,9,10,21,2000,4,2,1,1.0,1,92012,M,,,92
200900062569,9,10,21,2202,5,2,1,2.0,6,92051,M,,,92
200900062570,9,10,22,1605,1,2,2,1.0,3,92012,M,,,92
200900062571,9,10,23,1815,1,2,1,1.0,6,92007,M,,,92
200900062572,9,10,24,730,5,2,1,2.0,6,92051,M,,,92
200900062573,9,10,28,1655,2,2,1,1.0,6,92012,M,,,92
200900062574,9,10,29,720,1,2,2,1.0,3,92007,M,,,92
200900062575,9,10,29,1410,1,2,1,1.0,2,92012,M,,,92
200900062576,9,10,31,10,5,2,1,1.0,3,92007,M,,,92
200900062577,9,10,31,1800,5,2,1,1.0,6,92051,M,,,92
200900062578,9,10,31,2050,5,2,1,1.0,4,92012,M,,,92
200900062579,9,10,31,2110,5,2,1,1.0,2,92012,M,,,92
200900062580,9,12,10,1412,1,2,3,1.0,6,45068,M,4.0,0,45
200900062581,9,12,4,1925,3,1,1,1.0,2,45338,M,4.0,0,45
200900062582,9,12,15,820,2,2,1,8.0,6,45208,M,4.0,0,45
200900062583,9,12,17,1145,1,2,1,4.0,1,45068,M,4.0,0,45
200900062584,9,12,24,1524,1,2,1,1.0,6,45208,M,4.0,0,45
200900062585,9,12,13,550,3,2,1,1.0,6,45004,M,4.0,0,45
200900062586,9,12,29,1515,1,2,2,1.0,3,45144,M,4.0,0,45
200900062587,9,12,4,845,3,2,1,1.0,2,45127,M,0.0,0,45
200900062588,9,12,1,645,3,1,1,1.0,6,45146,M,0.0,0,45
200900062589,9,12,1,2000,3,1,1,8.0,1,45059,M,4.0,0,45
200900062590,9,12,2,800,2,1,1,2.0,6,45291,M,0.0,0,45
200900062591,9,12,3,1815,1,1,1,2.0,3,45187,M,0.0,0,45
200900062592,9,12,9,1745,5,1,1,1.0,3,45040,M,4.0,0,45
200900062593,9,12,10,2045,3,1,2,1.0,6,45260,M,0.0,0,45
200900062594,9,12,17,1915,3,1,8,4.0,1,45148,M,4.0,0,45
200900062595,9,12,3,1345,1,1,1,1.0,6,45165,M,4.0,0,45
200900062596,9,12,6,1715,3,1,1,1.0,5,45028,M,4.0,0,45
200900062597,9,12,10,1515,1,1,1,1.0,6,45328,M,0.0,0,45
200900062598,9,12,21,1200,1,1,1,9.0,1,45213,M,0.0,0,45
200900062599,9,12,10,1615,1,2,1,1.0,3,45297,M,4.0,0,45
200900062600,9,12,31,1300,1,2,1,8.0,1,45089,M,4.0,0,45
200900062601,9,12,5,2215,5,2,1,8.0,6,45167,M,4.0,0,45
200900062602,9,12,21,1515,1,2,2,2.0,3,45028,M,4.0,0,45
200900062603,9,12,21,930,1,1,1,4.0,6,45019,M,0.0,0,45
200900062604,9,12,9,750,2,2,1,2.0,3,45208,M,4.0,0,45
200900062605,9,12,3,1755,5,2,1,2.0,2,45004,M,4.0,0,45
200900062606,9,12,27,1410,1,2,1,1.0,6,45208,M,4.0,0,45
200900062607,9,12,24,900,3,1,1,5.0,2,45154,M,0.0,0,45
200900062608,9,12,21,1745,1,2,1,1.0,6,45284,M,4.0,0,45
200900062609,9,12,7,755,2,2,1,1.0,2,45234,M,4.0,0,45
200900062610,9,12,24,1840,1,2,2,1.0,3,45147,M,4.0,0,45
200900062611,9,12,5,25,3,2,1,9.0,6,45089,M,4.0,0,45
200900062612,9,12,1,1040,1,2,1,1.0,6,45234,M,4.0,0,45
200900062613,9,12,3,2000,5,2,2,1.0,3,45234,M,4.0,0,45
200900062614,9,12,5,1230,1,2,2,1.0,3,45284,M,4.0,0,45
200900062615,9,12,5,1850,2,2,3,1.0,3,45286,M,4.0,0,45
200900062616,9,12,7,1210,1,2,1,2.0,2,45232,M,4.0,0,45
200900062617,9,12,27,304,5,1,1,2.0,6,45147,M,4.0,0,45
200900062618,9,12,9,1820,5,2,1,1.0,4,45286,M,4.0,0,45
200900062619,9,12,10,1915,5,2,1,1.0,6,45234,M,4.0,0,45
200900062620,9,12,11,800,2,2,1,1.0,6,45232,M,4.0,0,45
200900062621,9,12,12,900,1,2,2,1.0,3,45234,M,4.0,0,45
200900062622,9,12,13,650,1,2,1,1.0,1,45286,M,4.0,0,45
200900062623,9,12,17,810,2,2,1,1.0,2,45169,M,4.0,0,45
200900062624,9,12,18,1545,1,1,1,1.0,5,45286,M,4.0,0,45
200900062625,9,12,26,810,2,2,2,1.0,6,45234,M,4.0,0,45
200900062626,9,12,30,1150,1,2,1,1.0,2,45232,M,4.0,0,45
200900062627,9,12,27,115,5,2,3,1.0,6,45075,M,4.0,0,45
200900062628,9,12,8,825,1,2,1,1.0,7,45302,M,4.0,0,45
200900062629,9,12,7,1025,1,2,3,1.0,2,45284,M,4.0,0,45
200900062630,9,12,30,830,1,2,1,1.0,6,45286,M,4.0,0,45
200900062631,9,12,3,1355,1,2,3,1.0,3,45234,M,4.0,0,45
200900062632,9,4,28,2015,5,2,1,1.0,2,91174,M,,,91
200900062633,9,8,20,1815,1,2,1,1.0,6,95277,M,4.0,0,95
200900062634,9,6,17,1000,1,2,1,1.0,6,91174,M,,,91
200900062635,9,6,25,1200,1,2,1,1.0,3,91174,M,,,91
200900062636,9,6,25,1215,1,2,1,1.0,3,91174,M,,,91
200900062637,9,7,13,2330,3,2,1,1.0,6,91174,M,,,91
200900062638,9,8,9,2115,1,1,1,1.0,4,77506,M,4.0,0,77
200900062639,9,6,21,1705,1,2,1,1.0,1,77463,M,,,77
200900062640,9,7,28,2015,1,1,1,1.0,2,78513,M,4.0,0,78
200900062641,9,7,2,1530,1,1,1,1.0,5,78564,M,0.0,0,78
200900062642,9,7,20,1830,1,1,1,1.0,6,78003,M,4.0,0,78
200900062643,9,7,7,1400,1,2,1,3.0,3,78048,M,4.0,0,78
200900062644,9,7,27,930,1,1,1,1.0,1,78104,M,4.0,0,78
200900062645,9,7,24,1345,1,1,2,1.0,2,78050,M,4.0,0,78
200900062646,9,7,16,300,3,1,1,1.0,7,78072,M,4.0,0,78
200900062647,9,7,19,1530,1,1,1,1.0,2,78537,M,0.0,0,78
200900062648,9,7,15,2130,1,2,1,1.0,1,78420,M,4.0,0,78
200900062649,9,7,21,1500,1,1,1,1.0,7,78407,M,4.0,0,78
200900062650,9,7,10,645,1,1,1,1.0,6,78062,M,4.0,0,78
200900062651,9,7,25,1745,1,1,1,1.0,7,78520,M,4.0,0,78
200900062652,9,7,11,600,1,1,1,1.0,6,78089,M,4.0,0,78
200900062653,9,7,5,1730,3,1,1,1.0,4,78601,M,4.0,0,78
200900062654,9,7,2,1245,1,1,1,1.0,6,78564,M,4.0,0,78
200900062655,9,7,3,2025,1,2,2,1.0,3,78092,M,4.0,0,78
200900062656,9,7,14,2040,1,2,1,1.0,6,78362,M,4.0,0,78
200900062657,9,7,7,1900,1,2,1,2.0,3,78490,M,4.0,0,78
200900062658,9,7,1,1725,1,2,1,1.0,3,78311,M,4.0,0,78
200900062659,9,7,2,940,1,2,3,7.0,3,78490,M,4.0,0,78
200900062660,9,7,2,1125,1,2,6,1.0,3,78490,M,4.0,0,78
200900062661,9,7,2,55,5,1,1,1.0,6,78624,M,4.0,0,78
200900062662,9,7,15,1630,1,2,3,1.0,6,78361,M,4.0,0,78
200900062663,9,7,4,1100,1,2,1,1.0,5,78490,M,4.0,0,78
200900062664,9,7,25,1925,1,2,3,1.0,6,78440,M,4.0,0,78
200900062665,9,7,6,1220,1,2,1,1.0,6,78299,M,,,78
200900062666,9,7,18,1700,1,1,1,1.0,6,78242,M,4.0,0,78
200900062667,9,7,25,130,5,2,2,1.0,3,78486,M,4.0,0,78
200900062668,9,7,18,2355,5,2,3,1.0,3,78361,M,4.0,0,78
200900062669,9,7,16,1125,1,2,2,1.0,6,78073,M,4.0,0,78
200900062670,9,7,19,115,3,2,1,1.0,6,78362,M,4.0,0,78
200900062671,9,7,23,1545,1,2,2,1.0,3,78362,M,4.0,0,78
200900062672,9,7,3,1300,1,2,1,1.0,6,78073,M,4.0,0,78
200900062673,9,7,19,1845,1,1,6,1.0,3,78674,M,4.0,0,78
200900062674,9,7,7,1700,1,2,3,1.0,3,78586,M,4.0,0,78
200900062675,9,7,29,2130,1,2,1,1.0,3,78643,M,4.0,0,78
200900062676,9,7,21,655,2,1,1,1.0,6,78486,M,4.0,0,78
200900062677,9,7,10,830,1,1,4,1.0,6,78640,M,4.0,0,78
200900062678,9,7,15,115,5,2,2,1.0,3,78646,M,4.0,0,78
200900062679,9,7,23,1450,1,2,2,1.0,4,78646,M,4.0,0,78
200900062680,9,7,25,1310,1,2,1,1.0,6,78646,M,4.0,0,78
200900062681,9,7,14,1700,1,1,1,1.0,1,78646,M,4.0,0,78
200900062682,9,7,14,1655,1,2,1,1.0,6,78646,M,4.0,0,78
200900062683,9,7,23,1350,1,2,2,1.0,6,78646,M,4.0,0,78
200900062684,9,7,19,1700,1,1,1,1.0,6,78571,M,4.0,0,78
200900062685,9,7,2,1915,1,1,1,1.0,2,78490,M,4.0,0,78
200900062686,9,7,16,1400,1,1,1,1.0,6,78140,M,4.0,0,78
200900062687,9,7,8,800,1,1,1,1.0,2,78524,M,4.0,0,78
200900062688,9,7,28,2000,1,1,1,1.0,6,78571,M,4.0,0,78
200900062689,9,7,23,2030,1,1,1,3.0,3,78646,M,4.0,0,78
200900062690,9,7,2,725,1,1,1,1.0,3,78208,M,4.0,0,78
200900062691,9,7,4,1730,1,1,1,1.0,6,78466,M,4.0,0,78
200900062692,9,7,17,845,1,1,1,1.0,4,78490,M,4.0,0,78
200900062693,9,7,12,2050,1,1,1,1.0,6,78402,M,4.0,0,78
200900062694,9,7,30,2325,5,1,1,1.0,2,78640,M,4.0,0,78
200900062695,9,7,14,955,1,1,1,1.0,2,78238,M,4.0,0,78
200900062696,9,7,5,730,2,1,1,1.0,6,78423,M,4.0,0,78
200900062697,9,7,8,745,1,1,1,2.0,5,78646,M,4.0,0,78
200900062698,9,7,14,740,1,1,1,1.0,2,78029,M,4.0,0,78
200900062699,9,7,31,1210,1,1,1,1.0,6,78646,M,4.0,0,78
200900062700,9,7,23,250,5,1,1,2.0,6,78217,M,4.0,0,78
200900062701,9,7,7,1648,1,1,1,1.0,6,78090,M,4.0,0,78
200900062702,9,7,30,1730,1,1,1,1.0,2,78043,M,4.0,0,78
200900062703,9,7,25,1707,1,1,1,1.0,6,78524,M,4.0,0,78
200900062704,9,7,2,1815,1,1,1,1.0,2,78073,M,4.0,0,78
200900062705,9,7,18,2200,3,1,1,2.0,6,78362,M,4.0,0,78
200900062706,9,7,28,1430,1,1,1,1.0,6,78206,M,4.0,0,78
200900062707,9,7,30,1500,1,1,1,1.0,7,78571,M,4.0,0,78
200900062708,9,7,22,1700,1,1,1,8.0,3,78043,M,4.0,0,78
200900062709,9,7,21,740,1,1,1,1.0,2,78090,M,4.0,0,78
200900062710,9,7,12,840,1,1,1,8.0,2,78466,M,4.0,0,78
200900062711,9,7,26,2000,3,1,1,1.0,7,78466,M,4.0,0,78
200900062712,9,7,24,1130,1,1,1,1.0,7,78217,M,4.0,0,78
200900062713,9,7,28,1820,1,1,1,1.0,6,78291,M,4.0,0,78