Num_Acc,an,mois,jour,hrmn,lum,agg,int,atm,col,com,gps,lat,long,dep
200900062714,9,7,19,1740,1,2,6,1.0,3,78621,M,4.0,0,78
200900062715,9,7,9,2015,1,2,3,1.0,2,78440,M,4.0,0,78
200900062716,9,7,5,2035,2,2,1,1.0,6,78440,M,4.0,0,78
200900062717,9,7,31,1610,1,1,2,1.0,2,78350,M,4.0,0,78
200900062718,9,7,5,655,1,1,1,1.0,6,78621,M,4.0,0,78
200900062719,9,7,16,920,1,1,1,1.0,6,78621,M,4.0,0,78
200900062720,9,7,17,2015,2,2,1,1.0,1,78172,M,4.0,0,78
200900062721,9,7,8,1500,1,2,1,1.0,6,78172,M,4.0,0,78
200900062722,9,8,21,1510,1,1,1,1.0,3,78242,M,,,78
200900062723,9,8,11,1805,1,1,1,1.0,4,78362,M,,,78
200900062724,9,8,14,1520,1,1,1,1.0,7,78362,M,,,78
200900062725,9,8,5,1500,1,1,1,1.0,2,78640,M,,,78
200900062726,9,8,28,1123,1,1,1,1.0,3,78466,M,,,78
200900062727,9,8,10,1430,1,1,1,1.0,6,78490,M,,,78
200900062728,9,8,28,1250,1,1,1,1.0,5,78029,M,,,78
200900062729,9,8,10,940,1,1,1,1.0,5,78090,M,,,78
200900062730,9,8,4,1100,1,1,1,1.0,3,78466,M,,,78
200900062731,9,8,31,747,1,1,1,1.0,2,78402,M,,,78
200900062732,9,8,1,1203,1,1,1,1.0,7,78238,M,,,78
200900062733,9,8,27,915,1,1,1,1.0,3,78043,M,,,78
200900062734,9,8,30,1255,1,1,1,1.0,3,78291,M,,,78
200900062735,9,8,28,2010,1,1,1,1.0,3,78043,M,,,78
200900062736,9,8,5,1445,1,1,1,1.0,7,78640,M,,,78
200900062737,9,8,20,1146,1,1,1,1.0,2,78043,M,,,78
200900062738,9,8,31,1910,1,1,1,1.0,3,78646,M,,,78
200900062739,9,8,11,630,1,1,1,1.0,3,78217,M,,,78
200900062740,9,8,21,1900,1,1,1,1.0,3,78455,M,,,78
200900062741,9,8,1,615,1,1,1,1.0,2,78206,M,,,78
200900062742,9,8,7,110,3,1,1,1.0,6,78646,M,,,78
200900062743,9,8,29,1939,1,1,1,1.0,7,78545,M,,,78
200900062744,9,8,8,2120,1,1,1,1.0,6,78291,M,,,78
200900062745,9,8,24,1640,1,2,1,3.0,6,78401,M,4.0,0,78
200900062746,9,8,28,1230,1,2,1,1.0,6,78299,M,4.0,0,78
200900062747,9,8,6,1100,1,2,7,1.0,6,78517,M,4.0,0,78
200900062748,9,8,1,2325,5,2,1,3.0,6,78361,M,4.0,0,78
200900062749,9,8,12,1710,1,2,6,1.0,6,78498,M,4.0,0,78
200900062750,9,8,4,1025,1,2,2,1.0,6,78498,M,4.0,0,78
200900062751,9,8,9,2200,5,2,1,1.0,6,78672,M,4.0,0,78
200900062752,9,8,11,1200,1,2,1,2.0,3,78517,M,4.0,0,78
200900062753,9,8,5,1,5,2,1,1.0,6,78089,M,4.0,0,78
200900062754,9,8,2,1530,1,1,2,1.0,3,78090,M,4.0,0,78
200900062755,9,8,15,2345,3,1,1,1.0,6,78531,M,4.0,0,78
200900062756,9,8,14,700,1,1,1,1.0,1,78616,M,4.0,0,78
200900062757,9,8,13,2230,3,1,1,1.0,6,78601,M,4.0,0,78
200900062758,9,8,1,1815,1,1,1,1.0,6,78003,M,0.0,0,78
200900062759,9,8,9,630,2,1,1,1.0,7,78497,M,4.0,0,78
200900062760,9,8,22,145,5,2,1,1.0,7,78443,M,4.0,0,78
200900062761,9,8,6,2215,3,1,1,1.0,6,78536,M,4.0,0,78
200900062762,9,8,23,1600,1,1,1,1.0,3,78310,M,4.0,0,78
200900062763,9,8,26,200,3,1,1,1.0,6,78497,M,4.0,0,78
200900062764,9,8,30,1900,1,2,1,1.0,3,78310,M,4.0,0,78
200900062765,9,8,17,1145,1,2,1,1.0,6,78597,M,4.0,0,78
200900062766,9,8,21,745,1,2,3,1.0,3,78646,M,4.0,0,78
200900062767,9,8,25,1035,1,2,2,1.0,3,78646,M,4.0,0,78
200900062768,9,8,23,1000,1,2,6,1.0,3,78117,M,4.0,0,78
200900062769,9,8,14,240,5,2,1,1.0,6,78646,M,4.0,0,78
200900062770,9,8,24,930,1,2,1,1.0,6,78158,M,4.0,0,78
200900062771,9,8,29,2135,5,2,3,1.0,6,78646,M,4.0,0,78
200900062772,9,8,7,1210,1,2,3,1.0,3,78646,M,4.0,0,78
200900062773,9,8,31,915,1,2,2,1.0,3,78498,M,4.0,0,78
200900062774,9,8,31,1425,1,1,1,1.0,7,78242,M,4.0,0,78
200900062775,9,8,19,2200,5,2,2,1.0,3,78123,M,4.0,0,78
200900062776,9,8,28,1630,1,2,1,1.0,6,78498,M,4.0,0,78
200900062777,9,8,27,1820,1,2,3,1.0,1,78311,M,4.0,0,78
200900062778,9,8,6,1724,1,2,1,1.0,6,78165,M,4.0,0,78
200900062779,9,8,31,1820,1,2,6,1.0,2,78490,M,4.0,0,78
200900062780,9,8,25,830,1,2,1,1.0,5,78126,M,4.0,0,78
200900062781,9,8,22,1220,1,2,3,1.0,1,78643,M,4.0,0,78
200900062782,9,8,30,1730,1,2,1,1.0,7,78643,M,4.0,0,78
200900062783,9,8,31,1240,1,2,2,7.0,2,78498,M,4.0,0,78
200900062784,9,8,22,1200,1,2,2,1.0,6,78092,M,4.0,0,78
200900062785,9,8,21,2030,2,2,3,1.0,3,78123,M,4.0,0,78
200900062786,9,8,28,2030,2,1,1,1.0,7,78643,M,,,78
200900062787,9,8,25,1830,1,2,1,1.0,6,78545,M,4.0,0,78
200900062788,9,8,12,1338,1,2,2,1.0,3,78242,M,4.0,0,78
200900062789,9,8,1,2020,1,2,2,1.0,2,78490,M,4.0,0,78
200900062790,9,8,27,1635,1,2,1,1.0,3,78361,M,4.0,0,78
200900062791,9,8,30,240,5,2,1,1.0,2,78362,M,4.0,0,78
200900062792,9,8,26,1730,1,1,1,1.0,6,78073,M,4.0,0,78
200900062793,9,8,30,1210,1,2,1,1.0,1,78674,M,4.0,0,78
200900062794,9,8,30,2000,1,2,1,1.0,7,78674,M,4.0,0,78
200900062795,9,8,31,835,1,2,2,1.0,6,78621,M,4.0,0,78
200900062796,9,8,14,2250,5,2,3,1.0,3,78586,M,4.0,0,78
200900062797,9,8,10,1045,1,2,1,1.0,1,78586,M,4.0,0,78
200900062798,9,8,1,1350,1,2,2,1.0,3,78401,M,,,78
200900062799,9,8,5,740,2,2,6,1.0,6,78015,M,4.0,0,78
200900062800,9,8,31,1800,1,1,4,1.0,2,78005,M,4.0,0,78
200900062801,9,9,21,1350,1,2,6,1.0,4,78029,M,4.0,0,78
200900062802,9,9,29,1740,1,1,1,1.0,2,78217,M,,,78
200900062803,9,9,10,2000,3,1,1,1.0,7,78208,M,,,78
200900062804,9,9,18,442,3,1,1,1.0,2,78090,M,,,78
200900062805,9,9,10,1313,1,1,1,1.0,6,78402,M,,,78
200900062806,9,9,28,930,1,1,1,1.0,4,78640,M,,,78
200900062807,9,9,29,1115,1,1,1,1.0,7,78208,M,,,78
200900062808,9,9,16,2010,3,1,1,1.0,3,78455,M,,,78
200900062809,9,9,3,850,1,1,1,1.0,2,78640,M,,,78
200900062810,9,9,24,759,2,1,1,1.0,3,78297,M,,,78
200900062811,9,9,20,1930,2,1,1,1.0,2,78402,M,,,78
200900062812,9,9,29,1055,1,1,1,1.0,6,78133,M,,,78
200900062813,9,9,19,2220,3,1,1,1.0,3,78217,M,,,78
200900062814,9,9,2,1440,1,1,1,1.0,4,78640,M,,,78
200900062815,9,9,4,1330,1,1,1,8.0,3,78297,M,,,78
200900062816,9,9,23,1550,1,1,1,1.0,5,78117,M,,,78
200900062817,9,9,5,725,1,1,1,1.0,6,78524,M,,,78
200900062818,9,9,18,1820,1,1,1,1.0,3,78646,M,,,78
200900062819,9,9,10,1910,1,1,1,1.0,6,78242,M,,,78
200900062820,9,9,3,1555,1,1,1,1.0,2,78640,M,,,78
200900062821,9,9,24,1315,1,1,1,1.0,6,78466,M,,,78
200900062822,9,9,30,1740,1,2,1,1.0,6,78029,M,4.0,0,78
200900062823,9,9,24,1540,1,2,1,1.0,4,78158,M,4.0,0,78
200900062824,9,9,2,1635,1,2,1,1.0,3,78646,M,4.0,0,78
200900062825,9,9,25,1440,1,2,1,1.0,3,78646,M,4.0,0,78
200900062826,9,9,30,1815,1,1,1,1.0,2,78524,M,4.0,0,78
200900062827,9,9,16,910,1,2,1,2.0,3,78646,M,4.0,0,78
200900062828,9,9,1,1655,1,2,2,1.0,3,78646,M,4.0,0,78
200900062829,9,9,16,1550,1,2,1,1.0,6,78646,M,4.0,0,78
200900062830,9,9,15,1545,1,2,1,1.0,6,78361,M,4.0,0,78
200900062831,9,9,4,710,2,2,3,2.0,2,78267,M,,,78
200900062832,9,9,1,1435,1,1,1,1.0,3,78217,M,4.0,0,78
200900062833,9,9,13,20,5,1,1,1.0,7,78335,M,,,78
200900062834,9,9,15,1215,1,2,1,1.0,3,78621,M,4.0,0,78
200900062835,9,9,9,730,1,2,1,1.0,3,78621,M,4.0,0,78
200900062836,9,9,1,1715,1,2,3,1.0,3,78498,M,4.0,0,78
200900062837,9,9,2,1150,1,2,1,1.0,7,78624,M,4.0,0,78
200900062838,9,9,14,1900,1,2,2,1.0,3,78486,M,4.0,0,78
200900062839,9,9,17,2050,5,2,1,1.0,3,78217,M,4.0,0,78
200900062840,9,9,26,1735,1,2,2,1.0,7,78123,M,,,78
200900062841,9,9,4,800,2,2,1,2.0,2,78322,M,4.0,0,78
200900062842,9,9,28,1725,1,2,2,1.0,3,78361,M,,,78
200900062843,9,9,3,1810,1,2,4,1.0,2,78498,M,4.0,0,78
200900062844,9,9,6,1015,1,2,3,1.0,6,78498,M,4.0,0,78
200900062845,9,9,29,1520,1,2,2,1.0,2,78498,M,4.0,0,78
200900062846,9,9,5,300,5,2,1,1.0,7,78640,M,4.0,0,78
200900062847,9,9,12,1700,1,1,1,1.0,3,78126,M,4.0,0,78
200900062848,9,9,28,1500,1,2,1,1.0,7,78643,M,4.0,0,78
200900062849,9,9,26,1545,1,2,1,1.0,6,78624,M,4.0,0,78
200900062850,9,9,23,830,2,2,1,5.0,6,78624,M,4.0,0,78
200900062851,9,9,6,1550,1,1,1,1.0,5,78640,M,4.0,0,78
200900062852,9,9,5,1705,1,2,1,1.0,6,78498,M,,,78
200900062853,9,9,19,230,5,2,1,1.0,7,78640,M,4.0,0,78
200900062854,9,9,4,1440,1,2,1,2.0,2,78311,M,4.0,0,78
200900062855,9,9,24,1440,1,2,3,1.0,2,78498,M,4.0,0,78
200900062856,9,9,17,1620,1,2,2,1.0,2,78498,M,4.0,0,78
200900062857,9,9,3,1245,1,2,1,1.0,3,78126,M,4.0,0,78
200900062858,9,9,21,1455,1,2,1,1.0,6,78624,M,4.0,0,78
200900062859,9,9,29,1150,1,2,1,8.0,6,78640,M,4.0,0,78
200900062860,9,9,4,1615,1,1,1,1.0,4,78621,M,4.0,0,78
200900062861,9,9,27,605,5,1,2,1.0,3,78621,M,4.0,0,78
200900062862,9,9,19,1115,1,1,1,1.0,7,78003,M,4.0,0,78
200900062863,9,9,26,2100,5,1,1,1.0,3,78321,M,4.0,0,78
200900062864,9,9,11,1630,1,1,1,1.0,6,78125,M,4.0,0,78
200900062865,9,9,5,2300,3,1,1,1.0,6,78404,M,4.0,0,78
200900062866,9,9,25,845,1,2,1,1.0,6,78466,M,4.0,0,78
200900062867,9,9,23,1845,2,2,9,2.0,6,78677,M,0.0,0,78
200900062868,9,9,15,1000,1,1,1,8.0,6,78571,M,4.0,0,78
200900062869,9,9,25,1745,1,1,3,1.0,3,78576,M,4.0,0,78
200900062870,9,9,9,1430,1,1,1,1.0,7,78513,M,0.0,0,78
200900062871,9,9,15,1800,1,1,2,1.0,2,78209,M,4.0,0,78
200900062872,9,9,25,1600,1,1,1,1.0,1,78050,M,4.0,0,78
200900062873,9,9,10,1530,1,1,3,1.0,3,78003,M,4.0,0,78
200900062874,9,9,15,1830,1,1,3,1.0,7,78255,M,4.0,0,78
200900062875,9,9,4,1315,1,1,2,2.0,3,78310,M,4.0,0,78
200900062876,9,9,23,1915,1,1,1,1.0,6,78263,M,4.0,0,78
200900062877,9,9,5,1730,1,2,6,1.0,3,78029,M,4.0,0,78
200900062878,9,9,7,320,5,2,2,1.0,3,78350,M,4.0,0,78
200900062879,9,9,9,1233,1,2,1,1.0,3,78502,M,4.0,0,78
200900062880,9,9,28,1700,1,1,2,1.0,3,78015,M,4.0,0,78
200900062881,9,9,8,845,1,2,1,1.0,2,78172,M,4.0,0,78
200900062882,9,9,7,1420,1,2,1,1.0,6,78172,M,4.0,0,78
200900062883,9,9,13,1925,1,2,1,1.0,6,78440,M,4.0,0,78
200900062884,9,9,28,1135,1,2,2,1.0,3,78172,M,4.0,0,78
200900062885,9,9,28,1350,1,2,1,1.0,3,78311,M,4.0,0,78
200900062886,9,10,14,2300,3,1,1,1.0,6,78120,M,4.0,0,78
200900062887,9,10,22,1530,1,1,1,1.0,7,78548,M,0.0,0,78
200900062888,9,10,14,1900,5,2,3,1.0,3,78291,M,4.0,0,78
200900062889,9,10,23,2345,3,1,1,2.0,1,78031,M,4.0,0,78
200900062890,9,10,20,2300,5,1,1,1.0,3,78443,M,4.0,0,78
200900062891,9,10,30,800,1,1,1,5.0,3,78206,M,4.0,0,78
200900062892,9,10,17,1300,1,1,1,2.0,1,78289,M,4.0,0,78
200900062893,9,10,28,1810,2,2,2,1.0,6,78517,M,4.0,0,78
200900062894,9,10,25,1150,1,2,3,1.0,6,78686,M,4.0,0,78
200900062895,9,10,30,1320,1,2,2,1.0,3,78362,M,4.0,0,78
200900062896,9,10,29,755,5,2,3,1.0,1,78362,M,4.0,0,78
200900062897,9,10,30,1430,1,2,2,8.0,3,78361,M,4.0,0,78
200900062898,9,10,4,1630,1,2,1,8.0,1,78640,M,,,78
200900062899,9,10,17,110,5,2,3,2.0,5,78267,M,4.0,0,78
200900062900,9,10,15,1436,1,2,2,1.0,6,78586,M,4.0,0,78
200900062901,9,10,24,1950,2,2,4,2.0,1,78517,M,4.0,0,78
200900062902,9,10,24,2210,5,2,1,2.0,6,78362,M,4.0,0,78
200900062903,9,10,24,1400,1,2,3,2.0,2,78123,M,4.0,0,78
200900062904,9,10,12,800,2,2,1,8.0,6,78686,M,4.0,0,78
200900062905,9,10,23,1040,1,2,3,1.0,3,78517,M,4.0,0,78
200900062906,9,10,27,740,2,2,2,5.0,1,78267,M,4.0,0,78
200900062907,9,10,23,1645,1,2,1,1.0,3,78118,M,4.0,0,78
200900062908,9,10,13,2030,2,2,1,1.0,1,78322,M,4.0,0,78
200900062909,9,10,26,655,2,2,4,1.0,7,78498,M,4.0,0,78
200900062910,9,10,11,1405,1,2,2,1.0,1,78586,M,4.0,0,78
200900062911,9,10,11,510,3,1,1,1.0,6,78217,M,,,78
200900062912,9,10,16,830,1,1,1,1.0,3,78322,M,,,78
200900062913,9,10,22,700,5,1,1,2.0,2,78362,M,,,78
200900062914,9,10,11,2040,5,1,1,2.0,6,78418,M,,,78
200900062915,9,10,18,550,3,1,1,1.0,6,78396,M,,,78
200900062916,9,10,7,900,1,1,1,1.0,5,78043,M,,,78
200900062917,9,10,4,2220,3,1,1,1.0,2,78640,M,,,78
200900062918,9,10,2,1727,1,1,1,1.0,2,78672,M,,,78
200900062919,9,10,31,2240,5,1,1,5.0,3,78646,M,,,78
200900062920,9,10,24,1515,1,1,1,2.0,3,78208,M,,,78
200900062921,9,10,28,1730,1,1,1,1.0,3,78545,M,,,78
200900062922,9,10,14,1910,1,1,1,1.0,3,78646,M,,,78
200900062923,9,10,17,1700,1,1,1,1.0,6,78640,M,,,78
200900062924,9,10,10,1647,1,1,1,1.0,2,78640,M,,,78
200900062925,9,10,5,1730,1,1,1,1.0,3,78646,M,,,78
200900062926,9,10,15,2045,3,1,1,1.0,3,78466,M,,,78
200900062927,9,10,8,1005,1,1,1,8.0,2,78402,M,,,78
200900062928,9,10,21,1820,2,1,1,2.0,6,78165,M,,,78
200900062929,9,10,10,1200,1,1,1,2.0,6,78297,M,,,78
200900062930,9,10,2,1310,1,1,1,1.0,5,78362,M,,,78
200900062931,9,10,28,805,2,1,1,1.0,3,78640,M,,,78
200900062932,9,10,6,1612,1,1,1,8.0,7,78206,M,,,78
200900062933,9,10,19,1610,1,1,1,1.0,2,78402,M,,,78
200900062934,9,10,13,1055,1,1,1,1.0,7,78291,M,,,78
200900062935,9,10,11,725,2,1,1,1.0,2,78402,M,,,78
200900062936,9,10,6,758,1,1,1,3.0,7,78646,M,,,78
200900062937,9,10,25,1930,5,1,1,2.0,2,78043,M,,,78
200900062938,9,10,11,1840,2,1,1,2.0,2,78291,M,,,78
200900062939,9,10,14,2145,3,1,1,1.0,3,78402,M,,,78
200900062940,9,10,11,515,3,1,1,1.0,6,78206,M,,,78
200900062941,9,10,8,950,1,1,1,1.0,4,78126,M,,,78
200900062942,9,10,23,1815,1,1,1,8.0,2,78043,M,,,78
200900062943,9,10,3,1100,1,1,9,8.0,2,78118,M,,,78
200900062944,9,10,17,1620,1,1,1,2.0,7,78217,M,,,78
200900062945,9,10,12,855,1,1,1,1.0,5,78140,M,,,78
200900062946,9,10,7,2310,3,1,1,2.0,6,78490,M,,,78
200900062947,9,10,6,1345,1,1,1,1.0,3,78090,M,,,78
200900062948,9,10,11,505,3,1,1,1.0,5,78217,M,,,78
200900062949,9,10,6,1545,1,1,9,1.0,2,78640,M,,,78
200900062950,9,10,21,1536,1,1,1,8.0,6,78646,M,,,78
200900062951,9,10,21,2025,3,1,1,2.0,4,78117,M,,,78
200900062952,9,10,27,1700,1,1,1,1.0,2,78291,M,,,78
200900062953,9,10,6,755,1,2,1,2.0,6,78621,M,4.0,0,78
200900062954,9,10,28,1945,3,1,4,1.0,3,78621,M,4.0,0,78
200900062955,9,10,27,640,2,2,4,1.0,3,78621,M,4.0,0,78
200900062956,9,10,23,2035,5,2,1,1.0,2,78551,M,4.0,0,78
200900062957,9,10,29,1940,3,2,2,1.0,3,78621,M,4.0,0,78
200900062958,9,10,25,1000,1,2,3,1.0,6,78551,M,4.0,0,78
200900062959,9,10,23,1650,1,2,2,1.0,6,78551,M,4.0,0,78
200900062960,9,10,27,1430,1,2,1,1.0,6,78638,M,4.0,0,78
200900062961,9,10,24,1620,1,2,1,2.0,7,78440,M,4.0,0,78
200900062962,9,10,26,1825,5,2,1,1.0,6,78299,M,,,78
200900062963,9,10,26,1925,1,2,1,1.0,3,78172,M,4.0,0,78
200900062964,9,10,30,1400,1,2,6,1.0,3,78172,M,4.0,0,78
200900062965,9,10,2,1750,1,2,2,1.0,3,78267,M,4.0,0,78
200900062966,9,10,2,1400,1,1,1,1.0,4,78220,M,4.0,0,78
200900062967,9,10,11,1855,5,2,6,2.0,3,78335,M,4.0,0,78
200900062968,9,10,13,1840,1,2,1,1.0,3,78498,M,4.0,0,78
200900062969,9,10,5,1335,1,1,1,2.0,4,78269,M,4.0,0,78
200900062970,9,10,13,655,5,2,7,1.0,6,78361,M,4.0,0,78
200900062971,9,10,5,1810,1,1,1,1.0,6,78220,M,4.0,0,78
200900062972,9,10,13,945,1,2,1,1.0,4,78498,M,4.0,0,78
200900062973,9,10,5,825,2,2,1,2.0,6,78517,M,4.0,0,78
200900062974,9,10,14,1820,1,2,1,1.0,6,78362,M,4.0,0,78
200900062975,9,10,13,1010,1,2,1,1.0,3,78126,M,4.0,0,78
200900062976,9,10,1,1210,1,1,2,1.0,3,78498,M,4.0,0,78
200900062977,9,10,6,700,5,2,5,3.0,6,78498,M,4.0,0,78
200900062978,9,10,11,1645,1,2,1,1.0,1,78126,M,4.0,0,78
200900062979,9,10,8,2325,5,2,1,1.0,2,78361,M,,,78
200900062980,9,10,2,1335,1,2,1,1.0,6,78362,M,4.0,0,78
200900062981,9,10,6,905,1,2,1,2.0,7,78498,M,4.0,0,78
200900062982,9,10,9,2230,5,2,2,2.0,3,78362,M,,,78
200900062983,9,10,1,1320,1,2,2,1.0,6,78517,M,4.0,0,78
200900062984,9,11,1,645,3,1,1,5.0,6,78558,M,4.0,0,78
200900062985,9,11,23,1945,3,1,1,3.0,6,78615,M,4.0,0,78
200900062986,9,11,18,2315,3,1,1,1.0,2,78152,M,4.0,0,78
200900062987,9,11,27,1745,5,2,1,1.0,1,78571,M,4.0,0,78
200900062988,9,11,28,1315,1,2,1,2.0,1,78310,M,0.0,0,78
200900062989,9,11,1,545,3,1,1,2.0,1,78380,M,0.0,0,78
200900062990,9,11,20,1900,5,1,1,1.0,1,78349,M,0.0,0,78
200900062991,9,11,10,2315,3,1,1,1.0,7,78068,M,4.0,0,78
200900062992,9,11,26,1330,1,1,6,7.0,2,78674,M,4.0,0,78
200900062993,9,11,3,1215,1,1,1,2.0,3,78349,M,0.0,0,78
200900062994,9,11,4,1145,1,1,1,1.0,3,78567,M,4.0,0,78
200900062995,9,11,19,815,1,2,2,1.0,7,78123,M,,,78
200900062996,9,11,17,840,1,2,1,1.0,3,78686,M,,,78
200900062997,9,11,20,1915,5,2,2,1.0,3,78498,M,,,78
200900062998,9,11,28,1715,5,2,1,3.0,6,78490,M,,,78
200900062999,9,11,25,1605,1,2,4,9.0,7,78498,M,,,78
200900063000,9,11,24,1320,1,2,1,1.0,3,78362,M,,,78
200900063001,9,11,16,1305,1,2,1,1.0,6,78490,M,,,78
200900063002,9,11,18,1550,1,2,1,1.0,3,78490,M,,,78
200900063003,9,11,28,1800,5,2,2,2.0,6,78498,M,,,78
200900063004,9,11,25,1310,1,2,1,2.0,6,78643,M,,,78
200900063005,9,11,24,1340,1,2,2,1.0,3,78498,M,,,78
200900063006,9,11,27,1145,1,2,3,1.0,3,78498,M,,,78
200900063007,9,11,23,1630,2,2,1,8.0,6,78362,M,,,78
200900063008,9,11,26,1055,1,2,6,1.0,3,78643,M,,,78
200900063009,9,11,12,1040,1,1,1,1.0,1,78490,M,,,78
200900063010,9,11,6,1145,1,2,2,1.0,7,78490,M,,,78
200900063011,9,11,28,1720,5,2,4,2.0,3,78498,M,,,78
200900063012,9,11,30,1320,1,2,1,1.0,3,78490,M,,,78
200900063013,9,11,17,845,1,2,1,1.0,3,78490,M,,,78
200900063014,9,11,20,1910,2,2,4,1.0,6,78486,M,,,78
200900063015,9,11,7,1820,5,2,1,2.0,4,78238,M,,,78
200900063016,9,11,9,1040,1,2,3,7.0,5,78440,M,,,78
200900063017,9,11,24,1800,5,2,1,1.0,2,78517,M,,,78
200900063018,9,11,9,750,2,1,1,1.0,2,78571,M,,,78
200900063019,9,11,3,1420,1,1,1,2.0,4,78362,M,,,78
200900063020,9,11,23,1935,3,1,1,6.0,6,78291,M,,,78
200900063021,9,11,2,15,3,1,1,1.0,6,78322,M,,,78
200900063022,9,11,8,1150,1,1,1,2.0,7,78490,M,,,78
200900063023,9,11,21,545,2,1,1,9.0,2,78672,M,,,78
200900063024,9,11,22,2110,3,1,1,2.0,2,78640,M,,,78
200900063025,9,11,6,40,5,1,1,1.0,6,78640,M,,,78
200900063026,9,11,16,1815,3,1,1,1.0,5,78402,M,,,78
200900063027,9,11,4,705,2,1,1,1.0,2,78007,M,,,78
200900063028,9,11,6,835,1,1,1,1.0,3,78362,M,,,78
200900063029,9,11,25,810,1,1,1,8.0,4,78545,M,,,78
200900063030,9,11,2,2000,5,1,1,8.0,4,78640,M,,,78
200900063031,9,11,13,1730,2,1,1,8.0,5,78490,M,,,78
200900063032,9,11,3,1030,1,1,1,2.0,6,78423,M,,,78
200900063033,9,11,1,1900,3,1,1,3.0,6,78498,M,,,78
200900063034,9,11,8,830,1,1,1,8.0,6,78466,M,,,78
200900063035,9,11,22,530,3,1,1,9.0,2,78043,M,,,78
200900063036,9,11,7,1440,1,1,1,8.0,5,78029,M,,,78
200900063037,9,11,9,730,2,1,1,1.0,2,78455,M,,,78
200900063038,9,11,23,516,4,1,1,1.0,6,78117,M,,,78
200900063039,9,11,25,630,5,1,1,8.0,5,78242,M,,,78
200900063040,9,11,6,1800,3,1,1,1.0,3,78646,M,,,78
200900063041,9,11,4,1950,3,1,1,8.0,4,78640,M,,,78
200900063042,9,11,3,1835,5,1,1,2.0,4,78646,M,,,78
200900063043,9,11,30,900,1,1,1,8.0,4,78640,M,,,78
200900063044,9,11,18,1135,1,1,1,1.0,3,78043,M,,,78
200900063045,9,11,12,900,1,1,1,1.0,3,78466,M,,,78
200900063046,9,11,10,1830,3,1,1,1.0,2,78238,M,,,78
200900063047,9,11,1,905,1,1,1,8.0,7,78466,M,,,78
200900063048,9,11,18,845,1,1,1,1.0,7,78545,M,,,78
200900063049,9,11,24,1900,1,1,1,8.0,7,78646,M,,,78
200900063050,9,11,1,1700,2,1,1,8.0,7,78297,M,,,78
200900063051,9,11,2,1020,1,1,1,2.0,6,78297,M,,,78
200900063052,9,11,16,945,1,1,1,9.0,5,78297,M,,,78
200900063053,9,11,6,900,1,1,1,2.0,7,78640,M,,,78
200900063054,9,11,3,700,2,2,1,1.0,1,78621,M,,,78
200900063055,9,11,24,1950,5,2,1,1.0,6,78621,M,,,78
200900063056,9,11,28,1535,1,2,3,2.0,1,78621,M,,,78
200900063057,9,11,4,835,1,2,2,1.0,3,78621,M,,,78
200900063058,9,11,17,905,1,2,1,1.0,4,78621,M,,,78
200900063059,9,11,17,805,1,2,4,2.0,3,78621,M,,,78
200900063060,9,11,18,1900,2,1,1,1.0,6,78551,M,,,78
200900063061,9,11,21,2050,5,2,1,1.0,7,78029,M,,,78
200900063062,9,11,15,1510,1,2,3,1.0,3,78299,M,,,78
200900063063,9,11,25,1225,1,2,1,2.0,3,78029,M,,,78
200900063064,9,11,14,1715,5,2,1,8.0,2,78502,M,,,78
200900063065,9,11,16,815,1,2,1,1.0,5,78401,M,,,78
200900063066,9,11,7,2000,5,2,7,2.0,6,78440,M,4.0,0,78
200900063067,9,11,27,1220,1,2,1,1.0,3,78372,M,,,78
200900063068,9,11,26,1615,1,2,1,1.0,7,78005,M,,,78
200900063069,9,11,23,1700,5,2,1,8.0,3,78073,M,,,78
200900063070,9,11,18,1745,5,2,1,2.0,3,78242,M,,,78
200900063071,9,11,18,940,1,2,1,1.0,2,78545,M,,,78
200900063072,9,12,1,1310,1,2,1,1.0,2,78126,M,,,78
200900063073,9,12,4,800,2,2,2,9.0,6,78642,M,,,78
200900063074,9,12,12,1055,1,2,1,1.0,6,78361,M,,,78
200900063075,9,12,2,1140,1,2,2,2.0,3,78123,M,,,78
200900063076,9,12,15,1135,1,2,1,1.0,2,78643,M,,,78
200900063077,9,12,9,2110,3,1,1,2.0,6,78624,M,,,78
200900063078,9,12,12,2025,5,2,1,1.0,6,78217,M,,,78
200900063079,9,2,14,2345,5,2,2,1.0,3,92002,M,,,92
200900063080,9,12,9,1135,1,2,4,2.0,7,78498,M,,,78
200900063081,9,12,8,825,1,2,2,1.0,2,78624,M,,,78
200900063082,9,12,4,1750,5,2,2,1.0,6,78498,M,,,78
200900063083,9,12,1,2040,5,2,1,1.0,1,78361,M,,,78
200900063084,9,12,10,955,1,2,1,1.0,3,78092,M,,,78
200900063085,9,12,10,1825,5,2,1,1.0,2,78092,M,,,78
200900063086,9,12,5,1725,5,2,2,2.0,3,78361,M,,,78
200900063087,9,12,10,2245,5,2,1,1.0,2,78267,M,,,78
200900063088,9,12,5,1840,5,2,1,2.0,6,78118,M,,,78
200900063089,9,12,10,1025,1,1,1,1.0,7,78640,M,,,78
200900063090,9,12,5,1120,1,2,1,2.0,7,78640,M,,,78
200900063091,9,12,2,1355,1,2,1,2.0,6,78640,M,,,78