Num_Acc,an,mois,jour,hrmn,lum,agg,int,atm,col,com,gps,lat,long,dep
200900063482,9,12,14,2047,5,2,1,1.0,6,92002,M,,,92
200900063483,9,12,14,1617,1,2,5,1.0,6,92014,M,,,92
200900063484,9,12,5,740,1,2,1,2.0,2,92002,M,,,92
200900063485,9,12,3,1410,1,2,3,2.0,6,92014,M,,,92
200900063486,9,12,9,1240,1,2,1,2.0,6,92025,M,,,92
200900063487,9,12,14,910,1,2,1,1.0,3,92026,M,,,92
200900063488,9,12,18,2115,5,1,1,1.0,5,92036,M,,,92
200900063489,9,12,27,2150,5,1,1,2.0,6,92036,M,,,92
200900063490,9,12,27,630,3,1,1,1.0,3,92036,M,,,92
200900063491,9,12,7,1115,1,2,1,2.0,6,92051,M,,,92
200900063492,9,12,4,1100,1,1,1,1.0,2,92063,M,,,92
200900063493,9,12,8,930,1,1,1,1.0,7,92063,M,,,92
200900063494,9,12,26,1315,1,1,1,1.0,4,92047,M,,,92
200900063495,9,12,15,1005,1,1,1,1.0,4,92012,M,,,92
200900063496,9,12,16,2105,5,1,1,1.0,4,92051,M,,,92
200900063497,9,12,16,1935,3,1,1,1.0,3,92064,M,,,92
200900063498,9,12,27,1230,1,1,1,1.0,4,92047,M,,,92
200900063499,9,12,29,1955,4,1,1,1.0,7,92048,M,,,92
200900063500,9,12,1,1000,1,1,1,1.0,2,92051,M,,,92
200900063501,9,12,12,1930,5,1,1,1.0,3,92050,M,,,92
200900063502,9,12,24,25,3,1,1,1.0,7,92050,M,,,92
200900063503,9,12,2,820,1,1,1,9.0,2,92047,M,,,92
200900063504,9,12,14,1400,1,1,1,1.0,7,92064,M,,,92
200900063505,9,12,8,810,2,1,1,8.0,2,92076,M,,,92
200900063506,9,12,10,2018,5,1,1,8.0,5,92050,M,,,92
200900063507,9,12,5,1330,1,1,1,1.0,4,92064,M,,,92
200900063508,9,12,14,1725,4,1,1,1.0,6,92025,M,,,92
200900063509,9,12,12,600,5,1,1,8.0,2,92036,M,,,92
200900063510,9,12,29,1320,1,1,1,1.0,4,92047,M,,,92
200900063511,9,12,15,900,1,1,1,1.0,3,92072,M,,,92
200900063512,9,12,7,845,1,1,1,1.0,3,92036,M,,,92
200900063513,9,12,6,1920,5,1,1,8.0,2,92048,M,,,92
200900063514,9,12,17,851,1,1,1,4.0,7,92072,M,,,92
200900063515,9,12,10,1920,5,1,1,1.0,2,92050,M,,,92
200900063516,9,12,21,120,3,1,1,1.0,3,92064,M,,,92
200900063517,9,12,16,1950,5,1,1,8.0,6,92064,M,,,92
200900063518,9,12,8,1645,2,2,1,1.0,6,92004,M,,,92
200900063519,9,12,16,2015,5,2,1,1.0,6,92063,M,,,92
200900063520,9,12,16,2035,5,2,2,1.0,3,92062,M,,,92
200900063521,9,12,22,2200,4,2,1,1.0,2,92025,M,,,92
200900063522,9,12,10,1845,5,2,3,1.0,6,92048,M,,,92
200900063523,9,12,10,805,1,1,1,1.0,6,92004,M,,,92
200900063524,9,12,11,1800,5,2,1,9.0,6,92050,M,,,92
200900063525,9,12,8,1025,1,2,2,8.0,6,92050,M,,,92
200900063526,9,12,30,700,5,2,1,8.0,2,92063,M,,,92
200900063527,9,12,6,1600,1,2,2,9.0,2,92050,M,,,92
200900063528,9,12,4,1800,5,2,1,1.0,3,92050,M,,,92
200900063529,9,12,26,1250,1,2,6,9.0,6,92050,M,,,92
200900063530,9,12,23,1030,1,2,1,8.0,6,92050,M,,,92
200900063531,9,12,23,1325,1,2,1,1.0,3,92020,M,,,92
200900063532,9,12,28,1200,1,2,3,1.0,3,92004,M,,,92
200900063533,9,12,30,1215,1,2,3,1.0,3,92024,M,,,92
200900063534,9,12,15,730,2,2,1,1.0,6,92048,M,,,92
200900063535,9,12,16,700,5,2,2,1.0,3,92063,M,,,92
200900063536,9,12,23,1235,1,2,3,1.0,3,92064,M,,,92
200900063537,9,12,21,800,5,2,2,8.0,6,92026,M,,,92
200900063538,9,12,22,1145,1,2,1,1.0,4,92025,M,,,92
200900063539,9,12,16,2145,5,2,1,1.0,3,92009,M,,,92
200900063540,9,12,15,1825,3,2,2,1.0,6,92024,M,,,92
200900063541,9,12,28,1700,5,2,1,1.0,6,92072,M,,,92
200900063542,9,12,9,1200,1,2,1,2.0,2,92050,M,,,92
200900063543,9,12,11,1650,1,2,3,1.0,6,92009,M,,,92
200900063544,9,12,26,1925,5,1,7,1.0,2,92048,M,,,92
200900063545,9,12,27,2040,5,2,2,1.0,3,92063,M,,,92
200900063546,9,12,19,1605,1,2,3,1.0,6,92004,M,,,92
200900063547,9,12,31,1805,5,2,2,9.0,3,92026,M,,,92
200900063548,9,12,22,1845,5,2,1,1.0,6,92049,M,,,92
200900063549,9,12,21,235,5,2,1,9.0,6,92063,M,,,92
200900063550,9,12,29,1325,1,2,1,1.0,6,92072,M,,,92
200900063551,9,12,8,1950,5,2,2,9.0,3,92024,M,,,92
200900063552,9,12,23,1500,1,2,3,1.0,6,92062,M,,,92
200900063553,9,12,13,2015,5,2,2,1.0,3,92024,M,,,92
200900063554,9,12,15,1525,1,2,3,1.0,3,92024,M,,,92
200900063555,9,12,2,1115,1,2,1,1.0,6,92024,M,,,92
200900063556,9,12,21,1045,1,2,1,2.0,7,92072,M,,,92
200900063557,9,12,31,730,5,2,2,9.0,6,92026,M,,,92
200900063558,9,12,8,1530,1,1,3,1.0,3,92004,M,,,92
200900063559,9,12,28,1720,5,2,1,1.0,1,92064,M,,,92
200900063560,9,12,5,1750,5,2,1,2.0,6,92050,M,,,92
200900063561,9,12,30,1800,1,2,1,1.0,6,92040,M,,,92
200900063562,9,12,28,1850,5,2,3,1.0,3,92040,M,,,92
200900063563,9,12,3,910,1,2,1,1.0,6,92048,M,,,92
200900063564,9,12,17,1900,5,2,3,2.0,6,92040,M,,,92
200900063565,9,12,30,1755,5,2,3,3.0,3,92062,M,,,92
200900063566,9,12,2,930,1,2,1,2.0,2,92050,M,,,92
200900063567,9,12,23,1205,1,2,3,1.0,6,92004,M,,,92
200900063568,9,12,8,900,1,2,2,1.0,3,92048,M,,,92
200900063569,9,12,11,755,2,2,1,1.0,3,92024,M,,,92
200900063570,9,12,30,1900,1,2,1,1.0,6,92040,M,,,92
200900063571,9,12,22,1530,1,2,6,1.0,7,92072,M,,,92
200900063572,9,12,29,835,1,2,3,2.0,6,92062,M,,,92
200900063573,9,12,31,1825,5,2,1,9.0,6,92026,M,,,92
200900063574,9,12,22,1720,5,2,3,1.0,3,92063,M,,,92
200900063575,9,12,18,950,1,2,1,4.0,2,92050,M,,,92
200900063576,9,12,30,1800,5,2,2,1.0,6,92062,M,,,92
200900063577,9,12,29,1805,5,2,2,2.0,6,92020,M,,,92
200900063578,9,12,12,1450,1,2,2,1.0,3,92051,M,,,92
200900063579,9,12,19,1530,1,2,1,1.0,6,92035,M,,,92
200900063580,9,12,20,1430,1,2,2,1.0,3,92051,M,,,92
200900063581,9,12,3,1250,1,2,1,1.0,3,92051,M,,,92
200900063582,9,12,8,1015,1,2,1,1.0,3,92051,M,,,92
200900063583,9,12,4,1500,1,2,1,1.0,2,92051,M,,,92
200900063584,9,12,18,725,3,2,1,4.0,6,92007,M,,,92
200900063585,9,12,8,1940,5,2,1,3.0,2,92051,M,,,92
200900063586,9,12,9,1710,5,2,2,2.0,6,92051,M,,,92
200900063587,9,12,30,1830,3,2,2,2.0,6,92019,M,,,92
200900063588,9,12,28,1850,5,2,2,1.0,6,92060,M,,,92
200900063589,9,12,31,1005,1,2,1,1.0,3,92036,M,,,92
200900063590,9,12,9,1400,1,2,1,1.0,2,92044,M,,,92
200900063591,9,12,25,1835,5,2,1,1.0,6,92036,M,,,92
200900063592,9,12,11,1845,5,2,3,1.0,6,92023,M,,,92
200900063593,9,12,31,1130,1,2,9,2.0,6,92036,M,,,92
200900063594,9,12,7,1015,1,2,1,1.0,2,92044,M,,,92
200900063595,9,12,4,1750,5,2,1,9.0,6,92044,M,,,92
200900063596,9,12,25,310,5,2,1,2.0,1,92019,M,,,92
200900063597,9,12,4,835,2,2,2,1.0,6,92044,M,,,92
200900063598,9,12,11,1055,1,2,3,1.0,5,92023,M,,,92
200900063599,9,12,18,910,1,2,2,4.0,6,92044,M,,,92
200900063600,9,12,9,650,5,2,5,1.0,3,92035,M,,,92
200900063601,9,12,5,2310,5,2,1,2.0,7,92051,M,,,92
200900063602,9,12,8,730,2,2,2,1.0,1,92060,M,,,92
200900063603,9,12,9,1410,1,2,1,8.0,7,92051,M,,,92
200900063604,9,12,10,815,1,2,1,2.0,6,92051,M,,,92
200900063605,9,12,10,1400,1,2,2,1.0,3,92007,M,,,92
200900063606,9,12,13,1713,1,2,1,1.0,6,92012,M,,,92
200900063607,9,12,21,1445,1,2,2,9.0,3,92012,M,,,92
200900063608,9,12,10,1830,5,2,1,9.0,6,92012,M,,,92
200900063609,9,12,15,1310,1,2,1,9.0,6,92012,M,,,92
200900063610,9,12,1,1705,2,2,9,9.0,6,92012,M,,,92
200900063611,9,12,9,1135,1,2,9,9.0,6,92012,M,,,92
200900063612,9,12,23,930,2,2,1,9.0,3,92012,M,,,92
200900063613,9,12,16,1850,5,2,3,9.0,6,92012,M,,,92
200900063614,9,12,10,1530,1,2,1,9.0,6,92012,M,,,92
200900063615,9,12,15,1910,5,2,9,1.0,6,92012,M,,,92
200900063616,9,12,4,1250,1,2,1,9.0,2,92012,M,,,92
200900063617,9,12,18,1650,2,2,1,1.0,6,92012,M,,,92
200900063618,9,12,24,1900,5,2,3,1.0,6,92004,M,,,92
200900063619,9,12,29,1250,1,2,4,1.0,2,92062,M,,,92
200900063620,9,12,1,815,1,2,2,9.0,3,92050,M,,,92
200900063621,9,12,29,25,5,2,1,9.0,6,92012,M,,,92
200900063622,9,12,31,1855,5,2,1,1.0,2,92023,M,,,92
200900063623,9,12,23,1130,1,2,3,1.0,6,92023,M,,,92
200900063624,9,12,8,2020,5,2,2,2.0,6,92023,M,,,92
200900063625,9,12,12,1225,1,2,4,1.0,3,92023,M,,,92
200900063626,9,12,25,555,5,2,1,2.0,1,92044,M,,,92
200900063627,9,6,17,1300,1,2,1,1.0,6,92012,M,,,92
200900063628,9,6,17,1745,1,2,2,1.0,2,92012,M,,,92
200900063629,9,6,19,205,5,2,1,1.0,2,92051,M,,,92
200900063630,9,6,24,205,5,2,1,1.0,6,92051,M,,,92
200900063631,9,6,29,1815,1,2,2,1.0,6,92051,M,,,92
200900063632,9,7,1,740,1,2,1,1.0,2,92051,M,,,92
200900063633,9,7,8,1310,1,2,1,1.0,2,92051,M,,,92
200900063634,9,7,8,1915,1,2,1,8.0,7,92051,M,,,92
200900063635,9,7,17,1815,1,2,1,1.0,3,92023,M,,,92
200900063636,9,8,10,1000,1,2,2,1.0,2,92026,M,,,92
200900063637,9,8,15,1100,1,2,1,1.0,3,92051,M,,,92
200900063638,9,8,19,950,1,2,1,1.0,3,92051,M,,,92
200900063639,9,8,31,1745,1,2,1,1.0,4,92012,M,,,92
200900063640,9,9,2,845,1,2,1,1.0,2,92051,M,,,92
200900063641,9,9,7,2240,5,2,1,1.0,3,92051,M,,,92
200900063642,9,9,8,2100,5,2,1,1.0,2,92051,M,,,92
200900063643,9,9,8,2100,5,2,1,1.0,6,92051,M,,,92
200900063644,9,9,23,2040,5,1,1,1.0,2,92051,M,,,92
200900063645,9,9,26,425,5,2,1,1.0,4,92051,M,,,92
200900063646,9,10,6,938,1,2,1,8.0,7,92051,M,,,92
200900063647,9,10,9,1550,1,1,1,8.0,2,92051,M,,,92
200900063648,9,10,29,1225,1,2,1,1.0,3,92051,M,,,92
200900063649,9,10,29,940,1,2,2,1.0,3,92007,M,,,92
200900063650,9,10,21,1308,1,2,2,2.0,7,92051,M,,,92
200900063651,9,10,12,1620,1,2,2,1.0,6,92051,M,,,92
200900063652,9,9,27,1315,1,2,1,1.0,6,92012,M,,,92
200900063653,9,11,26,130,3,1,1,1.0,7,62070,M,0.0,0,62
200900063654,9,11,24,1730,5,2,3,1.0,3,62550,M,5.0,0,62
200900063655,9,11,17,1730,3,1,1,1.0,6,62557,M,0.0,0,62
200900063656,9,11,14,1845,3,2,1,3.0,6,62527,M,5.0,0,62
200900063657,9,11,16,1000,1,1,1,2.0,6,62281,M,0.0,0,62
200900063658,9,11,11,745,1,1,1,1.0,6,62369,M,5.0,0,62
200900063659,9,11,26,2115,3,1,1,3.0,3,62699,M,5.0,0,62
200900063660,9,11,8,1400,1,2,1,1.0,6,62323,M,5.0,0,62
200900063661,9,11,16,1915,3,1,1,8.0,5,62369,M,0.0,0,62
200900063662,9,11,4,1315,1,1,1,2.0,5,62170,M,0.0,0,62
200900063663,9,11,19,1515,1,1,1,1.0,6,62758,M,0.0,0,62
200900063664,9,11,30,1730,5,2,1,3.0,6,62268,M,0.0,0,62
200900063665,9,11,20,930,1,2,2,1.0,3,62771,M,,,62
200900063666,9,11,30,1850,5,2,1,1.0,6,62842,M,,,62
200900063667,9,11,22,1845,5,2,6,2.0,3,62119,M,,,62
200900063668,9,11,25,823,2,2,2,3.0,3,62108,M,,,62
200900063669,9,11,28,1135,1,2,1,1.0,6,62133,M,,,62
200900063670,9,11,28,1827,5,2,1,2.0,6,62108,M,,,62
200900063671,9,11,17,135,3,1,1,1.0,6,62215,M,,,62
200900063672,9,11,23,1800,5,2,1,2.0,5,62907,M,,,62
200900063673,9,11,19,2155,5,2,1,1.0,6,62244,M,,,62
200900063674,9,11,30,1915,5,2,1,1.0,3,62274,M,,,62
200900063675,9,11,1,1235,1,1,1,8.0,7,62065,M,,,62
200900063676,9,11,27,1835,5,2,1,2.0,4,62570,M,,,62
200900063677,9,11,21,2105,5,2,1,1.0,2,62498,M,,,62
200900063678,9,11,10,1420,1,2,3,1.0,3,62328,M,,,62
200900063679,9,11,19,2220,5,2,1,1.0,6,62193,M,,,62
200900063680,9,11,28,1820,2,2,1,3.0,6,62497,M,,,62
200900063681,9,11,29,2230,4,1,1,1.0,6,62215,M,,,62
200900063682,9,11,23,320,5,2,1,2.0,6,62311,M,,,62
200900063683,9,11,21,1050,1,2,1,1.0,7,62065,M,,,62
200900063684,9,11,30,1700,5,2,2,1.0,3,62498,M,,,62
200900063685,9,11,8,1805,5,2,3,1.0,3,62744,M,,,62
200900063686,9,11,14,1230,1,2,9,1.0,3,62587,M,,,62
200900063687,9,11,13,1810,2,2,2,1.0,3,62489,M,,,62
200900063688,9,11,7,1130,1,2,2,1.0,6,62250,M,,,62
200900063689,9,11,25,1535,1,2,1,2.0,6,62193,M,,,62
200900063690,9,11,28,1750,5,2,2,2.0,3,62617,M,,,62
200900063691,9,11,1,1040,1,2,6,3.0,3,62108,M,,,62
200900063692,9,11,6,150,5,2,1,1.0,6,62907,M,,,62
200900063693,9,11,20,1110,1,2,2,1.0,3,62587,M,,,62
200900063694,9,11,28,1920,5,2,3,2.0,6,62004,M,,,62
200900063695,9,11,24,1015,1,1,1,2.0,7,62907,M,,,62
200900063696,9,11,3,1755,3,1,1,3.0,6,62510,M,,,62
200900063697,9,11,18,1810,3,1,1,1.0,4,62907,M,,,62
200900063698,9,11,8,615,3,1,1,1.0,6,62907,M,,,62
200900063699,9,11,4,1745,2,1,1,3.0,4,62427,M,,,62
200900063700,9,11,15,1620,1,1,1,1.0,2,62065,M,,,62
200900063701,9,11,21,210,3,1,1,3.0,7,62516,M,,,62
200900063702,9,11,10,2030,5,2,1,1.0,6,62193,M,,,62
200900063703,9,11,6,2300,5,2,1,1.0,7,62528,M,,,62
200900063704,9,11,26,1720,5,2,3,6.0,7,62108,M,,,62
200900063705,9,11,2,1550,1,2,9,1.0,6,62178,M,,,62
200900063706,9,11,5,1800,5,2,3,3.0,6,62765,M,,,62
200900063707,9,11,5,1305,1,2,1,1.0,6,62193,M,,,62
200900063708,9,11,12,1710,1,2,3,8.0,6,62525,M,,,62
200900063709,9,11,24,1115,1,2,1,8.0,6,62178,M,,,62
200900063710,9,11,10,1745,5,2,3,2.0,1,62765,M,,,62
200900063711,9,11,18,1800,2,1,1,2.0,2,62019,M,,,62
200900063712,9,11,17,1838,5,2,1,8.0,6,62826,M,,,62
200900063713,9,11,15,1450,1,2,1,1.0,6,62108,M,,,62
200900063714,9,11,15,1455,1,2,1,1.0,1,62186,M,,,62
200900063715,9,11,19,815,2,2,1,1.0,7,62178,M,,,62
200900063716,9,11,12,1440,1,2,4,1.0,3,62525,M,,,62
200900063717,9,11,6,1120,1,2,6,8.0,3,62108,M,,,62
200900063718,9,11,11,1650,1,2,1,1.0,6,62178,M,,,62
200900063719,9,11,15,2100,3,1,1,1.0,2,62270,M,,,62
200900063720,9,11,10,1725,2,2,1,8.0,6,62132,M,,,62
200900063721,9,11,3,1945,3,2,3,1.0,3,62193,M,,,62
200900063722,9,11,10,1505,1,2,1,1.0,3,62160,M,,,62
200900063723,9,11,13,1545,1,2,1,1.0,6,62523,M,,,62
200900063724,9,11,3,1845,5,2,1,3.0,6,62498,M,,,62
200900063725,9,11,4,1130,1,2,2,3.0,3,62498,M,,,62
200900063726,9,11,3,2115,5,2,1,3.0,6,62771,M,,,62
200900063727,9,11,22,1040,1,2,1,1.0,3,62510,M,,,62
200900063728,9,12,8,2005,5,2,2,1.0,3,62413,M,,,62
200900063729,9,12,11,750,2,2,1,1.0,6,62846,M,,,62
200900063730,9,12,14,1425,1,2,2,1.0,3,62413,M,,,62
200900063731,9,12,9,1850,5,2,1,2.0,6,62427,M,,,62
200900063732,9,12,10,1200,1,2,3,1.0,3,62041,M,,,62
200900063733,9,12,3,1835,5,2,3,1.0,4,62041,M,,,62
200900063734,9,12,6,135,5,2,1,1.0,6,62037,M,,,62
200900063735,9,12,14,1830,4,2,1,1.0,3,62413,M,,,62
200900063736,9,12,7,1410,1,2,1,2.0,6,62498,M,,,62
200900063737,9,12,11,1640,1,2,1,1.0,6,62540,M,,,62
200900063738,9,12,8,1724,5,2,1,2.0,6,62193,M,,,62
200900063739,9,12,13,342,5,2,3,1.0,3,62126,M,,,62
200900063740,9,12,5,1540,1,1,2,1.0,3,62004,M,,,62
200900063741,9,12,6,2250,5,2,2,2.0,6,62193,M,,,62
200900063742,9,12,5,2040,5,2,1,2.0,6,62413,M,,,62
200900063743,9,12,3,2035,5,2,2,1.0,6,62193,M,,,62
200900063744,9,12,5,1350,1,2,2,1.0,3,62848,M,,,62
200900063745,9,12,10,805,2,2,1,1.0,6,62193,M,,,62
200900063746,9,12,8,1430,1,2,3,1.0,2,62846,M,,,62
200900063747,9,12,7,755,2,2,3,8.0,3,62498,M,,,62
200900063748,9,12,9,1250,1,1,1,1.0,6,62274,M,,,62
200900063749,9,12,19,2130,2,1,1,4.0,5,62528,M,,,62
200900063750,9,12,31,2130,3,1,1,1.0,2,62563,M,5.0,0,62
200900063751,9,12,15,1830,4,2,1,1.0,6,62361,M,0.0,0,62
200900063752,9,12,11,2330,5,2,1,1.0,1,62853,M,0.0,0,62
200900063753,9,12,30,1115,1,1,1,2.0,3,62875,M,0.0,0,62
200900063754,9,12,11,1730,2,2,1,8.0,1,62195,M,0.0,0,62
200900063755,9,12,3,1645,2,1,1,4.0,1,62621,M,0.0,0,62
200900063756,9,12,15,2045,3,1,1,1.0,6,62560,M,0.0,0,62
200900063757,9,12,16,1800,3,1,1,1.0,1,62251,M,0.0,0,62
200900063758,9,12,14,1715,3,1,1,9.0,1,62298,M,5.0,0,62
200900063759,9,12,29,1100,1,1,2,1.0,3,62843,M,5.0,0,62
200900063760,9,12,14,2000,3,1,1,1.0,6,62014,M,0.0,0,62
200900063761,9,12,9,30,3,2,1,2.0,6,62880,M,0.0,0,62
200900063762,9,12,14,1000,1,2,1,7.0,1,62261,M,5.0,0,62
200900063763,9,12,10,1730,3,2,1,1.0,1,62288,M,0.0,0,62
200900063764,9,12,24,645,3,1,1,4.0,7,62756,M,5.0,0,62
200900063765,9,12,7,1940,5,2,7,2.0,3,62516,M,,,62
200900063766,9,12,28,1140,1,2,2,1.0,3,62895,M,,,62
200900063767,9,12,22,1600,1,1,1,1.0,4,62842,M,,,62
200900063768,9,12,23,1340,1,2,1,8.0,3,62215,M,,,62
200900063769,9,12,22,1845,5,2,1,1.0,6,62193,M,,,62
200900063770,9,12,19,1815,5,2,1,4.0,6,62498,M,,,62
200900063771,9,12,2,2110,3,1,1,1.0,6,62019,M,,,62
200900063772,9,12,29,1350,1,2,3,1.0,3,62525,M,,,62
200900063773,9,12,14,1055,1,2,1,1.0,6,62510,M,,,62
200900063774,9,12,16,730,2,2,1,9.0,3,62510,M,,,62
200900063775,9,12,26,1030,1,2,2,4.0,7,62065,M,,,62
200900063776,9,12,7,1547,1,2,2,8.0,3,62724,M,,,62
200900063777,9,12,12,931,1,2,1,1.0,6,62724,M,,,62
200900063778,9,12,29,1030,1,2,1,2.0,6,62498,M,,,62
200900063779,9,12,31,2010,3,2,1,1.0,3,62400,M,,,62
200900063780,9,12,28,1245,1,2,1,1.0,6,62587,M,,,62
200900063781,9,12,31,1815,5,2,7,1.0,3,62108,M,,,62
200900063782,9,9,11,1245,1,2,1,1.0,6,92051,M,,,92
200900063783,9,10,24,1410,1,1,1,2.0,7,62617,M,,,62
200900063784,9,10,19,745,1,1,1,1.0,2,62810,M,5.0,0,62
200900063785,9,10,29,930,1,1,1,5.0,1,62156,M,5.0,0,62
200900063786,9,10,20,600,3,1,1,1.0,6,62467,M,0.0,0,62
200900063787,9,10,13,830,2,1,1,1.0,5,62706,M,0.0,0,62
200900063788,9,10,4,30,5,2,2,9.0,3,62124,M,5.0,0,62
200900063789,9,10,6,1400,1,2,1,2.0,1,62170,M,0.0,0,62
200900063790,9,10,15,1700,1,2,6,1.0,1,62549,M,5.0,0,62
200900063791,9,10,26,845,1,2,1,1.0,1,62080,M,5.0,0,62
200900063792,9,10,23,2300,3,1,1,1.0,7,62849,M,5.0,0,62
200900063793,9,10,6,1845,1,2,1,8.0,3,62060,M,0.0,0,62
200900063794,9,10,19,1745,1,1,3,1.0,1,62748,M,5.0,0,62
200900063795,9,10,10,2030,3,1,1,1.0,1,62509,M,5.0,0,62
200900063796,9,10,8,1900,3,1,1,8.0,6,62556,M,0.0,0,62
200900063797,9,10,22,1615,1,1,4,1.0,1,62338,M,0.0,0,62
200900063798,9,10,27,1500,1,2,1,7.0,6,62560,M,5.0,0,62
200900063799,9,10,17,230,3,2,6,2.0,7,62261,M,5.0,0,62
200900063800,9,10,21,745,5,2,1,1.0,6,62172,M,0.0,0,62
200900063801,9,10,28,2145,3,1,1,1.0,6,62140,M,5.0,0,62
200900063802,9,10,6,1145,1,1,1,8.0,3,62906,M,5.0,0,62
200900063803,9,10,28,2315,3,1,1,1.0,7,62756,M,5.0,0,62
200900063804,9,10,27,2130,5,2,1,2.0,3,62712,M,5.0,0,62
200900063805,9,10,26,730,2,1,1,1.0,6,62443,M,0.0,0,62
200900063806,9,10,8,1115,1,2,1,8.0,6,62861,M,5.0,0,62
200900063807,9,10,14,1045,1,1,2,1.0,3,62081,M,0.0,0,62
200900063808,9,10,31,1900,5,2,1,1.0,3,62506,M,0.0,0,62
200900063809,9,10,25,1315,1,2,1,1.0,6,62498,M,,,62
200900063810,9,10,17,1135,1,2,1,1.0,6,62119,M,,,62
200900063811,9,10,19,815,2,2,1,1.0,6,62895,M,,,62
200900063812,9,10,16,1350,1,2,1,1.0,6,62218,M,,,62
200900063813,9,10,31,1315,1,1,9,1.0,3,62587,M,,,62
200900063814,9,10,31,1545,1,1,9,1.0,3,62587,M,,,62
200900063815,9,10,29,1940,5,2,1,1.0,6,62193,M,,,62
200900063816,9,10,22,1530,1,2,2,1.0,6,62193,M,,,62
200900063817,9,10,16,1830,1,2,2,1.0,3,62119,M,,,62
200900063818,9,10,24,1400,1,2,2,2.0,5,62724,M,,,62
200900063819,9,10,17,1620,1,2,2,1.0,3,62041,M,,,62
200900063820,9,10,18,2020,3,1,1,1.0,6,62217,M,,,62
200900063821,9,10,23,1030,1,1,1,1.0,6,62624,M,,,62
200900063822,9,10,31,1850,2,2,1,1.0,6,62250,M,,,62
200900063823,9,10,20,1205,1,2,1,1.0,6,62133,M,,,62
200900063824,9,10,29,1920,5,1,1,1.0,1,62427,M,,,62
200900063825,9,10,24,2025,5,2,2,8.0,3,62724,M,,,62
200900063826,9,10,31,1340,1,2,1,1.0,6,62126,M,,,62
200900063827,9,10,29,1630,1,2,1,1.0,1,62624,M,,,62
200900063828,9,10,15,2350,5,2,1,1.0,6,62119,M,,,62
200900063829,9,10,14,1225,1,2,2,1.0,3,62178,M,,,62
200900063830,9,10,20,800,2,2,9,8.0,6,62178,M,,,62
200900063831,9,10,25,2000,3,1,1,1.0,4,62498,M,,,62
200900063832,9,10,11,1300,1,2,1,1.0,6,62510,M,,,62
200900063833,9,10,12,2245,5,2,1,1.0,6,62034,M,,,62
200900063834,9,10,18,1900,1,2,1,1.0,7,62032,M,,,62
200900063835,9,10,2,1325,1,2,1,1.0,3,62510,M,,,62
200900063836,9,10,18,1830,1,2,2,1.0,6,62765,M,,,62
200900063837,9,10,10,1220,1,2,1,1.0,6,62510,M,,,62
200900063838,9,10,27,1755,1,1,2,1.0,5,62516,M,,,62
200900063839,9,10,15,1750,2,2,1,1.0,6,62510,M,,,62
200900063840,9,10,14,2110,5,2,1,1.0,4,62510,M,,,62
200900063841,9,10,3,220,5,2,1,1.0,7,62108,M,,,62
200900063842,9,10,31,850,1,2,2,1.0,6,62667,M,,,62
200900063843,9,10,8,1930,2,1,1,1.0,2,62624,M,,,62
200900063844,9,10,19,345,5,2,6,1.0,7,62108,M,,,62
200900063845,9,10,6,1400,1,2,1,1.0,6,62351,M,,,62
200900063846,9,10,15,2325,4,1,2,1.0,3,62193,M,,,62
200900063847,9,10,2,1255,1,2,2,1.0,3,62193,M,,,62
200900063848,9,10,7,1940,5,2,2,2.0,3,62033,M,,,62
200900063849,9,10,5,1200,1,2,3,1.0,3,62498,M,,,62
200900063850,9,10,7,1930,2,2,1,2.0,1,62351,M,,,62
200900063851,9,10,1,1225,1,2,2,8.0,6,62065,M,,,62
200900063852,9,10,5,1225,1,2,3,2.0,6,62133,M,,,62
200900063853,9,10,4,2020,3,1,1,2.0,7,62194,M,,,62
200900063854,9,10,3,2015,5,1,1,2.0,4,62065,M,,,62
200900063855,9,10,13,2245,3,1,1,1.0,1,62516,M,,,62
200900063856,9,10,12,1045,1,2,1,1.0,3,62215,M,,,62
200900063857,9,10,1,1825,1,1,6,1.0,7,62753,M,,,62
200900063858,9,10,13,1730,1,2,1,1.0,6,62895,M,,,62
200900063859,9,10,8,1800,1,1,1,7.0,6,62193,M,,,62
200900063860,9,10,1,1430,1,2,1,1.0,7,62464,M,,,62
200900063861,9,10,8,1900,5,2,3,1.0,5,62523,M,,,62
200900063862,9,10,2,1730,1,2,1,1.0,6,62570,M,,,62
200900063863,9,10,15,1750,1,2,2,1.0,7,62193,M,,,62
200900063864,9,10,1,730,5,2,3,1.0,6,62041,M,,,62
200900063865,9,1,27,1030,1,2,1,8.0,6,93072,M,4.0,0,93
200900063866,9,1,28,800,2,2,1,8.0,2,93045,M,4.0,0,93
200900063867,9,1,31,2320,5,2,3,1.0,3,93072,M,4.0,0,93