Num_Acc,an,mois,jour,hrmn,lum,agg,int,atm,col,com,gps,lat,long,dep
200900063868,9,2,4,1140,1,2,1,1.0,1,93061,M,4.0,0,93
200900063869,9,2,5,45,5,2,1,2.0,6,93059,M,4.0,0,93
200900063870,9,2,11,1550,1,2,3,1.0,7,93045,M,4.0,0,93
200900063871,9,2,22,1450,1,2,1,1.0,3,93006,M,4.0,0,93
200900063872,9,2,22,2125,5,2,3,1.0,3,93006,M,4.0,0,93
200900063873,9,2,23,1510,1,2,1,8.0,4,93006,M,4.0,0,93
200900063874,9,2,24,1400,1,2,8,1.0,6,93027,M,4.0,0,93
200900063875,9,2,25,1230,1,2,1,1.0,3,93063,M,4.0,0,93
200900063876,9,3,2,2235,5,2,2,1.0,1,93045,M,4.0,0,93
200900063877,9,3,6,1310,1,2,1,1.0,6,93072,M,4.0,0,93
200900063878,9,3,11,1300,1,2,3,1.0,2,93059,M,4.0,0,93
200900063879,9,3,12,2230,5,2,1,1.0,3,93059,M,4.0,0,93
200900063880,9,3,14,1220,1,2,2,1.0,1,93006,M,4.0,0,93
200900063881,9,3,14,2210,5,2,2,1.0,3,93072,M,4.0,0,93
200900063882,9,3,16,1820,1,2,3,1.0,6,93061,M,4.0,0,93
200900063883,9,3,18,1110,1,2,1,1.0,6,93045,M,4.0,0,93
200900063884,9,3,18,2230,5,2,2,1.0,3,93072,M,4.0,0,93
200900063885,9,3,19,1620,1,2,1,1.0,5,93072,M,4.0,0,93
200900063886,9,3,20,1010,1,2,1,1.0,6,93072,M,4.0,0,93
200900063887,9,3,20,1845,2,1,1,1.0,3,93006,M,4.0,0,93
200900063888,9,3,20,1930,5,2,2,1.0,3,93006,M,4.0,0,93
200900063889,9,3,20,1930,5,2,1,1.0,1,93072,M,4.0,0,93
200900063890,9,3,23,1625,1,2,1,1.0,6,93045,M,4.0,0,93
200900063891,9,3,26,2100,5,2,1,2.0,6,93072,M,4.0,0,93
200900063892,9,3,27,1210,1,2,1,1.0,6,93006,M,4.0,0,93
200900063893,9,3,29,2350,5,2,1,1.0,3,93006,M,4.0,0,93
200900063894,9,4,3,935,1,2,1,1.0,6,93063,M,4.0,0,93
200900063895,9,4,4,2150,5,2,3,1.0,6,93063,M,4.0,0,93
200900063896,9,4,8,1600,1,2,2,2.0,6,93045,M,4.0,0,93
200900063897,9,4,14,1315,1,2,5,1.0,3,93006,M,4.0,0,93
200900063898,9,4,15,2130,5,2,1,1.0,3,93072,M,4.0,0,93
200900063899,9,4,19,630,5,2,6,2.0,6,93072,M,4.0,0,93
200900063900,9,4,20,1935,1,2,1,1.0,2,93072,M,4.0,0,93
200900063901,9,4,24,1440,1,2,1,1.0,3,93059,M,4.0,0,93
200900063902,9,4,25,1305,1,2,2,1.0,3,93006,M,4.0,0,93
200900063903,9,4,25,1615,1,2,1,2.0,3,93063,M,4.0,0,93
200900063904,9,4,30,730,1,2,1,1.0,6,93059,M,4.0,0,93
200900063905,9,5,1,2000,1,2,1,1.0,6,93072,M,4.0,0,93
200900063906,9,5,7,940,1,2,1,7.0,6,93072,M,4.0,0,93
200900063907,9,5,7,1415,1,2,1,1.0,2,93027,M,4.0,0,93
200900063908,9,5,7,1900,1,2,1,1.0,6,93072,M,4.0,0,93
200900063909,9,5,8,1040,1,2,1,1.0,6,93045,M,4.0,0,93
200900063910,9,5,9,1650,1,2,2,2.0,3,93063,M,4.0,0,93
200900063911,9,5,10,1550,1,2,3,8.0,3,93059,M,4.0,0,93
200900063912,9,5,15,1820,1,2,1,8.0,3,93045,M,4.0,0,93
200900063913,9,5,21,1420,1,2,3,1.0,6,93063,M,4.0,0,93
200900063914,9,5,24,320,5,2,1,1.0,6,93072,M,4.0,0,93
200900063915,9,5,25,115,4,2,1,1.0,6,93045,M,4.0,0,93
200900063916,9,5,25,1200,1,2,1,1.0,6,93006,M,4.0,0,93
200900063917,9,5,27,855,1,2,2,1.0,3,93072,M,4.0,0,93
200900063918,9,6,2,915,1,2,1,1.0,6,93013,M,4.0,0,93
200900063919,9,6,3,1900,1,2,1,1.0,3,93063,M,4.0,0,93
200900063920,9,6,3,1922,1,2,1,1.0,6,93047,M,4.0,0,93
200900063921,9,6,4,1440,1,2,2,1.0,3,93032,M,4.0,0,93
200900063922,9,6,5,1220,1,2,2,1.0,1,93045,M,4.0,0,93
200900063923,9,6,5,1815,1,2,1,1.0,6,93032,M,4.0,0,93
200900063924,9,6,5,1820,1,2,1,1.0,6,93010,M,4.0,0,93
200900063925,9,6,9,820,1,2,1,1.0,3,93045,M,4.0,0,93
200900063926,9,6,9,1800,1,2,3,1.0,3,93032,M,4.0,0,93
200900063927,9,6,11,2130,2,2,1,1.0,3,93059,M,4.0,0,93
200900063928,9,6,12,640,1,2,1,8.0,3,93059,M,4.0,0,93
200900063929,9,6,13,1950,1,2,1,1.0,3,93032,M,4.0,0,93
200900063930,9,6,15,1545,1,2,1,2.0,6,93063,M,4.0,0,93
200900063931,9,6,17,905,1,2,1,1.0,6,93072,M,4.0,0,93
200900063932,9,6,17,1100,1,2,1,1.0,6,93027,M,4.0,0,93
200900063933,9,6,17,1810,1,2,1,1.0,3,93063,M,4.0,0,93
200900063934,9,6,19,1840,1,2,1,1.0,6,93063,M,4.0,0,93
200900063935,9,6,20,1510,1,2,1,1.0,7,93072,M,4.0,0,93
200900063936,9,6,21,1740,1,2,1,1.0,2,93027,M,4.0,0,93
200900063937,9,6,22,2240,5,2,1,1.0,6,93072,M,4.0,0,93
200900063938,9,6,25,1650,1,2,2,1.0,3,93045,M,4.0,0,93
200900063939,9,6,27,2340,5,2,1,1.0,6,93027,M,4.0,0,93
200900063940,9,6,28,1250,1,2,2,1.0,4,93072,M,4.0,0,93
200900063941,9,6,28,1910,1,2,1,1.0,6,93006,M,4.0,0,93
200900063942,9,6,29,1240,1,2,1,1.0,3,93045,M,4.0,0,93
200900063943,9,6,29,1740,1,2,1,1.0,2,93027,M,4.0,0,93
200900063944,9,1,24,1610,1,2,1,1.0,6,93063,M,4.0,0,93
200900063945,9,1,27,1245,1,2,2,1.0,3,93045,M,4.0,0,93
200900063946,9,2,26,2310,5,2,1,1.0,6,93063,M,4.0,0,93
200900063947,9,3,7,2320,5,2,1,1.0,7,93072,M,4.0,0,93
200900063948,9,3,7,2320,5,2,1,1.0,7,93059,M,4.0,0,93
200900063949,9,3,17,1830,1,2,1,1.0,6,93006,M,4.0,0,93
200900063950,9,11,5,1810,3,1,1,2.0,1,14069,M,,,14
200900063951,9,11,9,1130,1,2,1,1.0,3,14366,M,,,14
200900063952,9,11,14,1505,1,2,1,1.0,6,14366,M,,,14
200900063953,9,7,22,1900,1,2,1,1.0,2,42218,M,4.0,0,42
200900063954,9,7,23,1045,1,1,1,8.0,1,42120,M,4.0,0,42
200900063955,9,7,24,1015,1,2,1,1.0,6,42218,M,4.0,0,42
200900063956,9,7,24,2315,5,2,1,1.0,6,42218,M,4.0,0,42
200900063957,9,7,25,1000,1,2,2,1.0,3,42218,M,4.0,0,42
200900063958,9,11,2,1915,5,2,1,1.0,3,11049,M,0.0,0,11
200900063959,9,11,25,130,3,1,1,1.0,2,11144,M,4.0,0,11
200900063960,9,11,2,1715,1,1,1,1.0,7,11140,M,4.0,0,11
200900063961,9,11,24,2300,3,2,1,1.0,7,11048,M,4.0,0,11
200900063962,9,11,6,2030,3,1,1,1.0,2,11136,M,4.0,0,11
200900063963,9,11,29,245,3,1,1,1.0,6,11393,M,0.0,0,11
200900063964,9,11,17,1700,1,1,1,1.0,3,11303,M,0.0,0,11
200900063965,9,11,2,845,1,1,1,1.0,6,11910,M,4.0,0,11
200900063966,9,11,3,830,1,2,2,1.0,3,11106,M,4.0,0,11
200900063967,9,11,23,1015,1,2,1,1.0,6,11170,M,4.0,0,11
200900063968,9,11,18,1930,3,1,1,1.0,1,11111,M,4.0,0,11
200900063969,9,11,18,1745,3,1,1,1.0,2,11198,M,0.0,0,11
200900063970,9,11,4,1700,2,1,1,3.0,5,11111,M,4.0,0,11
200900063971,9,11,21,1900,3,1,1,1.0,5,11262,M,4.0,0,11
200900063972,9,11,1,1145,1,1,1,1.0,7,11258,M,4.0,0,11
200900063973,9,11,7,830,1,1,1,1.0,7,11370,M,4.0,0,11
200900063974,9,11,12,1645,1,1,1,1.0,1,11024,M,4.0,0,11
200900063975,9,11,25,755,2,1,3,1.0,3,11076,M,,,11
200900063976,9,11,29,1030,1,2,1,1.0,3,11262,M,,,11
200900063977,9,11,28,204,3,1,1,2.0,7,11069,M,,,11
200900063978,9,11,20,1800,2,2,1,1.0,6,11069,M,,,11
200900063979,9,11,21,315,3,2,1,1.0,6,11262,M,,,11
200900063980,9,11,29,230,5,2,1,1.0,6,11262,M,,,11
200900063981,9,11,18,1000,1,2,1,1.0,2,11262,M,,,11
200900063982,9,11,3,1650,1,2,1,1.0,7,11262,M,,,11
200900063983,9,11,12,1720,1,2,1,1.0,6,11262,M,,,11
200900063984,9,11,27,740,1,2,2,1.0,3,11262,M,,,11
200900063985,9,11,14,820,1,2,1,1.0,7,11262,M,,,11
200900063986,9,11,5,722,2,1,2,1.0,3,11069,M,,,11
200900063987,9,11,14,215,5,2,1,1.0,7,11262,M,,,11
200900063988,9,11,15,1831,1,1,1,1.0,7,11069,M,,,11
200900063989,9,11,2,1105,1,2,1,1.0,6,11262,M,,,11
200900063990,9,11,3,1400,1,2,1,1.0,4,11262,M,,,11
200900063991,9,11,23,1115,1,2,1,1.0,2,11262,M,,,11
200900063992,9,11,23,1305,1,2,1,1.0,6,11262,M,,,11
200900063993,9,11,18,1650,1,2,1,1.0,6,11262,M,,,11
200900063994,9,11,12,2013,3,1,2,1.0,3,11069,M,,,11
200900063995,9,11,20,2015,5,2,1,1.0,3,11262,M,,,11
200900063996,9,12,14,1100,1,2,1,1.0,7,11262,M,,,11
200900063997,9,12,5,1820,2,2,1,1.0,2,11262,M,,,11
200900063998,9,12,4,1915,5,2,1,1.0,3,11262,M,,,11
200900063999,9,12,5,1545,1,2,1,1.0,2,11262,M,,,11
200900064000,9,12,15,1755,1,2,1,1.0,7,11262,M,,,11
200900064001,9,12,16,1615,1,2,2,1.0,3,11262,M,,,11
200900064002,9,12,29,1700,1,2,1,1.0,3,11262,M,,,11
200900064003,9,12,9,1500,1,1,1,1.0,3,11288,M,4.0,0,11
200900064004,9,12,26,1215,1,1,2,2.0,3,11418,M,0.0,0,11
200900064005,9,12,12,1900,4,1,1,1.0,6,11379,M,4.0,0,11
200900064006,9,12,20,615,3,1,1,1.0,7,11336,M,0.0,0,11
200900064007,9,12,19,1045,1,1,1,1.0,1,11151,M,4.0,0,11
200900064008,9,12,2,1800,1,2,2,1.0,3,11262,M,,,11
200900064009,9,12,9,1845,3,1,1,1.0,3,11084,M,0.0,0,11
200900064010,9,12,11,815,1,2,1,1.0,7,11262,M,,,11
200900064011,9,12,16,1715,2,2,1,1.0,6,11262,M,,,11
200900064012,9,12,17,1400,1,2,2,1.0,3,11262,M,,,11
200900064013,9,12,21,1830,5,2,1,1.0,6,11262,M,,,11
200900064014,9,12,21,2125,1,2,1,1.0,7,11262,M,,,11
200900064015,9,12,22,1300,1,2,2,1.0,3,11262,M,,,11
200900064016,9,12,24,1700,2,2,1,1.0,3,11262,M,,,11
200900064017,9,12,25,1430,1,2,2,1.0,3,11262,M,,,11
200900064018,9,12,2,1415,1,2,2,1.0,3,11076,M,,,11
200900064019,9,12,17,1750,5,2,9,8.0,3,11262,M,,,11
200900064020,9,12,30,1930,3,1,1,8.0,7,11279,M,0.0,0,11
200900064021,9,12,18,1840,2,2,1,8.0,6,11069,M,,,11
200900064022,9,12,11,1052,1,2,1,1.0,6,11069,M,,,11
200900064023,9,12,27,1100,1,2,3,1.0,3,11069,M,,,11
200900064024,9,7,27,1339,1,2,3,1.0,3,42218,M,4.0,0,42
200900064025,9,7,27,1905,1,2,1,1.0,3,42330,M,4.0,0,42
200900064026,9,7,31,1645,1,2,1,1.0,7,42031,M,4.0,0,42
200900064027,9,7,23,1345,1,2,1,1.0,2,42071,M,,,42
200900064028,9,7,25,2150,5,2,1,1.0,1,42187,M,,,42
200900064029,9,7,25,1800,1,2,4,1.0,3,42187,M,,,42
200900064030,9,7,15,1840,1,2,3,1.0,3,42071,M,,,42
200900064031,9,7,16,650,1,2,6,1.0,3,42184,M,,,42
200900064032,9,7,12,2105,2,2,1,1.0,2,42071,M,,,42
200900064033,9,7,31,800,1,2,1,1.0,6,42187,M,,,42
200900064034,9,7,7,1510,1,2,1,1.0,2,42184,M,,,42
200900064035,9,7,30,1240,1,2,6,1.0,2,42187,M,,,42
200900064036,9,7,1,1800,1,2,1,1.0,2,42187,M,,,42
200900064037,9,7,10,1545,1,2,1,1.0,2,42071,M,,,42
200900064038,9,7,15,1815,1,1,1,1.0,3,42170,M,,,42
200900064039,9,7,2,1451,1,2,2,1.0,3,42187,M,,,42
200900064040,9,7,5,2215,1,2,1,1.0,6,42187,M,,,42
200900064041,9,7,28,1115,1,2,1,1.0,2,42187,M,,,42
200900064042,9,7,2,555,2,1,1,1.0,2,42218,M,,,42
200900064043,9,7,6,705,1,1,1,1.0,6,42097,M,,,42
200900064044,9,7,8,615,1,1,1,1.0,7,42044,M,,,42
200900064045,9,7,6,1445,1,1,1,1.0,1,42095,M,,,42
200900064046,9,7,24,520,2,1,1,1.0,2,42044,M,,,42
200900064047,9,7,16,1030,1,1,1,1.0,1,42227,M,4.0,0,42
200900064048,9,7,3,30,3,1,1,1.0,7,42156,M,4.0,0,42
200900064049,9,7,11,1630,1,1,1,1.0,7,42257,M,4.0,0,42
200900064050,9,7,5,1915,1,2,1,1.0,3,42240,M,4.0,0,42
200900064051,9,7,29,1615,1,1,1,1.0,1,42138,M,4.0,0,42
200900064052,9,7,14,1745,1,1,1,1.0,5,42023,M,4.0,0,42
200900064053,9,7,10,1700,1,1,1,1.0,6,42019,M,4.0,0,42
200900064054,9,7,26,1715,1,1,1,1.0,7,42076,M,4.0,0,42
200900064055,9,7,24,1400,1,1,2,1.0,3,42153,M,4.0,0,42
200900064056,9,7,29,1030,1,1,1,1.0,3,42294,M,4.0,0,42
200900064057,9,7,15,1345,1,2,1,1.0,3,42058,M,4.0,0,42
200900064058,9,7,15,1815,1,1,1,1.0,1,42328,M,4.0,0,42
200900064059,9,7,23,300,3,1,1,1.0,6,42149,M,4.0,0,42
200900064060,9,7,8,1640,1,2,1,1.0,1,42099,M,4.0,0,42
200900064061,9,7,10,2230,3,1,1,1.0,6,42316,M,,,42
200900064062,9,7,17,640,1,2,2,2.0,3,42095,M,4.0,0,42
200900064063,9,7,17,1530,1,1,1,2.0,5,42031,M,4.0,0,42
200900064064,9,7,14,1540,1,2,2,1.0,3,42218,M,4.0,0,42
200900064065,9,7,4,1925,1,2,1,1.0,3,42218,M,4.0,0,42
200900064066,9,7,21,1407,1,2,1,1.0,7,42218,M,4.0,0,42
200900064067,9,7,21,1200,1,2,1,1.0,3,42218,M,4.0,0,42
200900064068,9,7,2,1159,1,2,2,1.0,3,42218,M,,,42
200900064069,9,7,24,1523,1,2,1,2.0,6,42218,M,4.0,0,42
200900064070,9,7,2,1737,1,2,1,1.0,6,42218,M,,,42
200900064071,9,7,17,1507,1,2,3,1.0,3,42218,M,,,42
200900064072,9,7,23,2013,1,2,1,1.0,7,42218,M,,,42
200900064073,9,7,20,1940,1,2,3,1.0,3,42186,M,,,42
200900064074,9,7,1,1410,1,2,1,1.0,1,42186,M,4.0,0,42
200900064075,9,7,26,1835,1,2,1,1.0,6,42095,M,4.0,0,42
200900064076,9,7,31,1945,1,2,1,1.0,6,42183,M,,,42
200900064077,9,4,2,205,5,2,1,1.0,6,31555,M,,,31
200900064078,9,3,13,940,1,2,1,1.0,4,31555,M,,,31
200900064079,9,3,19,1420,1,2,1,1.0,3,31555,M,,,31
200900064080,9,8,2,1750,1,2,3,1.0,1,42184,M,4.0,0,42
200900064081,9,8,13,1930,1,2,1,7.0,6,42168,M,4.0,0,42
200900064082,9,8,17,1100,1,2,9,1.0,7,42147,M,4.0,0,42
200900064083,9,11,8,1350,1,2,1,1.0,7,26058,M,4.0,0,26
200900064084,9,8,23,2130,3,1,1,1.0,7,42321,M,4.0,0,42
200900064085,9,11,3,1234,1,2,3,2.0,3,26281,M,4.0,0,26
200900064086,9,8,28,1315,1,2,7,1.0,3,42108,M,4.0,0,42
200900064087,9,8,29,1830,1,1,1,1.0,7,42338,M,4.0,0,42
200900064088,9,8,8,915,1,2,1,8.0,1,42218,M,4.0,0,42
200900064089,9,8,3,1200,1,2,1,1.0,2,42218,M,4.0,0,42
200900064090,9,8,19,1005,1,2,2,1.0,6,42218,M,,,42
200900064091,9,8,8,1610,1,2,1,1.0,6,42218,M,4.0,0,42
200900064092,9,8,21,1826,1,1,6,1.0,3,42223,M,,,42
200900064093,9,8,25,1930,1,2,3,3.0,3,42218,M,,,42
200900064094,9,8,2,20,5,2,1,1.0,2,42218,M,,,42
200900064095,9,8,19,1412,1,2,1,1.0,6,42218,M,,,42
200900064096,9,8,7,1659,1,2,2,1.0,6,42218,M,,,42
200900064097,9,8,7,1422,1,2,6,2.0,7,42218,M,,,42
200900064098,9,8,26,1802,1,2,3,2.0,1,42218,M,,,42
200900064099,9,8,3,1930,1,2,1,1.0,3,42218,M,4.0,0,42
200900064100,9,8,17,1920,1,2,3,1.0,1,42223,M,,,42
200900064101,9,8,31,1310,1,1,1,1.0,3,42237,M,,,42
200900064102,9,8,17,1745,1,2,3,1.0,6,42218,M,,,42
200900064103,9,8,20,1750,1,2,2,1.0,6,42218,M,4.0,0,42
200900064104,9,8,24,1345,1,2,6,1.0,2,42275,M,,,42
200900064105,9,8,3,1040,1,1,1,1.0,3,42110,M,,,42
200900064106,9,8,16,1615,1,1,1,1.0,6,42207,M,,,42
200900064107,9,8,1,1540,1,1,1,1.0,3,42186,M,,,42
200900064108,9,8,20,320,5,2,3,1.0,3,42187,M,,,42
200900064109,9,8,5,1450,1,2,1,1.0,3,42187,M,,,42
200900064110,9,8,25,1545,1,2,2,1.0,3,42187,M,,,42
200900064111,9,8,26,1805,1,2,2,1.0,2,42127,M,,,42
200900064112,9,8,11,1730,1,2,1,1.0,2,42187,M,,,42
200900064113,9,8,1,2110,2,2,6,1.0,3,42184,M,,,42
200900064114,9,8,25,2040,1,2,1,1.0,3,42187,M,,,42
200900064115,9,8,26,1540,1,2,1,1.0,6,42187,M,,,42
200900064116,9,8,5,320,5,2,3,1.0,3,42187,M,4.0,0,42
200900064117,9,8,10,1105,1,2,1,1.0,3,42207,M,,,42
200900064118,9,8,28,1545,1,1,1,1.0,6,42332,M,4.0,0,42
200900064119,9,8,2,745,1,1,1,1.0,6,42155,M,4.0,0,42
200900064120,9,8,3,1,3,1,1,1.0,7,42201,M,4.0,0,42
200900064121,9,8,1,2030,1,1,3,1.0,1,42126,M,4.0,0,42
200900064122,9,8,5,800,1,1,9,1.0,3,42251,M,4.0,0,42
200900064123,9,8,23,1530,1,1,1,1.0,5,42329,M,4.0,0,42
200900064124,9,8,23,1000,1,2,1,1.0,5,42177,M,4.0,0,42
200900064125,9,8,25,1000,1,1,1,3.0,1,42082,M,4.0,0,42
200900064126,9,8,25,1700,1,1,1,2.0,3,42293,M,4.0,0,42
200900064127,9,8,31,1900,1,1,1,1.0,5,42261,M,4.0,0,42
200900064128,9,8,25,715,2,1,1,3.0,6,42082,M,4.0,0,42
200900064129,9,8,2,645,1,1,1,1.0,6,42233,M,4.0,0,42
200900064130,9,8,5,2015,1,1,1,1.0,7,42128,M,4.0,0,42
200900064131,9,8,30,1115,1,2,6,1.0,3,42299,M,4.0,0,42
200900064132,9,8,30,1800,1,2,4,1.0,3,42147,M,4.0,0,42
200900064133,9,8,18,1000,1,2,1,1.0,7,42103,M,4.0,0,42
200900064134,9,8,31,1410,1,2,1,1.0,6,42095,M,,,42
200900064135,9,8,26,1400,1,2,1,1.0,2,42127,M,4.0,0,42
200900064136,9,8,30,1550,1,2,1,1.0,3,42099,M,4.0,0,42
200900064137,9,8,31,35,5,2,1,1.0,6,42044,M,4.0,0,42
200900064138,9,8,31,715,1,1,1,1.0,1,42044,M,4.0,0,42
200900064139,9,9,2,1810,1,2,1,1.0,2,42127,M,4.0,0,42
200900064140,9,5,20,1530,1,2,1,1.0,3,31555,M,,,31
200900064141,9,5,20,1845,1,2,1,1.0,3,31555,M,,,31
200900064142,9,5,27,1705,1,1,1,1.0,4,31555,M,4.0,0,31
200900064143,9,5,27,1715,1,1,1,1.0,3,31555,M,4.0,0,31
200900064144,9,5,29,2030,1,2,2,1.0,5,31555,M,,,31
200900064145,9,11,3,720,2,2,6,2.0,3,26362,M,4.0,0,26
200900064146,9,6,22,1720,1,2,1,1.0,6,31555,M,,,31
200900064147,9,9,13,2125,3,2,1,1.0,7,42147,M,4.0,0,42
200900064148,9,7,30,2345,5,2,1,1.0,3,31555,M,,,31
200900064149,9,7,8,15,5,2,1,1.0,6,31555,M,,,31
200900064150,9,8,15,312,5,2,1,1.0,1,31555,M,,,31
200900064151,9,8,28,2155,5,2,1,1.0,1,31555,M,,,31
200900064152,9,11,7,1220,1,2,1,1.0,1,26362,M,4.0,0,26
200900064153,9,9,5,1832,1,2,1,1.0,6,31555,M,,,31
200900064154,9,9,30,1250,1,2,1,1.0,6,31555,M,,,31
200900064155,9,10,6,545,1,2,1,1.0,6,31555,M,,,31
200900064156,9,10,6,1649,1,2,1,1.0,2,31555,M,,,31
200900064157,9,10,12,1450,1,2,1,1.0,3,31555,M,,,31
200900064158,9,10,20,745,5,2,1,1.0,2,31555,M,,,31
200900064159,9,11,26,1146,1,2,3,1.0,1,31555,M,,,31
200900064160,9,11,3,1500,1,1,1,1.0,1,69171,M,0.0,0,69
200900064161,9,11,18,1145,1,1,1,1.0,6,69111,M,0.0,0,69
200900064162,9,11,1,1200,1,2,6,1.0,1,69227,M,0.0,0,69
200900064163,9,11,3,1815,5,2,3,2.0,1,69081,M,0.0,0,69
200900064164,9,11,5,730,1,1,2,1.0,3,69215,M,0.0,0,69
200900064165,9,11,10,1115,1,2,1,3.0,6,69127,M,0.0,0,69
200900064166,9,11,6,1025,1,1,1,8.0,7,69091,M,,,69
200900064167,9,11,6,2130,3,1,1,1.0,6,69195,M,0.0,0,69
200900064168,9,11,11,1800,3,1,2,1.0,3,69263,M,0.0,0,69
200900064169,9,11,12,715,1,1,1,1.0,5,69077,M,0.0,0,69
200900064170,9,11,12,1745,5,2,1,2.0,6,69032,M,0.0,0,69
200900064171,9,11,14,1900,3,1,1,2.0,1,69148,M,0.0,0,69
200900064172,9,11,14,930,1,2,1,1.0,7,69244,M,0.0,0,69
200900064173,9,11,29,1345,1,1,1,1.0,2,69013,M,0.0,0,69
200900064174,9,11,1,930,1,1,1,1.0,7,69090,M,0.0,0,69
200900064175,9,11,4,800,1,2,1,1.0,6,69100,M,0.0,0,69
200900064176,9,11,8,1930,3,1,1,1.0,3,69171,M,0.0,0,69
200900064177,9,11,16,2000,5,2,1,1.0,6,69273,M,0.0,0,69
200900064178,9,11,13,1430,1,1,1,1.0,6,69056,M,0.0,0,69
200900064179,9,11,15,2130,5,2,1,1.0,3,69010,M,0.0,0,69
200900064180,9,11,18,915,1,2,6,1.0,3,69094,M,4.0,0,69
200900064181,9,11,21,2345,5,2,1,1.0,3,69277,M,0.0,0,69
200900064182,9,11,18,1930,5,2,9,1.0,6,69244,M,0.0,0,69
200900064183,9,11,23,1600,1,1,1,1.0,3,69056,M,0.0,0,69
200900064184,9,11,28,215,5,1,1,1.0,3,69238,M,0.0,0,69
200900064185,9,11,29,300,3,1,1,1.0,6,69068,M,0.0,0,69
200900064186,9,11,30,1645,1,2,1,1.0,6,69204,M,0.0,0,69
200900064187,9,11,28,1630,2,2,1,1.0,6,69286,M,0.0,0,69
200900064188,9,11,26,1615,1,2,1,1.0,7,69089,M,0.0,0,69
200900064189,9,11,16,1700,1,2,2,1.0,6,69383,M,,,69
200900064190,9,11,17,1550,1,2,1,1.0,6,69152,M,,,69
200900064191,9,11,17,1130,1,2,2,1.0,3,69290,M,,,69
200900064192,9,11,18,1050,1,2,2,1.0,2,69383,M,,,69
200900064193,9,11,18,1535,1,2,1,1.0,6,69389,M,,,69
200900064194,9,11,18,1800,5,2,1,1.0,6,69383,M,,,69
200900064195,9,11,18,2025,5,2,2,1.0,6,69383,M,,,69
200900064196,9,11,19,1830,5,2,1,1.0,3,69149,M,,,69
200900064197,9,11,20,1000,1,2,3,1.0,6,69383,M,,,69
200900064198,9,11,20,1350,1,2,1,1.0,3,69290,M,,,69
200900064199,9,11,21,1320,1,2,1,1.0,3,69389,M,,,69
200900064200,9,11,21,2025,5,2,2,1.0,3,69383,M,,,69
200900064201,9,11,24,1750,3,2,1,1.0,3,69290,M,,,69
200900064202,9,11,25,2020,5,2,1,1.0,6,69383,M,,,69
200900064203,9,11,26,1515,1,2,1,1.0,6,69389,M,,,69
200900064204,9,11,29,2040,5,2,4,3.0,6,69202,M,,,69
200900064205,9,11,30,840,1,2,1,2.0,2,69389,M,,,69
200900064206,9,11,5,1930,3,1,1,1.0,4,69072,M,,,69
200900064207,9,11,8,1250,1,1,9,1.0,2,69389,M,,,69
200900064208,9,11,12,830,1,1,1,1.0,2,69266,M,,,69
200900064209,9,11,22,750,1,1,1,2.0,6,69199,M,,,69
200900064210,9,11,24,1650,1,1,1,1.0,2,69382,M,,,69
200900064211,9,11,28,1400,1,2,2,1.0,3,69096,M,,,69
200900064212,9,11,2,610,5,2,4,3.0,3,69383,M,,,69
200900064213,9,11,2,1650,1,1,1,1.0,2,69283,M,,,69
200900064214,9,11,3,745,2,1,1,8.0,3,69029,M,,,69
200900064215,9,11,3,1910,5,1,1,2.0,4,69259,M,,,69
200900064216,9,11,3,1910,5,1,1,2.0,4,69297,M,,,69
200900064217,9,11,4,805,1,1,1,8.0,3,69152,M,,,69
200900064218,9,11,4,1005,1,1,9,1.0,6,69271,M,,,69
200900064219,9,11,4,1015,1,1,1,1.0,7,69297,M,,,69
200900064220,9,11,5,1315,1,1,1,2.0,6,69256,M,,,69
200900064221,9,11,5,1325,1,1,1,1.0,7,69027,M,,,69
200900064222,9,11,5,1940,3,1,1,1.0,7,69256,M,,,69
200900064223,9,11,5,2000,5,2,2,8.0,3,69386,M,,,69
200900064224,9,11,6,1335,1,2,2,1.0,6,69383,M,,,69
200900064225,9,11,6,1400,1,1,1,1.0,2,69266,M,,,69
200900064226,9,11,7,1015,1,1,1,1.0,6,69283,M,,,69
200900064227,9,11,7,1210,1,1,1,2.0,7,69256,M,,,69
200900064228,9,11,7,1940,5,1,1,8.0,2,69029,M,,,69
200900064229,9,11,7,2145,5,2,2,9.0,2,69383,M,,,69
200900064230,9,11,10,1605,1,2,1,8.0,6,69096,M,,,69
200900064231,9,11,8,330,3,1,1,2.0,7,69283,M,,,69
200900064232,9,11,8,430,5,2,2,1.0,6,69386,M,,,69
200900064233,9,11,9,515,5,1,1,1.0,2,69029,M,,,69
200900064234,9,11,8,645,2,1,1,5.0,6,69029,M,,,69
200900064235,9,11,9,2010,5,2,2,2.0,6,69386,M,,,69
200900064236,9,11,22,1555,1,1,1,8.0,7,69256,M,,,69
200900064237,9,11,10,830,1,1,1,2.0,2,69027,M,,,69
200900064238,9,11,10,1100,1,1,9,2.0,7,69029,M,,,69
200900064239,9,11,11,1635,1,2,1,1.0,7,69096,M,,,69
200900064240,9,11,11,120,5,2,1,8.0,1,69091,M,,,69
200900064241,9,11,13,1730,5,1,2,1.0,3,69199,M,,,69
200900064242,9,11,11,1820,5,2,5,1.0,3,69091,M,,,69
200900064243,9,11,11,1940,5,1,1,2.0,3,69256,M,,,69
200900064244,9,11,13,220,5,1,1,2.0,6,69276,M,,,69