Num_Acc,an,mois,jour,hrmn,lum,agg,int,atm,col,com,gps,lat,long,dep
200900064629,9,10,14,800,1,2,8,1.0,6,57227,M,,,57
200900064630,9,10,22,1445,1,2,1,1.0,6,57672,M,,,57
200900064631,9,10,22,750,2,2,1,8.0,2,57672,M,,,57
200900064632,9,10,14,1400,1,2,1,1.0,7,57508,M,,,57
200900064633,9,10,6,1815,1,2,1,2.0,7,57368,M,,,57
200900064634,9,10,24,1900,4,2,1,1.0,3,57537,M,,,57
200900064635,9,10,29,1920,3,1,3,1.0,3,57306,M,,,57
200900064636,9,10,6,1221,1,2,1,1.0,7,57227,M,,,57
200900064637,9,10,26,1138,1,2,1,1.0,2,57672,M,,,57
200900064638,9,10,8,845,1,2,1,1.0,3,57221,M,,,57
200900064639,9,10,26,1150,1,2,1,8.0,4,57672,M,,,57
200900064640,9,10,30,840,1,1,1,1.0,6,57757,M,,,57
200900064641,9,10,26,1800,5,2,1,1.0,6,57672,M,,,57
200900064642,9,10,12,1000,1,2,2,1.0,6,57227,M,,,57
200900064643,9,10,1,1526,1,2,2,1.0,3,57227,M,,,57
200900064644,9,10,1,1710,1,2,1,1.0,3,57672,M,,,57
200900064645,9,10,2,1005,1,2,1,1.0,2,57253,M,,,57
200900064646,9,10,18,1130,1,2,1,1.0,6,57672,M,,,57
200900064647,9,10,2,1730,1,2,1,1.0,2,57757,M,,,57
200900064648,9,10,3,1335,1,2,1,1.0,1,57463,M,,,57
200900064649,9,10,12,825,1,1,1,8.0,6,57041,M,,,57
200900064650,9,10,23,1818,5,2,1,2.0,2,57463,M,,,57
200900064651,9,10,17,1050,1,2,1,2.0,6,57463,M,,,57
200900064652,9,10,31,1815,5,2,1,1.0,6,57463,M,,,57
200900064653,9,10,29,1320,1,2,1,8.0,3,57480,M,,,57
200900064654,9,10,27,1900,5,2,1,1.0,6,57480,M,,,57
200900064655,9,10,24,1818,5,2,1,2.0,2,57463,M,,,57
200900064656,9,10,20,1835,5,2,1,1.0,6,57463,M,,,57
200900064657,9,10,20,2000,5,2,1,1.0,6,57463,M,,,57
200900064658,9,10,25,1920,3,2,3,1.0,3,57463,M,,,57
200900064659,9,10,19,1810,1,2,1,1.0,2,57463,M,,,57
200900064660,9,10,17,1010,1,2,1,8.0,6,57463,M,,,57
200900064661,9,10,24,1435,1,2,1,2.0,7,57463,M,,,57
200900064662,9,10,31,1650,1,2,1,1.0,3,57642,M,,,57
200900064663,9,10,2,1710,1,2,4,1.0,6,57463,M,,,57
200900064664,9,10,6,1450,1,2,1,2.0,6,57672,M,,,57
200900064665,9,10,4,2050,5,2,3,1.0,7,57463,M,,,57
200900064666,9,10,13,2230,5,2,1,1.0,6,57463,M,,,57
200900064667,9,10,13,730,2,2,1,1.0,6,57672,M,,,57
200900064668,9,10,2,1150,1,2,6,1.0,3,57672,M,,,57
200900064669,9,10,11,720,1,2,1,1.0,2,57019,M,,,57
200900064670,9,10,4,1420,1,2,2,1.0,3,57019,M,,,57
200900064671,9,10,11,1715,1,1,1,1.0,1,57441,M,,,57
200900064672,9,10,6,1715,1,2,1,2.0,5,57463,M,,,57
200900064673,9,10,9,2010,5,2,1,1.0,6,57049,M,,,57
200900064674,9,10,10,300,5,2,3,1.0,6,57049,M,,,57
200900064675,9,10,7,1648,1,2,1,1.0,6,57463,M,,,57
200900064676,9,10,6,1540,1,2,1,2.0,1,57616,M,,,57
200900064677,9,10,15,1525,1,2,2,1.0,3,57463,M,,,57
200900064678,9,10,6,1750,1,2,2,2.0,3,57672,M,,,57
200900064679,9,11,3,1740,2,2,1,1.0,3,57537,M,,,57
200900064680,9,11,12,1600,1,1,1,2.0,2,57527,M,0.0,0,57
200900064681,9,11,7,15,3,1,1,1.0,6,57013,M,0.0,0,57
200900064682,9,11,23,745,1,1,1,1.0,7,57086,M,0.0,0,57
200900064683,9,11,13,1815,3,2,1,2.0,6,57042,M,4.0,0,57
200900064684,9,11,24,1400,1,1,1,3.0,7,57038,M,4.0,0,57
200900064685,9,11,9,1900,3,1,1,2.0,4,57549,M,0.0,0,57
200900064686,9,11,25,300,3,1,1,1.0,6,57382,M,0.0,0,57
200900064687,9,11,12,1230,1,2,1,1.0,6,57712,M,0.0,0,57
200900064688,9,11,24,1730,3,1,1,1.0,6,57533,M,0.0,0,57
200900064689,9,11,14,15,3,1,1,1.0,6,57217,M,0.0,0,57
200900064690,9,11,7,330,5,2,1,8.0,1,57686,M,0.0,0,57
200900064691,9,11,15,1100,1,1,1,1.0,1,57047,M,0.0,0,57
200900064692,9,11,4,1645,2,1,1,1.0,1,57160,M,0.0,0,57
200900064693,9,11,16,1315,1,1,1,2.0,1,57161,M,0.0,0,57
200900064694,9,11,29,500,3,1,1,2.0,7,57598,M,0.0,0,57
200900064695,9,11,7,1630,1,1,1,3.0,3,57482,M,4.0,0,57
200900064696,9,11,6,1915,2,1,1,2.0,3,57540,M,0.0,0,57
200900064697,9,11,13,1800,3,1,1,1.0,1,57137,M,0.0,0,57
200900064698,9,11,23,1725,5,2,1,3.0,6,57672,M,,,57
200900064699,9,11,20,1735,5,2,1,1.0,6,57672,M,,,57
200900064700,9,11,7,1335,1,1,1,1.0,7,57672,M,,,57
200900064701,9,11,5,1155,1,2,2,2.0,3,57757,M,,,57
200900064702,9,11,5,1730,5,2,3,1.0,6,57631,M,,,57
200900064703,9,11,16,1415,1,2,6,2.0,6,57463,M,,,57
200900064704,9,11,30,1550,1,1,2,1.0,5,57672,M,,,57
200900064705,9,11,20,1535,1,1,1,1.0,3,57672,M,,,57
200900064706,9,11,7,1835,3,1,1,2.0,1,57672,M,,,57
200900064707,9,11,5,1900,5,1,1,2.0,6,57672,M,,,57
200900064708,9,11,19,1735,3,2,3,1.0,3,57463,M,,,57
200900064709,9,11,19,1325,1,2,2,1.0,3,57019,M,,,57
200900064710,9,11,18,2000,5,2,1,1.0,6,57672,M,,,57
200900064711,9,11,22,1325,1,2,6,1.0,3,57253,M,,,57
200900064712,9,11,17,1755,5,2,2,2.0,6,57672,M,,,57
200900064713,9,11,10,749,1,2,2,2.0,2,57672,M,,,57
200900064714,9,11,17,1745,3,1,1,2.0,6,57143,M,,,57
200900064715,9,11,24,1015,1,2,3,2.0,1,57463,M,,,57
200900064716,9,11,19,1740,2,1,1,1.0,2,57606,M,,,57
200900064717,9,11,19,930,1,2,4,5.0,6,57672,M,,,57
200900064718,9,11,19,740,1,2,1,1.0,6,57463,M,,,57
200900064719,9,11,29,1905,5,2,1,3.0,3,57463,M,,,57
200900064720,9,11,21,1830,5,2,1,1.0,3,57463,M,,,57
200900064721,9,11,2,1820,5,2,1,8.0,6,57757,M,,,57
200900064722,9,11,11,1445,1,1,1,1.0,2,57433,M,,,57
200900064723,9,11,16,1350,1,1,1,8.0,5,57487,M,,,57
200900064724,9,11,17,800,2,1,1,3.0,3,57303,M,,,57
200900064725,9,11,2,900,1,2,1,2.0,2,57350,M,0.0,0,57
200900064726,9,11,16,1125,1,1,1,2.0,5,57672,M,,,57
200900064727,9,11,14,1430,1,2,1,1.0,5,57572,M,0.0,0,57
200900064728,9,11,28,1925,5,2,2,8.0,6,57306,M,,,57
200900064729,9,11,29,1700,5,2,1,2.0,6,57306,M,,,57
200900064730,9,11,29,1910,5,2,1,2.0,6,57368,M,,,57
200900064731,9,11,21,1440,1,2,1,1.0,2,57306,M,,,57
200900064732,9,11,18,745,1,2,1,1.0,6,57227,M,,,57
200900064733,9,11,27,1730,5,2,1,1.0,6,57227,M,,,57
200900064734,9,11,6,745,1,1,3,8.0,3,57463,M,,,57
200900064735,9,11,5,1945,3,2,4,2.0,6,57253,M,,,57
200900064736,9,11,4,825,1,1,2,1.0,6,57480,M,,,57
200900064737,9,11,6,1445,1,2,1,1.0,6,57463,M,,,57
200900064738,9,11,3,1845,5,2,3,2.0,5,57463,M,,,57
200900064739,9,12,1,1045,1,2,1,1.0,6,57630,M,,,57
200900064740,9,12,1,125,5,2,1,1.0,6,57463,M,,,57
200900064741,9,12,9,855,1,2,1,1.0,6,57463,M,,,57
200900064742,9,12,3,2230,5,2,3,1.0,7,57463,M,,,57
200900064743,9,12,3,1720,5,2,3,1.0,6,57463,M,,,57
200900064744,9,12,9,1130,1,2,6,1.0,2,57672,M,,,57
200900064745,9,12,12,1725,3,2,1,1.0,6,57672,M,,,57
200900064746,9,12,7,1800,5,2,2,2.0,3,57672,M,,,57
200900064747,9,12,10,1715,2,2,2,1.0,3,57672,M,,,57
200900064748,9,12,8,2310,5,2,1,1.0,2,57672,M,,,57
200900064749,9,12,5,1925,5,2,3,2.0,5,57463,M,,,57
200900064750,9,12,12,1805,5,2,1,1.0,6,57672,M,,,57
200900064751,9,12,4,1020,1,2,1,1.0,3,57757,M,,,57
200900064752,9,12,11,2025,5,2,1,1.0,1,57463,M,,,57
200900064753,9,12,5,1620,1,2,1,2.0,5,57672,M,,,57
200900064754,9,12,7,1848,3,1,1,3.0,2,57552,M,,,57
200900064755,9,12,19,2310,3,1,1,1.0,5,57751,M,,,57
200900064756,9,12,20,1815,3,1,1,4.0,2,57303,M,,,57
200900064757,9,12,23,1830,5,2,1,1.0,6,57060,M,4.0,0,57
200900064758,9,12,5,745,2,2,1,1.0,6,57535,M,0.0,0,57
200900064759,9,12,13,1545,1,1,1,4.0,3,57620,M,4.0,0,57
200900064760,9,12,14,1715,3,1,1,1.0,5,57482,M,0.0,0,57
200900064761,9,12,1,1700,5,2,1,2.0,6,57207,M,4.0,0,57
200900064762,9,12,24,1900,3,1,1,2.0,6,57039,M,4.0,0,57
200900064763,9,12,12,1745,5,2,1,2.0,6,57474,M,0.0,0,57
200900064764,9,12,18,1315,1,1,1,1.0,1,57089,M,4.0,0,57
200900064765,9,12,4,1130,1,2,7,1.0,6,57540,M,0.0,0,57
200900064766,9,12,9,2015,4,1,1,2.0,4,57693,M,0.0,0,57
200900064767,9,12,1,1930,2,1,1,1.0,1,57443,M,4.0,0,57
200900064768,9,12,4,1800,5,2,3,1.0,1,57480,M,,,57
200900064769,9,12,6,1925,5,2,1,2.0,6,57480,M,,,57
200900064770,9,12,15,545,5,2,3,1.0,3,57672,M,,,57
200900064771,9,12,22,640,5,2,1,2.0,6,57463,M,,,57
200900064772,9,12,24,1130,1,2,3,2.0,3,57463,M,,,57
200900064773,9,12,23,2355,5,2,2,2.0,3,57463,M,,,57
200900064774,9,12,17,740,2,2,1,2.0,6,57253,M,,,57
200900064775,9,12,19,1505,1,2,2,1.0,3,57463,M,,,57
200900064776,9,12,17,1020,1,2,1,1.0,5,57630,M,,,57
200900064777,9,12,17,1645,2,2,1,1.0,6,57642,M,,,57
200900064778,9,12,16,1700,5,2,1,1.0,2,57253,M,,,57
200900064779,9,12,22,1708,5,2,8,3.0,6,57630,M,,,57
200900064780,9,12,12,1615,1,2,1,1.0,6,57700,M,0.0,0,57
200900064781,9,12,16,1030,1,2,3,1.0,3,57221,M,,,57
200900064782,9,12,17,815,1,2,1,1.0,6,57306,M,,,57
200900064783,9,12,8,1450,1,2,1,3.0,6,57368,M,,,57
200900064784,9,12,9,2115,5,2,1,2.0,2,57012,M,,,57
200900064785,9,12,4,1820,5,2,1,1.0,6,57306,M,,,57
200900064786,9,12,9,1715,3,1,3,1.0,3,57306,M,,,57
200900064787,9,12,6,1225,1,2,1,2.0,1,57227,M,,,57
200900064788,9,12,7,2030,3,2,1,3.0,6,57227,M,,,57
200900064789,9,12,2,750,2,2,1,1.0,6,57537,M,,,57
200900064790,9,12,11,1916,5,2,1,2.0,2,57660,M,,,57
200900064791,9,12,29,2005,5,2,1,2.0,6,57672,M,,,57
200900064792,9,12,31,40,4,2,1,1.0,7,57757,M,,,57
200900064793,9,12,17,1010,1,1,1,1.0,5,57221,M,,,57
200900064794,9,12,19,1355,1,2,1,1.0,5,57672,M,,,57
200900064795,9,12,17,1710,5,2,1,1.0,6,57221,M,,,57
200900064796,9,12,23,1947,5,2,1,2.0,6,57672,M,,,57
200900064797,9,12,17,1341,1,2,1,1.0,6,57672,M,,,57
200900064798,9,12,22,2055,3,2,1,4.0,6,57672,M,,,57
200900064799,9,12,17,1725,5,2,1,1.0,2,57757,M,,,57
200900064800,9,11,13,840,1,2,1,1.0,4,26362,M,4.0,0,26
200900064801,9,9,21,820,1,2,1,1.0,2,35288,M,,,35
200900064802,9,9,15,1100,1,2,1,2.0,6,35288,M,,,35
200900064803,9,9,14,805,1,2,6,1.0,7,35238,M,4.0,-,35
200900064804,9,9,2,1835,1,2,3,2.0,3,35238,M,4.0,-,35
200900064805,9,9,17,940,1,2,1,8.0,2,35238,M,4.0,-,35
200900064806,9,9,27,635,5,2,1,1.0,6,35238,M,4.0,-,35
200900064807,9,9,28,1420,1,2,5,7.0,3,35238,M,4.0,-,35
200900064808,9,9,14,1650,1,2,1,1.0,2,35055,M,,,35
200900064809,9,9,3,1435,1,1,3,1.0,4,35281,M,,,35
200900064810,9,9,1,900,1,2,3,1.0,3,35238,M,4.0,-,35
200900064811,9,9,18,1730,1,2,1,1.0,7,35238,M,4.0,-,35
200900064812,9,9,1,835,1,2,2,1.0,6,35238,M,4.0,-,35
200900064813,9,9,4,740,1,2,2,8.0,2,35238,M,4.0,-,35
200900064814,9,9,7,1135,1,2,4,1.0,2,35238,M,4.0,-,35
200900064815,9,9,22,1325,1,2,4,1.0,7,35238,M,4.0,-,35
200900064816,9,9,2,150,5,2,1,1.0,6,35238,M,4.0,-,35
200900064817,9,9,26,2105,3,1,1,1.0,6,35238,M,,,35
200900064818,9,9,9,750,1,2,2,1.0,3,35238,M,4.0,-,35
200900064819,9,9,8,1245,1,2,2,1.0,3,35238,M,4.0,-,35
200900064820,9,9,5,1405,1,2,1,1.0,3,35278,M,,,35
200900064821,9,9,16,735,1,2,2,8.0,3,35238,M,4.0,-,35
200900064822,9,9,21,2215,5,2,3,1.0,7,35238,M,4.0,-,35
200900064823,9,9,12,30,5,2,2,1.0,2,35238,M,4.0,-,35
200900064824,9,9,24,2250,5,2,2,1.0,3,35238,M,4.0,-,35
200900064825,9,9,8,1855,1,2,1,1.0,3,35238,M,4.0,-,35
200900064826,9,9,19,945,1,2,1,1.0,6,35238,M,4.0,-,35
200900064827,9,9,24,720,1,2,3,1.0,6,35238,M,4.0,-,35
200900064828,9,9,26,530,5,2,1,1.0,7,35238,M,4.0,-,35
200900064829,9,9,7,550,5,2,2,1.0,3,35238,M,4.0,-,35
200900064830,9,9,1,1900,1,2,2,1.0,3,35238,M,4.0,-,35
200900064831,9,9,26,1220,1,1,1,1.0,5,35278,M,,,35
200900064832,9,9,25,815,1,2,5,1.0,2,35238,M,4.0,-,35
200900064833,9,9,2,1545,1,2,1,1.0,2,35238,M,4.0,-,35
200900064834,9,9,23,1800,1,2,1,1.0,3,35238,M,,,35
200900064835,9,9,15,2030,5,2,1,1.0,3,35238,M,4.0,-,35
200900064836,9,9,1,1210,1,2,1,1.0,3,35238,M,4.0,-,35
200900064837,9,9,4,1115,1,2,1,1.0,6,35238,M,,,35
200900064838,9,9,19,1930,1,2,4,2.0,3,35238,M,4.0,-,35
200900064839,9,9,4,1940,1,2,2,1.0,3,35238,M,4.0,-,35
200900064840,9,9,24,1115,1,2,3,1.0,6,35238,M,4.0,-,35
200900064841,9,9,30,625,3,2,2,5.0,6,35238,M,4.0,-,35
200900064842,9,9,8,105,3,1,1,1.0,6,35238,M,4.0,-,35
200900064843,9,9,15,700,3,1,1,2.0,6,35038,M,0.0,0,35
200900064844,9,9,4,830,1,2,1,1.0,7,35068,M,0.0,0,35
200900064845,9,9,2,1545,1,1,1,1.0,1,35223,M,0.0,0,35
200900064846,9,9,10,945,1,1,1,1.0,3,35085,M,0.0,0,35
200900064847,9,9,28,730,2,1,1,5.0,3,35012,M,0.0,0,35
200900064848,9,9,20,630,3,1,1,1.0,6,35056,M,0.0,0,35
200900064849,9,9,12,115,5,2,1,2.0,2,35236,M,0.0,0,35
200900064850,9,9,30,1815,1,2,3,1.0,1,35059,M,0.0,0,35
200900064851,9,9,8,745,1,1,1,1.0,2,35129,M,0.0,0,35
200900064852,9,9,24,1845,1,1,1,1.0,7,35033,M,0.0,0,35
200900064853,9,9,25,1930,1,1,1,1.0,3,35109,M,0.0,0,35
200900064854,9,9,5,1145,1,1,1,1.0,3,35078,M,0.0,0,35
200900064855,9,9,8,945,1,1,1,1.0,1,35099,M,0.0,0,35
200900064856,9,9,11,830,1,1,6,7.0,3,35352,M,0.0,0,35
200900064857,9,9,7,1800,1,2,1,1.0,3,35088,M,0.0,0,35
200900064858,9,9,25,745,1,1,2,1.0,3,35069,M,0.0,0,35
200900064859,9,9,5,1200,1,1,1,1.0,7,35189,M,0.0,0,35
200900064860,9,9,18,1030,1,1,1,1.0,6,35118,M,4.0,-,35
200900064861,9,9,8,830,1,1,1,1.0,2,35322,M,0.0,0,35
200900064862,9,9,22,930,1,1,1,1.0,3,35196,M,0.0,0,35
200900064863,9,9,28,1615,1,2,1,1.0,2,35239,M,0.0,0,35
200900064864,9,9,16,930,1,1,1,1.0,7,35318,M,0.0,0,35
200900064865,9,9,28,1215,1,1,1,1.0,5,35113,M,0.0,0,35
200900064866,9,9,7,1845,1,1,1,1.0,6,35219,M,0.0,0,35
200900064867,9,9,22,445,3,1,2,5.0,3,35136,M,0.0,0,35
200900064868,9,9,11,1630,1,2,1,1.0,7,35223,M,0.0,0,35
200900064869,9,9,29,1715,1,1,1,1.0,7,35051,M,0.0,0,35
200900064870,9,9,15,745,2,1,1,2.0,3,35338,M,0.0,0,35
200900064871,9,9,11,1610,1,2,9,1.0,3,35288,M,,,35
200900064872,9,9,4,1728,1,2,3,1.0,6,35288,M,,,35
200900064873,9,9,30,2215,3,1,1,1.0,6,35329,M,0.0,0,35
200900064874,9,9,30,1405,1,2,1,1.0,4,35115,M,,,35
200900064875,9,9,16,920,1,2,6,1.0,3,35115,M,,,35
200900064876,9,9,5,1410,1,2,1,1.0,6,35115,M,,,35
200900064877,9,9,17,1100,1,1,6,1.0,2,35150,M,,,35
200900064878,9,9,9,845,1,1,1,1.0,1,35062,M,0.0,0,35
200900064879,9,9,13,1815,1,1,1,1.0,3,35310,M,0.0,0,35
200900064880,9,9,14,1047,1,2,3,1.0,3,35288,M,,,35
200900064881,9,7,3,2035,1,1,2,1.0,3,14276,M,4.0,-,14
200900064882,9,7,5,2250,5,2,1,1.0,6,14220,M,4.0,0,14
200900064883,9,7,7,1925,1,1,3,1.0,3,14119,M,4.0,-,14
200900064884,9,7,10,1505,1,1,1,1.0,6,14563,M,4.0,0,14
200900064885,9,7,11,1050,1,2,1,1.0,6,14715,M,4.0,0,14
200900064886,9,7,18,140,3,1,1,1.0,6,14079,M,4.0,0,14
200900064887,9,7,1,1925,1,2,2,1.0,3,14225,M,4.0,-,14
200900064888,9,5,4,1555,1,2,1,1.0,7,11262,M,,,11
200900064889,9,6,1,1825,1,2,1,1.0,2,11262,M,,,11
200900064890,9,10,19,1750,1,2,5,1.0,3,35238,M,4.0,-,35
200900064891,9,10,16,2000,5,2,2,1.0,3,35238,M,4.0,-,35
200900064892,9,10,27,205,5,2,3,1.0,7,35238,M,4.0,-,35
200900064893,9,10,25,340,5,2,2,8.0,2,35238,M,4.0,-,35
200900064894,9,10,16,1900,1,1,1,1.0,4,35238,M,4.0,-,35
200900064895,9,10,21,1840,1,2,2,1.0,3,35051,M,4.0,-,35
200900064896,9,10,31,37,5,2,2,1.0,2,35238,M,4.0,-,35
200900064897,9,10,30,1630,1,2,1,1.0,2,35238,M,4.0,-,35
200900064898,9,10,21,1440,1,2,5,1.0,3,35238,M,4.0,-,35
200900064899,9,10,16,800,1,2,1,1.0,7,35238,M,4.0,-,35
200900064900,9,10,22,1300,1,2,3,2.0,3,35238,M,4.0,-,35
200900064901,9,10,28,1935,5,2,6,1.0,3,35278,M,,,35
200900064902,9,10,22,2005,5,2,1,1.0,3,35238,M,4.0,-,35
200900064903,9,10,29,1700,1,2,1,1.0,1,35281,M,,,35
200900064904,9,10,23,1910,5,2,2,2.0,3,35238,M,4.0,-,35
200900064905,9,10,26,2210,5,2,1,1.0,6,35238,M,4.0,-,35
200900064906,9,10,31,1900,5,2,1,1.0,7,35238,M,4.0,-,35
200900064907,9,10,26,2115,5,2,2,1.0,3,35238,M,4.0,-,35
200900064908,9,10,16,1810,1,2,3,1.0,2,35238,M,4.0,-,35
200900064909,9,10,19,1450,1,2,1,1.0,4,35238,M,4.0,-,35
200900064910,9,10,24,1530,1,2,5,1.0,6,35238,M,4.0,-,35
200900064911,9,10,19,8,5,2,3,1.0,3,35238,M,4.0,-,35
200900064912,9,10,31,1620,1,2,2,1.0,6,35238,M,4.0,-,35
200900064913,9,10,17,1700,1,2,6,1.0,3,35096,M,0.0,0,35
200900064914,9,10,16,800,2,1,1,1.0,3,35352,M,0.0,0,35
200900064915,9,10,30,1700,1,1,1,1.0,7,35319,M,0.0,0,35
200900064916,9,10,6,1815,1,1,1,1.0,6,35172,M,0.0,0,35
200900064917,9,10,3,15,5,2,1,1.0,1,35193,M,0.0,0,35
200900064918,9,10,1,1945,2,2,9,1.0,3,35051,M,0.0,0,35
200900064919,9,10,23,1030,1,2,2,1.0,3,35299,M,0.0,0,35
200900064920,9,10,29,415,3,2,1,1.0,5,35049,M,0.0,0,35
200900064921,9,10,13,1245,1,2,1,1.0,1,35125,M,4.0,-,35
200900064922,9,10,11,1845,3,1,1,2.0,1,35004,M,0.0,0,35
200900064923,9,10,7,945,1,1,1,1.0,7,35010,M,0.0,0,35
200900064924,9,10,5,1100,1,1,1,1.0,7,35226,M,0.0,0,35
200900064925,9,10,8,900,1,1,1,2.0,1,35120,M,0.0,0,35
200900064926,9,10,15,1445,1,2,6,7.0,1,35051,M,0.0,0,35
200900064927,9,10,21,1600,1,1,1,1.0,2,35173,M,0.0,0,35
200900064928,9,10,28,1045,1,1,1,1.0,3,35001,M,4.0,-,35
200900064929,9,10,19,1115,1,1,1,1.0,6,35126,M,4.0,-,35
200900064930,9,10,13,730,2,2,1,1.0,6,35207,M,0.0,0,35
200900064931,9,10,3,2300,4,1,1,1.0,2,35037,M,0.0,0,35
200900064932,9,10,12,745,1,1,1,1.0,2,35049,M,0.0,0,35
200900064933,9,10,17,1545,1,2,1,1.0,6,35337,M,0.0,0,35
200900064934,9,10,8,1800,1,2,6,1.0,3,35360,M,0.0,0,35
200900064935,9,10,7,1245,1,1,1,8.0,1,35236,M,0.0,0,35
200900064936,9,10,9,945,1,1,1,1.0,6,35299,M,0.0,0,35
200900064937,9,10,24,345,3,1,1,1.0,7,35008,M,4.0,-,35
200900064938,9,10,6,1400,1,1,1,1.0,2,35224,M,0.0,0,35
200900064939,9,10,18,1545,1,1,1,1.0,1,35204,M,0.0,0,35
200900064940,9,10,25,145,3,1,1,1.0,7,35173,M,4.0,-,35
200900064941,9,10,29,1730,1,2,1,1.0,7,35115,M,,,35
200900064942,9,10,30,1430,1,2,4,1.0,7,35115,M,,,35
200900064943,9,10,12,1135,2,2,3,1.0,6,35288,M,,,35
200900064944,9,10,16,1150,1,2,3,1.0,3,35288,M,,,35
200900064945,9,10,17,2240,5,2,6,1.0,6,35115,M,,,35
200900064946,9,10,27,1300,1,2,1,1.0,5,35288,M,,,35
200900064947,9,10,16,754,2,2,4,1.0,3,35288,M,,,35
200900064948,9,10,20,1745,1,2,7,2.0,6,35288,M,,,35
200900064949,9,10,3,2307,5,2,1,1.0,1,35238,M,,,35
200900064950,9,10,21,1455,1,2,1,1.0,2,35288,M,,,35
200900064951,9,10,14,2240,5,2,4,1.0,3,35238,M,4.0,-,35
200900064952,9,10,3,2300,5,2,2,1.0,3,35238,M,4.0,-,35
200900064953,9,10,15,1625,1,2,1,1.0,4,35238,M,4.0,-,35
200900064954,9,10,4,2044,5,2,3,1.0,7,35238,M,4.0,-,35
200900064955,9,10,12,1015,1,2,6,1.0,3,35238,M,4.0,-,35
200900064956,9,10,6,735,2,2,6,2.0,7,35115,M,,,35
200900064957,9,10,3,420,5,2,3,1.0,7,35238,M,4.0,-,35
200900064958,9,10,13,1509,1,2,2,1.0,2,35288,M,,,35
200900064959,9,10,5,935,1,1,1,2.0,6,35238,M,4.0,-,35
200900064960,9,10,15,1630,1,1,1,1.0,1,35281,M,,,35
200900064961,9,10,3,1840,1,2,1,1.0,7,35055,M,,,35
200900064962,9,10,10,1015,1,2,2,1.0,6,35238,M,4.0,-,35
200900064963,9,10,1,1505,1,2,2,1.0,7,35238,M,4.0,-,35
200900064964,9,10,10,625,4,2,1,2.0,6,35238,M,4.0,-,35
200900064965,9,10,1,1600,1,2,2,1.0,3,35055,M,,,35
200900064966,9,10,5,1720,1,2,1,8.0,6,35115,M,,,35
200900064967,9,10,6,1805,1,2,4,1.0,3,35238,M,4.0,-,35
200900064968,9,10,9,925,1,2,3,2.0,6,35238,M,4.0,-,35
200900064969,9,10,3,900,1,2,6,1.0,3,35281,M,,,35
200900064970,9,10,14,916,1,1,1,1.0,3,35238,M,,,35
200900064971,9,10,15,1525,1,2,1,1.0,7,35238,M,4.0,-,35
200900064972,9,6,11,820,1,2,1,1.0,6,11262,M,,,11
200900064973,9,6,4,1610,1,2,1,1.0,7,11262,M,,,11
200900064974,9,6,8,1,5,2,2,1.0,3,11262,M,,,11
200900064975,9,6,9,1400,1,2,1,1.0,6,11262,M,,,11
200900064976,9,7,7,1700,1,2,1,1.0,6,11262,M,,,11
200900064977,9,9,27,20,5,2,1,1.0,6,24145,M,,,24
200900064978,9,11,21,1750,2,2,3,1.0,3,24037,M,,,24
200900064979,9,12,2,1750,5,2,1,1.0,4,24322,M,,,24
200900064980,9,12,14,1545,1,2,3,8.0,6,24322,M,,,24
200900064981,9,12,28,1059,1,2,2,2.0,3,24102,M,,,24
200900064982,9,11,17,1110,1,2,3,1.0,3,95042,M,4.0,0,95
200900064983,9,12,30,2135,3,2,2,2.0,3,95210,M,4.0,0,95
200900064984,9,11,28,1430,1,1,1,3.0,7,35239,M,4.0,-,35
200900064985,9,11,4,1400,1,1,1,1.0,7,35186,M,0.0,0,35
200900064986,9,11,13,1330,1,1,1,1.0,1,35076,M,0.0,0,35
200900064987,9,11,11,1430,1,1,1,5.0,2,35012,M,0.0,0,35
200900064988,9,11,18,2345,3,1,1,1.0,6,35219,M,0.0,0,35
200900064989,9,11,11,1900,5,2,1,2.0,6,35021,M,0.0,0,35
200900064990,9,11,18,1930,3,1,1,1.0,4,35121,M,0.0,0,35
200900064991,9,11,17,1300,1,2,1,1.0,1,35360,M,0.0,0,35
200900064992,9,11,20,800,2,1,1,2.0,7,35187,M,0.0,0,35
200900064993,9,11,27,2230,3,1,1,4.0,2,35124,M,0.0,0,35
200900064994,9,11,11,1615,1,1,6,2.0,2,35051,M,0.0,0,35
200900064995,9,11,21,1015,1,1,1,1.0,6,35235,M,0.0,0,35
200900064996,9,11,20,830,1,1,1,3.0,6,35223,M,0.0,0,35
200900064997,9,11,6,2045,3,1,1,3.0,6,35001,M,0.0,0,35
200900064998,9,11,16,1830,2,1,1,1.0,7,35332,M,0.0,0,35
200900064999,9,11,4,945,1,2,2,1.0,3,35204,M,0.0,0,35
200900065000,9,11,4,2045,5,2,1,1.0,1,35095,M,0.0,0,35
200900065001,9,11,21,1915,3,1,1,1.0,1,35161,M,0.0,0,35
200900065002,9,11,13,1715,1,1,1,1.0,6,35165,M,4.0,-,35
200900065003,9,11,28,1645,2,1,1,3.0,6,35070,M,0.0,0,35
200900065004,9,11,19,1650,1,2,2,1.0,3,35238,M,,,35
200900065005,9,11,30,835,1,2,6,8.0,4,35238,M,4.0,-,35
200900065006,9,11,11,1845,5,2,3,2.0,6,35238,M,4.0,-,35