Num_Acc,an,mois,jour,hrmn,lum,agg,int,atm,col,com,gps,lat,long,dep
200900065007,9,11,24,1150,1,2,2,8.0,6,35281,M,,,35
200900065008,9,11,10,1945,5,2,2,2.0,3,35238,M,4.0,-,35
200900065009,9,11,14,2130,5,2,1,3.0,2,35238,M,,,35
200900065010,9,11,2,1845,5,2,6,2.0,7,35238,M,4.0,-,35
200900065011,9,11,24,1650,1,2,1,8.0,3,35238,M,4.0,-,35
200900065012,9,11,27,810,5,2,2,1.0,5,35238,M,4.0,-,35
200900065013,9,11,9,1230,1,2,2,1.0,3,35238,M,4.0,-,35
200900065014,9,11,7,1155,1,2,3,1.0,6,35238,M,4.0,-,35
200900065015,9,11,26,1840,4,2,5,2.0,3,35238,M,4.0,-,35
200900065016,9,11,22,1605,1,2,1,3.0,7,35238,M,,,35
200900065017,9,11,12,1140,1,2,1,1.0,6,35238,M,4.0,-,35
200900065018,9,11,23,920,1,2,1,8.0,6,35238,M,,,35
200900065019,9,11,10,2030,5,2,6,2.0,7,35238,M,4.0,-,35
200900065020,9,11,14,1430,1,1,1,7.0,2,35278,M,,,35
200900065021,9,11,11,2045,5,2,2,2.0,6,35238,M,4.0,-,35
200900065022,9,11,25,2315,3,1,1,1.0,6,35278,M,,,35
200900065023,9,11,6,1220,1,2,6,1.0,6,35238,M,4.0,-,35
200900065024,9,11,24,1910,5,2,1,1.0,3,35238,M,4.0,-,35
200900065025,9,11,21,1224,1,2,9,1.0,3,35288,M,,,35
200900065026,9,11,16,1215,1,2,1,1.0,3,35238,M,,,35
200900065027,9,11,4,1000,1,2,1,1.0,2,35238,M,4.0,-,35
200900065028,9,11,7,1630,1,2,3,1.0,6,35238,M,4.0,-,35
200900065029,9,11,23,920,1,2,1,1.0,3,35288,M,,,35
200900065030,9,11,4,1950,3,2,1,1.0,6,35238,M,,,35
200900065031,9,11,4,1845,5,2,2,1.0,6,35238,M,4.0,-,35
200900065032,9,11,15,1905,5,1,1,1.0,3,35238,M,,,35
200900065033,9,11,24,950,1,2,1,8.0,3,35115,M,,,35
200900065034,9,11,5,800,1,2,3,1.0,6,35238,M,4.0,-,35
200900065035,9,11,27,1515,1,1,1,1.0,3,35238,M,,,35
200900065036,9,11,22,1606,1,2,1,3.0,7,35238,M,,,35
200900065037,9,11,23,815,1,2,6,2.0,6,35238,M,4.0,-,35
200900065038,9,11,25,1720,3,2,9,1.0,3,35055,M,,,35
200900065039,9,11,14,945,1,2,1,8.0,6,35115,M,,,35
200900065040,9,11,14,900,1,2,1,7.0,6,35115,M,,,35
200900065041,9,11,10,1915,5,2,1,2.0,2,35115,M,,,35
200900065042,9,11,17,1810,5,2,1,1.0,3,35238,M,4.0,-,35
200900065043,9,12,14,1740,5,2,2,1.0,3,35238,M,4.0,-,35
200900065044,9,12,8,825,1,2,9,1.0,2,35238,M,,,35
200900065045,9,12,9,1007,1,2,1,2.0,7,35238,M,4.0,-,35
200900065046,9,12,11,1820,5,2,2,1.0,6,35238,M,4.0,-,35
200900065047,9,12,9,2040,5,2,3,2.0,6,35238,M,4.0,-,35
200900065048,9,12,3,1355,1,1,6,2.0,2,35278,M,,,35
200900065049,9,12,7,1430,1,2,2,2.0,2,35238,M,4.0,-,35
200900065050,9,12,5,115,5,2,3,8.0,6,35238,M,,,35
200900065051,9,12,11,1315,1,2,1,1.0,6,35238,M,4.0,-,35
200900065052,9,12,3,650,5,2,6,8.0,3,35238,M,4.0,-,35
200900065053,9,12,2,1345,1,2,1,2.0,3,35238,M,4.0,-,35
200900065054,9,12,11,1640,1,1,1,1.0,7,35281,M,,,35
200900065055,9,12,5,625,3,2,1,9.0,6,35281,M,,,35
200900065056,9,12,4,1545,1,2,9,8.0,2,35238,M,,,35
200900065057,9,12,9,800,5,2,1,2.0,3,35055,M,,,35
200900065058,9,12,4,1430,1,2,1,2.0,2,35238,M,4.0,-,35
200900065059,9,12,14,2035,5,2,1,1.0,3,35238,M,4.0,-,35
200900065060,9,12,12,100,5,2,2,1.0,7,35238,M,4.0,-,35
200900065061,9,12,15,1745,5,2,2,1.0,7,35238,M,4.0,-,35
200900065062,9,12,2,940,1,2,2,1.0,3,35238,M,,,35
200900065063,9,12,12,1410,1,1,3,1.0,1,35055,M,,,35
200900065064,9,12,13,2040,5,2,1,1.0,3,35238,M,4.0,-,35
200900065065,9,12,8,800,5,2,2,1.0,3,35238,M,,,35
200900065066,9,12,8,1700,5,2,9,2.0,7,35278,M,,,35
200900065067,9,12,8,1230,1,2,1,8.0,6,35238,M,4.0,-,35
200900065068,9,12,4,1805,5,2,1,2.0,6,35115,M,,,35
200900065069,9,12,15,1850,5,2,1,8.0,6,35115,M,,,35
200900065070,9,12,9,1815,5,2,6,3.0,3,35150,M,,,35
200900065071,9,12,30,1815,5,2,1,2.0,6,35024,M,4.0,-,35
200900065072,9,12,29,1515,1,1,1,2.0,1,35126,M,0.0,0,35
200900065073,9,12,24,1400,1,1,1,2.0,3,35246,M,0.0,0,35
200900065074,9,12,8,1100,2,2,6,2.0,6,35047,M,0.0,0,35
200900065075,9,12,22,1800,3,1,1,5.0,3,35049,M,0.0,0,35
200900065076,9,12,10,900,1,1,1,9.0,7,35323,M,0.0,0,35
200900065077,9,12,22,830,1,1,2,5.0,1,35112,M,0.0,0,35
200900065078,9,12,18,1430,1,1,1,9.0,1,35353,M,4.0,-,35
200900065079,9,12,8,900,1,1,9,8.0,6,35324,M,0.0,0,35
200900065080,9,12,14,2100,3,1,1,1.0,7,35249,M,0.0,0,35
200900065081,9,12,26,1130,1,1,1,8.0,1,35130,M,4.0,-,35
200900065082,9,12,3,1700,3,1,1,1.0,3,35127,M,0.0,0,35
200900065083,9,12,18,930,1,1,1,9.0,3,35247,M,0.0,0,35
200900065084,9,12,10,745,2,1,1,1.0,1,35284,M,0.0,0,35
200900065085,9,12,26,430,3,1,1,9.0,6,35123,M,4.0,-,35
200900065086,9,12,14,1515,1,1,1,1.0,7,35334,M,0.0,0,35
200900065087,9,12,22,1100,1,1,9,1.0,3,35051,M,0.0,0,35
200900065088,9,12,10,700,3,1,3,1.0,3,35127,M,4.0,-,35
200900065089,9,12,12,845,2,1,1,7.0,3,35227,M,0.0,0,35
200900065090,9,12,6,1445,1,1,1,1.0,6,35291,M,0.0,0,35
200900065091,9,12,26,1815,3,1,1,1.0,1,35025,M,0.0,0,35
200900065092,9,12,11,1800,2,1,1,1.0,7,35308,M,0.0,0,35
200900065093,9,12,21,1745,5,2,1,1.0,6,35275,M,0.0,0,35
200900065094,9,12,23,2000,5,2,1,8.0,6,35001,M,4.0,-,35
200900065095,9,12,17,1800,2,1,1,4.0,1,35033,M,0.0,0,35
200900065096,9,12,26,1710,1,2,6,1.0,1,35278,M,,,35
200900065097,9,12,22,1929,2,2,1,2.0,6,35288,M,,,35
200900065098,9,12,30,610,5,2,3,1.0,3,35238,M,4.0,-,35
200900065099,9,12,17,945,1,2,1,2.0,3,35238,M,4.0,-,35
200900065100,9,12,16,815,5,2,3,1.0,2,35238,M,4.0,-,35
200900065101,9,12,21,2020,5,2,1,2.0,7,35238,M,4.0,-,35
200900065102,9,12,22,1415,1,2,6,1.0,6,35238,M,4.0,-,35
200900065103,9,12,22,1640,1,2,2,1.0,3,35238,M,4.0,-,35
200900065104,9,12,30,2010,5,2,3,1.0,3,35238,M,4.0,-,35
200900065105,9,12,28,1600,1,2,6,2.0,7,35238,M,4.0,-,35
200900065106,9,12,18,1625,1,1,2,1.0,5,35241,M,,,35
200900065107,9,12,3,1845,3,1,1,4.0,3,35241,M,,,35
200900065108,9,12,14,1735,2,2,7,1.0,6,35288,M,,,35
200900065109,9,12,29,2305,3,2,6,3.0,6,35352,M,,,35
200900065110,9,12,4,1225,1,2,1,1.0,2,35288,M,,,35
200900065111,9,12,12,1800,5,2,3,1.0,3,35288,M,,,35
200900065112,9,12,22,1915,5,2,3,1.0,6,35238,M,4.0,-,35
200900065113,9,12,5,1235,1,2,1,1.0,6,35238,M,4.0,-,35
200900065114,9,12,26,1645,2,1,1,1.0,6,35179,M,0.0,0,35
200900065115,9,8,7,1910,1,2,4,1.0,3,91570,M,,,91
200900065116,9,8,12,820,1,2,1,1.0,2,91216,M,,,91
200900065117,9,8,21,2040,2,2,1,1.0,6,91549,M,,,91
200900065118,9,8,10,1550,1,2,1,1.0,3,91549,M,,,91
200900065119,9,8,7,1905,1,2,2,1.0,2,91549,M,,,91
200900065120,9,8,30,1045,1,2,2,1.0,3,91216,M,,,91
200900065121,9,8,13,1305,1,2,6,1.0,3,91549,M,,,91
200900065122,9,8,28,1650,1,2,1,1.0,6,91549,M,,,91
200900065123,9,8,10,905,1,2,2,1.0,3,91549,M,,,91
200900065124,9,8,31,1810,1,2,3,1.0,3,91216,M,,,91
200900065125,9,8,30,1120,1,2,2,1.0,3,91216,M,,,91
200900065126,9,8,3,1630,1,2,1,1.0,2,91549,M,,,91
200900065127,9,8,20,1815,1,2,1,1.0,6,91570,M,,,91
200900065128,9,8,2,1305,1,1,1,1.0,6,91228,M,,,91
200900065129,9,8,10,950,1,1,1,1.0,7,91161,M,,,91
200900065130,9,8,15,1458,1,1,1,1.0,2,91689,M,,,91
200900065131,9,8,18,1247,1,1,1,1.0,7,91521,M,,,91
200900065132,9,8,28,1742,1,1,1,1.0,4,91534,M,,,91
200900065133,9,8,11,1807,1,1,1,1.0,6,91347,M,,,91
200900065134,9,8,27,1918,1,1,1,1.0,4,91064,M,,,91
200900065135,9,8,16,20,3,1,1,1.0,7,91617,M,,,91
200900065136,9,8,31,900,1,1,1,1.0,7,91286,M,,,91
200900065137,9,8,20,1645,1,1,1,1.0,6,91434,M,,,91
200900065138,9,8,24,1530,1,1,1,2.0,7,91064,M,,,91
200900065139,9,8,11,1135,1,1,1,1.0,6,91136,M,,,91
200900065140,9,8,30,1236,1,1,1,1.0,6,91161,M,,,91
200900065141,9,8,24,851,1,1,1,1.0,4,91687,M,,,91
200900065142,9,8,17,2215,3,1,1,1.0,5,91377,M,,,91
200900065143,9,8,12,1950,1,1,1,1.0,5,91235,M,,,91
200900065144,9,8,28,1940,1,1,1,1.0,6,91161,M,,,91
200900065145,9,8,28,1744,1,1,1,1.0,3,91689,M,,,91
200900065146,9,8,16,1017,1,1,1,1.0,7,91521,M,,,91
200900065147,9,8,31,1900,1,1,1,1.0,4,91064,M,,,91
200900065148,9,8,25,1205,1,1,2,1.0,3,91377,M,,,91
200900065149,9,8,5,1700,1,2,4,1.0,1,91477,M,,,91
200900065150,9,8,4,2011,1,2,1,1.0,1,91471,M,,,91
200900065151,9,8,8,5,3,2,1,1.0,3,91215,M,,,91
200900065152,9,8,7,30,5,2,2,1.0,3,91201,M,,,91
200900065153,9,8,1,1750,1,2,2,1.0,3,91657,M,,,91
200900065154,9,8,3,1400,1,2,1,1.0,2,91471,M,,,91
200900065155,9,8,7,1515,1,1,1,1.0,6,91111,M,0.0,0,91
200900065156,9,8,31,1700,1,1,9,1.0,2,91235,M,4.0,0,91
200900065157,9,8,29,1800,1,1,1,1.0,3,91654,M,4.0,0,91
200900065158,9,8,30,1630,1,2,3,1.0,1,91175,M,4.0,0,91
200900065159,9,8,17,1230,1,1,1,1.0,2,91017,M,0.0,0,91
200900065160,9,8,20,1700,1,1,1,7.0,1,91249,M,4.0,0,91
200900065161,9,8,5,2100,1,2,1,1.0,1,91235,M,0.0,0,91
200900065162,9,8,31,1220,1,2,1,1.0,3,91223,M,,,91
200900065163,9,8,4,1430,1,2,1,1.0,6,91223,M,,,91
200900065164,9,8,28,2105,5,2,3,1.0,1,91347,M,,,91
200900065165,9,8,18,1010,1,2,1,1.0,1,91421,M,,,91
200900065166,9,8,28,2010,1,1,1,1.0,1,91433,M,,,91
200900065167,9,8,30,205,5,2,1,1.0,6,91114,M,,,91
200900065168,9,8,22,1200,1,2,1,1.0,7,91514,M,,,91
200900065169,9,8,23,300,5,2,2,1.0,6,91201,M,,,91
200900065170,9,8,7,1155,1,2,1,1.0,7,91223,M,,,91
200900065171,9,8,5,825,1,2,1,1.0,2,91223,M,,,91
200900065172,9,8,24,2120,5,2,1,1.0,1,91471,M,,,91
200900065173,9,8,2,610,1,2,1,1.0,6,91223,M,,,91
200900065174,9,8,18,2320,5,2,3,1.0,3,91477,M,,,91
200900065175,9,8,17,2035,1,2,5,1.0,3,91691,M,,,91
200900065176,9,8,20,1410,1,2,1,1.0,6,91223,M,,,91
200900065177,9,8,17,1800,1,2,1,1.0,2,91223,M,,,91
200900065178,9,8,6,100,5,1,2,1.0,6,91339,M,,,91
200900065179,9,8,1,115,5,2,2,1.0,3,91161,M,,,91
200900065180,9,8,17,1810,1,2,1,1.0,7,91097,M,,,91
200900065181,9,8,24,1910,1,2,1,1.0,6,91114,M,,,91
200900065182,9,8,6,1410,1,1,1,1.0,2,91228,M,,,91
200900065183,9,8,6,1550,1,2,1,1.0,2,91228,M,,,91
200900065184,9,8,14,2010,1,2,1,1.0,6,91521,M,,,91
200900065185,9,8,11,1820,1,2,1,1.0,6,91521,M,,,91
200900065186,9,8,14,1730,1,2,1,1.0,6,91521,M,,,91
200900065187,9,8,14,1340,1,2,1,1.0,6,91228,M,,,91
200900065188,9,8,19,1600,1,1,1,1.0,5,91521,M,,,91
200900065189,9,8,3,1220,1,2,1,1.0,2,91228,M,,,91
200900065190,9,8,2,545,3,1,1,2.0,6,91182,M,,,91
200900065191,9,8,21,1440,1,2,1,1.0,1,91549,M,,,91
200900065192,9,8,31,1730,1,2,1,1.0,6,91479,M,,,91
200900065193,9,8,30,2030,1,2,2,1.0,6,91027,M,,,91
200900065194,9,8,23,1800,1,2,1,1.0,1,91228,M,,,91
200900065195,9,8,31,1145,1,2,1,1.0,6,91228,M,,,91
200900065196,9,8,26,2015,1,2,1,1.0,6,91182,M,,,91
200900065197,9,8,29,2000,1,2,1,1.0,6,91027,M,,,91
200900065198,9,8,26,1655,1,2,6,1.0,3,91223,M,,,91
200900065199,9,8,3,1607,1,1,1,1.0,7,91477,M,,,91
200900065200,9,8,3,2232,3,1,1,1.0,6,91471,M,,,91
200900065201,9,8,26,1740,1,1,1,1.0,4,91235,M,,,91
200900065202,9,8,28,1006,1,1,1,1.0,7,91228,M,,,91
200900065203,9,8,29,1646,1,1,1,1.0,4,91064,M,,,91
200900065204,9,8,24,1730,1,1,6,3.0,7,91275,M,0.0,0,91
200900065205,9,8,13,1,5,2,1,1.0,3,91216,M,,,91
200900065206,9,8,31,1845,1,2,9,1.0,1,91174,M,,,91
200900065207,9,6,25,2045,1,2,1,1.0,6,35288,M,,,35
200900065208,9,7,12,1240,1,2,6,1.0,3,35288,M,,,35
200900065209,9,11,9,1545,1,1,1,1.0,1,83037,M,0.0,0,83
200900065210,9,11,13,830,1,1,1,1.0,7,83048,M,0.0,0,83
200900065211,9,11,12,1515,1,1,1,1.0,7,83049,M,0.0,0,83
200900065212,9,11,6,1615,1,1,1,1.0,1,83036,M,4.0,0,83
200900065213,9,11,18,1700,1,1,1,1.0,7,83100,M,0.0,0,83
200900065214,9,11,20,1715,2,1,1,1.0,1,83071,M,0.0,0,83
200900065215,9,11,13,1915,3,1,1,1.0,1,83068,M,4.0,0,83
200900065216,9,11,1,1530,1,1,1,1.0,5,83091,M,0.0,0,83
200900065217,9,11,19,915,1,1,1,1.0,3,83107,M,0.0,0,83
200900065218,9,11,7,1200,1,1,1,1.0,1,83127,M,0.0,0,83
200900065219,9,11,25,1545,1,2,6,1.0,3,83070,M,0.0,0,83
200900065220,9,11,6,1900,3,1,1,1.0,2,83018,M,0.0,0,83
200900065221,9,11,27,1915,5,2,1,1.0,3,83132,M,0.0,0,83
200900065222,9,11,9,1345,1,1,1,1.0,1,83004,M,0.0,0,83
200900065223,9,11,10,1100,1,2,1,1.0,6,83042,M,0.0,0,83
200900065224,9,11,17,1530,1,2,1,1.0,2,83016,M,0.0,0,83
200900065225,9,11,12,830,1,2,1,1.0,6,83073,M,0.0,0,83
200900065226,9,11,20,1700,1,1,1,1.0,2,83130,M,0.0,0,83
200900065227,9,11,21,1700,3,1,1,1.0,3,83104,M,0.0,0,83
200900065228,9,11,26,1200,1,2,1,1.0,2,83137,M,,,83
200900065229,9,11,10,902,1,2,1,1.0,3,83126,M,,,83
200900065230,9,11,28,1730,2,2,1,1.0,3,83126,M,,,83
200900065231,9,11,26,1130,1,2,1,1.0,2,83137,M,,,83
200900065232,9,11,23,1642,1,2,2,1.0,3,83126,M,,,83
200900065233,9,11,17,915,1,1,1,1.0,6,83137,M,,,83
200900065234,9,11,30,1820,5,2,1,1.0,4,83090,M,,,83
200900065235,9,11,16,1620,1,1,1,1.0,2,83137,M,,,83
200900065236,9,11,23,902,1,2,1,1.0,3,83090,M,,,83
200900065237,9,11,30,1700,4,2,9,1.0,6,83137,M,,,83
200900065238,9,11,27,1855,5,2,1,1.0,6,83137,M,,,83
200900065239,9,11,26,1315,1,2,1,1.0,6,83137,M,,,83
200900065240,9,11,30,1635,1,2,1,1.0,2,83123,M,,,83
200900065241,9,11,4,2155,5,1,1,1.0,6,83153,M,,,83
200900065242,9,11,18,1535,1,2,1,1.0,3,83153,M,,,83
200900065243,9,11,19,1640,1,2,1,1.0,6,83126,M,,,83
200900065244,9,11,7,1430,1,2,1,1.0,2,83126,M,,,83
200900065245,9,11,23,645,5,2,1,1.0,6,83137,M,,,83
200900065246,9,11,24,1350,1,2,8,1.0,7,83137,M,,,83
200900065247,9,11,24,5,5,2,1,1.0,6,83062,M,,,83
200900065248,9,11,19,1940,5,2,2,1.0,3,83137,M,,,83
200900065249,9,11,17,800,1,2,3,1.0,3,83137,M,,,83
200900065250,9,11,30,1150,1,2,1,8.0,6,83123,M,,,83
200900065251,9,11,25,815,1,2,1,1.0,6,83137,M,,,83
200900065252,9,11,2,1932,5,2,2,1.0,3,83126,M,,,83
200900065253,9,11,26,815,1,2,1,1.0,1,83062,M,,,83
200900065254,9,11,16,719,1,2,1,1.0,3,83126,M,,,83
200900065255,9,11,17,1230,1,2,3,1.0,3,83126,M,,,83
200900065256,9,11,28,1400,1,2,1,1.0,3,83137,M,,,83
200900065257,9,11,30,1430,1,2,1,1.0,2,83137,M,,,83
200900065258,9,11,29,2030,5,2,1,1.0,7,83137,M,,,83
200900065259,9,11,23,910,1,2,4,1.0,3,83137,M,,,83
200900065260,9,11,18,735,1,2,1,1.0,3,83137,M,,,83
200900065261,9,11,24,1243,1,2,6,1.0,7,83144,M,,,83
200900065262,9,11,2,1723,1,2,2,1.0,7,83126,M,,,83
200900065263,9,11,17,1800,3,1,1,1.0,1,83061,M,,,83
200900065264,9,11,2,728,2,2,1,3.0,6,83118,M,,,83
200900065265,9,11,1,1835,5,2,6,1.0,6,83118,M,,,83
200900065266,9,11,17,1250,1,2,1,1.0,6,83118,M,,,83
200900065267,9,11,30,1530,1,2,2,1.0,3,83118,M,,,83
200900065268,9,11,23,734,1,1,1,1.0,2,83144,M,,,83
200900065269,9,11,27,1355,1,1,1,1.0,6,83123,M,,,83
200900065270,9,11,19,1048,1,1,1,1.0,6,83069,M,,,83
200900065271,9,11,24,830,1,1,1,1.0,2,83137,M,,,83
200900065272,9,11,15,1908,5,2,3,1.0,3,83137,M,,,83
200900065273,9,11,5,1745,5,2,1,1.0,6,83137,M,,,83
200900065274,9,11,14,1805,5,2,2,1.0,1,83062,M,,,83
200900065275,9,11,2,830,1,2,1,2.0,2,83137,M,,,83
200900065276,9,11,3,2215,5,2,6,1.0,7,83098,M,,,83
200900065277,9,11,3,1820,5,2,2,1.0,3,83144,M,,,83
200900065278,9,11,1,1300,1,2,2,1.0,3,83137,M,,,83
200900065279,9,11,6,841,1,2,2,7.0,2,83137,M,,,83
200900065280,9,11,5,825,1,1,1,1.0,6,83137,M,,,83
200900065281,9,11,10,1110,1,2,1,1.0,6,83098,M,,,83
200900065282,9,11,12,1215,1,1,1,1.0,2,83090,M,,,83
200900065283,9,11,13,1910,5,2,1,1.0,1,83137,M,,,83
200900065284,9,11,8,945,1,2,1,1.0,2,83144,M,,,83
200900065285,9,11,10,1630,1,2,1,1.0,6,83137,M,,,83
200900065286,9,12,6,20,5,2,3,1.0,3,83137,M,,,83
200900065287,9,12,2,1515,1,2,1,1.0,6,83062,M,,,83
200900065288,9,12,8,1230,1,2,1,1.0,3,83137,M,,,83
200900065289,9,12,8,825,1,2,1,1.0,3,83137,M,,,83
200900065290,9,12,12,1705,5,2,1,1.0,2,83062,M,,,83
200900065291,9,12,5,1920,5,2,3,1.0,3,83062,M,,,83
200900065292,9,12,5,2215,5,2,1,1.0,1,83090,M,,,83
200900065293,9,12,12,1530,1,1,1,1.0,2,83090,M,,,83
200900065294,9,12,8,1735,5,2,1,8.0,6,83144,M,,,83
200900065295,9,12,15,820,1,2,1,1.0,6,83137,M,,,83
200900065296,9,12,11,1830,5,2,3,1.0,3,83090,M,,,83
200900065297,9,12,2,1825,5,2,1,1.0,6,83137,M,,,83
200900065298,9,12,11,1610,2,2,1,1.0,6,83144,M,,,83
200900065299,9,12,3,1025,1,2,1,3.0,6,83137,M,,,83
200900065300,9,12,12,1945,5,2,1,1.0,6,83137,M,,,83
200900065301,9,12,8,1305,1,2,1,1.0,2,83137,M,,,83
200900065302,9,12,1,930,1,2,5,1.0,3,83137,M,,,83
200900065303,9,12,6,1305,1,1,1,1.0,7,83098,M,,,83
200900065304,9,12,13,100,5,1,1,3.0,6,83062,M,,,83
200900065305,9,12,8,1527,1,2,1,1.0,6,83137,M,,,83
200900065306,9,12,5,1730,5,2,1,1.0,3,83137,M,,,83
200900065307,9,12,2,1710,2,1,1,1.0,1,83062,M,,,83
200900065308,9,12,14,1035,1,2,1,1.0,1,83062,M,,,83
200900065309,9,12,9,1244,1,1,1,1.0,1,83090,M,,,83
200900065310,9,12,7,2055,5,2,1,1.0,6,83061,M,,,83
200900065311,9,12,4,1045,1,2,9,1.0,6,83118,M,,,83
200900065312,9,12,14,1530,1,2,1,1.0,3,83061,M,,,83
200900065313,9,12,11,1700,1,2,1,1.0,1,83126,M,,,83
200900065314,9,12,10,1200,1,2,2,1.0,1,83126,M,,,83
200900065315,9,12,9,1510,1,2,2,1.0,3,83126,M,,,83
200900065316,9,12,8,730,2,1,1,1.0,3,83047,M,0.0,0,83
200900065317,9,12,17,1945,5,2,1,1.0,6,83049,M,0.0,0,83
200900065318,9,12,19,2200,3,1,1,1.0,7,83023,M,0.0,0,83
200900065319,9,12,8,1015,2,1,1,1.0,3,83047,M,0.0,0,83
200900065320,9,12,6,1200,1,1,1,1.0,6,83135,M,0.0,0,83
200900065321,9,12,30,1600,1,1,1,5.0,3,83108,M,4.0,0,83
200900065322,9,12,1,1800,3,1,1,1.0,3,83027,M,0.0,0,83
200900065323,9,12,21,1100,1,1,1,2.0,1,83087,M,0.0,0,83
200900065324,9,12,30,230,3,1,1,1.0,6,83042,M,0.0,0,83
200900065325,9,12,23,1330,1,1,1,2.0,1,83037,M,0.0,0,83
200900065326,9,12,15,1830,5,1,1,1.0,6,83086,M,4.0,0,83
200900065327,9,12,4,830,1,1,1,2.0,5,83120,M,4.0,0,83
200900065328,9,12,14,850,1,1,1,1.0,2,83062,M,,,83
200900065329,9,12,2,950,1,1,1,1.0,2,83069,M,,,83
200900065330,9,12,22,1016,1,1,1,8.0,4,83137,M,,,83
200900065331,9,12,7,1730,5,1,1,1.0,1,83023,M,0.0,0,83
200900065332,9,12,7,2215,3,1,1,2.0,1,83140,M,0.0,0,83
200900065333,9,12,16,1130,1,1,1,1.0,3,83068,M,4.0,0,83
200900065334,9,12,21,830,1,1,1,9.0,7,83146,M,0.0,0,83
200900065335,9,12,9,1500,1,1,1,1.0,6,83070,M,0.0,0,83
200900065336,9,12,11,1315,1,2,1,1.0,3,83107,M,0.0,0,83
200900065337,9,12,26,1815,3,1,1,1.0,1,83087,M,0.0,0,83
200900065338,9,12,27,2030,3,1,1,1.0,3,83138,M,0.0,0,83
200900065339,9,12,29,1530,1,1,1,1.0,3,83065,M,4.0,0,83
200900065340,9,12,21,1030,1,1,1,2.0,6,83116,M,0.0,0,83
200900065341,9,12,2,845,1,2,1,1.0,6,83050,M,,,83
200900065342,9,12,30,2225,5,2,1,1.0,2,83129,M,,,83
200900065343,9,12,4,1920,5,2,3,1.0,3,83050,M,,,83
200900065344,9,12,14,1230,1,2,6,1.0,3,83129,M,,,83
200900065345,9,12,3,1710,5,2,1,2.0,2,83129,M,,,83
200900065346,9,12,29,2220,5,2,1,2.0,3,83050,M,,,83
200900065347,9,12,17,1555,1,2,1,1.0,1,83050,M,,,83
200900065348,9,12,24,2050,5,2,2,8.0,3,83129,M,,,83
200900065349,9,12,26,1250,1,2,1,8.0,6,83129,M,,,83
200900065350,9,12,16,1715,5,2,4,1.0,3,83137,M,,,83
200900065351,9,12,18,945,1,2,1,1.0,3,83137,M,,,83
200900065352,9,12,17,1800,5,2,1,1.0,5,83137,M,,,83
200900065353,9,12,17,950,1,2,6,1.0,3,83144,M,,,83
200900065354,9,12,18,1910,5,2,1,1.0,6,83137,M,,,83
200900065355,9,12,21,1230,1,2,1,2.0,3,83137,M,,,83
200900065356,9,12,28,2320,5,2,1,1.0,6,83090,M,,,83
200900065357,9,12,22,1915,5,2,1,2.0,2,83062,M,,,83
200900065358,9,12,20,1445,1,1,1,1.0,7,83126,M,,,83
200900065359,9,12,22,2000,3,2,6,3.0,6,83090,M,,,83
200900065360,9,12,26,915,1,2,1,1.0,1,83090,M,,,83
200900065361,9,12,22,845,1,2,3,1.0,1,83137,M,,,83
200900065362,9,12,30,1845,5,2,1,1.0,6,83126,M,,,83
200900065363,9,12,19,1830,2,1,1,9.0,6,83137,M,,,83
200900065364,9,12,25,1457,1,2,2,1.0,6,83144,M,,,83
200900065365,9,12,18,1540,1,2,1,1.0,7,83144,M,,,83
200900065366,9,12,28,1630,1,2,1,1.0,6,83137,M,,,83
200900065367,9,12,31,1800,5,2,3,1.0,3,83137,M,,,83
200900065368,9,12,21,1132,1,2,1,2.0,3,83126,M,,,83
200900065369,9,12,19,2154,5,2,9,1.0,7,83137,M,,,83
200900065370,9,12,27,1020,1,2,1,1.0,6,83062,M,,,83
200900065371,9,12,19,1630,1,1,1,1.0,2,83090,M,,,83
200900065372,9,12,23,1415,1,2,2,1.0,3,83062,M,,,83
200900065373,9,12,18,2015,5,2,9,1.0,1,83137,M,,,83
200900065374,9,12,17,1155,1,2,1,1.0,3,83137,M,,,83
200900065375,9,12,20,940,1,2,2,1.0,5,83137,M,,,83
200900065376,9,12,31,1100,1,2,3,2.0,3,83090,M,,,83
200900065377,9,11,28,1515,1,2,2,1.0,3,69385,M,,,69
200900065378,9,11,25,1615,1,1,2,7.0,3,76559,M,4.0,0,76
200900065379,9,11,28,715,3,1,1,8.0,6,76219,M,4.0,0,76
200900065380,9,11,5,1830,5,2,1,2.0,7,76462,M,4.0,0,76
200900065381,9,11,3,1800,5,2,1,3.0,3,76018,M,0.0,0,76
200900065382,9,11,7,400,5,2,1,3.0,7,76492,M,4.0,0,76
200900065383,9,11,10,2030,3,1,1,1.0,6,76144,M,4.0,0,76
200900065384,9,11,19,1015,1,1,1,1.0,1,76154,M,4.0,0,76
200900065385,9,11,16,2030,5,2,1,1.0,6,76222,M,0.0,0,76
200900065386,9,11,30,1045,2,2,9,2.0,6,76260,M,0.0,0,76
200900065387,9,11,25,700,5,2,2,2.0,3,76758,M,0.0,0,76