Num_Acc,an,mois,jour,hrmn,lum,agg,int,atm,col,com,gps,lat,long,dep
200900066876,9,10,25,1735,1,2,2,1.0,3,58194,M,,,58
200900066877,9,10,22,735,5,2,1,2.0,3,58194,M,,,58
200900066878,9,10,31,1035,1,2,1,1.0,6,58194,M,,,58
200900066879,9,10,31,1810,5,2,1,1.0,6,58194,M,,,58
200900066880,9,10,17,1,5,2,1,1.0,1,58194,M,,,58
200900066881,9,10,31,2015,5,2,1,1.0,7,58194,M,,,58
200900066882,9,10,23,1915,2,2,1,1.0,6,58194,M,,,58
200900066883,9,10,3,1835,1,2,1,1.0,6,58194,M,,,58
200900066884,9,10,10,650,2,2,1,1.0,7,58194,M,,,58
200900066885,9,10,5,1330,1,2,1,1.0,6,58194,M,,,58
200900066886,9,10,2,1315,1,2,1,1.0,6,58194,M,,,58
200900066887,9,10,6,1215,1,2,1,1.0,6,58194,M,,,58
200900066888,9,10,8,1755,1,2,1,1.0,2,58194,M,,,58
200900066889,9,10,15,1810,1,2,1,7.0,6,58194,M,,,58
200900066890,9,10,8,755,1,2,2,1.0,3,58194,M,,,58
200900066891,9,11,2,1345,1,2,1,2.0,7,58194,M,,,58
200900066892,9,11,12,1625,1,2,1,2.0,3,58194,M,,,58
200900066893,9,11,19,715,3,1,1,5.0,1,58302,M,4.0,0,58
200900066894,9,11,10,2115,3,1,1,1.0,3,58280,M,0.0,0,58
200900066895,9,11,19,1900,3,1,1,1.0,4,58086,M,0.0,0,58
200900066896,9,11,1,1445,1,2,1,1.0,7,58022,M,4.0,0,58
200900066897,9,11,5,1215,1,1,1,1.0,3,58031,M,4.0,0,58
200900066898,9,11,5,1230,1,1,1,1.0,6,58085,M,4.0,0,58
200900066899,9,11,8,1315,1,1,1,2.0,7,58104,M,4.0,0,58
200900066900,9,11,27,1645,1,1,1,1.0,2,58126,M,0.0,0,58
200900066901,9,11,7,1315,1,1,1,1.0,1,58105,M,4.0,0,58
200900066902,9,11,18,2115,5,2,1,1.0,2,58194,M,,,58
200900066903,9,11,29,1835,5,2,1,1.0,6,58194,M,,,58
200900066904,9,11,2,1415,1,1,1,1.0,7,58194,M,,,58
200900066905,9,11,1,2050,5,2,1,1.0,3,58194,M,,,58
200900066906,9,12,28,1500,1,1,2,1.0,3,58086,M,0.0,0,58
200900066907,9,12,8,1210,1,2,3,1.0,3,58194,M,,,58
200900066908,9,12,7,1750,1,2,6,1.0,3,58194,M,,,58
200900066909,9,12,8,810,2,2,3,1.0,3,58194,M,,,58
200900066910,9,12,1,1055,1,2,1,2.0,6,58194,M,,,58
200900066911,9,12,7,1205,1,2,3,2.0,3,58194,M,,,58
200900066912,9,12,1,1750,5,2,1,1.0,4,58194,M,,,58
200900066913,9,12,2,1615,2,1,1,2.0,3,58074,M,0.0,0,58
200900066914,9,12,4,2115,3,1,1,2.0,6,58028,M,4.0,0,58
200900066915,9,12,21,930,1,1,1,4.0,7,58303,M,0.0,0,58
200900066916,9,12,12,1015,1,2,1,1.0,1,58151,M,4.0,0,58
200900066917,9,12,30,745,2,2,1,3.0,7,58151,M,4.0,0,58
200900066918,9,12,5,115,3,1,1,1.0,3,58193,M,0.0,0,58
200900066919,9,12,8,245,3,1,1,1.0,2,58278,M,,,58
200900066920,9,1,11,1745,5,2,1,1.0,3,13208,M,,,13
200900066921,9,2,4,900,1,2,1,1.0,6,13204,M,,,13
200900066922,9,2,7,501,5,2,1,2.0,2,13205,M,,,13
200900066923,9,2,7,2050,5,2,1,1.0,5,13055,M,,,13
200900066924,9,7,2,1045,1,2,1,1.0,6,13055,M,,,13
200900066925,9,2,16,1750,5,2,9,1.0,3,13055,M,,,13
200900066926,9,3,13,1640,1,2,3,1.0,6,13206,M,,,13
200900066927,9,3,27,1845,2,2,3,1.0,7,13214,M,,,13
200900066928,9,4,7,1715,1,2,1,1.0,3,13055,M,,,13
200900066929,9,4,21,2135,5,2,1,2.0,6,13055,M,,,13
200900066930,9,4,23,1901,1,2,2,1.0,6,13055,M,,,13
200900066931,9,5,11,1800,1,2,2,1.0,3,13055,M,,,13
200900066932,9,5,16,2200,5,2,1,1.0,2,13210,M,,,13
200900066933,9,5,28,700,1,2,3,1.0,3,13054,M,,,13
200900066934,9,6,4,1410,1,2,1,1.0,3,13206,M,,,13
200900066935,9,6,11,2015,1,2,1,1.0,5,13213,M,,,13
200900066936,9,6,16,910,1,2,1,1.0,6,13055,M,,,13
200900066937,9,6,17,1900,1,2,1,1.0,2,13213,M,,,13
200900066938,9,6,22,710,1,2,1,1.0,3,13055,M,,,13
200900066939,9,6,29,1600,1,2,1,1.0,6,13001,M,,,13
200900066940,9,7,1,1745,1,2,9,1.0,2,13055,M,,,13
200900066941,9,7,24,1400,1,2,3,1.0,3,13055,M,,,13
200900066942,9,7,24,1401,1,2,1,1.0,3,13055,M,,,13
200900066943,9,7,28,2345,5,2,1,1.0,6,13055,M,,,13
200900066944,9,8,18,1300,1,2,1,1.0,3,13214,M,,,13
200900066945,9,8,27,1355,1,2,1,1.0,2,13055,M,,,13
200900066946,9,9,1,1830,1,2,1,8.0,1,42059,M,4.0,0,42
200900066947,9,9,2,645,2,1,1,5.0,3,42172,M,4.0,0,42
200900066948,9,9,10,1735,1,2,1,1.0,3,13055,M,,,13
200900066949,9,9,2,1130,1,2,1,1.0,2,42187,M,4.0,0,42
200900066950,9,9,14,845,1,2,1,1.0,4,13055,M,,,13
200900066951,9,9,7,1830,1,2,4,7.0,3,42318,M,4.0,0,42
200900066952,9,9,8,1245,1,2,2,1.0,5,42155,M,4.0,0,42
200900066953,9,9,14,1600,1,2,1,1.0,6,13002,M,4.0,0,13
200900066954,9,9,9,1415,1,1,1,1.0,1,42289,M,4.0,0,42
200900066955,9,9,10,1420,1,2,3,1.0,3,42095,M,4.0,0,42
200900066956,9,9,22,1330,1,2,1,1.0,4,13208,M,,,13
200900066957,9,9,11,1600,1,1,1,1.0,1,42272,M,4.0,0,42
200900066958,9,10,1,1600,1,2,1,1.0,6,13055,M,,,13
200900066959,9,9,9,2000,1,2,1,1.0,1,42218,M,4.0,0,42
200900066960,9,10,20,1200,1,2,1,1.0,1,13209,M,,,13
200900066961,9,9,14,915,1,1,1,1.0,2,42011,M,4.0,0,42
200900066962,9,11,2,1900,5,2,1,1.0,2,13055,M,,,13
200900066963,9,9,14,1130,1,1,1,1.0,6,42142,M,4.0,0,42
200900066964,9,9,14,1625,1,2,2,1.0,6,42218,M,4.0,0,42
200900066965,9,11,10,1400,1,2,1,1.0,3,13201,M,,,13
200900066966,9,9,14,1900,1,1,1,1.0,7,42313,M,4.0,0,42
200900066967,9,12,1,2055,5,2,1,1.0,7,13055,M,4.0,0,13
200900066968,9,9,15,1229,1,2,2,1.0,3,42218,M,4.0,0,42
200900066969,9,12,2,1800,5,2,1,1.0,6,13055,M,,,13
200900066970,9,9,17,1530,1,1,1,1.0,3,42041,M,4.0,0,42
200900066971,9,12,7,1705,1,2,1,2.0,6,13055,M,,,13
200900066972,9,9,16,1745,1,2,1,1.0,2,42056,M,4.0,0,42
200900066973,9,12,15,900,1,2,1,1.0,6,13055,M,,,13
200900066974,9,12,17,1500,1,2,1,1.0,1,13055,M,,,13
200900066975,9,9,18,1756,1,1,1,1.0,2,42330,M,4.0,0,42
200900066976,9,12,17,1640,1,2,1,1.0,2,13055,M,,,13
200900066977,9,9,17,1630,1,1,1,1.0,3,42216,M,4.0,0,42
200900066978,9,12,18,930,1,1,1,9.0,6,13048,M,4.0,0,13
200900066979,9,9,21,2345,5,2,3,1.0,3,42071,M,4.0,0,42
200900066980,9,12,18,1110,1,2,1,1.0,3,13055,M,,,13
200900066981,9,9,26,1045,1,2,1,1.0,3,42285,M,4.0,0,42
200900066982,9,9,26,1730,1,1,1,1.0,3,42307,M,,,42
200900066983,9,9,29,1730,1,2,1,1.0,4,42279,M,4.0,0,42
200900066984,9,9,29,1800,1,1,2,7.0,3,42282,M,4.0,0,42
200900066985,9,9,26,754,2,2,2,1.0,3,42218,M,4.0,0,42
200900066986,9,9,29,243,5,2,1,1.0,7,42218,M,4.0,0,42
200900066987,9,9,30,1634,1,2,1,1.0,6,42218,M,4.0,0,42
200900066988,9,9,18,1107,1,2,1,1.0,1,42218,M,4.0,0,42
200900066989,9,9,11,1848,1,2,1,1.0,2,42305,M,4.0,0,42
200900066990,9,9,7,828,1,2,2,1.0,6,42218,M,4.0,0,42
200900066991,9,9,17,420,3,2,1,2.0,7,42223,M,,,42
200900066992,9,9,17,435,5,2,1,8.0,7,42218,M,,,42
200900066993,9,9,9,1137,1,2,1,1.0,4,42218,M,4.0,0,42
200900066994,9,9,8,1354,1,1,3,1.0,3,42218,M,4.0,0,42
200900066995,9,9,29,957,1,2,1,1.0,6,42218,M,4.0,0,42
200900066996,9,9,29,1800,1,1,1,1.0,7,42189,M,,,42
200900066997,9,9,12,1350,1,2,1,1.0,1,42189,M,4.0,0,42
200900066998,9,9,4,1712,1,2,2,1.0,2,42218,M,4.0,0,42
200900066999,9,9,17,1212,1,2,2,1.0,3,42218,M,4.0,0,42
200900067000,9,9,9,1508,1,2,2,1.0,3,42218,M,4.0,0,42
200900067001,9,9,14,1915,1,2,3,1.0,1,42218,M,4.0,0,42
200900067002,9,9,28,1320,1,2,3,1.0,3,42218,M,4.0,0,42
200900067003,9,9,6,1530,1,2,2,1.0,2,42218,M,4.0,0,42
200900067004,9,9,9,1610,1,2,1,1.0,7,42189,M,4.0,0,42
200900067005,9,9,18,1829,1,2,1,1.0,6,42218,M,4.0,0,42
200900067006,9,9,20,1401,1,2,2,1.0,7,42218,M,4.0,0,42
200900067007,9,9,24,738,1,2,3,1.0,2,42218,M,4.0,0,42
200900067008,9,9,19,1929,5,2,1,1.0,7,42189,M,4.0,0,42
200900067009,9,9,13,1020,1,2,3,1.0,3,42218,M,4.0,0,42
200900067010,9,9,25,1220,1,2,1,1.0,2,42218,M,4.0,0,42
200900067011,9,9,30,1515,1,2,1,1.0,3,42218,M,,,42
200900067012,9,9,15,1555,1,2,2,1.0,3,42218,M,4.0,0,42
200900067013,9,9,28,1756,1,2,1,1.0,6,42218,M,,,42
200900067014,9,9,27,940,1,2,1,1.0,6,42218,M,4.0,0,42
200900067015,9,9,13,1700,1,2,3,1.0,3,42218,M,4.0,0,42
200900067016,9,9,23,1410,1,2,1,1.0,3,42218,M,4.0,0,42
200900067017,9,9,16,1520,1,2,5,1.0,6,42218,M,4.0,0,42
200900067018,9,9,30,1710,1,2,1,1.0,3,42187,M,4.0,0,42
200900067019,9,9,9,2315,4,2,2,1.0,3,42187,M,4.0,0,42
200900067020,9,9,23,1505,1,2,1,1.0,6,42127,M,4.0,0,42
200900067021,9,9,7,1450,1,2,3,1.0,3,42187,M,4.0,0,42
200900067022,9,9,6,2120,5,2,1,1.0,7,42187,M,4.0,0,42
200900067023,9,9,1,1720,1,1,1,3.0,3,42184,M,4.0,0,42
200900067024,9,9,3,1020,1,2,6,1.0,3,42184,M,4.0,0,42
200900067025,9,9,14,1810,1,2,1,1.0,6,42187,M,4.0,0,42
200900067026,9,9,5,1730,1,2,1,1.0,3,42187,M,4.0,0,42
200900067027,9,9,25,1450,1,2,1,1.0,6,42187,M,4.0,0,42
200900067028,9,9,20,1200,1,2,2,1.0,6,42071,M,4.0,0,42
200900067029,9,9,28,2105,5,2,3,1.0,3,42071,M,4.0,0,42
200900067030,9,9,21,1355,1,2,2,1.0,3,42187,M,4.0,0,42
200900067031,9,9,12,2130,5,2,1,1.0,2,42187,M,4.0,0,42
200900067032,9,9,16,1410,1,1,1,2.0,6,42218,M,,,42
200900067033,9,9,16,1030,1,1,1,2.0,6,42218,M,,,42
200900067034,9,9,16,1025,1,1,1,2.0,6,42097,M,4.0,0,42
200900067035,9,9,17,1730,1,1,1,1.0,4,42218,M,4.0,0,42
200900067036,9,9,6,2300,5,1,1,1.0,7,42218,M,4.0,0,42
200900067037,9,9,15,1110,1,1,1,1.0,7,42147,M,4.0,0,42
200900067038,9,9,9,1400,1,1,1,1.0,5,42304,M,4.0,0,42
200900067039,9,9,17,845,1,2,1,1.0,1,42279,M,4.0,0,42
200900067040,9,9,21,1730,1,2,3,1.0,3,42095,M,4.0,0,42
200900067041,9,9,6,300,5,2,1,1.0,6,42316,M,4.0,0,42
200900067042,9,9,24,1735,1,2,1,1.0,6,42095,M,4.0,0,42
200900067043,9,9,10,905,1,1,1,1.0,3,42316,M,4.0,0,42
200900067044,9,10,2,2145,5,2,1,1.0,1,42044,M,4.0,0,42
200900067045,9,10,5,2045,5,2,1,1.0,1,42218,M,4.0,0,42
200900067046,9,10,12,1245,1,2,9,1.0,3,42311,M,4.0,0,42
200900067047,9,10,23,1645,1,2,2,1.0,3,42218,M,4.0,0,42
200900067048,9,10,29,1235,1,2,1,1.0,2,42218,M,4.0,0,42
200900067049,9,10,29,1847,5,2,2,1.0,3,42218,M,4.0,0,42
200900067050,9,11,4,1345,1,1,1,1.0,6,42285,M,4.0,0,42
200900067051,9,11,14,1801,2,2,2,1.0,3,42218,M,4.0,0,42
200900067052,9,12,6,1930,5,2,1,1.0,2,42218,M,4.0,0,42
200900067053,9,12,8,830,2,2,1,1.0,1,42237,M,4.0,0,42
200900067054,9,10,21,1645,1,1,1,3.0,6,42099,M,,,42
200900067055,9,6,2,900,1,2,9,1.0,1,27554,M,4.0,0,27
200900067056,9,11,30,1315,1,2,6,1.0,7,74268,M,,,74
200900067057,9,6,2,1155,1,2,3,1.0,3,27681,M,4.0,0,27
200900067058,9,9,6,1515,1,1,1,1.0,1,54082,M,0.0,0,54
200900067059,9,9,8,1115,1,2,1,1.0,1,54111,M,4.0,0,54
200900067060,9,9,12,2215,3,1,1,1.0,7,54598,M,4.0,0,54
200900067061,9,9,11,1625,1,2,3,1.0,2,54547,M,,,54
200900067062,9,9,11,1730,1,2,1,1.0,6,54397,M,0.0,0,54
200900067063,9,9,11,1840,1,2,1,1.0,2,54395,M,,,54
200900067064,9,9,12,715,2,1,1,1.0,6,54304,M,4.0,0,54
200900067065,9,9,12,1730,1,1,1,1.0,2,54090,M,4.0,0,54
200900067066,9,9,17,1145,1,1,1,1.0,7,54108,M,4.0,0,54
200900067067,9,9,20,1530,1,2,3,1.0,3,54395,M,,,54
200900067068,9,9,21,800,1,2,1,1.0,3,54395,M,,,54
200900067069,9,9,23,1643,1,1,6,1.0,3,54167,M,4.0,0,54
200900067070,9,9,23,1830,1,1,1,1.0,1,54507,M,4.0,0,54
200900067071,9,9,25,1045,1,2,1,1.0,6,54100,M,4.0,0,54
200900067072,9,9,25,1100,1,1,1,1.0,1,54498,M,0.0,0,54
200900067073,9,9,26,1745,1,2,1,1.0,6,54466,M,4.0,0,54
200900067074,9,9,25,1645,1,1,1,1.0,7,54036,M,4.0,0,54
200900067075,9,9,26,1545,1,1,3,1.0,3,54434,M,4.0,0,54
200900067076,9,9,28,1600,1,2,1,1.0,6,54054,M,4.0,0,54
200900067077,9,9,29,1145,1,1,1,1.0,1,54243,M,4.0,0,54
200900067078,9,9,1,1525,1,1,1,3.0,4,54060,M,4.0,0,54
200900067079,9,9,29,1125,1,2,2,1.0,6,54482,M,,,54
200900067080,9,9,11,2040,5,2,3,1.0,2,54304,M,,,54
200900067081,9,9,28,1305,1,2,1,1.0,5,54526,M,,,54
200900067082,9,9,29,925,1,2,1,1.0,3,54304,M,,,54
200900067083,9,9,25,2007,5,2,3,1.0,3,54395,M,,,54
200900067084,9,9,27,2315,3,2,1,1.0,1,54357,M,4.0,0,54
200900067085,9,9,25,2020,5,2,1,1.0,7,54136,M,,,54
200900067086,9,9,10,1620,1,2,1,1.0,6,54395,M,,,54
200900067087,9,9,12,1730,1,2,1,1.0,6,54395,M,,,54
200900067088,9,9,7,1130,1,2,1,1.0,6,54395,M,,,54
200900067089,9,9,18,1705,1,2,1,1.0,6,54395,M,,,54
200900067090,9,9,25,1645,1,2,1,1.0,6,54395,M,,,54
200900067091,9,9,11,1400,1,2,1,1.0,2,54578,M,,,54
200900067092,9,9,15,1625,1,2,2,1.0,3,54395,M,,,54
200900067093,9,9,9,1610,1,2,3,1.0,6,54547,M,,,54
200900067094,9,9,18,1400,1,1,1,1.0,1,54025,M,,,54
200900067095,9,9,1,930,1,2,1,1.0,7,54547,M,,,54
200900067096,9,9,9,1925,1,1,1,1.0,6,54395,M,,,54
200900067097,9,9,16,1720,1,1,1,1.0,1,54149,M,,,54
200900067098,9,9,10,1325,1,2,1,1.0,6,54339,M,,,54
200900067099,9,9,25,1308,1,2,1,1.0,7,54578,M,,,54
200900067100,9,9,4,1615,1,2,1,1.0,2,54395,M,,,54
200900067101,9,9,5,1400,1,2,3,1.0,1,54079,M,,,54
200900067102,9,9,28,2020,2,2,1,1.0,2,54395,M,,,54
200900067103,9,9,26,1200,1,2,1,1.0,2,54357,M,,,54
200900067104,9,9,5,1435,1,2,1,1.0,2,54547,M,,,54
200900067105,9,9,8,1300,1,2,3,1.0,2,54395,M,,,54
200900067106,9,9,16,1650,1,2,1,1.0,4,54482,M,,,54
200900067107,9,9,21,1555,1,2,1,1.0,2,54547,M,,,54
200900067108,9,9,22,850,1,2,1,1.0,6,54304,M,,,54
200900067109,9,9,4,1900,2,2,1,2.0,7,54395,M,,,54
200900067110,9,9,11,1635,1,2,3,1.0,5,54482,M,,,54
200900067111,9,9,18,1530,1,1,3,1.0,7,54575,M,0.0,0,54
200900067112,9,9,30,1605,1,2,2,1.0,6,54304,M,,,54
200900067113,9,9,17,1205,1,2,1,1.0,6,54395,M,,,54
200900067114,9,9,29,1700,1,2,1,1.0,3,54580,M,,,54
200900067115,9,9,11,2145,3,1,1,1.0,7,54322,M,0.0,0,54
200900067116,9,9,24,1805,1,2,4,1.0,5,54323,M,,,54
200900067117,9,9,20,1145,1,2,1,1.0,7,54080,M,0.0,0,54
200900067118,9,4,30,1330,1,2,2,1.0,3,11069,M,,,11
200900067119,9,6,5,1320,1,2,1,1.0,6,27562,M,4.0,0,27
200900067120,9,6,12,1750,1,2,1,1.0,4,27681,M,4.0,0,27
200900067121,9,6,13,945,1,2,9,1.0,6,27681,M,4.0,0,27
200900067122,9,6,21,930,1,2,1,1.0,3,27681,M,4.0,0,27
200900067123,9,6,23,1600,1,2,1,1.0,2,27681,M,4.0,0,27
200900067124,9,6,6,1700,1,2,2,1.0,1,27562,M,,,27
200900067125,9,10,2,1615,1,2,1,1.0,7,61169,M,,,61
200900067126,9,10,5,1700,1,2,2,1.0,3,61001,M,,,61
200900067127,9,10,26,800,1,1,1,7.0,1,61078,M,0.0,0,61
200900067128,9,10,29,445,3,1,1,5.0,6,61184,M,4.0,0,61
200900067129,9,10,25,115,3,1,1,1.0,7,61208,M,4.0,0,61
200900067130,9,10,28,230,3,1,1,5.0,7,61191,M,4.0,0,61
200900067131,9,10,23,500,3,2,1,5.0,7,61031,M,0.0,0,61
200900067132,9,10,31,2330,3,1,1,8.0,7,61345,M,0.0,0,61
200900067133,9,10,6,1730,1,1,1,2.0,7,61476,M,4.0,0,61
200900067134,9,10,17,845,1,1,1,7.0,1,61063,M,4.0,-,61
200900067135,9,10,7,1345,1,1,1,1.0,7,61296,M,0.0,0,61
200900067136,9,10,9,830,1,1,1,1.0,5,61298,M,4.0,-,61
200900067137,9,10,14,1800,1,1,1,1.0,1,61463,M,0.0,0,61
200900067138,9,10,31,1540,1,1,1,1.0,2,61205,M,4.0,0,61
200900067139,9,10,19,2215,3,1,1,1.0,7,61042,M,4.0,0,61
200900067140,9,10,29,1330,1,2,3,1.0,3,61145,M,0.0,0,61
200900067141,9,10,28,2230,3,1,1,5.0,6,61476,M,0.0,0,61
200900067142,9,10,21,1315,1,1,1,1.0,7,61507,M,0.0,0,61
200900067143,9,10,17,1315,1,1,1,1.0,1,61040,M,4.0,-,61
200900067144,9,10,18,1,4,2,1,1.0,3,61001,M,,,61
200900067145,9,10,3,1230,1,2,1,1.0,2,61466,M,4.0,-,61
200900067146,9,12,4,1010,1,2,1,2.0,7,06069,M,,,06
200900067147,9,12,5,45,5,2,1,1.0,6,06069,M,,,06
200900067148,9,12,4,840,1,2,1,1.0,6,06069,M,,,06
200900067149,9,12,4,1220,1,2,1,1.0,3,06069,M,,,06
200900067150,9,12,8,1015,1,2,1,1.0,6,06069,M,,,06
200900067151,9,12,8,1135,1,2,1,1.0,4,06004,M,,,06
200900067152,9,12,13,1600,1,2,1,1.0,3,06069,M,,,06
200900067153,9,12,2,1400,1,2,1,1.0,2,06069,M,,,06
200900067154,9,12,12,445,5,2,1,1.0,6,06069,M,,,06
200900067155,9,12,1,1845,5,2,1,1.0,1,06104,M,,,06
200900067156,9,12,11,1145,1,2,1,1.0,1,06004,M,,,06
200900067157,9,12,10,1625,1,2,1,1.0,3,06083,M,,,06
200900067158,9,12,10,1810,5,2,1,1.0,6,06083,M,,,06
200900067159,9,12,4,1510,1,2,3,1.0,6,06083,M,,,06
200900067160,9,12,3,1205,1,2,1,2.0,2,06069,M,,,06
200900067161,9,12,12,1310,1,2,1,1.0,2,06069,M,,,06
200900067162,9,12,7,1145,1,2,9,2.0,6,06004,M,,,06
200900067163,9,12,11,1600,1,2,1,1.0,3,06069,M,,,06
200900067164,9,12,8,1655,2,2,1,1.0,6,06004,M,,,06
200900067165,9,12,15,1705,5,2,1,1.0,3,06069,M,,,06
200900067166,9,12,4,1850,5,2,3,1.0,3,06069,M,,,06
200900067167,9,12,9,1355,1,2,1,1.0,7,06012,M,,,06
200900067168,9,12,13,1550,1,2,3,1.0,3,06069,M,,,06
200900067169,9,12,1,2020,5,2,2,1.0,3,06088,M,,,06
200900067170,9,12,5,2135,5,2,1,1.0,3,06088,M,,,06
200900067171,9,12,6,2330,5,2,2,1.0,3,06088,M,,,06
200900067172,9,12,2,2055,5,2,1,1.0,6,06088,M,,,06
200900067173,9,12,2,1315,1,2,2,1.0,3,06088,M,,,06
200900067174,9,12,5,2120,5,2,1,1.0,3,06088,M,,,06
200900067175,9,12,8,1725,1,2,2,1.0,6,06088,M,,,06
200900067176,9,12,10,801,1,2,1,1.0,6,06088,M,,,06
200900067177,9,12,9,830,1,2,2,1.0,2,06088,M,,,06
200900067178,9,12,10,1910,5,2,1,1.0,3,06088,M,,,06
200900067179,9,12,1,2030,5,2,2,1.0,3,06088,M,,,06
200900067180,9,12,6,30,5,2,1,1.0,6,06088,M,,,06
200900067181,9,12,8,740,1,2,1,1.0,2,06088,M,,,06
200900067182,9,12,2,1925,3,2,1,1.0,3,06088,M,,,06
200900067183,9,12,1,1830,5,2,1,1.0,3,06088,M,,,06
200900067184,9,12,4,2315,5,2,1,1.0,6,06088,M,,,06
200900067185,9,12,14,1430,1,2,1,1.0,6,06088,M,,,06
200900067186,9,12,14,1130,1,2,1,1.0,3,06088,M,,,06
200900067187,9,12,1,1210,1,2,3,1.0,3,06088,M,,,06
200900067188,9,12,11,1945,5,2,1,1.0,3,06088,M,,,06
200900067189,9,12,5,2330,5,2,2,1.0,3,06088,M,,,06
200900067190,9,12,8,1015,1,2,1,1.0,6,06088,M,,,06
200900067191,9,12,15,1045,1,2,1,1.0,2,06088,M,,,06
200900067192,9,12,14,1850,5,2,2,1.0,3,06088,M,,,06
200900067193,9,12,1,1610,1,2,1,1.0,6,06088,M,,,06
200900067194,9,12,5,1905,1,1,1,1.0,3,06088,M,,,06
200900067195,9,12,12,2245,5,2,1,2.0,2,06088,M,,,06
200900067196,9,12,10,900,1,2,1,1.0,3,06088,M,,,06
200900067197,9,12,6,1600,1,2,1,1.0,2,06088,M,,,06
200900067198,9,12,10,640,5,2,2,1.0,3,06088,M,,,06
200900067199,9,12,12,2015,5,2,2,2.0,6,06088,M,,,06
200900067200,9,12,14,2235,5,2,1,1.0,3,06088,M,,,06
200900067201,9,12,8,2210,5,2,1,1.0,6,06088,M,,,06
200900067202,9,12,6,1535,1,2,2,1.0,3,06088,M,,,06
200900067203,9,12,4,945,1,2,1,1.0,6,06088,M,,,06
200900067204,9,12,8,915,1,2,2,1.0,3,06088,M,,,06
200900067205,9,12,6,2010,4,2,1,1.0,2,06088,M,,,06
200900067206,9,12,2,1635,1,2,1,1.0,6,06088,M,,,06
200900067207,9,12,7,920,1,2,1,2.0,2,06088,M,,,06
200900067208,9,12,3,720,1,2,3,2.0,3,06088,M,,,06
200900067209,9,12,2,1830,5,1,2,1.0,6,06088,M,,,06
200900067210,9,12,7,1800,2,2,1,1.0,3,06088,M,,,06
200900067211,9,12,14,1440,1,2,2,1.0,3,06088,M,,,06
200900067212,9,12,10,1826,5,2,1,1.0,2,06088,M,,,06
200900067213,9,12,13,1810,5,2,3,1.0,3,06088,M,,,06
200900067214,9,12,10,800,1,2,1,1.0,3,06088,M,,,06
200900067215,9,12,8,900,1,2,1,1.0,4,06088,M,,,06
200900067216,9,12,9,800,1,2,1,1.0,3,06088,M,,,06
200900067217,9,12,18,1345,1,1,1,2.0,3,06067,M,0.0,0,06
200900067218,9,12,22,1515,1,1,1,2.0,1,06003,M,0.0,0,06
200900067219,9,12,10,1130,1,2,1,1.0,6,06114,M,4.0,0,06
200900067220,9,12,16,1730,3,1,1,1.0,6,06054,M,0.0,0,06
200900067221,9,12,29,915,1,1,1,5.0,6,06078,M,0.0,0,06
200900067222,9,12,23,800,1,2,1,1.0,6,06114,M,0.0,0,06
200900067223,9,12,4,1400,1,2,1,1.0,1,06161,M,0.0,0,06
200900067224,9,12,19,815,5,1,1,4.0,1,06117,M,0.0,0,06
200900067225,9,12,15,730,2,1,1,1.0,6,06048,M,4.0,0,06
200900067226,9,12,3,730,3,2,1,2.0,6,06090,M,0.0,0,06
200900067227,9,12,15,2145,3,1,1,8.0,3,06004,M,0.0,0,06
200900067228,9,12,29,715,2,2,1,5.0,6,06078,M,0.0,0,06
200900067229,9,12,26,1915,5,1,1,2.0,6,06019,M,4.0,0,06
200900067230,9,12,17,1600,1,1,1,1.0,1,06057,M,0.0,0,06
200900067231,9,12,9,1800,3,1,1,1.0,6,06018,M,0.0,0,06
200900067232,9,12,4,2230,5,2,1,1.0,1,06027,M,0.0,0,06
200900067233,9,12,8,945,1,1,1,1.0,1,06150,M,0.0,0,06
200900067234,9,12,31,2015,3,2,1,1.0,6,06054,M,0.0,0,06
200900067235,9,12,11,1400,1,2,1,1.0,6,06079,M,0.0,0,06
200900067236,9,12,25,1200,1,1,1,1.0,6,06152,M,4.0,0,06
200900067237,9,12,18,1540,1,2,1,1.0,6,06088,M,,,06
200900067238,9,12,22,1845,5,2,1,3.0,1,06088,M,,,06
200900067239,9,12,18,730,1,2,3,1.0,3,06088,M,,,06
200900067240,9,12,23,1720,5,2,1,3.0,5,06088,M,,,06
200900067241,9,12,19,914,1,2,1,8.0,3,06088,M,,,06
200900067242,9,12,28,1231,1,2,1,1.0,1,06088,M,,,06
200900067243,9,12,20,1610,1,2,1,1.0,5,06088,M,,,06
200900067244,9,12,17,1135,1,2,1,1.0,3,06088,M,,,06
200900067245,9,12,31,1415,1,2,2,1.0,3,06088,M,,,06
200900067246,9,12,28,1615,1,2,1,1.0,5,06088,M,,,06
200900067247,9,12,18,1240,1,2,3,1.0,2,06088,M,,,06
200900067248,9,12,19,210,5,2,1,4.0,6,06088,M,,,06
200900067249,9,12,24,1430,1,2,1,2.0,1,06069,M,,,06
200900067250,9,12,22,1245,1,2,1,2.0,6,06088,M,,,06
200900067251,9,12,20,1230,1,2,1,1.0,2,06088,M,,,06
200900067252,9,12,29,2200,5,2,1,3.0,3,06088,M,,,06
200900067253,9,12,24,2025,5,2,2,2.0,3,06088,M,,,06
200900067254,9,12,27,100,5,2,1,1.0,6,06088,M,,,06
200900067255,9,12,27,156,5,2,4,1.0,1,06004,M,,,06