Num_Acc,an,mois,jour,hrmn,lum,agg,int,atm,col,com,gps,lat,long,dep
200900067637,9,9,4,2115,5,2,1,1.0,7,06088,M,,,06
200900067638,9,9,15,1115,1,2,1,2.0,2,06088,M,,,06
200900067639,9,9,19,1245,1,2,1,1.0,6,06069,M,,,06
200900067640,9,9,5,1130,1,2,1,1.0,6,06029,M,,,06
200900067641,9,9,4,645,1,2,1,1.0,3,06069,M,,,06
200900067642,9,9,20,1055,1,2,1,1.0,2,06069,M,,,06
200900067643,9,9,4,935,1,2,1,1.0,2,06088,M,,,06
200900067644,9,9,4,1030,1,2,1,1.0,2,06088,M,,,06
200900067645,9,9,6,1430,1,2,1,1.0,6,06088,M,,,06
200900067646,9,9,1,1615,1,2,1,1.0,6,06088,M,,,06
200900067647,9,9,4,1802,1,2,1,1.0,7,06029,M,,,06
200900067648,9,9,8,1755,1,2,1,1.0,6,06088,M,,,06
200900067649,9,9,3,1145,1,2,1,1.0,6,06069,M,,,06
200900067650,9,9,11,1500,1,2,2,1.0,3,06088,M,,,06
200900067651,9,9,7,1545,1,2,1,1.0,6,06088,M,,,06
200900067652,9,9,5,1600,1,2,1,1.0,2,06088,M,,,06
200900067653,9,9,6,1830,1,2,3,1.0,6,06088,M,,,06
200900067654,9,9,9,1505,1,2,1,1.0,3,06088,M,,,06
200900067655,9,9,28,715,2,2,1,1.0,7,06069,M,,,06
200900067656,9,9,30,1155,1,2,1,1.0,2,06123,M,,,06
200900067657,9,9,20,1245,1,2,1,1.0,3,06027,M,,,06
200900067658,9,9,10,1550,1,2,1,1.0,3,06123,M,,,06
200900067659,9,9,28,2120,5,2,3,1.0,3,06027,M,,,06
200900067660,9,9,14,1855,1,2,1,1.0,3,06027,M,,,06
200900067661,9,9,15,1730,1,2,1,3.0,6,06123,M,,,06
200900067662,9,9,29,1135,1,2,1,1.0,6,06027,M,,,06
200900067663,9,9,3,1815,1,2,4,1.0,3,06027,M,,,06
200900067664,9,9,7,1610,1,2,1,1.0,3,06123,M,,,06
200900067665,9,9,15,800,1,2,1,1.0,6,06123,M,,,06
200900067666,9,9,8,1730,1,2,1,1.0,4,06027,M,,,06
200900067667,9,9,25,1715,1,2,1,1.0,6,06123,M,,,06
200900067668,9,9,18,830,1,2,1,3.0,4,06123,M,,,06
200900067669,9,9,18,2005,5,2,1,3.0,4,06027,M,,,06
200900067670,9,9,13,1530,1,2,3,1.0,1,06123,M,,,06
200900067671,9,9,3,1730,1,2,3,1.0,2,06123,M,,,06
200900067672,9,9,7,845,1,2,3,1.0,2,06123,M,,,06
200900067673,9,9,10,845,1,2,2,1.0,5,06027,M,,,06
200900067674,9,9,1,905,1,2,1,1.0,3,06027,M,,,06
200900067675,9,9,3,1630,1,2,1,1.0,3,06123,M,,,06
200900067676,9,9,13,2215,5,2,1,1.0,3,06123,M,,,06
200900067677,9,9,24,1350,1,2,1,1.0,3,06123,M,,,06
200900067678,9,9,16,1120,1,2,2,3.0,6,06027,M,,,06
200900067679,9,9,5,1800,1,2,3,1.0,2,06027,M,,,06
200900067680,9,9,11,1130,1,2,1,1.0,2,06123,M,,,06
200900067681,9,9,23,1930,2,2,1,1.0,3,06027,M,,,06
200900067682,9,9,30,1355,1,2,1,1.0,6,06123,M,,,06
200900067683,9,9,27,1650,1,2,1,1.0,3,06027,M,,,06
200900067684,9,9,7,1915,2,1,1,1.0,6,06075,M,4.0,0,06
200900067685,9,9,21,45,3,1,1,1.0,1,06152,M,0.0,0,06
200900067686,9,9,12,815,1,1,1,1.0,3,06905,M,0.0,0,06
200900067687,9,9,26,1530,1,1,1,1.0,6,06130,M,0.0,0,06
200900067688,9,9,6,1130,1,2,1,1.0,1,06158,M,0.0,0,06
200900067689,9,9,6,500,3,2,1,1.0,6,06033,M,4.0,0,06
200900067690,9,9,10,345,3,1,1,1.0,6,06004,M,0.0,0,06
200900067691,9,9,20,1445,1,1,1,1.0,6,06057,M,0.0,0,06
200900067692,9,9,19,1200,1,2,1,2.0,6,06085,M,0.0,0,06
200900067693,9,9,21,1830,2,1,1,1.0,1,06017,M,0.0,0,06
200900067694,9,9,6,1130,1,1,1,1.0,7,06020,M,0.0,0,06
200900067695,9,9,27,430,5,2,1,1.0,6,06085,M,0.0,0,06
200900067696,9,9,8,1200,1,1,1,1.0,3,06152,M,0.0,0,06
200900067697,9,9,25,930,1,1,1,1.0,3,06077,M,0.0,0,06
200900067698,9,9,27,300,5,2,1,2.0,6,06161,M,0.0,0,06
200900067699,9,9,29,1215,1,1,1,1.0,1,06014,M,0.0,0,06
200900067700,9,9,16,830,1,1,1,3.0,1,06057,M,4.0,0,06
200900067701,9,9,30,1315,1,1,1,1.0,5,06143,M,0.0,0,06
200900067702,9,9,11,745,2,1,1,1.0,1,06150,M,0.0,0,06
200900067703,9,9,1,1530,1,2,1,1.0,6,06161,M,0.0,0,06
200900067704,9,9,8,1700,1,1,1,1.0,6,06102,M,0.0,0,06
200900067705,9,9,28,900,1,2,1,1.0,6,06019,M,4.0,0,06
200900067706,9,9,19,1730,1,1,1,1.0,1,06136,M,0.0,0,06
200900067707,9,9,10,1700,1,1,1,1.0,2,06004,M,0.0,0,06
200900067708,9,9,18,945,1,2,1,3.0,1,06079,M,0.0,0,06
200900067709,9,9,27,515,5,1,1,1.0,7,06161,M,0.0,0,06
200900067710,9,9,27,1945,3,1,1,1.0,3,06065,M,0.0,0,06
200900067711,9,9,23,800,1,1,1,1.0,3,06152,M,0.0,0,06
200900067712,9,9,24,1030,1,1,1,7.0,3,06018,M,0.0,0,06
200900067713,9,9,29,1920,5,2,1,1.0,3,06083,M,,,06
200900067714,9,9,23,1310,1,2,1,1.0,3,06088,M,,,06
200900067715,9,9,24,2210,5,2,1,1.0,6,06088,M,,,06
200900067716,9,9,25,1531,1,2,1,1.0,1,06088,M,,,06
200900067717,9,9,25,1000,1,2,2,1.0,6,06088,M,,,06
200900067718,9,9,21,1555,1,2,1,1.0,6,06088,M,,,06
200900067719,9,9,18,940,1,2,1,2.0,1,06159,M,,,06
200900067720,9,9,22,1650,1,2,1,1.0,7,06088,M,,,06
200900067721,9,9,19,1650,1,2,2,1.0,3,06088,M,,,06
200900067722,9,9,28,1720,1,2,1,1.0,3,06088,M,,,06
200900067723,9,9,16,1320,1,2,1,1.0,6,06088,M,,,06
200900067724,9,9,28,1715,1,2,1,1.0,3,06088,M,,,06
200900067725,9,9,28,1330,1,2,1,1.0,6,06029,M,,,06
200900067726,9,9,27,1830,1,2,2,1.0,3,06088,M,,,06
200900067727,9,9,22,1700,1,2,1,1.0,3,06029,M,,,06
200900067728,9,9,29,1633,1,2,1,1.0,3,06029,M,,,06
200900067729,9,9,27,1910,1,2,1,1.0,7,06083,M,,,06
200900067730,9,9,28,900,1,2,1,1.0,2,06088,M,,,06
200900067731,9,9,12,1740,1,1,1,1.0,3,06083,M,,,06
200900067732,9,9,29,1315,1,2,1,1.0,4,06088,M,,,06
200900067733,9,9,30,1850,1,2,1,1.0,3,06029,M,,,06
200900067734,9,9,21,1815,1,2,3,1.0,3,06083,M,,,06
200900067735,9,9,28,10,5,2,1,1.0,2,06088,M,,,06
200900067736,9,9,22,945,1,2,1,1.0,6,06088,M,,,06
200900067737,9,9,24,1645,1,2,1,1.0,3,06088,M,,,06
200900067738,9,9,28,1640,1,2,1,1.0,6,06088,M,,,06
200900067739,9,9,29,1955,2,2,1,1.0,1,06088,M,,,06
200900067740,9,9,18,750,1,2,1,2.0,6,06088,M,,,06
200900067741,9,9,26,220,5,2,1,1.0,2,06088,M,,,06
200900067742,9,9,30,1110,1,2,1,1.0,7,06104,M,,,06
200900067743,9,9,29,1015,1,2,1,1.0,6,06088,M,,,06
200900067744,9,9,18,1245,1,2,1,2.0,3,06088,M,,,06
200900067745,9,9,16,805,1,2,1,3.0,6,06088,M,,,06
200900067746,9,9,16,1420,1,2,1,1.0,2,06029,M,,,06
200900067747,9,9,23,1910,1,2,1,1.0,3,06083,M,,,06
200900067748,9,9,29,845,1,2,2,1.0,3,06088,M,,,06
200900067749,9,9,21,1616,1,2,1,1.0,2,06088,M,,,06
200900067750,9,9,22,1825,1,2,1,1.0,6,06088,M,,,06
200900067751,9,9,1,1900,1,2,2,1.0,1,06104,M,,,06
200900067752,9,9,12,2145,5,2,1,1.0,6,06083,M,,,06
200900067753,9,9,30,1215,1,2,1,1.0,6,06088,M,,,06
200900067754,9,9,22,1640,1,2,1,1.0,3,06029,M,,,06
200900067755,9,9,26,1815,1,2,1,1.0,2,06088,M,,,06
200900067756,9,9,19,2255,5,2,1,1.0,3,06088,M,,,06
200900067757,9,9,23,1435,1,2,1,1.0,6,06088,M,,,06
200900067758,9,9,18,500,1,2,1,1.0,6,06029,M,,,06
200900067759,9,9,28,820,1,2,1,1.0,5,06083,M,,,06
200900067760,9,9,29,1600,1,2,1,1.0,6,06088,M,,,06
200900067761,9,9,30,1600,1,2,1,1.0,4,06088,M,,,06
200900067762,9,9,11,1655,1,2,2,1.0,3,06012,M,,,06
200900067763,9,9,22,2205,5,2,2,1.0,6,06088,M,,,06
200900067764,9,9,23,1550,1,2,1,1.0,3,06088,M,,,06
200900067765,9,9,25,135,5,2,1,1.0,6,06088,M,,,06
200900067766,9,9,22,1220,1,2,1,1.0,3,06088,M,,,06
200900067767,9,9,17,1420,1,2,1,1.0,3,06088,M,,,06
200900067768,9,9,24,730,1,2,1,1.0,3,06088,M,,,06
200900067769,9,9,26,255,5,2,1,1.0,3,06088,M,,,06
200900067770,9,9,10,1255,1,2,2,1.0,3,06104,M,,,06
200900067771,9,11,14,2030,3,1,1,1.0,1,27681,M,4.0,0,27
200900067772,9,10,20,2015,4,2,1,1.0,3,54395,M,,,54
200900067773,9,10,1,1900,2,2,2,1.0,3,54395,M,,,54
200900067774,9,10,2,755,1,2,1,1.0,3,54431,M,,,54
200900067775,9,10,4,1850,1,2,1,1.0,2,54528,M,,,54
200900067776,9,10,1,1805,1,2,2,1.0,3,54547,M,,,54
200900067777,9,10,1,1307,1,2,1,1.0,7,54197,M,,,54
200900067778,9,10,1,1615,1,2,1,1.0,7,54025,M,,,54
200900067779,9,10,3,1635,1,2,2,1.0,3,54395,M,,,54
200900067780,9,10,5,1640,1,2,1,1.0,2,54528,M,,,54
200900067781,9,10,6,705,5,2,1,1.0,3,54079,M,,,54
200900067782,9,10,8,1430,1,2,3,2.0,3,54304,M,,,54
200900067783,9,10,8,1710,1,2,2,1.0,1,54273,M,,,54
200900067784,9,10,5,1700,1,2,3,2.0,3,54025,M,,,54
200900067785,9,10,6,1315,1,1,1,3.0,6,54263,M,,,54
200900067786,9,10,13,1945,5,2,2,8.0,1,54578,M,,,54
200900067787,9,10,6,1450,1,1,1,2.0,2,54184,M,4.0,0,54
200900067788,9,10,6,1720,1,1,1,2.0,7,54165,M,,,54
200900067789,9,10,9,820,1,2,9,1.0,6,54547,M,,,54
200900067790,9,10,9,950,1,2,2,1.0,3,54395,M,,,54
200900067791,9,10,12,805,1,1,1,8.0,5,54328,M,4.0,0,54
200900067792,9,10,13,855,1,2,1,1.0,2,54395,M,,,54
200900067793,9,10,20,1215,1,2,1,1.0,2,54528,M,,,54
200900067794,9,10,20,1900,2,2,3,1.0,3,54483,M,4.0,0,54
200900067795,9,10,24,300,3,1,1,5.0,6,54483,M,4.0,0,54
200900067796,9,10,28,1335,1,2,1,1.0,3,54580,M,,,54
200900067797,9,10,24,1805,1,2,1,1.0,3,54528,M,,,54
200900067798,9,10,26,1755,2,2,1,1.0,6,54159,M,,,54
200900067799,9,10,19,2230,3,1,1,1.0,1,54161,M,4.0,0,54
200900067800,9,10,12,930,1,1,1,1.0,1,54295,M,4.0,0,54
200900067801,9,10,6,1515,1,2,1,1.0,6,54157,M,0.0,0,54
200900067802,9,10,4,330,3,1,1,1.0,6,54024,M,4.0,0,54
200900067803,9,10,27,1800,5,2,1,1.0,3,54090,M,4.0,0,54
200900067804,9,10,24,1425,1,2,2,1.0,3,54547,M,,,54
200900067805,9,10,17,950,1,2,6,1.0,3,54329,M,4.0,0,54
200900067806,9,10,27,1520,1,2,1,1.0,3,54395,M,,,54
200900067807,9,10,16,810,1,2,2,1.0,3,54395,M,,,54
200900067808,9,10,27,1630,1,2,1,1.0,6,54304,M,,,54
200900067809,9,10,22,825,1,2,1,2.0,6,54482,M,,,54
200900067810,9,10,21,1545,1,2,1,1.0,2,54547,M,,,54
200900067811,9,10,27,1005,1,2,9,1.0,7,54482,M,,,54
200900067812,9,10,19,743,2,2,1,1.0,6,54578,M,,,54
200900067813,9,10,20,1435,1,1,2,1.0,3,54149,M,4.0,0,54
200900067814,9,10,20,1925,5,2,2,1.0,4,54395,M,,,54
200900067815,9,10,19,2028,5,2,2,1.0,3,54395,M,,,54
200900067816,9,10,27,1405,1,2,3,1.0,3,54395,M,,,54
200900067817,9,10,27,1648,1,2,3,1.0,4,54395,M,,,54
200900067818,9,10,27,430,5,2,2,1.0,6,54547,M,,,54
200900067819,9,10,30,1750,5,2,1,1.0,4,54304,M,,,54
200900067820,9,10,27,1130,1,2,1,1.0,6,54357,M,,,54
200900067821,9,10,18,1530,1,2,1,1.0,3,54328,M,,,54
200900067822,9,10,24,1335,1,2,3,1.0,3,54526,M,,,54
200900067823,9,10,18,2130,5,2,2,1.0,3,54395,M,,,54
200900067824,9,10,10,2129,5,2,2,1.0,5,54395,M,,,54
200900067825,9,10,8,1620,1,2,1,2.0,4,54304,M,,,54
200900067826,9,10,1,1605,1,2,2,1.0,1,54357,M,4.0,0,54
200900067827,9,10,6,1340,1,2,1,1.0,4,54357,M,4.0,0,54
200900067828,9,10,11,2245,5,2,1,3.0,2,54395,M,,,54
200900067829,9,10,9,700,2,2,1,1.0,6,54304,M,,,54
200900067830,9,10,8,1345,1,2,1,1.0,2,54395,M,,,54
200900067831,9,11,2,810,1,2,1,2.0,6,42218,M,4.0,0,42
200900067832,9,11,8,1545,1,2,6,1.0,6,42127,M,4.0,0,42
200900067833,9,11,1,50,5,1,1,2.0,1,42218,M,4.0,0,42
200900067834,9,11,2,1330,1,2,1,2.0,6,42218,M,4.0,0,42
200900067835,9,11,2,2010,5,2,3,1.0,3,42218,M,4.0,0,42
200900067836,9,11,3,15,4,2,1,2.0,6,42218,M,4.0,0,42
200900067837,9,11,9,715,5,2,1,2.0,6,42218,M,4.0,0,42
200900067838,9,11,7,838,1,2,1,2.0,6,42218,M,4.0,0,42
200900067839,9,11,7,1420,1,2,1,2.0,2,42218,M,4.0,0,42
200900067840,9,11,12,2030,5,2,3,2.0,7,42218,M,4.0,0,42
200900067841,9,11,18,945,1,2,1,1.0,3,42187,M,4.0,0,42
200900067842,9,11,11,1820,2,2,1,1.0,2,42189,M,4.0,0,42
200900067843,9,11,15,745,1,2,2,1.0,3,42218,M,4.0,0,42
200900067844,9,11,17,1645,1,2,1,1.0,2,42187,M,4.0,0,42
200900067845,9,11,18,1705,1,2,4,1.0,3,42187,M,4.0,0,42
200900067846,9,11,20,1630,1,2,1,1.0,6,42071,M,4.0,0,42
200900067847,9,11,23,1115,1,2,2,1.0,2,42218,M,4.0,0,42
200900067848,9,11,27,1000,1,2,1,1.0,3,42187,M,4.0,0,42
200900067849,9,11,27,1705,5,2,1,1.0,6,42218,M,4.0,0,42
200900067850,9,11,24,1935,5,2,3,1.0,3,42187,M,4.0,0,42
200900067851,9,11,25,1730,5,2,1,1.0,2,42187,M,4.0,0,42
200900067852,9,11,28,2130,5,2,1,1.0,6,42187,M,4.0,0,42
200900067853,9,11,30,1735,5,2,1,1.0,3,42071,M,4.0,0,42
200900067854,9,11,21,15,5,2,1,1.0,6,42005,M,4.0,0,42
200900067855,9,11,5,1745,5,2,1,1.0,2,42056,M,4.0,0,42
200900067856,9,11,10,615,2,1,1,2.0,6,42052,M,4.0,0,42
200900067857,9,11,16,1745,5,2,1,8.0,1,42300,M,4.0,0,42
200900067858,9,11,27,845,1,1,1,2.0,1,42178,M,4.0,0,42
200900067859,9,11,9,2145,3,1,1,2.0,3,42254,M,4.0,0,42
200900067860,9,11,4,1030,1,1,1,2.0,6,42302,M,0.0,0,42
200900067861,9,11,22,1215,1,1,1,8.0,1,42296,M,4.0,0,42
200900067862,9,11,28,1722,2,2,1,1.0,6,42218,M,4.0,0,42
200900067863,9,11,19,940,1,2,1,1.0,3,42218,M,4.0,0,42
200900067864,9,11,28,1020,1,2,2,1.0,6,42218,M,4.0,0,42
200900067865,9,11,20,1410,1,2,1,1.0,2,42218,M,4.0,0,42
200900067866,9,11,23,1945,5,2,2,1.0,6,42218,M,4.0,0,42
200900067867,9,11,26,1753,2,2,1,1.0,6,42218,M,4.0,0,42
200900067868,9,11,19,725,2,2,1,1.0,6,42330,M,4.0,0,42
200900067869,9,11,30,1109,1,2,1,8.0,6,42189,M,4.0,0,42
200900067870,9,11,18,1440,1,2,1,1.0,4,42218,M,4.0,0,42
200900067871,9,11,21,1650,2,2,3,2.0,3,42218,M,4.0,0,42
200900067872,9,11,25,1859,5,2,3,1.0,6,42218,M,4.0,0,42
200900067873,9,11,29,1355,1,1,1,8.0,6,42259,M,,,42
200900067874,9,11,17,1350,1,2,1,1.0,4,42186,M,,,42
200900067875,9,11,20,1025,1,2,1,1.0,6,42186,M,,,42
200900067876,9,11,17,1320,1,2,2,1.0,3,42316,M,4.0,0,42
200900067877,9,11,23,1055,1,2,1,1.0,6,42095,M,4.0,0,42
200900067878,9,11,10,1402,1,2,1,1.0,6,42218,M,4.0,0,42
200900067879,9,11,4,745,1,2,3,1.0,3,42218,M,4.0,0,42
200900067880,9,11,2,1645,1,2,1,1.0,1,42218,M,4.0,0,42
200900067881,9,11,26,1710,5,2,1,1.0,3,42044,M,4.0,0,42
200900067882,9,11,25,1545,1,1,1,1.0,1,42183,M,4.0,0,42
200900067883,9,11,9,1553,1,2,1,2.0,1,42218,M,4.0,0,42
200900067884,9,11,9,1721,5,2,1,2.0,6,42218,M,4.0,0,42
200900067885,9,11,24,1125,1,2,1,1.0,6,42095,M,4.0,0,42
200900067886,9,11,7,1430,1,2,1,2.0,4,42095,M,4.0,0,42
200900067887,9,11,3,1745,5,2,1,8.0,2,42218,M,4.0,0,42
200900067888,9,11,9,730,2,2,1,2.0,6,42189,M,4.0,0,42
200900067889,9,11,18,1210,1,2,1,1.0,3,42187,M,4.0,0,42
200900067890,9,11,18,1020,1,2,1,1.0,2,42187,M,4.0,0,42
200900067891,9,11,6,755,1,2,1,1.0,2,42187,M,4.0,0,42
200900067892,9,11,1,355,5,2,2,1.0,3,06029,M,,,06
200900067893,9,11,5,1325,1,2,1,1.0,6,06155,M,,,06
200900067894,9,11,27,1105,1,2,1,1.0,2,06029,M,,,06
200900067895,9,11,15,710,2,2,1,1.0,6,06029,M,,,06
200900067896,9,11,27,900,1,1,6,1.0,3,06152,M,0.0,0,06
200900067897,9,11,14,845,1,2,1,1.0,7,06091,M,0.0,0,06
200900067898,9,11,25,300,5,2,1,1.0,6,06085,M,0.0,0,06
200900067899,9,11,28,1415,1,2,1,1.0,1,06161,M,0.0,0,06
200900067900,9,11,3,1915,5,1,1,1.0,3,06126,M,0.0,0,06
200900067901,9,11,9,1900,5,2,1,1.0,3,06079,M,0.0,0,06
200900067902,9,11,25,2000,3,1,1,1.0,2,06126,M,0.0,0,06
200900067903,9,11,28,915,1,1,1,1.0,3,06038,M,4.0,0,06
200900067904,9,11,19,2100,5,1,1,1.0,3,06138,M,4.0,0,06
200900067905,9,11,3,1715,2,2,6,1.0,6,06137,M,0.0,0,06
200900067906,9,11,30,1100,1,1,1,1.0,1,06091,M,0.0,0,06
200900067907,9,11,4,830,1,1,1,1.0,3,06161,M,0.0,0,06
200900067908,9,11,17,1830,5,2,1,1.0,4,06079,M,0.0,0,06
200900067909,9,11,23,1355,1,1,1,1.0,2,06088,M,,,06
200900067910,9,11,14,1510,1,2,1,1.0,6,06088,M,,,06
200900067911,9,11,27,1530,1,2,1,1.0,3,06088,M,,,06
200900067912,9,11,7,1045,1,2,1,1.0,3,06088,M,,,06
200900067913,9,11,19,750,1,2,2,1.0,3,06088,M,,,06
200900067914,9,11,12,855,1,2,3,1.0,3,06083,M,,,06
200900067915,9,11,1,1545,1,2,3,1.0,7,06088,M,,,06
200900067916,9,11,14,2230,5,2,1,1.0,3,06104,M,,,06
200900067917,9,11,25,1200,1,2,1,1.0,6,06088,M,,,06
200900067918,9,11,4,1100,1,2,2,1.0,3,06088,M,,,06
200900067919,9,11,2,1640,1,2,1,1.0,3,06088,M,,,06
200900067920,9,11,26,1420,1,2,1,1.0,2,06088,M,,,06
200900067921,9,11,5,750,1,2,1,1.0,3,06088,M,,,06
200900067922,9,11,6,1620,1,2,1,1.0,3,06088,M,,,06
200900067923,9,11,16,1035,1,2,2,1.0,3,06088,M,,,06
200900067924,9,11,11,1140,1,2,2,1.0,6,06088,M,,,06
200900067925,9,11,21,900,1,2,1,1.0,3,06088,M,,,06
200900067926,9,11,25,1430,1,2,1,1.0,4,06088,M,,,06
200900067927,9,11,12,830,1,2,2,1.0,6,06088,M,,,06
200900067928,9,11,16,8,5,2,1,1.0,6,06083,M,,,06
200900067929,9,11,27,1200,1,2,3,1.0,3,06088,M,,,06
200900067930,9,11,21,1150,1,2,1,1.0,3,06088,M,,,06
200900067931,9,11,23,1230,1,2,2,1.0,6,06088,M,,,06
200900067932,9,11,5,1650,1,2,1,1.0,3,06088,M,,,06
200900067933,9,11,22,1800,5,2,3,1.0,3,06159,M,,,06
200900067934,9,11,4,2120,5,2,2,1.0,3,06088,M,,,06
200900067935,9,11,9,930,1,2,3,1.0,5,06088,M,,,06
200900067936,9,11,2,1145,1,2,1,1.0,2,06088,M,,,06
200900067937,9,11,24,1915,5,2,1,1.0,3,06088,M,,,06
200900067938,9,11,4,1240,1,2,1,1.0,3,06088,M,,,06
200900067939,9,11,2,1200,1,2,2,1.0,3,06088,M,,,06
200900067940,9,11,30,1230,1,2,1,1.0,2,06088,M,,,06
200900067941,9,11,29,140,5,2,2,2.0,6,06088,M,,,06
200900067942,9,11,18,745,2,2,6,1.0,2,06104,M,,,06
200900067943,9,11,17,1705,1,2,1,1.0,2,06088,M,,,06
200900067944,9,11,20,745,1,2,1,1.0,6,06069,M,,,06
200900067945,9,11,3,2010,5,2,1,1.0,1,06088,M,,,06
200900067946,9,11,12,900,1,2,2,1.0,6,06088,M,,,06
200900067947,9,11,7,930,1,2,1,1.0,2,06088,M,,,06
200900067948,9,11,13,1640,1,2,1,1.0,6,06088,M,,,06
200900067949,9,11,26,1850,3,2,1,1.0,2,06088,M,,,06
200900067950,9,11,25,1500,1,2,1,1.0,6,06088,M,,,06
200900067951,9,11,20,1705,2,2,1,1.0,3,06088,M,,,06
200900067952,9,11,28,2055,5,2,1,1.0,3,06069,M,,,06
200900067953,9,11,19,1830,5,2,1,1.0,6,06088,M,,,06
200900067954,9,11,19,1630,1,2,1,1.0,6,06088,M,,,06
200900067955,9,11,17,1410,1,2,1,1.0,6,06069,M,,,06
200900067956,9,11,17,715,1,2,3,1.0,3,06088,M,,,06
200900067957,9,11,30,735,2,1,1,2.0,7,06069,M,,,06
200900067958,9,11,5,1430,1,2,1,1.0,3,06088,M,,,06
200900067959,9,11,24,1655,2,2,1,1.0,6,06088,M,,,06
200900067960,9,11,17,2025,5,2,1,1.0,3,06012,M,,,06
200900067961,9,11,17,1030,1,2,3,1.0,6,06004,M,,,06
200900067962,9,11,4,2015,5,2,1,1.0,1,06088,M,,,06
200900067963,9,11,25,845,1,2,1,1.0,3,06088,M,,,06
200900067964,9,11,30,2055,5,1,3,1.0,3,06083,M,,,06
200900067965,9,11,17,1500,1,2,1,1.0,3,06088,M,,,06
200900067966,9,11,12,1630,1,2,1,1.0,1,06088,M,,,06
200900067967,9,11,23,1145,1,2,2,1.0,6,06088,M,,,06
200900067968,9,11,28,1350,1,2,1,1.0,6,06069,M,,,06
200900067969,9,11,4,820,1,2,1,1.0,6,06088,M,,,06
200900067970,9,11,2,1808,5,2,1,1.0,6,06104,M,,,06
200900067971,9,11,2,1850,5,2,1,1.0,6,06088,M,,,06
200900067972,9,11,13,1520,1,2,1,1.0,6,06088,M,,,06
200900067973,9,11,3,2210,5,2,3,1.0,3,06088,M,,,06
200900067974,9,11,9,730,1,2,1,2.0,2,06088,M,,,06
200900067975,9,11,19,940,1,2,1,1.0,6,06083,M,,,06
200900067976,9,11,13,820,1,2,1,1.0,2,06088,M,,,06
200900067977,9,11,18,1745,3,2,1,1.0,1,06088,M,,,06
200900067978,9,11,21,1210,1,2,1,1.0,6,06088,M,,,06
200900067979,9,11,16,900,1,2,1,1.0,6,06088,M,,,06
200900067980,9,11,20,1635,2,2,1,1.0,6,06088,M,,,06
200900067981,9,11,29,350,5,2,9,1.0,6,06069,M,,,06
200900067982,9,11,9,1210,1,2,1,1.0,2,06088,M,,,06
200900067983,9,11,20,800,1,2,1,1.0,3,06088,M,,,06
200900067984,9,11,23,1600,1,2,1,1.0,3,06069,M,,,06
200900067985,9,11,18,1515,1,2,1,1.0,2,06088,M,,,06
200900067986,9,11,27,253,5,2,2,1.0,3,06088,M,,,06
200900067987,9,11,24,1225,1,2,1,1.0,3,06088,M,,,06
200900067988,9,11,26,1715,2,2,1,1.0,3,06088,M,,,06
200900067989,9,11,5,2235,5,2,1,1.0,6,06088,M,,,06
200900067990,9,11,21,115,5,2,1,1.0,1,06088,M,,,06
200900067991,9,11,13,100,5,2,2,1.0,3,06088,M,,,06
200900067992,9,11,16,2018,5,2,3,1.0,7,06083,M,,,06
200900067993,9,11,9,1700,5,2,1,1.0,3,06159,M,,,06
200900067994,9,11,12,2130,5,2,1,1.0,6,06088,M,,,06
200900067995,9,11,3,1921,5,2,1,1.0,7,06088,M,,,06
200900067996,9,11,19,1620,1,2,1,1.0,7,06069,M,,,06
200900067997,9,11,20,1400,1,2,3,1.0,3,06004,M,,,06
200900067998,9,11,19,1730,2,2,1,1.0,6,06088,M,,,06
200900067999,9,11,21,1715,5,2,1,1.0,6,06004,M,,,06
200900068000,9,11,28,1005,1,2,1,1.0,6,06004,M,,,06
200900068001,9,11,28,1325,1,2,2,1.0,3,06069,M,,,06
200900068002,9,11,18,1235,1,2,3,1.0,3,06083,M,,,06
200900068003,9,11,21,2000,2,2,3,1.0,3,06088,M,,,06
200900068004,9,11,9,1740,5,2,1,1.0,6,06104,M,,,06
200900068005,9,11,20,1355,1,1,1,1.0,7,06069,M,,,06
200900068006,9,11,8,1400,1,2,1,1.0,6,06088,M,,,06
200900068007,9,11,15,2010,4,2,1,1.0,7,06088,M,,,06
200900068008,9,11,26,1635,1,2,1,1.0,3,06069,M,,,06
200900068009,9,11,9,810,1,2,1,2.0,6,06088,M,,,06
200900068010,9,11,21,1115,1,2,2,1.0,3,06088,M,,,06
200900068011,9,11,6,1605,1,2,1,1.0,6,06088,M,,,06
200900068012,9,11,19,1655,1,2,1,1.0,3,06088,M,,,06
200900068013,9,11,24,1600,1,2,1,1.0,6,06088,M,,,06
200900068014,9,11,24,1620,1,2,1,1.0,6,06088,M,,,06
200900068015,9,11,25,1215,1,2,1,1.0,2,06088,M,,,06
200900068016,9,11,26,1851,5,2,1,1.0,6,06088,M,,,06
200900068017,9,11,30,1210,1,2,1,1.0,5,06088,M,,,06
200900068018,9,11,4,1000,1,2,1,1.0,3,06027,M,,,06
200900068019,9,11,10,2345,5,2,3,1.0,3,06123,M,,,06