Num_Acc,an,mois,jour,hrmn,lum,agg,int,atm,col,com,gps,lat,long,dep
200900068406,9,7,28,1230,1,2,3,1.0,6,54304,M,,,54
200900068407,9,7,28,1950,1,2,1,1.0,6,54395,M,,,54
200900068408,9,7,24,710,1,2,3,1.0,3,54526,M,,,54
200900068409,9,7,25,1745,1,1,1,1.0,2,54025,M,,,54
200900068410,9,7,25,2305,5,2,2,1.0,3,54339,M,,,54
200900068411,9,7,27,1919,1,2,2,2.0,3,54184,M,,,54
200900068412,9,7,28,1020,1,2,3,1.0,1,54526,M,,,54
200900068413,9,7,28,1035,1,2,1,1.0,6,54395,M,,,54
200900068414,9,7,30,2005,2,2,3,1.0,3,54395,M,,,54
200900068415,9,7,31,1130,1,2,3,1.0,2,54482,M,,,54
200900068416,9,7,5,315,3,1,1,1.0,2,54232,M,4.0,0,54
200900068417,9,7,1,1405,1,2,1,1.0,3,54304,M,,,54
200900068418,9,7,1,1925,1,1,1,1.0,6,54547,M,4.0,0,54
200900068419,9,7,1,1940,1,2,2,1.0,7,54395,M,,,54
200900068420,9,7,2,415,5,1,6,1.0,6,54138,M,0.0,0,54
200900068421,9,7,2,645,2,1,1,1.0,7,54299,M,4.0,0,54
200900068422,9,7,2,1050,1,2,3,1.0,3,54547,M,,,54
200900068423,9,7,2,1420,1,2,1,7.0,7,54099,M,,,54
200900068424,9,7,2,1525,1,2,3,1.0,2,54528,M,,,54
200900068425,9,7,2,2100,2,1,1,1.0,7,54497,M,4.0,0,54
200900068426,9,7,3,800,1,1,1,1.0,4,54312,M,4.0,0,54
200900068427,9,7,3,815,1,2,3,1.0,3,54397,M,0.0,0,54
200900068428,9,7,3,1415,1,2,1,1.0,6,54184,M,,,54
200900068429,9,7,3,1945,1,2,1,1.0,3,54329,M,4.0,0,54
200900068430,9,7,5,1640,1,1,1,1.0,7,54312,M,,,54
200900068431,9,7,6,1225,1,2,1,1.0,3,54395,M,,,54
200900068432,9,7,6,1500,1,2,2,1.0,3,54395,M,,,54
200900068433,9,7,7,1450,1,2,1,1.0,2,54395,M,,,54
200900068434,9,7,8,835,1,2,2,3.0,1,54357,M,,,54
200900068435,9,7,8,855,1,2,1,1.0,6,54547,M,,,54
200900068436,9,7,9,1420,1,2,2,1.0,6,54395,M,,,54
200900068437,9,7,9,1930,1,1,1,1.0,6,54581,M,4.0,0,54
200900068438,9,7,10,815,1,2,1,1.0,2,54395,M,,,54
200900068439,9,7,8,1900,1,2,6,8.0,3,54328,M,,,54
200900068440,9,7,13,800,1,1,1,5.0,7,54362,M,4.0,0,54
200900068441,9,7,13,2250,5,2,1,9.0,6,54528,M,,,54
200900068442,9,7,14,1800,1,2,1,3.0,2,54395,M,,,54
200900068443,9,7,18,2230,5,2,1,1.0,2,54528,M,,,54
200900068444,9,9,21,1010,1,2,9,1.0,6,27681,M,4.0,0,27
200900068445,9,7,10,1615,1,2,1,1.0,4,54528,M,,,54
200900068446,9,7,10,1925,1,1,1,1.0,2,54357,M,4.0,0,54
200900068447,9,7,11,1615,1,1,1,1.0,2,54513,M,0.0,0,54
200900068448,9,7,12,930,1,2,2,2.0,2,54395,M,,,54
200900068449,9,7,13,1810,1,2,1,2.0,6,54395,M,,,54
200900068450,9,7,15,350,5,2,2,1.0,7,54395,M,,,54
200900068451,9,7,16,800,1,2,1,1.0,3,54455,M,4.0,0,54
200900068452,9,7,17,2230,3,1,3,1.0,3,54102,M,4.0,0,54
200900068453,9,7,21,1715,1,1,1,5.0,5,54082,M,4.0,0,54
200900068454,9,7,21,2010,1,2,3,1.0,3,54079,M,,,54
200900068455,9,7,27,930,1,2,2,1.0,2,54329,M,,,54
200900068456,9,7,21,1615,1,1,1,1.0,7,54477,M,4.0,0,54
200900068457,9,7,28,1400,1,2,1,1.0,2,54102,M,0.0,0,54
200900068458,9,7,28,2145,2,2,1,1.0,6,54118,M,0.0,0,54
200900068459,9,10,6,1606,1,2,1,1.0,6,16015,M,4.0,0,16
200900068460,9,10,14,1530,1,2,1,1.0,6,16015,M,4.0,0,16
200900068461,9,10,21,1045,1,2,1,2.0,6,16015,M,4.0,0,16
200900068462,9,12,8,1955,3,1,1,2.0,1,16291,M,5.0,0,16
200900068463,9,12,29,2115,5,2,1,3.0,6,16015,M,4.0,0,16
200900068464,9,9,24,1735,1,2,3,1.0,3,27681,M,4.0,0,27
200900068465,9,12,9,1605,1,2,1,7.0,6,16113,M,5.0,0,16
200900068466,9,12,4,1345,1,1,1,2.0,6,16015,M,4.0,0,16
200900068467,9,11,18,1800,5,2,1,1.0,4,89024,M,,,89
200900068468,9,11,9,1145,1,1,1,1.0,1,89317,M,0.0,0,89
200900068469,9,11,7,1545,1,2,1,1.0,3,89101,M,0.0,0,89
200900068470,9,11,8,1600,2,1,1,1.0,6,89307,M,0.0,0,89
200900068471,9,11,8,615,3,1,1,2.0,6,89003,M,0.0,0,89
200900068472,9,11,16,1030,1,2,3,1.0,1,89101,M,0.0,0,89
200900068473,9,11,17,1830,5,2,1,2.0,6,89206,M,4.0,0,89
200900068474,9,11,18,1300,1,1,1,1.0,1,89027,M,0.0,0,89
200900068475,9,11,23,1745,1,1,1,1.0,1,89468,M,4.0,0,89
200900068476,9,11,13,2330,3,1,1,1.0,6,89173,M,4.0,0,89
200900068477,9,11,10,1915,5,2,2,1.0,3,89295,M,4.0,0,89
200900068478,9,11,20,1300,1,1,1,1.0,6,89053,M,0.0,0,89
200900068479,9,11,14,1000,1,2,1,3.0,6,89206,M,4.0,0,89
200900068480,9,11,10,815,1,2,1,1.0,1,89309,M,4.0,0,89
200900068481,9,11,27,1145,1,1,1,1.0,6,89484,M,0.0,0,89
200900068482,9,11,23,815,1,1,1,2.0,3,89419,M,4.0,0,89
200900068483,9,11,19,845,1,2,1,1.0,6,89461,M,4.0,0,89
200900068484,9,11,23,1830,3,1,1,2.0,6,89094,M,0.0,0,89
200900068485,9,11,14,215,3,1,1,1.0,6,89277,M,0.0,0,89
200900068486,9,11,24,745,2,1,1,2.0,1,89159,M,0.0,0,89
200900068487,9,11,7,1300,1,1,1,2.0,6,89014,M,0.0,0,89
200900068488,9,11,6,1815,2,1,1,1.0,5,89013,M,0.0,0,89
200900068489,9,11,30,1745,5,2,4,2.0,3,89387,M,,,89
200900068490,9,11,2,2345,4,2,2,2.0,3,89024,M,,,89
200900068491,9,7,14,740,1,1,1,1.0,2,78029,M,4.0,0,78
200900068492,9,12,17,1535,1,2,9,1.0,6,48095,M,4.0,0,48
200900068493,9,9,30,615,2,2,1,1.0,6,27681,M,4.0,0,27
200900068494,9,12,10,1430,1,2,1,1.0,2,89257,M,4.0,0,89
200900068495,9,12,30,1500,1,1,1,2.0,1,89116,M,0.0,0,89
200900068496,9,12,27,830,1,1,1,9.0,6,89100,M,0.0,0,89
200900068497,9,12,6,1130,1,1,1,1.0,1,89295,M,0.0,0,89
200900068498,9,12,17,45,3,1,1,1.0,1,89108,M,0.0,0,89
200900068499,9,12,14,730,3,1,9,1.0,1,89478,M,0.0,0,89
200900068500,9,12,29,2045,3,1,1,1.0,1,89420,M,0.0,0,89
200900068501,9,12,12,1715,3,1,1,3.0,1,89427,M,0.0,0,89
200900068502,9,12,13,2200,5,1,1,1.0,3,89075,M,0.0,0,89
200900068503,9,12,23,1215,1,2,1,1.0,1,89461,M,0.0,0,89
200900068504,9,12,17,1500,1,2,1,4.0,6,89206,M,4.0,0,89
200900068505,9,12,22,1645,2,1,1,2.0,7,89460,M,4.0,0,89
200900068506,9,12,10,1800,3,1,1,1.0,2,89449,M,4.0,0,89
200900068507,9,12,23,2100,3,1,1,1.0,4,89198,M,0.0,0,89
200900068508,9,12,8,1500,1,1,1,1.0,6,89102,M,0.0,0,89
200900068509,9,12,25,1215,1,2,2,1.0,3,89387,M,,,89
200900068510,9,12,26,1340,1,2,3,1.0,3,89387,M,,,89
200900068511,9,12,31,1005,1,1,1,1.0,6,89024,M,,,89
200900068512,9,12,13,845,2,2,2,1.0,6,89024,M,,,89
200900068513,9,9,6,1750,1,1,1,1.0,2,14342,M,4.0,-,14
200900068514,9,9,12,2335,5,2,2,1.0,3,14365,M,4.0,-,14
200900068515,9,9,15,815,1,1,1,1.0,1,14265,M,4.0,0,14
200900068516,9,9,29,1945,5,2,3,1.0,3,14118,M,4.0,-,14
200900068517,9,11,24,1840,2,2,1,1.0,4,74119,M,,,74
200900068518,9,1,30,1305,1,2,1,1.0,6,93073,M,4.0,0,93
200900068519,9,1,31,2135,5,2,1,1.0,6,93078,M,4.0,0,93
200900068520,9,3,2,1910,5,2,3,1.0,6,93055,M,4.0,0,93
200900068521,9,3,18,1125,1,1,1,1.0,6,93055,M,4.0,0,93
200900068522,9,10,3,1849,1,2,2,1.0,3,38053,M,,,38
200900068523,9,10,3,2010,5,2,1,1.0,6,38053,M,,,38
200900068524,9,10,12,800,2,2,1,2.0,6,38053,M,,,38
200900068525,9,10,13,1650,1,2,1,1.0,6,38053,M,,,38
200900068526,9,10,15,950,1,1,1,1.0,2,38053,M,,,38
200900068527,9,10,22,1705,1,2,1,1.0,7,38053,M,,,38
200900068528,9,10,30,1045,1,2,3,1.0,3,38053,M,,,38
200900068529,9,4,3,2130,5,2,1,1.0,6,93055,M,4.0,0,93
200900068530,9,4,4,1120,1,2,3,1.0,2,93055,M,4.0,0,93
200900068531,9,4,9,1325,1,2,1,1.0,6,93055,M,4.0,0,93
200900068532,9,4,29,2000,2,2,6,1.0,6,93073,M,4.0,0,93
200900068533,9,5,7,1558,1,2,1,1.0,5,93055,M,4.0,0,93
200900068534,9,5,13,1010,1,2,3,1.0,3,93055,M,4.0,0,93
200900068535,9,5,16,1650,1,2,1,2.0,2,93055,M,4.0,0,93
200900068536,9,5,25,1240,2,2,2,1.0,6,93078,M,4.0,0,93
200900068537,9,5,30,1915,1,2,1,1.0,6,93073,M,4.0,0,93
200900068538,9,5,30,2000,1,2,1,1.0,2,93055,M,4.0,0,93
200900068539,9,10,15,1655,1,2,1,1.0,6,14699,M,,,14
200900068540,9,6,3,1350,1,2,1,1.0,6,93055,M,4.0,0,93
200900068541,9,6,3,1710,1,2,1,1.0,3,93055,M,4.0,0,93
200900068542,9,6,4,830,1,1,1,1.0,6,93051,M,,,93
200900068543,9,6,4,1025,1,2,2,1.0,3,93078,M,4.0,0,93
200900068544,9,6,6,2155,5,2,2,1.0,3,93055,M,4.0,0,93
200900068545,9,6,7,2130,2,2,1,2.0,3,93078,M,4.0,0,93
200900068546,9,6,8,1420,1,2,1,2.0,6,93073,M,4.0,0,93
200900068547,9,6,8,1830,1,2,3,2.0,3,93078,M,4.0,0,93
200900068548,9,6,9,840,1,2,1,1.0,6,93078,M,4.0,0,93
200900068549,9,6,9,1720,1,2,1,1.0,6,93055,M,4.0,0,93
200900068550,9,6,13,300,5,1,1,1.0,2,93051,M,,,93
200900068551,9,6,13,1428,1,2,1,1.0,4,93055,M,4.0,0,93
200900068552,9,6,14,1605,1,2,2,1.0,3,93055,M,4.0,0,93
200900068553,9,6,15,1630,1,2,1,2.0,6,93073,M,4.0,0,93
200900068554,9,6,19,1045,1,1,1,1.0,3,93051,M,,,93
200900068555,9,6,21,1520,1,2,1,1.0,1,93055,M,4.0,0,93
200900068556,9,6,22,1830,1,1,1,1.0,5,93051,M,,,93
200900068557,9,6,29,1635,1,2,2,1.0,6,93073,M,4.0,0,93
200900068558,9,10,23,100,5,2,2,1.0,3,14220,M,,,14
200900068559,9,10,26,2230,5,2,1,1.0,6,14220,M,,,14
200900068560,9,10,29,1320,1,2,7,1.0,6,14715,M,4.0,0,14
200900068561,9,10,23,1520,1,2,1,1.0,6,74013,M,,,74
200900068562,9,11,18,1,5,2,1,1.0,1,74281,M,,,74
200900068563,9,12,7,1030,1,1,1,2.0,6,76484,M,,,76
200900068564,9,12,8,1340,1,2,1,1.0,2,76540,M,,,76
200900068565,9,12,4,1650,2,2,1,1.0,7,74281,M,,,74
200900068566,9,12,16,2045,4,1,1,1.0,3,76322,M,,,76
200900068567,9,12,21,915,1,1,1,4.0,2,76410,M,,,76
200900068568,9,12,27,1320,1,2,1,1.0,4,76540,M,,,76
200900068569,9,8,4,1650,1,2,1,1.0,5,76414,M,,,76
200900068570,9,8,6,1345,1,1,1,1.0,6,76545,M,,,76
200900068571,9,8,7,930,1,2,1,1.0,2,76217,M,,,76
200900068572,9,8,14,1815,1,2,1,1.0,1,76545,M,,,76
200900068573,9,8,20,1120,1,2,1,1.0,6,76217,M,,,76
200900068574,9,8,20,1315,1,1,1,2.0,7,76565,M,,,76
200900068575,9,8,25,2000,2,2,1,1.0,6,76026,M,,,76
200900068576,9,8,27,1830,1,2,1,1.0,3,76217,M,,,76
200900068577,9,10,1,20,5,2,1,1.0,3,76217,M,,,76
200900068578,9,10,6,1120,1,2,1,2.0,1,76545,M,,,76
200900068579,9,10,8,1305,1,1,1,8.0,7,76217,M,,,76
200900068580,9,10,10,550,5,2,1,1.0,7,76217,M,,,76
200900068581,9,12,22,1620,2,2,1,4.0,6,76157,M,,,76
200900068582,9,12,2,2030,5,2,1,1.0,2,76451,M,,,76
200900068583,9,12,3,1645,2,2,1,1.0,3,76216,M,,,76
200900068584,9,12,4,1340,1,2,1,1.0,3,76319,M,,,76
200900068585,9,12,4,2130,5,2,1,2.0,3,76540,M,,,76
200900068586,9,12,6,345,5,2,1,1.0,6,76540,M,,,76
200900068587,9,12,7,850,2,2,1,1.0,6,76322,M,,,76
200900068588,9,12,10,1010,1,2,5,1.0,3,76165,M,,,76
200900068589,9,12,10,1900,5,2,1,1.0,3,76681,M,,,76
200900068590,9,12,10,1900,5,1,1,1.0,6,76498,M,,,76
200900068591,9,12,11,1800,1,1,1,1.0,6,76540,M,,,76
200900068592,9,12,12,1150,1,2,1,1.0,3,76681,M,,,76
200900068593,9,12,13,1300,1,2,1,1.0,3,76216,M,,,76
200900068594,9,12,13,1715,5,2,1,3.0,2,76540,M,,,76
200900068595,9,12,16,1120,1,2,1,1.0,1,76540,M,,,76
200900068596,9,12,19,2030,5,1,1,4.0,6,76451,M,,,76
200900068597,9,12,20,555,5,2,1,4.0,4,76095,M,,,76
200900068598,9,12,20,830,1,1,1,4.0,4,76497,M,,,76
200900068599,9,12,20,1630,1,2,1,1.0,3,76108,M,,,76
200900068600,9,12,20,1800,3,1,1,1.0,7,76575,M,,,76
200900068601,9,12,21,1745,5,2,1,8.0,7,76540,M,,,76
200900068602,9,10,22,1700,1,2,1,1.0,2,93055,M,4.0,0,93
200900068603,9,10,29,1025,1,2,1,1.0,6,93055,M,4.0,0,93
200900068604,9,10,2,1930,5,2,1,1.0,6,93055,M,4.0,0,93
200900068605,9,10,15,2035,5,2,3,1.0,3,93078,M,4.0,0,93
200900068606,9,10,18,830,1,1,1,1.0,4,93051,M,,,93
200900068607,9,10,3,1045,1,2,2,8.0,3,93055,M,4.0,0,93
200900068608,9,10,14,820,1,2,3,1.0,6,93055,M,4.0,0,93
200900068609,9,10,27,1320,1,1,1,1.0,6,93074,M,4.0,0,93
200900068610,9,10,30,1600,1,2,3,1.0,3,93066,M,4.0,0,93
200900068611,9,10,28,1115,1,2,7,1.0,2,93046,M,4.0,0,93
200900068612,9,10,24,725,3,2,2,2.0,3,93046,M,4.0,0,93
200900068613,9,10,22,1910,5,2,1,1.0,6,93066,M,4.0,0,93
200900068614,9,10,16,2225,5,2,1,1.0,7,93046,M,4.0,0,93
200900068615,9,10,8,1825,1,2,2,3.0,1,93046,M,4.0,0,93
200900068616,9,10,22,700,2,2,1,8.0,6,93066,M,4.0,0,93
200900068617,9,10,16,1000,1,2,1,1.0,6,93066,M,4.0,0,93
200900068618,9,10,30,1731,5,2,2,1.0,7,93066,M,4.0,0,93
200900068619,9,10,30,1105,1,2,1,1.0,6,93066,M,4.0,0,93
200900068620,9,10,22,1325,1,2,1,8.0,4,93066,M,4.0,0,93
200900068621,9,10,22,1635,1,2,6,1.0,3,93046,M,4.0,0,93
200900068622,9,10,18,1010,1,2,1,1.0,6,93046,M,4.0,0,93
200900068623,9,10,30,1845,5,2,1,1.0,3,93066,M,4.0,0,93
200900068624,9,10,25,35,5,2,1,1.0,2,93039,M,4.0,0,93
200900068625,9,10,21,1905,5,2,1,2.0,4,93066,M,4.0,0,93
200900068626,9,10,21,1730,1,2,1,2.0,6,93066,M,4.0,0,93
200900068627,9,10,6,1350,1,1,1,2.0,7,93074,M,4.0,0,93
200900068628,9,10,30,1230,1,1,1,1.0,6,93066,M,4.0,0,93
200900068629,9,10,23,1615,1,2,3,1.0,3,93074,M,4.0,0,93
200900068630,9,10,27,1430,1,2,1,1.0,6,93039,M,4.0,0,93
200900068631,9,10,24,1930,5,2,1,2.0,3,93046,M,4.0,0,93
200900068632,9,10,27,1830,3,1,1,1.0,3,93046,M,4.0,0,93
200900068633,9,10,2,1945,5,2,2,1.0,3,93074,M,4.0,0,93
200900068634,9,10,28,652,2,2,3,1.0,3,93031,M,4.0,0,93
200900068635,9,10,30,2255,5,2,1,1.0,6,93078,M,4.0,0,93
200900068636,9,10,29,1530,1,2,1,1.0,2,93031,M,4.0,0,93
200900068637,9,10,8,930,1,2,2,1.0,3,93048,M,4.0,0,93
200900068638,9,10,25,225,5,2,1,1.0,3,93001,M,4.0,0,93
200900068639,9,10,16,1450,1,2,2,2.0,6,93078,M,4.0,0,93
200900068640,9,10,21,710,5,2,3,2.0,3,93029,M,4.0,0,93
200900068641,9,10,28,910,1,2,1,1.0,3,93048,M,4.0,0,93
200900068642,9,10,2,1510,1,2,1,1.0,3,93029,M,4.0,0,93
200900068643,9,10,16,110,5,2,1,9.0,6,93047,M,4.0,0,93
200900068644,9,10,28,840,1,2,1,1.0,6,93001,M,4.0,0,93
200900068645,9,10,20,830,1,2,1,1.0,3,93051,M,4.0,0,93
200900068646,9,10,21,1805,1,1,1,1.0,6,93031,M,4.0,0,93
200900068647,9,10,12,1540,1,2,2,8.0,3,93029,M,4.0,0,93
200900068648,9,10,25,1120,1,2,1,1.0,6,93001,M,4.0,0,93
200900068649,9,10,25,1710,2,2,1,1.0,3,93048,M,4.0,0,93
200900068650,9,10,23,1715,1,2,1,1.0,6,93062,M,4.0,0,93
200900068651,9,10,22,235,5,2,1,2.0,6,93031,M,4.0,0,93
200900068652,9,10,19,1515,1,2,2,1.0,1,93032,M,4.0,0,93
200900068653,9,10,12,1330,1,2,1,1.0,6,93048,M,4.0,0,93
200900068654,9,10,27,1450,1,2,3,1.0,3,93048,M,4.0,0,93
200900068655,9,10,21,1635,1,2,1,1.0,6,93001,M,4.0,0,93
200900068656,9,10,17,1515,1,2,1,2.0,1,93029,M,4.0,0,93
200900068657,9,10,29,1955,3,2,3,1.0,3,93051,M,4.0,0,93
200900068658,9,10,31,1245,1,2,1,1.0,2,93031,M,4.0,0,93
200900068659,9,10,21,1325,1,2,6,2.0,3,93051,M,4.0,0,93
200900068660,9,10,20,2140,5,2,2,2.0,3,93048,M,4.0,0,93
200900068661,9,10,31,1945,5,2,1,1.0,1,93001,M,4.0,0,93
200900068662,9,10,21,820,2,2,1,2.0,3,93029,M,4.0,0,93
200900068663,9,10,27,1745,2,2,1,1.0,3,93047,M,4.0,0,93
200900068664,9,10,12,2030,5,2,1,9.0,6,93029,M,4.0,0,93
200900068665,9,10,23,1720,1,2,1,8.0,6,93029,M,4.0,0,93
200900068666,9,10,28,1230,1,2,6,1.0,2,93062,M,4.0,0,93
200900068667,9,10,30,1355,1,2,2,5.0,3,93048,M,4.0,0,93
200900068668,9,10,29,1600,1,2,1,1.0,6,93001,M,4.0,0,93
200900068669,9,10,22,1100,1,2,3,1.0,6,93053,M,4.0,0,93
200900068670,9,10,21,1455,1,2,1,2.0,3,93029,M,4.0,0,93
200900068671,9,10,19,950,1,2,3,8.0,3,93051,M,4.0,0,93
200900068672,9,10,26,1400,1,2,2,1.0,3,93048,M,4.0,0,93
200900068673,9,10,16,1700,1,2,3,1.0,6,93001,M,4.0,0,93
200900068674,9,10,17,1430,1,2,1,1.0,6,93048,M,4.0,0,93
200900068675,9,10,16,1220,1,1,1,1.0,3,93051,M,4.0,0,93
200900068676,9,10,28,1005,1,2,2,1.0,6,93032,M,4.0,0,93
200900068677,9,10,23,1650,1,2,1,1.0,6,93048,M,4.0,0,93
200900068678,9,10,29,1740,5,2,1,1.0,6,93048,M,4.0,0,93
200900068679,9,10,28,1715,1,2,2,1.0,3,93078,M,4.0,0,93
200900068680,9,10,17,450,5,2,6,1.0,6,93014,M,4.0,0,93
200900068681,9,10,11,1520,1,2,1,1.0,1,93048,M,4.0,0,93
200900068682,9,10,19,1300,1,2,1,1.0,6,93053,M,4.0,0,93
200900068683,9,10,9,1910,3,2,1,3.0,6,93048,M,4.0,0,93
200900068684,9,10,22,1005,1,2,1,1.0,2,93053,M,4.0,0,93
200900068685,9,10,30,2315,5,2,3,1.0,2,93031,M,4.0,0,93
200900068686,9,10,27,1230,1,2,1,1.0,3,93048,M,4.0,0,93
200900068687,9,10,16,1315,1,2,1,1.0,6,93032,M,4.0,0,93
200900068688,9,10,1,1750,1,2,1,1.0,6,93048,M,4.0,0,93
200900068689,9,10,18,1625,1,2,3,1.0,3,93001,M,4.0,0,93
200900068690,9,10,19,1000,1,2,1,1.0,6,93051,M,4.0,0,93
200900068691,9,10,28,1830,5,2,1,1.0,1,93032,M,4.0,0,93
200900068692,9,10,4,2205,5,2,1,1.0,3,93048,M,4.0,0,93
200900068693,9,10,5,810,1,2,1,2.0,2,93064,M,4.0,0,93
200900068694,9,10,4,2115,5,2,2,1.0,3,93077,M,4.0,0,93
200900068695,9,10,14,1520,1,2,1,1.0,6,93064,M,4.0,0,93
200900068696,9,10,8,1630,1,2,2,1.0,6,93064,M,4.0,0,93
200900068697,9,10,3,1305,1,2,2,1.0,3,93077,M,4.0,0,93
200900068698,9,10,27,1750,5,1,1,1.0,3,93027,M,,,93
200900068699,9,10,6,1045,1,1,1,2.0,7,93078,M,,,93
200900068700,9,10,21,1245,1,1,1,1.0,3,93064,M,,,93
200900068701,9,10,25,905,1,1,1,1.0,7,93078,M,,,93
200900068702,9,10,2,1600,1,1,1,1.0,2,93051,M,,,93
200900068703,9,10,21,1730,1,1,1,2.0,4,93066,M,,,93
200900068704,9,10,24,1600,1,1,1,2.0,6,93051,M,,,93
200900068705,9,10,8,2230,3,1,1,2.0,7,95277,M,4.0,0,95
200900068706,9,10,3,1725,1,1,1,1.0,3,93007,M,,,93
200900068707,9,10,16,2345,5,1,1,1.0,6,93008,M,,,93
200900068708,9,10,16,1930,5,2,1,1.0,6,93030,M,4.0,0,93
200900068709,9,10,10,2245,5,2,1,1.0,2,93013,M,4.0,0,93
200900068710,9,10,21,755,2,2,1,2.0,3,93027,M,4.0,0,93
200900068711,9,10,8,2140,5,2,1,2.0,2,93013,M,4.0,0,93
200900068712,9,10,14,1220,1,2,1,1.0,6,93027,M,4.0,0,93
200900068713,9,10,18,1800,1,2,3,1.0,1,93007,M,4.0,0,93
200900068714,9,10,14,2030,5,2,2,8.0,3,93027,M,4.0,0,93
200900068715,9,10,7,1145,1,2,1,1.0,6,93013,M,4.0,0,93
200900068716,9,10,3,1917,5,2,1,1.0,2,93027,M,4.0,0,93
200900068717,9,10,18,1640,1,2,1,1.0,6,93007,M,4.0,0,93
200900068718,9,10,4,1900,2,2,2,8.0,3,93027,M,4.0,0,93
200900068719,9,10,20,1220,2,2,1,2.0,3,93027,M,4.0,0,93
200900068720,9,10,12,925,1,2,1,1.0,6,93027,M,4.0,0,93
200900068721,9,10,12,800,1,2,6,1.0,2,93008,M,4.0,0,93
200900068722,9,10,1,2010,5,2,2,1.0,6,93046,M,4.0,0,93
200900068723,9,10,1,1030,1,2,1,1.0,2,93046,M,4.0,0,93
200900068724,9,10,26,1730,1,2,1,1.0,2,93057,M,4.0,0,93
200900068725,9,10,8,1255,1,2,1,1.0,2,93010,M,4.0,0,93
200900068726,9,10,10,1257,1,2,6,1.0,4,93010,M,4.0,0,93
200900068727,9,10,11,650,5,2,1,1.0,6,93063,M,4.0,0,93
200900068728,9,10,30,1855,4,2,1,1.0,6,93006,M,4.0,0,93
200900068729,9,10,9,2240,5,2,1,2.0,6,93010,M,4.0,0,93
200900068730,9,10,7,2100,5,2,1,3.0,6,93063,M,4.0,0,93
200900068731,9,10,29,1320,1,2,1,1.0,6,93061,M,4.0,0,93
200900068732,9,10,29,1915,5,2,1,1.0,2,93006,M,4.0,0,93
200900068733,9,10,24,1815,1,2,3,2.0,2,93006,M,4.0,0,93
200900068734,9,10,16,1906,5,2,2,1.0,3,93045,M,4.0,0,93
200900068735,9,10,15,1730,1,2,1,1.0,6,93006,M,4.0,0,93
200900068736,9,10,1,1835,1,2,1,1.0,7,93063,M,4.0,0,93
200900068737,9,10,8,850,1,2,2,1.0,3,93057,M,4.0,0,93
200900068738,9,10,14,2000,5,2,3,1.0,3,93006,M,4.0,0,93
200900068739,9,10,16,2015,5,2,7,1.0,1,93063,M,4.0,0,93
200900068740,9,10,30,1550,1,2,1,1.0,6,93006,M,4.0,0,93
200900068741,9,10,29,1030,1,2,2,1.0,1,93045,M,4.0,0,93
200900068742,9,10,30,840,1,2,2,1.0,3,93077,M,4.0,0,93
200900068743,9,10,27,1720,1,2,1,1.0,2,93077,M,4.0,0,93
200900068744,9,10,19,2000,4,2,1,1.0,6,93064,M,4.0,0,93
200900068745,9,10,28,1330,1,2,2,1.0,6,93077,M,4.0,0,93
200900068746,9,10,31,1515,1,2,1,1.0,3,93010,M,4.0,0,93
200900068747,9,10,9,1920,4,2,1,3.0,3,93010,M,4.0,0,93
200900068748,9,10,6,1410,1,2,3,8.0,3,93061,M,4.0,0,93
200900068749,9,10,19,1340,1,2,3,1.0,3,93057,M,4.0,0,93
200900068750,9,10,3,1940,5,2,1,1.0,2,93006,M,4.0,0,93
200900068751,9,10,3,2150,5,2,1,1.0,3,93005,M,4.0,0,93
200900068752,9,10,24,1840,5,2,3,2.0,6,93005,M,4.0,0,93
200900068753,9,10,20,2315,5,2,6,2.0,7,93005,M,4.0,0,93
200900068754,9,10,2,1625,1,2,1,1.0,2,93005,M,4.0,0,93
200900068755,9,10,12,2000,5,2,1,1.0,1,93005,M,4.0,0,93
200900068756,9,10,7,1140,1,2,3,1.0,6,93005,M,4.0,0,93
200900068757,9,10,2,1545,1,2,3,1.0,1,93005,M,4.0,0,93
200900068758,9,10,19,1800,1,2,1,1.0,6,93005,M,4.0,0,93
200900068759,9,10,13,1810,1,2,1,1.0,6,93005,M,4.0,0,93
200900068760,9,10,15,1700,1,2,1,1.0,6,93005,M,4.0,0,93
200900068761,9,10,3,1320,1,2,1,1.0,6,93005,M,4.0,0,93
200900068762,9,10,2,1345,1,2,1,1.0,2,93005,M,4.0,0,93
200900068763,9,10,8,1255,1,2,3,1.0,6,93005,M,4.0,0,93
200900068764,9,10,29,740,1,2,2,1.0,3,93064,M,4.0,0,93
200900068765,9,10,1,1630,1,2,7,1.0,6,93057,M,4.0,0,93
200900068766,9,10,2,810,1,2,1,8.0,6,93063,M,4.0,0,93
200900068767,9,10,2,1735,1,2,1,1.0,3,93057,M,4.0,0,93
200900068768,9,10,3,1245,1,2,1,1.0,6,93010,M,4.0,0,93
200900068769,9,10,5,1125,1,1,6,3.0,4,93005,M,4.0,0,93
200900068770,9,10,8,2115,5,2,1,2.0,7,93005,M,4.0,0,93
200900068771,9,10,9,750,1,2,1,1.0,3,93010,M,4.0,0,93
200900068772,9,10,13,745,1,2,3,1.0,3,93010,M,4.0,0,93
200900068773,9,10,18,205,5,2,1,1.0,6,93050,M,4.0,0,93
200900068774,9,10,18,2112,3,2,6,1.0,2,93005,M,4.0,0,93
200900068775,9,10,16,1335,1,2,2,1.0,3,93005,M,4.0,0,93