Num_Acc,an,mois,jour,hrmn,lum,agg,int,atm,col,com,gps,lat,long,dep
200900068776,9,10,16,2230,5,2,1,1.0,3,93057,M,4.0,0,93
200900068777,9,10,17,1640,1,2,1,2.0,2,93050,M,4.0,0,93
200900068778,9,10,26,2055,5,2,1,1.0,2,93010,M,4.0,0,93
200900068779,9,10,30,1625,1,2,1,1.0,3,93010,M,4.0,0,93
200900068780,9,10,31,2015,5,2,1,2.0,2,93010,M,4.0,0,93
200900068781,9,10,11,1610,1,2,2,1.0,5,93050,M,4.0,0,93
200900068782,9,10,6,1345,1,2,3,2.0,3,93031,M,4.0,0,93
200900068783,9,10,6,1505,1,2,6,1.0,2,93008,M,4.0,0,93
200900068784,9,10,12,1550,1,2,1,1.0,6,93066,M,4.0,0,93
200900068785,9,10,4,1425,1,2,2,1.0,3,93053,M,4.0,0,93
200900068786,9,10,14,810,1,2,3,1.0,6,93047,M,4.0,0,93
200900068787,9,10,6,740,2,2,1,3.0,6,93007,M,4.0,0,93
200900068788,9,10,13,1455,1,2,2,1.0,6,93032,M,4.0,0,93
200900068789,9,10,2,45,5,2,1,1.0,6,93007,M,4.0,0,93
200900068790,9,10,5,945,1,2,1,2.0,6,93039,M,4.0,0,93
200900068791,9,10,5,1450,1,2,6,2.0,2,93007,M,4.0,0,93
200900068792,9,10,5,1405,1,2,1,2.0,3,93066,M,4.0,0,93
200900068793,9,10,6,1350,1,2,1,2.0,6,93066,M,4.0,0,93
200900068794,9,10,14,1345,1,2,1,1.0,6,93001,M,4.0,0,93
200900068795,9,10,13,345,4,2,1,1.0,7,93066,M,4.0,0,93
200900068796,9,10,7,2105,5,2,3,2.0,3,93031,M,4.0,0,93
200900068797,9,10,6,2200,5,2,1,1.0,3,93032,M,4.0,0,93
200900068798,9,10,15,1610,1,2,1,1.0,3,93047,M,4.0,0,93
200900068799,9,10,3,2200,5,2,2,1.0,3,93047,M,4.0,0,93
200900068800,9,10,2,1800,1,2,1,1.0,6,93051,M,4.0,0,93
200900068801,9,10,2,1845,1,2,1,1.0,2,93066,M,4.0,0,93
200900068802,9,10,1,605,2,2,1,1.0,7,93014,M,4.0,0,93
200900068803,9,10,14,1030,1,2,1,1.0,6,93047,M,4.0,0,93
200900068804,9,10,5,1735,1,2,2,2.0,6,93078,M,4.0,0,93
200900068805,9,10,16,1130,1,2,1,8.0,6,93008,M,4.0,0,93
200900068806,9,10,3,1110,1,2,2,1.0,3,93066,M,4.0,0,93
200900068807,9,10,11,1245,1,2,1,2.0,4,93047,M,4.0,0,93
200900068808,9,10,13,2330,5,2,1,1.0,6,93001,M,4.0,0,93
200900068809,9,10,12,830,1,2,1,1.0,6,93008,M,4.0,0,93
200900068810,9,10,3,1200,1,2,3,1.0,3,93066,M,4.0,0,93
200900068811,9,10,7,1720,1,2,1,1.0,6,93001,M,4.0,0,93
200900068812,9,10,10,2135,5,2,1,1.0,2,93066,M,4.0,0,93
200900068813,9,10,7,1540,1,2,1,1.0,6,93066,M,4.0,0,93
200900068814,9,10,8,725,2,2,1,8.0,6,93053,M,4.0,0,93
200900068815,9,10,10,640,5,2,1,1.0,6,93066,M,4.0,0,93
200900068816,9,10,22,1230,1,2,3,1.0,3,93008,M,4.0,0,93
200900068817,9,10,12,1905,1,2,1,1.0,6,93078,M,4.0,0,93
200900068818,9,10,1,1910,2,2,1,1.0,6,93066,M,4.0,0,93
200900068819,9,10,7,2110,3,2,6,3.0,3,93007,M,4.0,0,93
200900068820,9,10,9,1950,5,2,1,2.0,2,93032,M,4.0,0,93
200900068821,9,10,13,815,1,2,1,1.0,3,93008,M,4.0,0,93
200900068822,9,10,15,1735,1,2,2,1.0,3,93032,M,4.0,0,93
200900068823,9,10,10,2100,5,2,2,1.0,6,93062,M,4.0,0,93
200900068824,9,10,1,1140,1,2,1,1.0,2,93001,M,4.0,0,93
200900068825,9,10,8,1425,1,2,1,1.0,2,93053,M,4.0,0,93
200900068826,9,10,14,1040,1,2,4,1.0,2,93066,M,4.0,0,93
200900068827,9,10,16,1430,1,2,2,1.0,6,93008,M,4.0,0,93
200900068828,9,10,7,750,2,2,3,1.0,6,93031,M,4.0,0,93
200900068829,9,10,8,1105,1,2,1,1.0,6,93007,M,4.0,0,93
200900068830,9,10,26,1635,1,2,3,1.0,1,93008,M,4.0,0,93
200900068831,9,10,18,345,5,2,1,1.0,6,93008,M,4.0,0,93
200900068832,9,10,8,1630,1,2,1,1.0,6,93079,M,4.0,0,93
200900068833,9,10,3,1420,1,2,7,1.0,5,93066,M,4.0,0,93
200900068834,9,10,13,1545,1,2,2,1.0,3,93014,M,4.0,0,93
200900068835,9,10,1,1510,1,2,1,1.0,2,93031,M,4.0,0,93
200900068836,9,10,7,825,1,2,1,1.0,6,93031,M,4.0,0,93
200900068837,9,10,14,1835,1,2,8,1.0,6,93032,M,4.0,0,93
200900068838,9,10,15,2010,5,2,1,1.0,3,93001,M,4.0,0,93
200900068839,9,10,15,830,1,2,1,1.0,6,93032,M,4.0,0,93
200900068840,9,10,5,1200,1,2,1,2.0,6,93032,M,4.0,0,93
200900068841,9,10,6,1040,1,2,3,2.0,3,93001,M,4.0,0,93
200900068842,9,10,13,1940,5,2,1,1.0,3,93001,M,4.0,0,93
200900068843,9,10,4,1705,1,2,1,1.0,6,93005,M,4.0,0,93
200900068844,9,7,30,1130,1,2,1,1.0,6,93055,M,4.0,0,93
200900068845,9,7,9,855,1,2,1,1.0,6,93078,M,4.0,0,93
200900068846,9,7,30,920,1,2,1,1.0,3,93055,M,4.0,0,93
200900068847,9,7,15,850,1,2,1,1.0,6,93078,M,4.0,0,93
200900068848,9,7,24,1425,1,2,1,1.0,6,93055,M,4.0,0,93
200900068849,9,7,28,1200,1,2,1,8.0,3,93055,M,4.0,0,93
200900068850,9,7,13,1215,1,2,1,1.0,4,93055,M,4.0,0,93
200900068851,9,7,1,1200,1,2,1,1.0,3,93055,M,4.0,0,93
200900068852,9,7,9,1145,1,2,1,1.0,6,93078,M,4.0,0,93
200900068853,9,7,20,2105,1,2,1,1.0,6,93055,M,4.0,0,93
200900068854,9,7,24,1150,1,2,1,1.0,6,93055,M,4.0,0,93
200900068855,9,7,24,1630,1,2,1,2.0,6,93055,M,4.0,0,93
200900068856,9,7,25,855,1,2,1,1.0,4,93055,M,4.0,0,93
200900068857,9,7,29,2220,5,2,1,1.0,3,93055,M,4.0,0,93
200900068858,9,7,17,1511,1,2,1,1.0,3,93055,M,4.0,0,93
200900068859,9,7,26,1255,1,2,6,1.0,3,93055,M,4.0,0,93
200900068860,9,7,2,945,1,2,1,1.0,1,93071,M,4.0,0,93
200900068861,9,7,20,745,1,2,1,1.0,6,93029,M,4.0,0,93
200900068862,9,7,31,1610,1,2,1,1.0,6,93029,M,4.0,0,93
200900068863,9,7,24,950,1,2,3,1.0,3,93029,M,4.0,0,93
200900068864,9,7,8,1730,1,2,1,1.0,6,93029,M,4.0,0,93
200900068865,9,7,11,1620,1,2,1,1.0,3,93029,M,4.0,0,93
200900068866,9,7,25,1600,1,2,2,1.0,3,93071,M,4.0,0,93
200900068867,9,7,28,1600,1,2,2,1.0,3,93071,M,4.0,0,93
200900068868,9,7,3,937,1,2,1,1.0,6,93029,M,4.0,0,93
200900068869,9,7,3,700,1,2,1,1.0,3,93029,M,4.0,0,93
200900068870,9,7,9,1850,1,2,3,1.0,1,93029,M,4.0,0,93
200900068871,9,7,5,1805,1,2,1,1.0,6,93057,M,4.0,0,93
200900068872,9,7,11,1500,1,2,1,1.0,5,93066,M,4.0,0,93
200900068873,9,7,15,1520,1,2,2,1.0,3,93001,M,4.0,0,93
200900068874,9,7,15,2010,1,2,1,1.0,6,93001,M,4.0,0,93
200900068875,9,7,13,1855,1,2,1,1.0,6,93031,M,4.0,0,93
200900068876,9,7,11,2120,1,2,1,1.0,6,93001,M,4.0,0,93
200900068877,9,7,4,1000,1,2,2,1.0,3,93005,M,4.0,0,93
200900068878,9,7,6,1610,1,2,1,1.0,6,93010,M,4.0,0,93
200900068879,9,7,8,1900,1,2,1,2.0,4,93005,M,4.0,0,93
200900068880,9,7,16,2220,5,2,6,1.0,2,93053,M,4.0,0,93
200900068881,9,7,11,1820,1,2,1,1.0,6,93049,M,4.0,0,93
200900068882,9,7,10,1200,1,2,2,1.0,2,93066,M,4.0,0,93
200900068883,9,7,2,1630,1,2,1,1.0,6,93031,M,4.0,0,93
200900068884,9,7,7,940,1,2,1,1.0,6,93066,M,4.0,0,93
200900068885,9,7,9,1145,1,2,1,1.0,3,93066,M,4.0,0,93
200900068886,9,7,1,1700,1,2,1,1.0,3,93066,M,4.0,0,93
200900068887,9,7,2,1847,1,2,3,1.0,2,93032,M,4.0,0,93
200900068888,9,7,13,1020,1,2,1,1.0,3,93066,M,4.0,0,93
200900068889,9,7,2,2015,1,2,1,3.0,1,93064,M,4.0,0,93
200900068890,9,7,9,1735,1,2,1,1.0,6,93077,M,4.0,0,93
200900068891,9,7,11,1900,1,2,2,1.0,3,93047,M,4.0,0,93
200900068892,9,7,10,1810,1,2,3,1.0,6,93047,M,4.0,0,93
200900068893,9,7,3,1250,1,2,1,1.0,3,93066,M,4.0,0,93
200900068894,9,7,12,205,5,2,2,1.0,3,93077,M,4.0,0,93
200900068895,9,7,13,1205,1,2,1,1.0,6,93001,M,4.0,0,93
200900068896,9,7,1,1015,1,2,3,1.0,2,93064,M,4.0,0,93
200900068897,9,7,7,1015,1,2,1,1.0,3,93066,M,4.0,0,93
200900068898,9,7,2,1600,1,2,1,1.0,7,93031,M,4.0,0,93
200900068899,9,7,9,1830,1,2,1,1.0,6,93051,M,4.0,0,93
200900068900,9,7,2,1710,1,2,3,1.0,1,93062,M,4.0,0,93
200900068901,9,7,12,1430,1,1,1,1.0,7,93014,M,4.0,0,93
200900068902,9,7,7,820,1,2,7,1.0,6,93032,M,4.0,0,93
200900068903,9,7,14,2140,5,2,1,1.0,3,93001,M,4.0,0,93
200900068904,9,7,9,740,1,2,1,1.0,3,93053,M,4.0,0,93
200900068905,9,7,6,1625,1,2,1,1.0,5,93066,M,4.0,0,93
200900068906,9,7,11,2255,5,2,1,2.0,5,93001,M,4.0,0,93
200900068907,9,7,5,1640,1,2,4,1.0,3,93031,M,4.0,0,93
200900068908,9,7,15,100,5,2,1,1.0,6,93001,M,4.0,0,93
200900068909,9,7,10,320,5,2,1,1.0,6,93001,M,4.0,0,93
200900068910,9,7,13,2050,2,2,1,1.0,5,93001,M,4.0,0,93
200900068911,9,7,2,2100,1,2,1,8.0,3,93005,M,4.0,0,93
200900068912,9,7,11,2340,5,2,1,1.0,6,93005,M,4.0,0,93
200900068913,9,7,8,1745,1,2,3,1.0,6,93001,M,4.0,0,93
200900068914,9,7,13,1745,1,2,1,1.0,3,93033,M,4.0,0,93
200900068915,9,7,3,1830,1,2,1,1.0,6,93001,M,4.0,0,93
200900068916,9,7,5,2030,2,2,6,1.0,3,93014,M,4.0,0,93
200900068917,9,7,2,1420,1,2,1,1.0,1,93005,M,4.0,0,93
200900068918,9,7,4,1720,1,2,3,1.0,1,93066,M,4.0,0,93
200900068919,9,7,3,1835,1,2,1,1.0,6,93031,M,4.0,0,93
200900068920,9,7,11,1945,1,2,1,1.0,3,93066,M,4.0,0,93
200900068921,9,7,7,224,5,2,2,2.0,2,93001,M,4.0,0,93
200900068922,9,7,12,1350,1,2,7,8.0,6,93005,M,4.0,0,93
200900068923,9,7,8,955,1,2,2,1.0,2,93064,M,4.0,0,93
200900068924,9,7,5,2340,5,2,1,1.0,6,93066,M,4.0,0,93
200900068925,9,7,15,1645,1,2,1,1.0,3,93066,M,4.0,0,93
200900068926,9,7,15,1810,1,2,1,1.0,6,93077,M,4.0,0,93
200900068927,9,7,8,2030,1,2,1,8.0,2,93066,M,4.0,0,93
200900068928,9,7,9,1925,1,2,1,1.0,3,93031,M,4.0,0,93
200900068929,9,7,11,430,5,2,1,1.0,7,93031,M,4.0,0,93
200900068930,9,7,8,1918,1,2,1,1.0,4,93066,M,4.0,0,93
200900068931,9,7,2,1915,1,2,1,1.0,4,93066,M,4.0,0,93
200900068932,9,7,2,1735,1,2,1,1.0,1,93014,M,4.0,0,93
200900068933,9,7,12,1240,1,2,1,1.0,1,93066,M,4.0,0,93
200900068934,9,7,31,830,1,2,5,1.0,3,93066,M,4.0,0,93
200900068935,9,7,24,825,1,2,1,1.0,7,93078,M,4.0,0,93
200900068936,9,7,17,1625,1,2,3,1.0,3,93046,M,4.0,0,93
200900068937,9,7,31,1830,1,2,6,1.0,2,93066,M,4.0,0,93
200900068938,9,7,25,1945,1,2,1,1.0,2,93064,M,4.0,0,93
200900068939,9,7,16,1330,1,2,1,1.0,2,93001,M,4.0,0,93
200900068940,9,7,24,5,5,2,2,1.0,3,93077,M,4.0,0,93
200900068941,9,7,4,1430,1,2,1,1.0,6,93008,M,4.0,0,93
200900068942,9,7,31,1745,1,2,1,1.0,6,93051,M,4.0,0,93
200900068943,9,7,23,1630,1,2,2,2.0,3,93032,M,4.0,0,93
200900068944,9,7,24,1910,1,2,4,1.0,3,93064,M,4.0,0,93
200900068945,9,7,31,2200,5,2,2,1.0,3,93064,M,4.0,0,93
200900068946,9,7,17,1115,1,2,2,1.0,3,93008,M,4.0,0,93
200900068947,9,7,2,1740,1,2,1,1.0,7,93008,M,4.0,0,93
200900068948,9,7,29,1340,1,2,6,1.0,3,93051,M,4.0,0,93
200900068949,9,7,30,938,1,2,3,1.0,6,93046,M,4.0,0,93
200900068950,9,7,17,1720,1,2,1,1.0,6,93001,M,4.0,0,93
200900068951,9,7,16,20,3,2,6,1.0,3,93008,M,4.0,0,93
200900068952,9,7,26,1145,1,2,1,1.0,2,93064,M,4.0,0,93
200900068953,9,7,20,820,1,2,1,1.0,3,93039,M,4.0,0,93
200900068954,9,7,20,1430,1,2,3,1.0,3,93001,M,4.0,0,93
200900068955,9,7,9,1445,1,2,2,1.0,1,93046,M,4.0,0,93
200900068956,9,7,29,1415,1,2,1,1.0,3,93008,M,4.0,0,93
200900068957,9,7,31,1005,1,2,1,1.0,2,93046,M,4.0,0,93
200900068958,9,7,5,1815,1,2,2,1.0,3,93046,M,4.0,0,93
200900068959,9,7,19,1830,1,2,1,1.0,2,93010,M,4.0,0,93
200900068960,9,7,16,2125,2,1,1,1.0,3,93073,M,4.0,0,93
200900068961,9,7,10,1400,1,2,1,1.0,2,93048,M,4.0,0,93
200900068962,9,7,29,1345,1,2,1,1.0,3,93066,M,4.0,0,93
200900068963,9,7,24,1905,1,2,1,1.0,4,93001,M,4.0,0,93
200900068964,9,7,21,1250,1,2,1,1.0,3,93078,M,4.0,0,93
200900068965,9,7,19,546,2,2,2,1.0,3,93066,M,4.0,0,93
200900068966,9,7,8,1735,1,2,1,1.0,6,93008,M,4.0,0,93
200900068967,9,7,24,1928,1,2,2,3.0,2,93007,M,4.0,0,93
200900068968,9,7,17,1445,1,2,5,1.0,3,93046,M,4.0,0,93
200900068969,9,7,20,640,2,2,1,1.0,3,93001,M,4.0,0,93
200900068970,9,7,31,1900,1,2,1,1.0,3,93007,M,4.0,0,93
200900068971,9,7,30,1205,1,2,1,1.0,3,93031,M,4.0,0,93
200900068972,9,7,8,1000,1,2,2,1.0,3,93078,M,4.0,0,93
200900068973,9,7,17,635,1,2,1,1.0,3,93031,M,4.0,0,93
200900068974,9,7,25,1120,1,2,5,1.0,3,93077,M,4.0,0,93
200900068975,9,7,6,750,1,2,1,1.0,1,93073,M,4.0,0,93
200900068976,9,7,7,1010,1,2,6,1.0,3,93048,M,4.0,0,93
200900068977,9,7,16,1045,1,2,2,1.0,6,93001,M,4.0,0,93
200900068978,9,7,25,1725,1,2,1,1.0,6,93077,M,4.0,0,93
200900068979,9,7,5,1128,1,2,2,1.0,3,93073,M,4.0,0,93
200900068980,9,7,27,1140,1,2,2,2.0,3,93053,M,4.0,0,93
200900068981,9,7,6,2010,1,2,1,1.0,6,93048,M,4.0,0,93
200900068982,9,7,20,1700,1,2,1,1.0,6,93010,M,4.0,0,93
200900068983,9,7,13,1430,1,2,1,1.0,6,93008,M,4.0,0,93
200900068984,9,7,28,830,1,2,1,1.0,3,93066,M,4.0,0,93
200900068985,9,7,27,2225,5,2,1,1.0,6,93078,M,4.0,0,93
200900068986,9,7,28,2000,1,2,1,1.0,6,93031,M,4.0,0,93
200900068987,9,7,20,1145,1,2,1,1.0,2,93046,M,4.0,0,93
200900068988,9,7,8,1920,1,2,1,1.0,6,93048,M,4.0,0,93
200900068989,9,7,23,945,1,2,1,2.0,6,93053,M,4.0,0,93
200900068990,9,7,30,2040,1,2,1,1.0,3,93048,M,4.0,0,93
200900068991,9,7,4,1900,1,2,1,1.0,1,93073,M,4.0,0,93
200900068992,9,7,18,2110,1,2,1,1.0,6,93077,M,4.0,0,93
200900068993,9,7,23,1505,1,2,1,1.0,6,93001,M,4.0,0,93
200900068994,9,7,17,1930,1,2,1,1.0,1,93014,M,4.0,0,93
200900068995,9,7,30,1920,1,1,1,1.0,2,93077,M,4.0,0,93
200900068996,9,7,10,1620,1,2,7,1.0,6,93048,M,4.0,0,93
200900068997,9,7,15,1010,1,2,1,1.0,6,93048,M,4.0,0,93
200900068998,9,7,23,1130,1,2,1,1.0,7,93046,M,4.0,0,93
200900068999,9,7,7,1300,1,2,2,1.0,1,93073,M,4.0,0,93
200900069000,9,7,31,1640,1,2,1,1.0,2,93066,M,4.0,0,93
200900069001,9,7,3,1440,1,2,1,7.0,6,93008,M,4.0,0,93
200900069002,9,7,16,1900,1,2,1,1.0,6,93001,M,4.0,0,93
200900069003,9,7,24,850,1,2,1,1.0,2,93046,M,4.0,0,93
200900069004,9,7,6,1430,1,2,3,8.0,3,93046,M,4.0,0,93
200900069005,9,7,3,1735,1,2,1,1.0,4,93074,M,4.0,0,93
200900069006,9,7,2,1140,1,2,3,1.0,1,93078,M,4.0,0,93
200900069007,9,7,9,1350,1,2,2,1.0,6,93074,M,4.0,0,93
200900069008,9,7,21,1905,1,2,1,1.0,3,93079,M,4.0,0,93
200900069009,9,7,18,1540,1,2,1,1.0,6,93048,M,4.0,0,93
200900069010,9,7,21,1550,1,2,1,1.0,6,93008,M,4.0,0,93
200900069011,9,7,31,1940,1,2,1,1.0,2,93031,M,4.0,0,93
200900069012,9,7,28,1540,1,2,1,1.0,6,93062,M,4.0,0,93
200900069013,9,7,17,700,1,2,2,1.0,3,93046,M,4.0,0,93
200900069014,9,7,11,1735,1,2,3,1.0,3,93008,M,4.0,0,93
200900069015,9,7,28,1610,1,2,1,2.0,1,93066,M,4.0,0,93
200900069016,9,7,26,1110,1,2,2,1.0,3,93048,M,4.0,0,93
200900069017,9,7,20,2215,5,2,2,1.0,2,93062,M,4.0,0,93
200900069018,9,7,30,1620,1,2,1,1.0,3,93051,M,4.0,0,93
200900069019,9,7,31,1650,1,2,2,1.0,3,93048,M,4.0,0,93
200900069020,9,7,13,1050,1,2,1,1.0,3,93048,M,4.0,0,93
200900069021,9,7,27,900,1,1,1,1.0,2,93051,M,,,93
200900069022,9,7,24,945,1,1,1,1.0,2,93006,M,,,93
200900069023,9,7,23,520,3,1,1,2.0,3,93078,M,,,93
200900069024,9,7,25,2335,5,1,1,1.0,2,93007,M,,,93
200900069025,9,7,14,540,2,1,1,1.0,3,93051,M,,,93
200900069026,9,7,9,1700,1,1,1,1.0,3,93013,M,,,93
200900069027,9,7,10,2030,1,1,1,1.0,2,93051,M,,,93
200900069028,9,7,8,244,5,1,1,1.0,6,93073,M,,,93
200900069029,9,7,9,1800,1,2,1,1.0,3,93027,M,4.0,0,93
200900069030,9,7,31,745,1,2,2,1.0,6,93050,M,4.0,0,93
200900069031,9,7,20,1610,1,2,1,1.0,3,93063,M,4.0,0,93
200900069032,9,7,25,1205,1,2,1,1.0,6,93006,M,4.0,0,93
200900069033,9,7,7,1815,1,2,1,2.0,2,93072,M,4.0,0,93
200900069034,9,7,10,2300,5,2,1,1.0,6,93057,M,4.0,0,93
200900069035,9,7,11,1155,1,2,1,1.0,2,93072,M,4.0,0,93
200900069036,9,7,7,1440,1,2,1,1.0,1,93072,M,4.0,0,93
200900069037,9,7,2,2105,1,2,6,3.0,6,93030,M,4.0,0,93
200900069038,9,7,7,2010,1,2,1,2.0,4,93059,M,4.0,0,93
200900069039,9,7,3,1005,1,2,1,1.0,3,93059,M,4.0,0,93
200900069040,9,7,17,1820,1,2,1,1.0,6,93005,M,4.0,0,93
200900069041,9,7,23,1400,1,2,1,1.0,2,93005,M,4.0,0,93
200900069042,9,7,19,55,5,2,6,1.0,6,93005,M,4.0,0,93
200900069043,9,7,16,1900,1,2,1,1.0,3,93005,M,4.0,0,93
200900069044,9,7,17,1900,1,2,1,1.0,6,93005,M,4.0,0,93
200900069045,9,7,3,1740,1,2,4,7.0,5,93013,M,4.0,0,93
200900069046,9,7,11,1910,1,2,1,1.0,6,93057,M,4.0,0,93
200900069047,9,7,11,2135,5,2,1,1.0,6,93013,M,4.0,0,93
200900069048,9,7,6,1010,1,2,1,1.0,2,93059,M,4.0,0,93
200900069049,9,7,11,1740,1,2,6,1.0,2,93027,M,4.0,0,93
200900069050,9,7,12,245,5,1,6,2.0,7,93013,M,,,93
200900069051,9,7,13,1310,1,2,1,1.0,2,93057,M,4.0,0,93
200900069052,9,7,13,1415,1,2,1,1.0,2,93010,M,4.0,0,93
200900069053,9,7,13,1920,1,2,5,1.0,3,93013,M,4.0,0,93
200900069054,9,7,17,600,2,2,2,1.0,1,93050,M,4.0,0,93
200900069055,9,7,17,630,1,2,1,1.0,3,93027,M,4.0,0,93
200900069056,9,7,19,10,5,2,1,2.0,1,93027,M,4.0,0,93
200900069057,9,7,23,1315,1,2,3,1.0,3,93050,M,4.0,0,93
200900069058,9,7,23,2115,1,2,1,2.0,2,93072,M,4.0,0,93
200900069059,9,7,24,2030,1,2,3,2.0,3,93030,M,4.0,0,93
200900069060,9,7,26,215,5,2,1,1.0,7,93027,M,4.0,0,93
200900069061,9,7,27,1950,1,2,1,1.0,6,93072,M,4.0,0,93
200900069062,9,7,30,1230,1,2,1,1.0,6,93061,M,4.0,0,93
200900069063,9,7,30,1518,1,2,1,1.0,3,93027,M,4.0,0,93
200900069064,9,7,20,1555,1,2,1,1.0,1,93027,M,4.0,0,93
200900069065,9,8,12,1940,1,2,1,1.0,6,93055,M,4.0,0,93
200900069066,9,8,31,1200,1,2,1,1.0,3,93055,M,4.0,0,93
200900069067,9,8,1,1535,1,2,2,1.0,1,93055,M,4.0,0,93
200900069068,9,8,27,1825,1,2,2,1.0,3,93055,M,4.0,0,93
200900069069,9,8,24,2315,5,2,5,2.0,3,93055,M,4.0,0,93
200900069070,9,8,13,2005,1,2,2,1.0,1,93055,M,4.0,0,93
200900069071,9,8,13,815,1,2,3,1.0,1,93055,M,4.0,0,93
200900069072,9,8,1,1535,1,2,2,1.0,6,93055,M,4.0,0,93
200900069073,9,8,13,1605,1,1,1,1.0,2,93029,M,,,93
200900069074,9,8,2,910,1,1,1,2.0,2,93078,M,,,93
200900069075,9,8,24,1715,1,1,1,3.0,5,93051,M,,,93
200900069076,9,8,11,1910,1,1,1,1.0,5,93051,M,,,93
200900069077,9,8,31,820,1,1,1,1.0,2,93051,M,,,93
200900069078,9,8,16,2330,3,1,1,1.0,6,93078,M,,,93
200900069079,9,8,14,1730,1,1,1,1.0,2,93063,M,,,93
200900069080,9,8,23,1715,1,2,1,1.0,6,93071,M,4.0,0,93
200900069081,9,8,22,2050,2,2,1,1.0,6,93071,M,4.0,0,93
200900069082,9,8,25,2110,2,1,1,1.0,6,93027,M,4.0,0,93
200900069083,9,8,24,1450,1,2,3,1.0,1,93071,M,4.0,0,93
200900069084,9,8,10,1915,1,2,2,1.0,2,93071,M,4.0,0,93
200900069085,9,8,26,1035,1,2,1,1.0,3,93027,M,4.0,0,93
200900069086,9,8,6,2310,5,2,1,1.0,7,93029,M,4.0,0,93
200900069087,9,8,28,1930,1,2,1,1.0,3,93071,M,4.0,0,93
200900069088,9,8,23,1710,1,2,1,1.0,6,93027,M,4.0,0,93
200900069089,9,8,18,1220,1,2,2,1.0,3,93029,M,4.0,0,93
200900069090,9,8,12,1755,1,2,1,1.0,6,93029,M,4.0,0,93
200900069091,9,8,25,1800,1,2,1,1.0,3,93071,M,4.0,0,93
200900069092,9,8,5,1840,1,2,1,1.0,3,93007,M,4.0,0,93
200900069093,9,8,11,730,1,2,1,8.0,2,93010,M,4.0,0,93
200900069094,9,8,5,1830,1,2,1,1.0,4,93001,M,4.0,0,93
200900069095,9,8,8,1415,1,2,1,1.0,6,93001,M,4.0,0,93
200900069096,9,8,4,1140,1,2,2,1.0,3,93032,M,4.0,0,93
200900069097,9,8,3,1240,1,2,1,7.0,6,93051,M,4.0,0,93
200900069098,9,8,3,1730,1,2,1,1.0,3,93066,M,4.0,0,93
200900069099,9,8,13,1725,1,2,2,1.0,6,93053,M,4.0,0,93
200900069100,9,8,3,1810,1,2,1,1.0,6,93010,M,4.0,0,93
200900069101,9,8,3,2325,5,2,2,1.0,3,93066,M,4.0,0,93
200900069102,9,8,11,415,5,2,1,1.0,7,93053,M,4.0,0,93
200900069103,9,8,14,1450,1,2,1,1.0,6,93051,M,4.0,0,93
200900069104,9,8,5,1655,1,2,1,1.0,6,93046,M,4.0,0,93
200900069105,9,8,11,2030,1,2,1,1.0,1,93010,M,4.0,0,93
200900069106,9,8,13,200,5,2,1,1.0,2,93066,M,4.0,0,93
200900069107,9,8,13,2330,5,2,2,1.0,3,93046,M,4.0,0,93
200900069108,9,8,7,2045,1,2,1,1.0,3,93066,M,4.0,0,93
200900069109,9,8,15,2235,5,2,1,1.0,6,93078,M,4.0,0,93
200900069110,9,8,6,2040,1,2,1,1.0,6,93014,M,4.0,0,93
200900069111,9,8,7,150,5,2,1,8.0,6,93066,M,4.0,0,93
200900069112,9,8,5,1240,1,2,5,1.0,6,93053,M,4.0,0,93
200900069113,9,8,1,2000,1,2,1,1.0,2,93051,M,4.0,0,93
200900069114,9,8,8,1855,1,2,1,1.0,6,93007,M,4.0,0,93
200900069115,9,8,8,1905,1,2,3,1.0,5,93010,M,4.0,0,93
200900069116,9,8,4,1815,1,2,1,1.0,6,93057,M,4.0,0,93
200900069117,9,8,3,1920,1,2,2,1.0,3,93047,M,4.0,0,93
200900069118,9,8,7,755,1,2,3,1.0,3,93007,M,4.0,0,93
200900069119,9,8,15,1155,1,2,3,1.0,3,93053,M,4.0,0,93
200900069120,9,8,10,845,1,2,1,1.0,6,93010,M,4.0,0,93
200900069121,9,8,2,15,5,2,4,2.0,3,93048,M,4.0,0,93
200900069122,9,8,16,2225,5,2,3,1.0,3,93066,M,4.0,0,93
200900069123,9,8,5,1640,1,2,1,1.0,1,93008,M,4.0,0,93
200900069124,9,8,18,1545,1,2,3,1.0,6,93033,M,4.0,0,93
200900069125,9,8,5,1645,1,2,3,1.0,3,93077,M,4.0,0,93
200900069126,9,8,18,1215,1,2,1,1.0,3,93066,M,4.0,0,93
200900069127,9,8,28,1630,1,2,1,1.0,6,93077,M,4.0,0,93
200900069128,9,8,5,1855,1,2,1,1.0,6,93048,M,4.0,0,93
200900069129,9,8,19,1510,1,2,1,1.0,2,93039,M,4.0,0,93
200900069130,9,8,6,1500,1,2,2,7.0,3,93048,M,4.0,0,93
200900069131,9,8,30,2210,5,2,2,1.0,3,93046,M,4.0,0,93
200900069132,9,8,24,2250,5,2,2,2.0,3,93057,M,4.0,0,93
200900069133,9,8,25,215,5,2,1,1.0,1,93064,M,4.0,0,93
200900069134,9,8,12,1145,1,2,3,1.0,2,93048,M,4.0,0,93
200900069135,9,8,30,440,5,2,1,1.0,3,93046,M,4.0,0,93
200900069136,9,8,18,1515,1,2,2,1.0,1,93008,M,4.0,0,93
200900069137,9,8,7,1305,1,2,2,1.0,3,93064,M,4.0,0,93
200900069138,9,8,30,1930,1,2,1,1.0,6,93078,M,4.0,0,93
200900069139,9,8,31,1540,1,2,1,1.0,2,93010,M,4.0,0,93
200900069140,9,8,31,1750,1,2,1,1.0,6,93001,M,4.0,0,93
200900069141,9,8,31,840,1,2,1,1.0,3,93048,M,4.0,0,93
200900069142,9,8,5,1300,1,2,1,1.0,3,93064,M,4.0,0,93
200900069143,9,8,20,1215,1,2,1,1.0,2,93064,M,4.0,0,93