Num_Acc,an,mois,jour,hrmn,lum,agg,int,atm,col,com,gps,lat,long,dep
200900069144,9,8,31,1730,1,1,1,1.0,7,93046,M,4.0,0,93
200900069145,9,8,27,1630,1,2,1,1.0,4,93008,M,4.0,0,93
200900069146,9,8,31,1845,1,2,6,1.0,3,93048,M,4.0,0,93
200900069147,9,8,21,1440,1,2,3,1.0,3,93066,M,4.0,0,93
200900069148,9,8,22,1050,1,2,1,1.0,6,93001,M,4.0,0,93
200900069149,9,8,22,2010,2,2,1,1.0,3,93032,M,4.0,0,93
200900069150,9,8,21,1605,1,2,3,1.0,3,93014,M,4.0,0,93
200900069151,9,8,12,1955,1,2,1,1.0,7,93048,M,4.0,0,93
200900069152,9,8,27,1130,1,2,1,1.0,6,93001,M,4.0,0,93
200900069153,9,8,26,1325,1,2,1,1.0,3,93074,M,4.0,0,93
200900069154,9,8,19,1900,1,2,7,1.0,3,93066,M,4.0,0,93
200900069155,9,8,17,1030,1,2,1,1.0,6,93066,M,4.0,0,93
200900069156,9,8,31,1420,1,2,1,1.0,6,93010,M,4.0,0,93
200900069157,9,8,8,2050,1,2,1,1.0,3,93008,M,4.0,0,93
200900069158,9,8,13,630,2,2,1,1.0,6,93048,M,4.0,0,93
200900069159,9,8,31,1900,1,2,1,1.0,2,93046,M,4.0,0,93
200900069160,9,8,29,1600,2,2,1,1.0,3,93051,M,4.0,0,93
200900069161,9,8,28,1835,1,2,2,1.0,3,93001,M,4.0,0,93
200900069162,9,8,21,55,5,2,2,1.0,3,93066,M,4.0,0,93
200900069163,9,8,28,1515,1,2,1,1.0,3,93001,M,4.0,0,93
200900069164,9,8,24,1615,1,2,1,1.0,6,93078,M,4.0,0,93
200900069165,9,8,31,640,2,2,2,1.0,2,93062,M,4.0,0,93
200900069166,9,8,22,2225,5,2,2,1.0,1,93057,M,4.0,0,93
200900069167,9,8,16,2020,1,2,1,1.0,6,93014,M,4.0,0,93
200900069168,9,8,30,1645,1,2,1,1.0,1,93066,M,4.0,0,93
200900069169,9,8,26,1345,1,2,2,1.0,7,93078,M,4.0,0,93
200900069170,9,8,24,1540,1,2,3,1.0,2,93008,M,4.0,0,93
200900069171,9,8,26,1430,1,2,1,1.0,2,93032,M,4.0,0,93
200900069172,9,8,23,1555,1,2,3,1.0,3,93046,M,4.0,0,93
200900069173,9,8,19,1600,1,2,3,1.0,6,93078,M,4.0,0,93
200900069174,9,8,29,1350,1,2,2,1.0,3,93048,M,4.0,0,93
200900069175,9,8,4,1945,1,2,2,1.0,2,93048,M,4.0,0,93
200900069176,9,8,20,1930,1,2,2,1.0,3,93077,M,4.0,0,93
200900069177,9,8,22,1705,1,2,3,1.0,6,93047,M,4.0,0,93
200900069178,9,8,25,1810,1,2,1,1.0,3,93001,M,4.0,0,93
200900069179,9,8,29,110,5,2,4,1.0,1,93066,M,4.0,0,93
200900069180,9,8,26,1830,1,2,1,1.0,1,93078,M,4.0,0,93
200900069181,9,8,19,1215,1,2,1,7.0,2,93066,M,4.0,0,93
200900069182,9,8,31,125,5,2,1,1.0,6,93008,M,4.0,0,93
200900069183,9,8,22,1920,1,2,3,1.0,6,93072,M,4.0,0,93
200900069184,9,8,16,1820,1,2,1,1.0,6,93063,M,4.0,0,93
200900069185,9,8,21,655,1,2,2,1.0,3,93072,M,4.0,0,93
200900069186,9,8,14,1321,1,2,1,1.0,6,93045,M,4.0,0,93
200900069187,9,8,24,1800,1,2,1,2.0,2,93045,M,4.0,0,93
200900069188,9,8,13,2330,5,2,5,1.0,3,93045,M,4.0,0,93
200900069189,9,8,15,1450,1,2,2,1.0,5,93027,M,4.0,0,93
200900069190,9,8,29,1240,1,2,1,1.0,6,93006,M,4.0,0,93
200900069191,9,8,7,1215,1,2,3,1.0,3,93063,M,4.0,0,93
200900069192,9,8,5,1300,1,2,1,1.0,3,93063,M,4.0,0,93
200900069193,9,8,10,2010,1,2,2,1.0,3,93050,M,4.0,0,93
200900069194,9,8,9,1645,1,2,1,1.0,1,93050,M,4.0,0,93
200900069195,9,8,19,1855,1,2,1,7.0,3,93045,M,4.0,0,93
200900069196,9,8,22,1220,1,2,1,1.0,3,93005,M,4.0,0,93
200900069197,9,8,2,1230,1,2,1,2.0,3,93005,M,4.0,0,93
200900069198,9,8,18,1710,1,2,1,1.0,6,93005,M,4.0,0,93
200900069199,9,8,30,2045,2,2,2,1.0,3,93005,M,4.0,0,93
200900069200,9,8,2,1050,1,2,3,2.0,3,93006,M,4.0,0,93
200900069201,9,8,12,835,1,2,1,7.0,2,93049,M,4.0,0,93
200900069202,9,8,20,915,1,2,1,1.0,3,93050,M,4.0,0,93
200900069203,9,8,21,840,1,2,1,1.0,4,93027,M,4.0,0,93
200900069204,9,8,27,1635,1,2,1,1.0,3,93049,M,4.0,0,93
200900069205,9,8,26,235,5,2,2,1.0,3,93059,M,4.0,0,93
200900069206,9,8,26,1025,1,2,3,1.0,7,93050,M,4.0,0,93
200900069207,9,8,27,1925,1,2,3,1.0,3,93045,M,4.0,0,93
200900069208,9,8,20,1435,1,2,1,1.0,2,93005,M,4.0,0,93
200900069209,9,1,4,1450,1,2,1,1.0,6,14715,M,,,14
200900069210,9,1,11,1800,5,1,1,1.0,7,14699,M,,,14
200900069211,9,1,26,1420,1,1,2,1.0,5,14079,M,,,14
200900069212,9,1,5,810,2,2,1,2.0,7,14220,M,,,14
200900069213,9,1,12,1830,2,2,1,2.0,7,14220,M,,,14
200900069214,9,1,30,1640,1,2,1,1.0,6,14715,M,,,14
200900069215,9,9,15,1805,1,2,1,1.0,1,93055,M,4.0,0,93
200900069216,9,9,2,2010,2,2,1,1.0,6,93055,M,4.0,0,93
200900069217,9,9,23,930,1,2,6,1.0,3,93055,M,4.0,0,93
200900069218,9,9,10,805,1,2,3,1.0,3,93055,M,4.0,0,93
200900069219,9,9,7,655,1,2,3,1.0,3,93055,M,4.0,0,93
200900069220,9,9,28,1100,1,2,3,1.0,3,93055,M,4.0,0,93
200900069221,9,9,24,2000,5,1,1,1.0,3,93055,M,4.0,0,93
200900069222,9,9,15,1410,1,2,1,1.0,6,93055,M,4.0,0,93
200900069223,9,9,26,1640,1,2,1,1.0,6,93055,M,4.0,0,93
200900069224,9,9,25,1625,1,2,1,1.0,3,93064,M,4.0,0,93
200900069225,9,9,23,1810,5,2,1,1.0,6,93064,M,4.0,0,93
200900069226,9,9,17,1345,1,2,4,1.0,3,93064,M,4.0,0,93
200900069227,9,9,7,700,1,1,1,1.0,4,93078,M,,,93
200900069228,9,9,30,845,2,1,1,1.0,5,93051,M,,,93
200900069229,9,9,1,1625,1,1,1,2.0,2,93051,M,,,93
200900069230,9,9,14,2315,5,1,1,2.0,2,93006,M,,,93
200900069231,9,9,29,2030,5,2,1,1.0,1,93027,M,4.0,0,93
200900069232,9,9,14,1820,1,2,1,1.0,3,93029,M,4.0,0,93
200900069233,9,9,3,2230,5,2,1,2.0,6,93071,M,4.0,0,93
200900069234,9,9,11,810,1,2,2,8.0,6,93029,M,4.0,0,93
200900069235,9,9,30,1950,5,2,1,1.0,6,93029,M,4.0,0,93
200900069236,9,9,26,1300,1,2,2,1.0,2,93029,M,4.0,0,93
200900069237,9,9,6,1350,1,2,1,1.0,2,93071,M,4.0,0,93
200900069238,9,9,2,2140,5,2,2,2.0,3,93071,M,4.0,0,93
200900069239,9,9,14,2355,5,2,1,8.0,1,93029,M,4.0,0,93
200900069240,9,9,3,745,1,2,3,2.0,6,93029,M,4.0,0,93
200900069241,9,9,8,1050,1,2,1,1.0,6,93071,M,4.0,0,93
200900069242,9,9,18,1400,1,2,1,1.0,3,93077,M,4.0,0,93
200900069243,9,9,4,950,1,2,2,2.0,4,93001,M,4.0,0,93
200900069244,9,9,15,2345,5,1,1,1.0,7,93066,M,4.0,0,93
200900069245,9,9,10,1810,1,2,2,1.0,3,93066,M,4.0,0,93
200900069246,9,9,13,2110,5,2,1,1.0,1,93066,M,4.0,0,93
200900069247,9,9,7,2255,5,2,1,1.0,2,93066,M,4.0,0,93
200900069248,9,9,14,1650,1,2,1,1.0,3,93066,M,4.0,0,93
200900069249,9,9,3,1740,1,2,1,1.0,6,93066,M,4.0,0,93
200900069250,9,9,11,1745,1,2,1,1.0,3,93066,M,4.0,0,93
200900069251,9,9,4,700,2,2,1,3.0,3,93039,M,4.0,0,93
200900069252,9,9,3,840,1,2,3,8.0,2,93066,M,4.0,0,93
200900069253,9,9,12,1610,1,2,1,1.0,6,93066,M,4.0,0,93
200900069254,9,9,17,1255,1,2,2,1.0,3,93010,M,4.0,0,93
200900069255,9,9,1,2035,2,2,1,1.0,3,93064,M,4.0,0,93
200900069256,9,9,11,1805,1,2,1,1.0,6,93001,M,4.0,0,93
200900069257,9,9,24,1600,1,2,1,1.0,6,93051,M,4.0,0,93
200900069258,9,9,8,1730,1,2,1,1.0,6,93008,M,4.0,0,93
200900069259,9,9,15,1845,1,2,4,1.0,3,93033,M,4.0,0,93
200900069260,9,9,1,1055,1,2,3,2.0,3,93047,M,4.0,0,93
200900069261,9,9,12,1710,1,2,1,1.0,3,93031,M,4.0,0,93
200900069262,9,9,7,1710,1,2,1,1.0,6,93046,M,4.0,0,93
200900069263,9,9,3,2205,3,1,1,2.0,4,93074,M,4.0,0,93
200900069264,9,9,13,1040,1,2,1,1.0,6,93078,M,4.0,0,93
200900069265,9,9,4,1640,1,1,1,1.0,7,93074,M,4.0,0,93
200900069266,9,9,18,1850,1,2,1,1.0,6,93053,M,4.0,0,93
200900069267,9,9,27,1400,1,2,1,1.0,6,93048,M,4.0,0,93
200900069268,9,9,7,1745,1,2,3,1.0,3,93051,M,4.0,0,93
200900069269,9,9,27,907,1,2,2,1.0,3,93001,M,4.0,0,93
200900069270,9,9,26,1915,5,2,1,1.0,6,93008,M,4.0,0,93
200900069271,9,9,18,1415,1,2,1,1.0,6,93001,M,4.0,0,93
200900069272,9,9,15,1740,1,2,3,1.0,6,93073,M,4.0,0,93
200900069273,9,9,29,805,2,2,1,1.0,6,93032,M,4.0,0,93
200900069274,9,9,25,1805,1,2,1,1.0,3,93055,M,4.0,0,93
200900069275,9,9,26,1550,1,2,1,1.0,3,93001,M,4.0,0,93
200900069276,9,9,18,1300,1,2,1,1.0,6,93073,M,4.0,0,93
200900069277,9,9,1,2130,3,2,1,1.0,6,93074,M,4.0,0,93
200900069278,9,9,11,1640,1,2,1,1.0,3,93001,M,4.0,0,93
200900069279,9,9,7,1510,1,2,2,1.0,3,93047,M,4.0,0,93
200900069280,9,9,23,1300,1,2,1,1.0,2,93008,M,4.0,0,93
200900069281,9,9,2,1355,1,1,1,1.0,6,93074,M,4.0,0,93
200900069282,9,9,23,2045,5,2,4,1.0,3,93047,M,4.0,0,93
200900069283,9,9,10,2200,5,2,1,1.0,6,93064,M,4.0,0,93
200900069284,9,9,26,1525,1,2,1,1.0,6,93001,M,4.0,0,93
200900069285,9,9,19,1400,1,2,1,1.0,2,93008,M,4.0,0,93
200900069286,9,9,9,740,1,2,3,1.0,3,93077,M,4.0,0,93
200900069287,9,9,5,1150,1,2,2,1.0,6,93047,M,4.0,0,93
200900069288,9,9,4,1900,1,2,1,1.0,6,93032,M,4.0,0,93
200900069289,9,9,25,2240,5,2,1,1.0,3,93048,M,4.0,0,93
200900069290,9,9,2,2135,5,2,1,3.0,6,93001,M,4.0,0,93
200900069291,9,9,18,1835,1,2,1,1.0,2,93053,M,4.0,0,93
200900069292,9,9,18,1820,1,2,1,1.0,6,93008,M,4.0,0,93
200900069293,9,9,28,1650,1,2,2,1.0,7,93053,M,4.0,0,93
200900069294,9,9,11,1700,1,2,1,1.0,3,93032,M,4.0,0,93
200900069295,9,9,11,1700,1,2,2,1.0,3,93014,M,4.0,0,93
200900069296,9,9,11,1235,1,2,1,1.0,2,93008,M,4.0,0,93
200900069297,9,9,23,1910,1,2,1,1.0,6,93031,M,4.0,0,93
200900069298,9,9,21,1810,1,2,2,1.0,2,93046,M,4.0,0,93
200900069299,9,9,9,1150,1,2,1,1.0,6,93001,M,4.0,0,93
200900069300,9,9,26,1630,1,2,1,1.0,6,93031,M,4.0,0,93
200900069301,9,9,22,1720,1,2,1,7.0,6,93031,M,4.0,0,93
200900069302,9,9,29,630,5,2,2,1.0,1,93047,M,4.0,0,93
200900069303,9,9,6,1745,1,2,2,1.0,3,93077,M,4.0,0,93
200900069304,9,9,20,630,2,2,1,1.0,2,93048,M,4.0,0,93
200900069305,9,9,4,930,1,2,2,2.0,3,93053,M,4.0,0,93
200900069306,9,9,9,1420,1,1,1,1.0,6,93001,M,4.0,0,93
200900069307,9,9,21,820,1,2,6,1.0,3,93078,M,4.0,0,93
200900069308,9,9,29,1600,1,2,1,1.0,7,93062,M,4.0,0,93
200900069309,9,9,5,1525,1,2,1,8.0,2,93031,M,4.0,0,93
200900069310,9,9,9,1120,1,2,1,1.0,3,93048,M,4.0,0,93
200900069311,9,9,1,1655,1,2,1,1.0,2,93046,M,4.0,0,93
200900069312,9,9,4,944,1,2,1,8.0,3,93001,M,4.0,0,93
200900069313,9,9,16,740,1,2,1,1.0,5,93014,M,4.0,0,93
200900069314,9,9,20,1330,1,2,1,1.0,3,93046,M,4.0,0,93
200900069315,9,9,16,1100,1,2,1,1.0,3,93062,M,4.0,0,93
200900069316,9,9,25,1235,1,2,1,1.0,6,93078,M,4.0,0,93
200900069317,9,9,6,2145,5,2,6,1.0,3,93048,M,4.0,0,93
200900069318,9,9,1,1330,1,2,1,2.0,6,93001,M,4.0,0,93
200900069319,9,9,28,1155,1,2,2,1.0,6,93048,M,4.0,0,93
200900069320,9,9,8,1650,1,2,1,1.0,6,93062,M,4.0,0,93
200900069321,9,9,15,1855,1,2,1,1.0,6,93014,M,4.0,0,93
200900069322,9,9,11,1340,1,2,1,1.0,1,93001,M,4.0,0,93
200900069323,9,9,23,1225,1,2,5,1.0,1,93046,M,4.0,0,93
200900069324,9,9,2,1620,1,2,1,1.0,1,93001,M,4.0,0,93
200900069325,9,9,23,845,1,2,1,1.0,2,93010,M,4.0,0,93
200900069326,9,9,29,2015,5,1,2,1.0,7,93046,M,4.0,0,93
200900069327,9,9,30,910,1,2,1,1.0,6,93053,M,4.0,0,93
200900069328,9,9,14,1919,1,2,1,2.0,3,93014,M,4.0,0,93
200900069329,9,9,14,1110,1,2,1,1.0,6,93031,M,4.0,0,93
200900069330,9,9,3,1700,1,2,2,1.0,6,93078,M,4.0,0,93
200900069331,9,9,9,920,1,2,2,1.0,3,93046,M,4.0,0,93
200900069332,9,9,15,1850,1,2,3,1.0,3,93014,M,4.0,0,93
200900069333,9,9,12,1920,1,2,2,1.0,3,93062,M,4.0,0,93
200900069334,9,9,24,815,1,2,2,1.0,3,93032,M,4.0,0,93
200900069335,9,9,6,915,1,2,3,1.0,3,93046,M,4.0,0,93
200900069336,9,9,6,930,1,2,3,1.0,3,93008,M,4.0,0,93
200900069337,9,9,5,1325,1,2,1,1.0,6,93051,M,4.0,0,93
200900069338,9,9,13,2045,5,2,6,1.0,6,93008,M,4.0,0,93
200900069339,9,9,24,1650,1,2,1,1.0,6,93001,M,4.0,0,93
200900069340,9,9,4,1410,1,2,1,2.0,4,93031,M,4.0,0,93
200900069341,9,9,9,1100,1,2,1,1.0,6,93046,M,4.0,0,93
200900069342,9,9,2,1615,1,2,1,1.0,7,93046,M,4.0,0,93
200900069343,9,9,12,1645,1,2,2,1.0,3,93078,M,4.0,0,93
200900069344,9,9,20,1515,1,2,2,1.0,3,93078,M,4.0,0,93
200900069345,9,9,28,1800,1,2,1,1.0,6,93001,M,4.0,0,93
200900069346,9,9,15,1630,1,2,1,1.0,2,93053,M,4.0,0,93
200900069347,9,9,22,910,1,2,1,1.0,2,93031,M,4.0,0,93
200900069348,9,9,15,2330,5,2,2,2.0,3,93046,M,4.0,0,93
200900069349,9,9,21,840,1,2,3,1.0,3,93053,M,4.0,0,93
200900069350,9,9,1,1315,1,2,2,5.0,3,93048,M,4.0,0,93
200900069351,9,9,7,1415,1,2,1,1.0,3,93048,M,4.0,0,93
200900069352,9,9,30,1610,1,2,1,1.0,6,93047,M,4.0,0,93
200900069353,9,9,7,1045,1,2,1,1.0,3,93048,M,4.0,0,93
200900069354,9,9,11,1830,1,2,1,1.0,4,93053,M,4.0,0,93
200900069355,9,9,25,1420,1,2,1,1.0,6,93014,M,4.0,0,93
200900069356,9,9,21,1700,1,2,6,7.0,4,93051,M,4.0,0,93
200900069357,9,9,23,1505,1,2,1,1.0,3,93001,M,4.0,0,93
200900069358,9,9,3,50,5,2,1,1.0,1,93077,M,4.0,0,93
200900069359,9,9,29,1405,1,2,1,1.0,2,93053,M,4.0,0,93
200900069360,9,9,25,1725,1,2,1,1.0,2,93010,M,4.0,0,93
200900069361,9,9,25,1350,1,2,1,1.0,6,93031,M,4.0,0,93
200900069362,9,9,12,1930,1,2,2,1.0,3,93008,M,4.0,0,93
200900069363,9,9,24,1440,1,2,1,1.0,6,93010,M,4.0,0,93
200900069364,9,9,22,1100,1,2,1,1.0,3,93063,M,4.0,0,93
200900069365,9,9,20,2145,5,2,1,1.0,6,93049,M,4.0,0,93
200900069366,9,9,28,1240,1,2,1,1.0,5,93050,M,4.0,0,93
200900069367,9,9,1,1835,1,2,1,1.0,6,93079,M,4.0,0,93
200900069368,9,9,30,1700,1,1,1,1.0,7,93063,M,4.0,0,93
200900069369,9,9,26,1400,1,2,1,1.0,4,93013,M,4.0,0,93
200900069370,9,9,16,1320,1,2,1,1.0,3,93063,M,4.0,0,93
200900069371,9,9,25,1648,1,2,1,8.0,6,93006,M,4.0,0,93
200900069372,9,9,21,2100,5,2,1,1.0,6,93027,M,4.0,0,93
200900069373,9,9,5,2030,2,2,3,9.0,5,93010,M,4.0,0,93
200900069374,9,9,13,1615,1,2,2,1.0,6,93050,M,4.0,0,93
200900069375,9,9,21,735,1,2,2,1.0,3,93045,M,4.0,0,93
200900069376,9,9,15,1540,1,2,1,1.0,6,93063,M,4.0,0,93
200900069377,9,9,15,1145,1,2,1,1.0,6,93006,M,4.0,0,93
200900069378,9,9,10,1900,1,2,1,1.0,6,93049,M,4.0,0,93
200900069379,9,9,25,910,1,2,4,1.0,7,93045,M,4.0,0,93
200900069380,9,9,8,1035,1,2,2,1.0,3,93005,M,4.0,0,93
200900069381,9,9,26,2230,5,2,1,1.0,6,93005,M,4.0,0,93
200900069382,9,9,27,200,5,2,2,1.0,3,93005,M,4.0,0,93
200900069383,9,9,14,1650,1,2,2,1.0,1,93005,M,4.0,0,93
200900069384,9,9,30,1500,1,2,1,1.0,6,93005,M,4.0,0,93
200900069385,9,9,20,1350,1,2,2,1.0,3,93005,M,4.0,0,93
200900069386,9,9,16,1430,1,2,9,1.0,3,93005,M,4.0,0,93
200900069387,9,9,18,2125,5,2,1,1.0,1,93005,M,4.0,0,93
200900069388,9,9,9,900,1,2,1,1.0,6,93005,M,4.0,0,93
200900069389,9,9,14,2215,5,2,2,1.0,6,93005,M,4.0,0,93
200900069390,9,9,17,1530,1,2,1,1.0,6,93005,M,4.0,0,93
200900069391,9,9,22,1130,1,2,6,1.0,1,93005,M,4.0,0,93
200900069392,9,9,10,850,1,2,1,1.0,3,93027,M,4.0,0,93
200900069393,9,9,25,2230,3,2,3,1.0,6,93010,M,4.0,0,93
200900069394,9,9,12,750,1,2,1,1.0,3,93010,M,4.0,0,93
200900069395,9,9,13,1135,1,2,1,1.0,4,93013,M,4.0,0,93
200900069396,9,9,15,815,1,2,1,8.0,6,93057,M,4.0,0,93
200900069397,9,9,23,1650,1,2,1,1.0,2,93006,M,4.0,0,93
200900069398,9,9,23,2050,5,2,2,1.0,1,93006,M,4.0,0,93
200900069399,9,9,16,1910,5,2,3,1.0,3,93027,M,4.0,0,93
200900069400,9,9,25,1530,1,2,2,1.0,3,93050,M,4.0,0,93
200900069401,9,9,25,1520,1,2,1,1.0,3,93057,M,4.0,0,93
200900069402,9,9,25,1545,1,2,1,1.0,3,93063,M,4.0,0,93
200900069403,9,9,25,1725,1,2,1,1.0,6,93013,M,4.0,0,93
200900069404,9,9,25,1920,1,2,1,1.0,3,93007,M,4.0,0,93
200900069405,9,9,2,1840,1,2,1,1.0,3,93007,M,4.0,0,93
200900069406,9,9,14,2150,5,2,1,3.0,6,93007,M,4.0,0,93
200900069407,9,9,10,1045,1,2,1,2.0,6,93007,M,4.0,0,93
200900069408,9,9,24,1830,1,2,2,1.0,6,93001,M,4.0,0,93
200900069409,9,9,29,1210,1,2,3,1.0,3,93008,M,4.0,0,93
200900069410,9,9,4,2130,5,2,2,1.0,3,93007,M,4.0,0,93
200900069411,9,9,8,640,2,2,6,1.0,3,93007,M,4.0,0,93
200900069412,9,9,9,1255,1,2,1,1.0,6,93007,M,4.0,0,93
200900069413,9,9,7,1030,1,2,3,1.0,3,93007,M,4.0,0,93
200900069414,9,9,15,1825,1,2,3,1.0,3,93007,M,4.0,0,93
200900069415,9,9,6,2045,5,2,1,1.0,3,93007,M,4.0,0,93
200900069416,9,9,4,915,1,2,1,2.0,2,93007,M,4.0,0,93
200900069417,9,9,24,1810,1,2,3,1.0,3,93007,M,4.0,0,93
200900069418,9,9,11,1000,1,2,2,1.0,3,93027,M,4.0,0,93
200900069419,9,12,13,1300,1,2,1,1.0,6,59350,M,,,59
200900069420,9,9,25,1900,1,1,2,1.0,3,59512,M,,,59
200900069421,9,5,25,1830,1,2,2,1.0,6,59244,M,,,59
200900069422,9,5,29,1740,1,2,1,1.0,6,59122,M,,,59
200900069423,9,11,13,555,5,2,2,2.0,3,59122,M,,,59
200900069424,9,12,17,1440,1,1,1,8.0,6,59512,M,,,59
200900069425,9,12,18,645,5,1,3,4.0,3,59512,M,,,59
200900069426,9,12,19,1035,1,2,3,1.0,3,59606,M,,,59
200900069427,9,12,25,1935,1,2,2,1.0,3,59512,M,,,59
200900069428,9,12,26,1120,1,1,6,1.0,2,59512,M,,,59
200900069429,9,12,26,1750,5,1,1,1.0,6,59367,M,,,59
200900069430,9,12,28,925,1,1,2,1.0,3,59512,M,,,59
200900069431,9,12,30,1910,5,1,2,2.0,6,59512,M,,,59
200900069432,9,11,21,1505,1,2,3,1.0,3,24037,M,,,24
200900069433,9,11,2,1715,1,1,1,1.0,3,93078,M,4.0,0,93
200900069434,9,11,2,1130,1,2,2,1.0,3,93073,M,4.0,0,93
200900069435,9,11,19,1330,1,2,1,1.0,6,93055,M,4.0,0,93
200900069436,9,11,25,2335,5,2,1,1.0,3,93070,M,4.0,0,93
200900069437,9,11,2,1355,1,2,1,2.0,2,93073,M,4.0,0,93
200900069438,9,11,5,2100,5,2,1,1.0,6,93055,M,4.0,0,93
200900069439,9,11,6,1945,5,2,1,1.0,7,93078,M,4.0,0,93
200900069440,9,11,19,1240,1,2,1,1.0,6,93064,M,4.0,0,93
200900069441,9,11,28,1400,1,2,1,1.0,7,93064,M,4.0,0,93
200900069442,9,11,29,1000,1,2,1,2.0,6,93055,M,4.0,0,93
200900069443,9,11,30,1000,1,2,1,8.0,6,93055,M,4.0,0,93
200900069444,9,11,30,1415,1,2,1,1.0,6,93077,M,4.0,0,93
200900069445,9,11,19,650,2,2,1,1.0,2,93055,M,4.0,0,93
200900069446,9,11,23,1650,1,2,1,2.0,2,93078,M,4.0,0,93
200900069447,9,11,10,1955,5,2,2,1.0,3,93066,M,4.0,0,93
200900069448,9,11,9,1815,2,2,1,1.0,6,93066,M,4.0,0,93
200900069449,9,11,1,745,2,2,2,2.0,2,93066,M,4.0,0,93
200900069450,9,11,4,915,1,1,1,1.0,2,93066,M,4.0,0,93
200900069451,9,11,12,2240,5,2,3,1.0,3,93066,M,4.0,0,93
200900069452,9,11,3,540,5,2,1,2.0,2,93066,M,4.0,0,93
200900069453,9,11,2,925,1,2,1,1.0,3,93066,M,4.0,0,93
200900069454,9,11,6,720,2,2,2,1.0,6,93066,M,4.0,0,93
200900069455,9,11,8,2015,5,2,1,1.0,6,93066,M,4.0,0,93
200900069456,9,11,4,2020,5,2,1,1.0,4,93066,M,4.0,0,93
200900069457,9,11,5,1010,1,2,1,1.0,2,93066,M,4.0,0,93
200900069458,9,11,21,1710,4,2,7,1.0,6,93062,M,4.0,0,93
200900069459,9,11,25,1320,1,2,2,2.0,6,93074,M,4.0,0,93
200900069460,9,11,17,740,2,2,6,2.0,6,93078,M,4.0,0,93
200900069461,9,11,5,1100,1,2,1,8.0,2,93008,M,4.0,0,93
200900069462,9,11,2,1005,1,2,1,2.0,7,93046,M,4.0,0,93
200900069463,9,11,6,750,1,2,5,1.0,3,93046,M,4.0,0,93
200900069464,9,11,6,1620,1,2,9,1.0,3,93008,M,4.0,0,93
200900069465,9,11,12,625,5,2,3,2.0,3,93046,M,4.0,0,93
200900069466,9,11,1,1430,1,2,1,2.0,6,93008,M,4.0,0,93
200900069467,9,11,19,1355,1,2,1,1.0,6,93001,M,4.0,0,93
200900069468,9,11,18,1830,5,2,1,1.0,6,93051,M,4.0,0,93
200900069469,9,11,28,1641,2,2,2,2.0,6,93031,M,4.0,0,93
200900069470,9,11,14,1920,5,2,1,2.0,2,93008,M,4.0,0,93
200900069471,9,11,21,1650,2,2,6,1.0,1,93073,M,4.0,0,93
200900069472,9,11,19,1750,5,2,1,1.0,3,93066,M,4.0,0,93
200900069473,9,11,5,815,1,2,2,1.0,3,93046,M,4.0,0,93
200900069474,9,11,26,2050,5,2,1,2.0,6,93066,M,4.0,0,93
200900069475,9,11,17,1900,5,2,2,2.0,3,93032,M,4.0,0,93
200900069476,9,11,17,1515,1,2,1,2.0,2,93032,M,4.0,0,93
200900069477,9,11,24,1935,1,2,3,1.0,1,93014,M,4.0,0,93
200900069478,9,11,16,740,1,2,6,2.0,3,93078,M,4.0,0,93
200900069479,9,11,30,1800,3,1,1,2.0,7,93046,M,4.0,0,93
200900069480,9,11,16,1630,1,2,1,8.0,5,93066,M,4.0,0,93
200900069481,9,11,24,1515,1,2,1,1.0,2,93066,M,4.0,0,93
200900069482,9,11,16,1615,1,2,1,1.0,3,93066,M,4.0,0,93
200900069483,9,11,24,2000,5,2,1,1.0,6,93062,M,4.0,0,93
200900069484,9,11,22,2205,5,2,1,1.0,6,93031,M,4.0,0,93
200900069485,9,11,26,2145,5,2,1,2.0,3,93073,M,4.0,0,93
200900069486,9,11,18,1948,5,2,1,1.0,5,93066,M,4.0,0,93
200900069487,9,11,19,1556,1,2,3,1.0,3,93046,M,4.0,0,93
200900069488,9,11,22,310,5,2,1,2.0,6,93066,M,4.0,0,93
200900069489,9,11,26,1100,1,2,1,1.0,3,93066,M,4.0,0,93
200900069490,9,11,18,900,1,2,1,1.0,2,93066,M,4.0,0,93
200900069491,9,11,16,1255,1,2,6,1.0,2,93062,M,4.0,0,93
200900069492,9,11,26,535,5,2,1,1.0,7,93031,M,4.0,0,93
200900069493,9,11,24,2130,5,2,1,1.0,1,93001,M,4.0,0,93
200900069494,9,11,21,1455,1,2,3,1.0,6,93008,M,4.0,0,93
200900069495,9,11,26,45,5,2,1,1.0,2,93066,M,4.0,0,93
200900069496,9,11,29,1725,5,2,1,1.0,1,93066,M,4.0,0,93
200900069497,9,11,17,1000,1,2,1,2.0,2,93014,M,4.0,0,93
200900069498,9,11,20,2000,5,2,2,1.0,6,93062,M,4.0,0,93
200900069499,9,11,18,600,5,2,2,1.0,1,93046,M,4.0,0,93
200900069500,9,11,4,1910,4,2,6,1.0,2,93008,M,4.0,0,93
200900069501,9,11,17,1815,5,2,1,1.0,6,93001,M,4.0,0,93
200900069502,9,11,20,2105,5,2,1,1.0,2,93008,M,4.0,0,93
200900069503,9,11,17,750,2,2,1,2.0,6,93066,M,4.0,0,93
200900069504,9,11,24,1115,1,2,1,8.0,2,93046,M,4.0,0,93
200900069505,9,11,18,2240,5,2,1,1.0,3,93047,M,4.0,0,93
200900069506,9,11,21,2255,5,2,1,1.0,6,93047,M,4.0,0,93
200900069507,9,11,28,1640,1,2,1,2.0,6,93031,M,4.0,0,93
200900069508,9,11,16,1700,1,1,1,2.0,7,93051,M,,,93
200900069509,9,11,21,1855,3,1,1,1.0,3,93006,M,,,93
200900069510,9,11,17,850,1,1,1,2.0,6,93051,M,,,93
200900069511,9,11,25,2345,5,1,1,1.0,6,93006,M,,,93