Num_Acc,an,mois,jour,hrmn,lum,agg,int,atm,col,com,gps,lat,long,dep
200900069883,9,6,29,725,4,2,1,1.0,7,14557,M,,,14
200900069884,9,5,11,905,1,1,1,1.0,2,11069,M,,,11
200900069885,9,6,21,2045,1,2,1,1.0,6,11069,M,,,11
200900069886,9,7,12,1020,1,2,1,1.0,6,11069,M,,,11
200900069887,9,7,13,1310,1,2,1,1.0,6,11069,M,,,11
200900069888,9,7,30,1603,1,1,2,1.0,6,11069,M,,,11
200900069889,9,8,3,1815,1,2,1,1.0,3,11069,M,,,11
200900069890,9,8,5,1315,1,1,1,1.0,7,11069,M,,,11
200900069891,9,8,6,1825,1,2,1,1.0,3,11069,M,,,11
200900069892,9,8,7,730,1,1,1,1.0,6,11069,M,,,11
200900069893,9,8,7,1301,1,1,1,1.0,2,11069,M,,,11
200900069894,9,8,13,1130,1,1,1,1.0,1,11069,M,,,11
200900069895,9,8,14,831,1,1,1,1.0,6,11069,M,,,11
200900069896,9,8,14,1431,1,1,1,1.0,7,11069,M,,,11
200900069897,9,8,14,1710,1,2,1,1.0,2,11069,M,,,11
200900069898,9,8,15,1303,1,2,1,1.0,7,11069,M,,,11
200900069899,9,8,22,525,3,1,1,1.0,7,11069,M,,,11
200900069900,9,8,22,1400,1,2,1,1.0,3,11069,M,,,11
200900069901,9,8,28,1052,1,1,1,1.0,3,11069,M,,,11
200900069902,9,8,30,2020,2,2,1,1.0,6,11069,M,,,11
200900069903,9,9,9,1005,1,2,1,1.0,2,11069,M,,,11
200900069904,9,9,11,945,1,2,1,1.0,1,11069,M,,,11
200900069905,9,9,25,1114,1,2,2,1.0,3,11069,M,,,11
200900069906,9,4,8,1502,1,2,1,1.0,6,11069,M,,,11
200900069907,9,4,17,1607,1,1,1,1.0,2,11069,M,,,11
200900069908,9,4,19,1905,1,2,1,2.0,7,11069,M,,,11
200900069909,9,4,30,628,2,2,3,1.0,7,11069,M,,,11
200900069910,9,5,2,2222,5,1,9,1.0,1,11069,M,,,11
200900069911,9,5,6,1015,1,1,1,1.0,3,11069,M,,,11
200900069912,9,5,7,950,1,1,1,1.0,3,11069,M,,,11
200900069913,9,5,7,1800,1,2,1,1.0,6,11069,M,,,11
200900069914,9,5,8,1817,1,1,1,1.0,6,11069,M,,,11
200900069915,9,5,9,1243,1,1,1,1.0,7,11069,M,,,11
200900069916,9,5,9,1600,1,1,1,1.0,6,11069,M,,,11
200900069917,9,5,9,1740,1,1,1,1.0,6,11069,M,,,11
200900069918,9,5,10,2350,4,2,1,1.0,6,11069,M,,,11
200900069919,9,7,12,808,1,2,1,1.0,3,11069,M,,,11
200900069920,9,7,24,1705,1,2,3,1.0,3,11069,M,,,11
200900069921,9,8,1,428,5,2,1,1.0,7,11069,M,,,11
200900069922,9,8,2,610,2,1,1,1.0,1,11069,M,,,11
200900069923,9,8,5,1026,1,1,1,1.0,3,11069,M,,,11
200900069924,9,8,9,937,1,1,1,1.0,7,11069,M,,,11
200900069925,9,8,14,2205,5,2,1,1.0,7,11069,M,,,11
200900069926,9,8,25,1615,1,2,1,1.0,7,11069,M,,,11
200900069927,9,8,29,452,3,1,1,2.0,7,11069,M,,,11
200900069928,9,8,31,1814,1,2,1,1.0,3,11069,M,,,11
200900069929,9,9,2,1717,1,2,1,1.0,2,11069,M,,,11
200900069930,9,9,10,745,1,2,1,1.0,3,11069,M,,,11
200900069931,9,9,17,2318,5,2,1,1.0,6,11069,M,,,11
200900069932,9,6,9,1710,1,2,1,1.0,7,11262,M,,,11
200900069933,9,3,14,1615,1,2,1,1.0,2,93055,M,4.0,0,93
200900069934,9,3,18,1855,1,2,3,1.0,3,93055,M,4.0,0,93
200900069935,9,3,19,810,1,1,3,1.0,6,93055,M,4.0,0,93
200900069936,9,3,20,1730,1,2,1,1.0,6,93055,M,4.0,0,93
200900069937,9,3,20,1935,5,2,1,1.0,6,93055,M,4.0,0,93
200900069938,9,4,1,1348,1,2,1,1.0,6,93055,M,4.0,0,93
200900069939,9,4,12,940,1,2,1,1.0,2,93055,M,4.0,0,93
200900069940,9,7,4,1245,1,2,1,1.0,6,14715,M,,,14
200900069941,9,7,13,2100,2,1,1,1.0,7,14557,M,,,14
200900069942,9,7,22,810,1,2,1,1.0,7,14715,M,,,14
200900069943,9,7,25,1020,1,1,1,1.0,3,14701,M,,,14
200900069944,9,7,26,1755,1,2,1,1.0,4,14699,M,,,14
200900069945,9,7,26,1910,1,2,1,1.0,3,14220,M,,,14
200900069946,9,4,14,1255,1,1,1,1.0,6,93055,M,4.0,0,93
200900069947,9,4,30,1330,1,2,3,1.0,6,93055,M,4.0,0,93
200900069948,9,5,2,1900,1,2,1,1.0,6,93055,M,4.0,0,93
200900069949,9,5,6,1645,1,2,1,1.0,6,93055,M,4.0,0,93
200900069950,9,5,15,1140,1,2,3,1.0,2,93055,M,4.0,0,93
200900069951,9,5,15,1645,1,2,1,8.0,3,93055,M,4.0,0,93
200900069952,9,5,19,840,1,2,1,1.0,6,93055,M,4.0,0,93
200900069953,9,5,19,1745,1,2,1,1.0,2,93078,M,4.0,0,93
200900069954,9,6,4,1625,1,2,2,1.0,3,93027,M,4.0,0,93
200900069955,9,6,5,1640,1,2,1,1.0,6,93055,M,4.0,0,93
200900069956,9,6,6,235,5,2,1,1.0,2,93055,M,4.0,0,93
200900069957,9,6,6,1110,1,2,3,2.0,3,93055,M,4.0,0,93
200900069958,9,6,8,450,2,2,1,1.0,1,93073,M,4.0,0,93
200900069959,9,6,8,1025,1,2,1,1.0,6,93057,M,4.0,0,93
200900069960,9,6,10,1635,1,2,3,2.0,5,93010,M,4.0,0,93
200900069961,9,6,12,1020,1,2,2,8.0,6,93059,M,4.0,0,93
200900069962,9,6,12,1255,1,2,1,1.0,3,93059,M,4.0,0,93
200900069963,9,6,16,830,1,2,1,1.0,5,93030,M,4.0,0,93
200900069964,9,6,17,1430,1,2,2,1.0,6,93027,M,4.0,0,93
200900069965,9,6,18,2140,2,2,1,1.0,2,93055,M,4.0,0,93
200900069966,9,6,18,2035,1,2,1,1.0,3,93027,M,4.0,0,93
200900069967,9,6,19,2210,2,2,2,1.0,6,93055,M,4.0,0,93
200900069968,9,6,19,2220,5,2,1,1.0,3,93027,M,4.0,0,93
200900069969,9,8,16,20,3,1,1,1.0,6,14079,M,,,14
200900069970,9,8,17,1005,1,2,1,1.0,6,14715,M,,,14
200900069971,9,8,18,915,1,2,1,1.0,6,14220,M,,,14
200900069972,9,8,21,1205,1,2,1,1.0,6,14220,M,,,14
200900069973,9,6,26,1700,1,2,2,1.0,3,93027,M,4.0,0,93
200900069974,9,8,22,35,5,2,1,1.0,6,14715,M,,,14
200900069975,9,8,26,1815,1,2,1,1.0,6,14699,M,,,14
200900069976,9,6,23,1600,1,2,1,1.0,6,93027,M,4.0,0,93
200900069977,9,6,27,2305,5,2,1,1.0,6,93072,M,4.0,0,93
200900069978,9,6,27,1230,1,2,1,1.0,3,93063,M,4.0,0,93
200900069979,9,6,27,1310,1,2,1,1.0,7,93063,M,4.0,0,93
200900069980,9,6,25,1643,1,2,1,1.0,7,93027,M,4.0,0,93
200900069981,9,6,25,1320,1,2,1,1.0,4,93073,M,4.0,0,93
200900069982,9,5,22,1440,1,2,1,1.0,4,93073,M,4.0,0,93
200900069983,9,6,21,1032,1,2,1,1.0,3,93027,M,4.0,0,93
200900069984,9,4,9,35,5,2,1,2.0,2,93055,M,4.0,0,93
200900069985,9,3,26,1545,1,1,1,2.0,3,93055,M,4.0,0,93
200900069986,9,11,11,1705,2,1,1,1.0,6,14699,M,,,14
200900069987,9,11,23,1735,2,2,1,2.0,2,14699,M,,,14
200900069988,9,11,26,1515,1,2,1,1.0,6,14715,M,,,14
200900069989,9,12,3,1800,5,2,6,2.0,6,14220,M,4.0,0,14
200900069990,9,12,4,1840,5,2,1,3.0,2,14699,M,,,14
200900069991,9,12,19,1450,1,1,1,4.0,6,14557,M,,,14
200900069992,9,12,26,520,5,2,1,9.0,6,14715,M,,,14
200900069993,9,12,28,1830,5,1,1,1.0,6,14699,M,,,14
200900069994,9,4,29,1150,1,2,1,2.0,6,93070,M,4.0,0,93
200900069995,9,5,6,945,1,2,3,1.0,7,93070,M,4.0,0,93
200900069996,9,5,7,1030,1,2,1,1.0,4,93070,M,4.0,0,93
200900069997,9,5,17,1800,1,2,1,1.0,6,93070,M,4.0,0,93
200900069998,9,5,17,1900,1,2,1,1.0,4,93070,M,4.0,0,93
200900069999,9,5,19,1110,1,2,1,1.0,3,93070,M,4.0,0,93
200900070000,9,5,26,1935,1,2,1,1.0,1,93070,M,4.0,0,93
200900070001,9,5,27,1740,1,2,1,1.0,1,93070,M,4.0,0,93
200900070002,9,5,28,1245,1,2,1,1.0,2,93070,M,4.0,0,93
200900070003,9,7,6,1820,1,2,1,1.0,3,93070,M,4.0,0,93
200900070004,9,7,7,1330,1,2,1,1.0,6,93070,M,4.0,0,93
200900070005,9,7,21,1605,1,2,1,1.0,3,93070,M,4.0,0,93
200900070006,9,7,23,1020,1,2,1,1.0,3,93070,M,4.0,0,93
200900070007,9,9,18,1330,1,2,1,1.0,7,93070,M,4.0,0,93
200900070008,9,9,18,2010,5,2,1,1.0,3,93070,M,4.0,0,93
200900070009,9,5,23,2120,1,2,3,1.0,3,74281,M,,,74
200900070010,9,3,21,1350,1,1,1,1.0,6,69264,M,,,69
200900070011,9,10,17,2120,3,2,1,1.0,7,65286,M,,,65
200900070012,9,10,22,1745,2,2,3,3.0,3,65286,M,,,65
200900070013,9,5,30,1335,1,2,2,1.0,3,69290,M,,,69
200900070014,9,7,1,1700,1,2,1,1.0,6,69264,M,,,69
200900070015,9,7,3,1300,1,2,1,1.0,6,69264,M,,,69
200900070016,9,7,29,1115,1,2,1,1.0,4,69384,M,,,69
200900070017,9,7,30,800,1,1,1,1.0,6,69013,M,,,69
200900070018,9,1,28,1645,1,2,1,1.0,6,69387,M,,,69
200900070019,9,1,28,1705,1,2,2,1.0,3,69387,M,,,69
200900070020,9,1,30,40,5,2,1,1.0,3,69387,M,,,69
200900070021,9,2,2,845,1,2,1,2.0,3,69387,M,,,69
200900070022,9,2,3,735,5,2,2,3.0,6,69387,M,,,69
200900070023,9,2,5,1725,2,2,2,2.0,3,69387,M,,,69
200900070024,9,2,6,1810,5,2,1,3.0,6,69387,M,,,69
200900070025,9,2,10,2010,2,2,2,1.0,6,69387,M,,,69
200900070026,9,2,13,1740,1,2,1,1.0,3,69387,M,,,69
200900070027,9,3,3,1525,1,2,1,1.0,6,69387,M,,,69
200900070028,9,3,6,1255,1,2,2,1.0,3,69387,M,,,69
200900070029,9,3,7,1210,1,2,1,1.0,6,69387,M,,,69
200900070030,9,3,11,2345,5,2,2,1.0,3,69387,M,,,69
200900070031,9,3,17,2020,5,2,2,1.0,6,69387,M,,,69
200900070032,9,12,7,1830,5,2,1,3.0,5,76565,M,,,76
200900070033,9,8,24,910,1,2,1,1.0,3,83129,M,,,83
200900070034,9,3,21,1430,1,2,9,1.0,3,69264,M,,,69
200900070035,9,3,25,1445,1,2,2,1.0,3,69387,M,,,69
200900070036,9,3,27,930,1,2,1,1.0,6,69029,M,,,69
200900070037,9,8,29,1850,1,2,1,1.0,6,76497,M,,,76
200900070038,9,4,1,950,1,2,2,1.0,3,69387,M,,,69
200900070039,9,8,30,2310,3,1,1,1.0,3,83123,M,,,83
200900070040,9,8,25,700,1,1,1,1.0,7,26106,M,,,26
200900070041,9,4,1,1410,1,2,6,1.0,3,69029,M,,,69
200900070042,9,10,14,1835,1,2,1,9.0,3,83069,M,,,83
200900070043,9,4,1,2240,5,2,3,1.0,3,69387,M,,,69
200900070044,9,4,2,1242,1,2,2,1.0,3,69387,M,,,69
200900070045,9,4,3,750,1,2,2,2.0,2,69387,M,,,69
200900070046,9,1,1,500,5,1,1,1.0,7,76217,M,,,76
200900070047,9,1,9,1145,1,2,1,1.0,6,76217,M,,,76
200900070048,9,1,11,1210,1,2,2,1.0,3,76217,M,,,76
200900070049,9,1,15,1010,1,1,1,1.0,6,76026,M,,,76
200900070050,9,11,15,1725,5,2,1,1.0,7,76217,M,,,76
200900070051,9,11,28,2335,3,1,1,2.0,7,76349,M,,,76
200900070052,9,11,28,2350,4,1,1,2.0,7,76324,M,,,76
200900070053,9,4,3,1200,1,2,2,1.0,6,69387,M,,,69
200900070054,9,12,1,755,1,1,1,1.0,6,76324,M,,,76
200900070055,9,12,5,1815,5,2,1,3.0,7,76217,M,,,76
200900070056,9,12,16,805,2,1,4,1.0,3,76565,M,,,76
200900070057,9,12,29,1540,1,2,1,1.0,6,76217,M,,,76
200900070058,9,12,31,1810,5,2,1,1.0,7,76217,M,,,76
200900070059,9,4,4,15,5,2,2,1.0,3,69387,M,,,69
200900070060,9,4,5,345,5,2,2,1.0,3,69029,M,,,69
200900070061,9,11,20,2135,5,2,9,1.0,6,83069,M,,,83
200900070062,9,4,6,1330,1,2,2,1.0,2,69387,M,,,69
200900070063,9,4,7,900,1,2,1,1.0,3,69387,M,,,69
200900070064,9,12,30,10,5,1,1,1.0,2,83069,M,,,83
200900070065,9,8,16,1555,1,2,1,1.0,6,83129,M,,,83
200900070066,9,8,24,1010,1,1,1,1.0,1,83009,M,,,83
200900070067,9,8,24,1210,1,2,9,1.0,3,83123,M,,,83
200900070068,9,8,29,1850,1,2,6,1.0,6,83123,M,,,83
200900070069,9,8,30,1450,1,2,1,1.0,6,83129,M,,,83
200900070070,9,8,31,1025,1,2,1,1.0,6,83129,M,,,83
200900070071,9,10,7,1535,1,2,1,1.0,2,83069,M,,,83
200900070072,9,10,25,915,1,2,1,1.0,3,83069,M,,,83
200900070073,9,11,1,250,5,2,1,1.0,6,83129,M,,,83
200900070074,9,11,1,1800,5,2,3,1.0,3,83129,M,,,83
200900070075,9,11,3,1305,1,2,2,1.0,3,83069,M,,,83
200900070076,9,11,12,1910,3,2,1,1.0,6,83123,M,,,83
200900070077,9,11,13,1145,1,2,1,1.0,2,83129,M,,,83
200900070078,9,11,18,1110,1,2,6,1.0,3,83069,M,,,83
200900070079,9,12,8,730,1,2,1,9.0,6,83069,M,,,83
200900070080,9,12,12,420,3,1,1,1.0,7,83069,M,,,83
200900070081,9,12,16,800,1,2,1,1.0,6,83069,M,,,83
200900070082,9,12,23,1600,1,2,1,2.0,6,83069,M,,,83
200900070083,9,4,23,1845,1,1,3,1.0,7,69013,M,,,69
200900070084,9,4,24,1335,1,2,1,1.0,6,69387,M,,,69
200900070085,9,4,26,1830,1,2,2,3.0,3,69387,M,,,69
200900070086,9,4,30,1500,1,2,2,1.0,3,69386,M,,,69
200900070087,9,5,5,1015,1,2,4,1.0,3,69092,M,,,69
200900070088,9,5,11,1625,1,2,1,1.0,6,69264,M,,,69
200900070089,9,5,15,1610,1,2,1,1.0,6,69264,M,,,69
200900070090,9,5,16,1900,1,2,3,1.0,3,69290,M,,,69
200900070091,9,5,17,1620,1,2,1,6.0,3,69290,M,,,69
200900070092,9,5,22,915,1,2,6,1.0,3,69290,M,,,69
200900070093,9,5,25,1030,1,2,1,1.0,6,69290,M,,,69
200900070094,9,5,25,1705,1,2,1,1.0,6,69381,M,,,69
200900070095,9,6,4,734,1,2,2,1.0,3,69202,M,,,69
200900070096,9,6,12,1147,1,2,2,1.0,6,69384,M,,,69
200900070097,9,6,29,350,5,2,1,1.0,6,69382,M,,,69
200900070098,9,7,5,10,5,2,1,1.0,6,69142,M,,,69
200900070099,9,7,6,1600,1,2,2,1.0,3,69264,M,,,69
200900070100,9,7,22,1645,1,2,3,1.0,3,69264,M,,,69
200900070101,9,7,26,2009,1,1,1,1.0,3,69092,M,,,69
200900070102,9,7,27,1500,1,2,1,1.0,2,69384,M,,,69
200900070103,9,8,5,930,1,2,6,1.0,6,69029,M,,,69
200900070104,9,8,13,1415,1,2,1,1.0,3,69264,M,,,69
200900070105,9,10,10,1650,1,2,2,2.0,3,69029,M,,,69
200900070106,9,11,3,1320,1,2,2,3.0,5,69290,M,,,69
200900070107,9,11,3,1814,5,2,3,2.0,3,69290,M,,,69
200900070108,9,11,4,1750,5,2,3,2.0,3,69290,M,,,69
200900070109,9,11,6,745,2,2,1,2.0,7,69385,M,,,69
200900070110,9,11,6,1935,5,2,3,1.0,3,69389,M,,,69
200900070111,9,11,13,235,5,2,1,2.0,2,69389,M,,,69
200900070112,9,11,14,2240,3,2,1,2.0,6,69290,M,,,69
200900070113,9,11,20,1905,5,2,1,1.0,3,69385,M,,,69
200900070114,9,11,26,730,1,2,1,1.0,3,69385,M,,,69
200900070115,9,10,21,855,1,2,1,1.0,2,84007,M,,,84
200900070116,9,10,26,1110,1,2,1,1.0,5,84007,M,,,84
200900070117,9,10,27,1135,1,2,1,1.0,3,84007,M,,,84
200900070118,9,10,28,1130,1,2,1,1.0,3,84007,M,,,84
200900070119,9,10,28,1345,1,2,3,1.0,3,84007,M,,,84
200900070120,9,7,24,2315,3,1,6,1.0,3,84087,M,,,84
200900070121,9,1,12,1930,5,2,6,8.0,3,93027,M,4.0,0,93
200900070122,9,1,30,845,1,2,3,1.0,3,93055,M,4.0,0,93
200900070123,9,5,7,2005,1,2,3,1.0,2,13054,M,4.0,0,13
200900070124,9,12,8,705,2,2,2,9.0,1,13054,M,,,13
200900070125,9,11,27,1640,1,2,1,1.0,6,13054,M,,,13
200900070126,9,1,29,815,1,1,2,1.0,3,13043,M,4.0,0,13
200900070127,9,1,31,955,1,2,3,1.0,3,13054,M,,,13
200900070128,9,12,23,805,1,1,1,1.0,3,13054,M,,,13
200900070129,9,5,1,2015,1,2,1,1.0,3,13054,M,,,13
200900070130,9,11,25,2130,3,2,3,1.0,3,13043,M,4.0,0,13
200900070131,9,12,9,1845,5,2,1,1.0,3,13102,M,4.0,0,13
200900070132,9,11,18,2015,5,2,1,1.0,6,13054,M,,,13
200900070133,9,12,24,750,2,2,1,8.0,3,13043,M,,,13
200900070134,9,1,27,2230,5,2,1,1.0,6,13054,M,,,13
200900070135,9,12,6,2050,5,2,3,1.0,3,13054,M,4.0,0,13
200900070136,9,1,27,1310,1,2,6,1.0,3,13054,M,,,13
200900070137,9,6,12,1345,1,2,6,1.0,6,13043,M,,,13
200900070138,9,5,9,1445,1,1,1,1.0,4,13043,M,,,13
200900070139,9,11,23,1715,2,2,1,1.0,2,13054,M,,,13
200900070140,9,12,16,1525,1,2,1,1.0,6,13054,M,,,13
200900070141,9,11,19,1400,1,2,1,2.0,4,13054,M,,,13
200900070142,9,12,13,1755,3,1,1,8.0,6,13028,M,4.0,0,13
200900070143,9,7,15,1920,1,2,1,1.0,6,14566,M,4.0,-,14
200900070144,9,7,17,2100,2,2,1,9.0,6,91326,M,,,91
200900070145,9,8,24,30,5,2,1,1.0,6,78117,M,4.0,0,78
200900070146,9,9,4,2235,5,2,1,1.0,6,85166,M,,,85
200900070147,9,9,19,1845,1,2,1,8.0,3,85194,M,4.0,-,85
200900070148,9,9,23,1020,1,2,1,1.0,3,85166,M,,,85
200900070149,9,9,28,1820,1,2,1,1.0,6,85166,M,,,85
200900070150,9,10,9,1130,1,2,3,1.0,6,85060,M,4.0,-,85
200900070151,9,10,11,1710,1,2,1,2.0,7,85166,M,,,85
200900070152,9,11,1,800,2,2,2,2.0,3,85166,M,4.0,-,85
200900070153,9,11,6,1915,2,1,1,1.0,6,85166,M,,,85
200900070154,9,12,2,1230,1,2,1,2.0,6,85166,M,,,85
200900070155,9,12,11,900,1,2,2,1.0,3,85060,M,4.0,-,85
200900070156,9,12,17,1735,5,2,1,3.0,6,85194,M,,,85
200900070157,9,10,27,945,1,1,3,1.0,3,85191,M,,,85
200900070158,9,11,5,1035,1,2,1,1.0,2,85191,M,,,85
200900070159,9,5,10,1150,1,1,3,1.0,3,59650,M,,,59
200900070160,9,6,15,2130,1,2,1,1.0,7,59650,M,,,59
200900070161,9,7,1,2100,4,2,1,1.0,6,59512,M,,,59
200900070162,9,8,22,440,5,2,1,1.0,7,59043,M,,,59
200900070163,9,9,4,1740,1,1,3,2.0,3,59367,M,,,59
200900070164,9,9,5,1530,1,1,2,1.0,3,59512,M,,,59
200900070165,9,11,15,1555,1,2,1,1.0,7,59512,M,,,59
200900070166,9,12,8,1115,1,1,1,1.0,3,59512,M,,,59
200900070167,9,6,6,1855,1,2,2,1.0,3,95197,M,4.0,0,95
200900070168,9,9,7,2030,1,2,2,1.0,3,95210,M,4.0,0,95
200900070169,9,9,12,540,3,2,2,1.0,3,95210,M,4.0,0,95
200900070170,9,9,12,2000,2,2,2,1.0,1,95197,M,4.0,0,95
200900070171,9,10,22,1835,1,2,1,1.0,1,95210,M,4.0,0,95
200900070172,9,11,12,10,5,2,2,2.0,6,95018,M,4.0,0,95
200900070173,9,11,14,1620,1,2,1,1.0,1,95428,M,4.0,0,95
200900070174,9,12,10,1735,1,2,1,1.0,6,95210,M,4.0,0,95
200900070175,9,11,8,1550,1,2,1,1.0,6,85194,M,,,85
200900070176,9,11,15,1100,1,2,1,2.0,6,85191,M,,,85
200900070177,9,11,28,1945,5,2,1,1.0,6,85194,M,,,85
200900070178,9,4,19,1650,1,2,1,1.0,3,76217,M,,,76
200900070179,9,4,21,1900,1,2,2,1.0,3,76217,M,,,76
200900070180,9,10,2,2030,5,2,1,1.0,2,88114,M,4.0,0,88
200900070181,9,6,16,625,2,1,1,1.0,7,75116,M,,,75
200900070182,9,7,9,950,1,1,1,1.0,2,75112,M,,,75
200900070183,9,12,17,1010,1,1,1,4.0,7,75112,M,,,75
200900070184,9,7,17,1457,1,1,1,1.0,2,75116,M,,,75
200900070185,9,6,15,920,1,1,1,2.0,2,75116,M,,,75
200900070186,9,7,1,2000,1,1,1,1.0,3,75112,M,,,75
200900070187,9,8,23,1900,1,1,1,1.0,2,75112,M,,,75
200900070188,9,8,30,1500,1,1,1,1.0,7,75116,M,,,75
200900070189,9,9,1,1050,1,1,1,1.0,6,75116,M,,,75
200900070190,9,10,12,1650,1,1,1,1.0,2,75112,M,,,75
200900070191,9,10,12,2000,3,1,1,1.0,4,75112,M,,,75
200900070192,9,10,21,1742,1,1,1,1.0,6,75116,M,,,75
200900070193,9,11,1,2230,5,1,1,2.0,3,75013,M,,,75
200900070194,9,11,29,2055,5,1,1,2.0,4,75112,M,,,75
200900070195,9,12,17,605,5,1,1,1.0,2,75112,M,,,75
200900070196,9,12,20,2142,5,1,1,1.0,6,75013,M,,,75
200900070197,9,10,2,1645,1,2,1,1.0,4,25462,M,,,25
200900070198,9,12,23,1835,5,1,1,1.0,6,75112,M,,,75
200900070199,9,10,3,1219,1,2,1,1.0,2,25462,M,,,25
200900070200,9,10,14,850,1,2,1,1.0,6,25462,M,,,25
200900070201,9,10,23,1940,5,2,3,2.0,1,25462,M,,,25
200900070202,9,10,27,1520,1,2,3,7.0,3,25462,M,,,25
200900070203,9,11,3,1500,1,2,1,2.0,7,25580,M,,,25
200900070204,9,9,20,1030,1,2,3,1.0,6,25462,M,,,25
200900070205,9,11,7,2005,5,2,1,2.0,5,25031,M,,,25
200900070206,9,11,12,1318,1,2,1,2.0,6,25462,M,,,25
200900070207,9,11,14,511,5,2,1,1.0,7,25462,M,,,25
200900070208,9,11,20,1720,5,2,3,1.0,3,25462,M,,,25
200900070209,9,11,27,1647,1,2,1,8.0,3,25462,M,,,25
200900070210,9,11,28,1740,5,2,1,1.0,6,25462,M,,,25
200900070211,9,12,9,1820,5,2,1,8.0,2,25462,M,,,25
200900070212,9,12,15,1820,5,2,1,4.0,6,25462,M,,,25
200900070213,9,11,3,845,5,2,1,2.0,2,92020,M,,,92
200900070214,9,11,4,750,1,2,1,1.0,6,92049,M,,,92
200900070215,9,11,9,1145,1,1,6,1.0,3,92020,M,,,92
200900070216,9,11,10,935,1,2,1,1.0,6,92049,M,,,92
200900070217,9,11,14,1510,1,2,1,3.0,6,92049,M,,,92
200900070218,9,11,14,2020,2,2,3,8.0,7,92049,M,,,92
200900070219,9,11,15,2320,5,2,6,2.0,6,92020,M,,,92
200900070220,9,12,11,1010,1,2,1,1.0,6,95277,M,4.0,0,95
200900070221,9,9,14,1605,1,2,1,1.0,6,95277,M,4.0,0,95
200900070222,9,10,1,1750,1,2,1,1.0,6,95280,M,4.0,0,95
200900070223,9,11,9,1400,1,2,1,9.0,6,95019,M,4.0,0,95
200900070224,9,11,30,1730,3,2,9,8.0,3,95277,M,4.0,0,95
200900070225,9,7,14,1615,1,2,1,1.0,6,91286,M,,,91
200900070226,9,7,25,2120,1,2,1,1.0,2,91687,M,,,91
200900070227,9,7,30,130,5,2,2,1.0,3,91689,M,,,91
200900070228,9,9,4,1545,1,2,1,1.0,6,91687,M,,,91
200900070229,9,9,17,1745,1,2,2,2.0,3,91326,M,,,91
200900070230,9,9,11,2036,3,1,1,1.0,6,91064,M,,,91
200900070231,9,9,5,1715,1,2,6,1.0,3,91434,M,,,91
200900070232,9,9,24,1640,1,2,2,1.0,6,91103,M,,,91
200900070233,9,9,26,1540,1,2,2,1.0,3,91549,M,,,91
200900070234,9,9,18,2205,5,2,2,1.0,3,91549,M,,,91
200900070235,9,9,4,840,1,2,1,3.0,6,91549,M,,,91
200900070236,9,9,23,700,2,2,2,1.0,3,91570,M,,,91
200900070237,9,9,7,1458,1,2,2,1.0,3,91549,M,,,91
200900070238,9,9,3,1740,1,2,1,1.0,7,91570,M,,,91
200900070239,9,9,13,1825,1,1,3,1.0,3,91103,M,,,91
200900070240,9,9,12,1300,1,2,1,1.0,6,91027,M,,,91
200900070241,9,9,13,1730,1,2,1,1.0,6,91479,M,,,91
200900070242,9,9,4,1700,1,1,1,1.0,5,91689,M,,,91
200900070243,9,9,21,1739,1,1,1,1.0,3,91689,M,,,91
200900070244,9,9,24,1945,2,1,1,1.0,4,91161,M,,,91
200900070245,9,9,21,811,1,1,1,1.0,5,91161,M,,,91
200900070246,9,9,6,1340,1,1,1,1.0,4,91161,M,,,91
200900070247,9,9,4,2320,3,1,1,1.0,6,91549,M,,,91
200900070248,9,9,12,2108,3,1,1,1.0,2,91553,M,,,91
200900070249,9,9,16,55,5,1,1,1.0,3,91377,M,,,91
200900070250,9,9,3,1709,1,2,1,1.0,2,91570,M,,,91
200900070251,9,9,12,1745,1,1,1,1.0,6,91433,M,,,91
200900070252,9,9,14,810,2,2,2,1.0,3,91201,M,,,91
200900070253,9,9,3,1402,1,2,1,1.0,3,91114,M,,,91
200900070254,9,9,12,840,1,2,4,1.0,3,91223,M,,,91
200900070255,9,9,9,1630,1,2,1,1.0,3,91201,M,,,91
200900070256,9,9,23,1625,1,2,2,1.0,3,91657,M,,,91
200900070257,9,9,28,845,1,2,1,1.0,2,91201,M,,,91
200900070258,9,9,7,1930,1,2,1,1.0,6,91691,M,,,91
200900070259,9,9,14,2255,3,1,1,3.0,4,91223,M,,,91
200900070260,9,9,10,1145,1,2,4,1.0,7,91312,M,,,91
200900070261,9,9,14,1800,1,2,1,1.0,3,91477,M,,,91
200900070262,9,9,30,1205,1,2,2,1.0,3,91657,M,,,91
200900070263,9,9,1,1940,1,2,1,1.0,6,91097,M,,,91
200900070264,9,9,4,1605,1,1,1,2.0,5,91477,M,,,91
200900070265,9,9,12,2150,1,1,1,1.0,6,91433,M,,,91
200900070266,9,9,23,950,1,2,1,1.0,3,91201,M,,,91
200900070267,9,9,12,915,1,1,1,1.0,3,91064,M,,,91
200900070268,9,9,8,1000,1,2,6,1.0,3,91223,M,,,91
200900070269,9,9,14,835,1,2,1,1.0,7,91114,M,,,91
200900070270,9,9,15,1525,1,2,1,1.0,6,91421,M,,,91
200900070271,9,9,20,620,2,1,3,1.0,2,91552,M,,,91