Num_Acc,an,mois,jour,hrmn,lum,agg,int,atm,col,com,gps,lat,long,dep
200900070661,9,12,4,1510,1,1,2,1.0,3,91471,M,,,91
200900070662,9,12,10,1505,1,2,1,1.0,6,91421,M,,,91
200900070663,9,12,15,1215,1,2,1,1.0,6,91691,M,,,91
200900070664,9,12,5,1450,1,2,1,8.0,3,91201,M,,,91
200900070665,9,12,4,1500,1,2,1,1.0,6,91097,M,,,91
200900070666,9,12,13,2045,5,2,1,1.0,1,91161,M,,,91
200900070667,9,12,18,1910,5,2,1,4.0,5,91103,M,,,91
200900070668,9,12,2,1,5,2,1,1.0,6,91103,M,,,91
200900070669,9,12,15,1750,5,2,1,1.0,5,91114,M,,,91
200900070670,9,12,9,1600,1,2,1,2.0,3,91114,M,,,91
200900070671,9,12,11,845,1,2,1,1.0,6,91114,M,,,91
200900070672,9,12,6,1300,1,2,2,8.0,3,91201,M,,,91
200900070673,9,12,3,2115,5,2,1,8.0,3,91514,M,,,91
200900070674,9,12,4,1100,1,2,2,1.0,2,91477,M,,,91
200900070675,9,12,12,1210,1,2,1,1.0,6,91477,M,,,91
200900070676,9,12,5,1340,1,2,1,8.0,2,91201,M,,,91
200900070677,9,12,3,750,2,1,1,8.0,7,91377,M,,,91
200900070678,9,12,6,2051,3,1,1,2.0,1,91477,M,,,91
200900070679,9,12,24,1833,3,1,1,2.0,5,91661,M,,,91
200900070680,9,12,2,2135,5,1,1,2.0,3,91064,M,,,91
200900070681,9,12,5,410,3,1,1,2.0,7,91434,M,,,91
200900070682,9,12,8,815,1,1,1,1.0,3,91377,M,,,91
200900070683,9,12,8,858,1,1,1,1.0,7,91434,M,,,91
200900070684,9,12,23,1908,3,1,1,8.0,4,91363,M,,,91
200900070685,9,12,2,845,2,1,1,2.0,7,91553,M,,,91
200900070686,9,12,3,940,1,1,1,1.0,7,91589,M,,,91
200900070687,9,12,3,1905,3,1,1,8.0,2,91345,M,,,91
200900070688,9,12,5,630,3,1,1,2.0,6,91589,M,,,91
200900070689,9,12,9,934,1,1,1,2.0,2,91471,M,,,91
200900070690,9,12,13,1215,1,1,1,1.0,3,91228,M,,,91
200900070691,9,12,14,1835,5,1,1,1.0,2,91521,M,,,91
200900070692,9,12,1,2012,5,1,1,1.0,2,91689,M,,,91
200900070693,9,12,3,643,3,1,1,2.0,6,91340,M,,,91
200900070694,9,12,26,1100,1,1,1,1.0,4,91136,M,,,91
200900070695,9,12,15,840,1,1,1,1.0,5,91549,M,,,91
200900070696,9,12,17,750,4,1,1,1.0,4,91434,M,,,91
200900070697,9,12,7,1735,2,1,1,2.0,2,91432,M,,,91
200900070698,9,12,9,1746,5,1,1,2.0,3,91377,M,,,91
200900070699,9,12,14,930,1,1,1,1.0,5,91363,M,,,91
200900070700,9,12,16,1735,2,1,1,1.0,4,91471,M,,,91
200900070701,9,12,29,2010,3,1,1,1.0,6,91182,M,,,91
200900070702,9,12,10,510,3,1,1,1.0,5,91161,M,,,91
200900070703,9,12,13,446,5,1,1,1.0,6,91161,M,,,91
200900070704,9,12,14,850,1,1,1,1.0,6,91340,M,,,91
200900070705,9,12,1,1028,1,1,1,1.0,2,91161,M,,,91
200900070706,9,12,4,1845,3,1,1,2.0,4,91216,M,,,91
200900070707,9,12,29,1300,1,1,1,8.0,7,91103,M,,,91
200900070708,9,12,5,745,2,1,1,2.0,7,91534,M,,,91
200900070709,9,12,21,1340,1,1,1,8.0,6,91136,M,,,91
200900070710,9,12,12,2000,3,1,1,1.0,4,91434,M,,,91
200900070711,9,12,26,1050,1,1,1,1.0,3,91521,M,,,91
200900070712,9,12,12,1250,1,2,1,1.0,7,91223,M,,,91
200900070713,9,12,12,550,5,2,1,1.0,6,91223,M,,,91
200900070714,9,12,9,1630,1,2,3,1.0,3,91223,M,,,91
200900070715,9,12,11,2300,3,1,1,1.0,3,91433,M,,,91
200900070716,9,12,10,1605,1,2,1,1.0,4,91223,M,,,91
200900070717,9,12,11,1925,2,1,1,1.0,3,91469,M,,,91
200900070718,9,12,10,1810,2,1,1,1.0,1,91433,M,,,91
200900070719,9,12,28,1545,1,1,1,1.0,4,91235,M,4.0,0,91
200900070720,9,12,9,1215,1,2,1,8.0,6,91095,M,4.0,0,91
200900070721,9,12,6,545,3,2,1,2.0,7,91179,M,0.0,0,91
200900070722,9,12,13,1145,1,1,1,1.0,1,91235,M,4.0,0,91
200900070723,9,12,19,1400,1,2,1,8.0,6,91275,M,0.0,0,91
200900070724,9,12,22,935,1,2,1,4.0,4,91692,M,,,91
200900070725,9,12,26,2155,5,2,2,9.0,3,91421,M,,,91
200900070726,9,12,20,305,5,2,1,8.0,7,91514,M,,,91
200900070727,9,12,31,1715,2,1,1,1.0,7,91433,M,,,91
200900070728,9,12,24,1935,5,2,2,1.0,3,91657,M,,,91
200900070729,9,12,23,1910,5,2,1,1.0,6,91514,M,,,91
200900070730,9,12,7,910,1,2,9,5.0,3,91228,M,,,91
200900070731,9,12,1,1730,1,1,1,1.0,3,91679,M,0.0,0,91
200900070732,9,12,5,641,5,1,1,2.0,7,91645,M,,,91
200900070733,9,12,4,2215,3,1,1,2.0,2,91161,M,,,91
200900070734,9,12,5,1420,1,1,1,1.0,6,91064,M,,,91
200900070735,9,12,24,1648,2,1,1,2.0,2,91347,M,,,91
200900070736,9,12,6,1500,1,1,1,2.0,5,91377,M,,,91
200900070737,9,12,21,710,3,1,1,2.0,4,91692,M,,,91
200900070738,9,12,9,31,5,1,1,2.0,7,91174,M,,,91
200900070739,9,12,29,1442,1,1,1,1.0,3,91136,M,,,91
200900070740,9,12,29,35,3,1,1,2.0,7,91549,M,,,91
200900070741,9,12,15,1907,3,1,1,1.0,3,91161,M,,,91
200900070742,9,12,17,1559,1,1,1,4.0,3,91689,M,,,91
200900070743,9,12,31,400,3,1,1,2.0,3,91521,M,,,91
200900070744,9,12,31,1115,1,1,1,1.0,3,91345,M,,,91
200900070745,9,12,1,1100,1,2,1,1.0,3,91228,M,,,91
200900070746,9,12,9,2000,3,2,1,1.0,6,91657,M,,,91
200900070747,9,12,9,1455,1,2,2,1.0,3,91521,M,,,91
200900070748,9,12,14,730,5,2,2,1.0,6,91657,M,,,91
200900070749,9,12,17,1830,5,2,1,8.0,6,91114,M,,,91
200900070750,9,12,16,1030,1,2,1,1.0,3,91064,M,,,91
200900070751,9,12,21,730,5,2,1,4.0,3,91657,M,,,91
200900070752,9,12,21,930,1,2,1,4.0,6,91657,M,,,91
200900070753,9,12,25,1845,5,2,1,1.0,2,91421,M,,,91
200900070754,9,12,26,1810,2,2,2,1.0,3,91201,M,,,91
200900070755,9,12,30,1335,1,2,1,1.0,3,91521,M,,,91
200900070756,9,12,31,640,3,1,1,2.0,7,91223,M,,,91
200900070757,9,12,31,1730,3,2,1,3.0,6,91521,M,,,91
200900070758,9,12,7,1145,1,2,1,1.0,1,91216,M,,,91
200900070759,9,12,9,2005,5,2,1,1.0,6,91216,M,,,91
200900070760,9,12,3,1510,1,2,1,1.0,6,91174,M,,,91
200900070761,9,12,5,1353,1,2,2,1.0,3,91549,M,,,91
200900070762,9,12,15,1600,1,1,1,1.0,6,91021,M,,,91
200900070763,9,12,11,900,1,2,1,1.0,6,91570,M,,,91
200900070764,9,12,24,1305,1,2,1,1.0,6,91216,M,,,91
200900070765,9,3,24,820,1,2,1,8.0,6,93008,M,4.0,0,93
200900070766,9,3,30,1330,1,2,2,1.0,6,93008,M,4.0,0,93
200900070767,9,6,3,920,1,2,1,1.0,3,93066,M,4.0,0,93
200900070768,9,8,9,2000,1,2,2,1.0,6,93006,M,4.0,0,93
200900070769,9,8,18,1535,1,2,2,1.0,3,93007,M,4.0,0,93
200900070770,9,9,15,845,1,2,2,1.0,6,93070,M,4.0,0,93
200900070771,9,9,18,1723,1,2,1,1.0,2,93066,M,4.0,0,93
200900070772,9,9,23,2230,5,2,1,1.0,6,93066,M,4.0,0,93
200900070773,9,9,26,1815,1,2,1,1.0,3,93059,M,4.0,0,93
200900070774,9,10,15,655,4,2,1,1.0,1,93007,M,4.0,0,93
200900070775,9,10,15,1430,1,2,1,1.0,6,93072,M,4.0,0,93
200900070776,9,10,22,855,1,2,1,1.0,6,93007,M,4.0,0,93
200900070777,9,10,27,1350,1,2,3,1.0,6,93072,M,4.0,0,93
200900070778,9,11,1,1110,1,2,3,2.0,3,93014,M,4.0,0,93
200900070779,9,11,2,1850,5,2,1,8.0,3,93001,M,4.0,0,93
200900070780,9,11,11,1035,1,2,2,1.0,5,93001,M,4.0,0,93
200900070781,9,11,12,1100,1,2,1,1.0,3,93001,M,4.0,0,93
200900070782,9,11,12,1440,1,2,2,1.0,1,93062,M,4.0,0,93
200900070783,9,11,12,2050,5,2,1,1.0,2,93048,M,4.0,0,93
200900070784,9,12,2,535,5,2,1,2.0,2,93059,M,4.0,0,93
200900070785,9,12,4,1630,1,2,2,1.0,3,93059,M,4.0,0,93
200900070786,9,12,4,1740,1,2,1,1.0,2,93059,M,4.0,0,93
200900070787,9,12,8,1730,5,2,1,2.0,6,93007,M,4.0,0,93
200900070788,9,12,8,2030,5,2,2,2.0,2,93059,M,4.0,0,93
200900070789,9,12,11,850,1,2,1,1.0,5,93048,M,4.0,0,93
200900070790,9,12,22,1450,1,2,1,1.0,3,93066,M,4.0,0,93
200900070791,9,12,23,1745,1,2,1,1.0,6,93077,M,4.0,0,93
200900070792,9,12,24,1720,1,2,1,1.0,3,93064,M,4.0,0,93
200900070793,9,12,25,1245,1,2,2,1.0,3,93066,M,4.0,0,93
200900070794,9,12,27,700,3,2,1,2.0,7,93066,M,4.0,0,93
200900070795,9,12,31,150,5,2,2,2.0,7,93066,M,4.0,0,93
200900070796,9,12,27,1320,1,2,1,8.0,5,93051,M,4.0,0,93
200900070797,9,9,14,1540,1,2,3,1.0,2,93072,M,4.0,0,93
200900070798,9,9,15,1400,1,2,6,1.0,5,93070,M,4.0,0,93
200900070799,9,9,22,930,1,2,3,1.0,3,93066,M,4.0,0,93
200900070800,9,10,20,905,1,2,1,1.0,3,93059,M,4.0,0,93
200900070801,9,11,1,255,5,2,1,1.0,3,93001,M,4.0,0,93
200900070802,9,11,11,120,5,2,1,1.0,2,93001,M,4.0,0,93
200900070803,9,11,19,1850,5,2,2,1.0,3,93072,M,4.0,0,93
200900070804,9,12,4,1415,1,2,1,1.0,6,93077,M,4.0,0,93
200900070805,9,1,20,1100,1,2,1,1.0,2,93048,M,4.0,0,93
200900070806,9,1,30,2320,5,2,1,1.0,6,93048,M,4.0,0,93
200900070807,9,2,10,1600,1,2,1,2.0,6,93048,M,4.0,0,93
200900070808,9,3,16,1510,1,2,1,1.0,6,93008,M,4.0,0,93
200900070809,9,3,17,1330,1,2,1,1.0,4,93008,M,4.0,0,93
200900070810,9,3,23,1815,1,2,1,1.0,6,93008,M,4.0,0,93
200900070811,9,3,24,1150,1,2,6,1.0,2,93008,M,4.0,0,93
200900070812,9,3,24,1640,1,2,1,1.0,6,93008,M,4.0,0,93
200900070813,9,3,30,1220,1,2,2,1.0,6,93008,M,4.0,0,93
200900070814,9,4,29,1900,1,2,3,1.0,3,93053,M,4.0,0,93
200900070815,9,5,13,1925,1,2,1,1.0,2,93007,M,4.0,0,93
200900070816,9,6,1,1150,1,2,1,1.0,3,93066,M,4.0,0,93
200900070817,9,6,1,1310,1,2,2,1.0,3,93066,M,4.0,0,93
200900070818,9,6,1,1850,2,2,1,1.0,6,93066,M,4.0,0,93
200900070819,9,6,3,835,1,2,3,1.0,2,93066,M,4.0,0,93
200900070820,9,6,6,530,2,2,1,1.0,6,93066,M,4.0,0,93
200900070821,9,6,12,1815,1,2,1,1.0,4,93048,M,4.0,0,93
200900070822,9,6,13,1610,1,2,1,1.0,7,93066,M,4.0,0,93
200900070823,9,6,27,1816,1,2,1,1.0,6,93048,M,4.0,0,93
200900070824,9,10,19,1635,1,2,1,1.0,6,93072,M,4.0,0,93
200900070825,9,10,22,800,2,2,6,1.0,3,93007,M,4.0,0,93
200900070826,9,10,27,1940,5,2,1,1.0,3,93007,M,4.0,0,93
200900070827,9,10,28,1925,5,2,1,1.0,6,93007,M,4.0,0,93
200900070828,9,7,1,1450,1,2,1,1.0,3,93048,M,4.0,0,93
200900070829,9,7,2,920,1,2,3,1.0,3,93007,M,4.0,0,93
200900070830,9,7,2,1800,1,2,1,1.0,1,93007,M,4.0,0,93
200900070831,9,7,12,2100,5,2,1,1.0,6,93070,M,4.0,0,93
200900070832,9,7,13,910,1,2,1,1.0,3,93070,M,4.0,0,93
200900070833,9,7,15,2120,2,2,1,1.0,3,93070,M,4.0,0,93
200900070834,9,7,17,2130,2,2,2,2.0,3,93070,M,4.0,0,93
200900070835,9,7,19,1910,1,2,3,1.0,3,93070,M,4.0,0,93
200900070836,9,7,20,2050,2,2,2,1.0,3,93070,M,4.0,0,93
200900070837,9,7,21,1905,1,2,1,1.0,2,93048,M,4.0,0,93
200900070838,9,7,23,925,1,2,2,8.0,6,93070,M,4.0,0,93
200900070839,9,7,25,1000,1,2,1,1.0,6,93070,M,4.0,0,93
200900070840,9,7,28,1655,1,2,1,1.0,7,93070,M,4.0,0,93
200900070841,9,7,30,1215,1,2,5,1.0,6,93045,M,4.0,0,93
200900070842,9,8,5,1620,1,2,2,1.0,2,93070,M,4.0,0,93
200900070843,9,8,17,1800,1,2,1,1.0,3,93007,M,4.0,0,93
200900070844,9,8,22,940,1,2,1,1.0,3,93007,M,4.0,0,93
200900070845,9,8,22,1520,1,2,1,1.0,3,93070,M,4.0,0,93
200900070846,9,8,26,1535,1,2,1,1.0,2,93070,M,4.0,0,93
200900070847,9,8,30,1950,1,2,2,1.0,3,93007,M,4.0,0,93
200900070848,9,8,30,2100,3,2,1,1.0,6,93007,M,4.0,0,93
200900070849,9,9,3,635,5,2,1,2.0,7,93070,M,4.0,0,93
200900070850,9,9,17,705,2,2,2,1.0,3,93066,M,4.0,0,93
200900070851,9,9,17,1320,1,2,1,1.0,3,93066,M,4.0,0,93
200900070852,9,9,18,1103,1,2,1,1.0,6,93066,M,4.0,0,93
200900070853,9,9,19,540,5,2,1,2.0,1,93066,M,4.0,0,93
200900070854,9,9,20,1430,1,2,1,1.0,6,93066,M,4.0,0,93
200900070855,9,9,21,1615,1,2,1,1.0,6,93066,M,4.0,0,93
200900070856,9,9,22,1030,1,2,3,1.0,3,93072,M,4.0,0,93
200900070857,9,9,23,1050,1,2,2,1.0,2,93066,M,4.0,0,93
200900070858,9,9,23,2220,5,2,2,1.0,1,93059,M,4.0,0,93
200900070859,9,9,25,1000,1,2,1,1.0,6,93066,M,4.0,0,93
200900070860,9,9,25,1315,1,2,1,1.0,7,93066,M,4.0,0,93
200900070861,9,9,25,1823,1,2,3,1.0,6,93059,M,4.0,0,93
200900070862,9,9,26,1840,2,2,1,1.0,6,93066,M,4.0,0,93
200900070863,9,9,28,1350,1,1,1,1.0,6,93066,M,4.0,0,93
200900070864,9,9,29,15,5,2,2,1.0,3,93072,M,4.0,0,93
200900070865,9,9,29,1855,1,2,3,1.0,3,93066,M,4.0,0,93
200900070866,9,9,30,750,2,2,3,1.0,3,93066,M,4.0,0,93
200900070867,9,9,30,1655,1,2,1,1.0,6,93072,M,4.0,0,93
200900070868,9,11,3,1250,1,2,2,2.0,2,93053,M,4.0,0,93
200900070869,9,11,6,1220,1,2,1,1.0,3,93001,M,4.0,0,93
200900070870,9,11,6,2030,3,2,3,1.0,3,93001,M,4.0,0,93
200900070871,9,11,7,1820,3,2,3,1.0,6,93053,M,4.0,0,93
200900070872,9,11,7,2030,3,1,1,1.0,4,93014,M,4.0,0,93
200900070873,9,11,8,610,5,2,4,2.0,1,93062,M,4.0,0,93
200900070874,9,11,9,2310,5,2,1,1.0,1,93001,M,4.0,0,93
200900070875,9,11,10,1425,1,2,3,1.0,3,93072,M,4.0,0,93
200900070876,9,11,10,1550,1,2,1,1.0,6,93001,M,4.0,0,93
200900070877,9,11,14,630,5,2,1,2.0,2,93072,M,4.0,0,93
200900070878,9,11,14,1050,1,2,1,2.0,6,93014,M,4.0,0,93
200900070879,9,11,18,1210,1,2,1,2.0,6,93072,M,4.0,0,93
200900070880,9,11,18,1250,1,2,1,1.0,1,93059,M,4.0,0,93
200900070881,9,11,30,1415,1,2,1,1.0,6,93059,M,4.0,0,93
200900070882,9,12,1,1305,1,2,1,1.0,6,93007,M,4.0,0,93
200900070883,9,12,2,1245,1,2,2,1.0,6,93064,M,4.0,0,93
200900070884,9,12,9,1235,1,2,1,2.0,6,93048,M,4.0,0,93
200900070885,9,12,9,1805,5,2,1,8.0,6,93048,M,4.0,0,93
200900070886,9,12,10,1030,1,2,1,8.0,6,93072,M,4.0,0,93
200900070887,9,12,10,2110,5,2,2,2.0,3,93048,M,4.0,0,93
200900070888,9,12,11,805,1,2,1,1.0,6,93072,M,4.0,0,93
200900070889,9,12,11,945,1,2,1,1.0,6,93064,M,4.0,0,93
200900070890,9,12,13,2030,5,2,3,1.0,3,93072,M,4.0,0,93
200900070891,9,12,13,2315,5,2,1,1.0,3,93048,M,4.0,0,93
200900070892,9,12,14,700,5,2,1,1.0,6,93048,M,4.0,0,93
200900070893,9,12,15,1145,1,2,1,1.0,6,93064,M,4.0,0,93
200900070894,9,12,15,1735,1,2,1,1.0,6,93077,M,4.0,0,93
200900070895,9,12,15,1830,5,2,1,1.0,6,93048,M,4.0,0,93
200900070896,9,12,16,900,1,2,2,1.0,1,93077,M,4.0,0,93
200900070897,9,12,19,1330,1,2,2,1.0,6,93039,M,4.0,0,93
200900070898,9,12,22,2345,3,2,1,2.0,7,93066,M,4.0,0,93
200900070899,9,12,23,1135,1,2,1,1.0,6,93066,M,4.0,0,93
200900070900,9,12,23,2000,5,2,1,1.0,6,93066,M,4.0,0,93
200900070901,9,12,23,2200,5,2,2,1.0,3,93048,M,4.0,0,93
200900070902,9,12,24,2020,5,2,1,3.0,6,93048,M,4.0,0,93
200900070903,9,12,26,1550,1,2,1,1.0,6,93066,M,4.0,0,93
200900070904,9,11,24,900,1,2,3,2.0,1,94021,M,4.0,0,94
200900070905,9,11,24,1205,1,2,3,1.0,3,94028,M,4.0,0,94
200900070906,9,11,24,1355,1,2,2,8.0,3,94058,M,4.0,0,94
200900070907,9,11,24,1815,3,1,1,1.0,3,94021,M,4.0,0,94
200900070908,9,11,24,1945,5,1,1,1.0,2,94017,M,4.0,0,94
200900070909,9,11,25,845,1,2,3,1.0,6,94017,M,4.0,0,94
200900070910,9,11,25,920,1,2,1,1.0,6,94068,M,4.0,0,94
200900070911,9,11,25,1340,1,2,3,1.0,2,94017,M,4.0,0,94
200900070912,9,11,25,1413,1,1,1,2.0,6,94037,M,4.0,0,94
200900070913,9,11,26,700,1,2,2,1.0,3,94041,M,4.0,0,94
200900070914,9,11,26,745,2,1,1,1.0,3,94022,M,4.0,0,94
200900070915,9,11,1,250,5,2,1,8.0,7,94037,M,4.0,0,94
200900070916,9,11,1,1320,1,2,3,2.0,2,94078,M,4.0,0,94
200900070917,9,11,1,1445,1,1,6,3.0,7,94054,M,4.0,0,94
200900070918,9,11,2,900,1,2,2,8.0,3,94033,M,4.0,0,94
200900070919,9,11,2,915,1,2,1,1.0,1,94059,M,4.0,0,94
200900070920,9,11,2,1610,1,2,2,1.0,6,94033,M,4.0,0,94
200900070921,9,11,2,2210,5,2,1,1.0,3,94017,M,4.0,0,94
200900070922,9,11,3,805,1,2,6,3.0,7,94076,M,4.0,0,94
200900070923,9,11,3,1150,1,2,3,2.0,6,94018,M,4.0,0,94
200900070924,9,11,3,1350,1,2,1,2.0,2,94068,M,4.0,0,94
200900070925,9,11,3,1430,1,2,2,2.0,2,94076,M,4.0,0,94
200900070926,9,11,3,1650,2,2,3,1.0,3,94017,M,4.0,0,94
200900070927,9,11,3,1915,5,2,3,2.0,3,94054,M,4.0,0,94
200900070928,9,11,3,1920,5,2,3,2.0,3,94046,M,4.0,0,94
200900070929,9,11,4,845,1,2,1,1.0,2,94022,M,4.0,0,94
200900070930,9,11,4,1650,1,2,4,1.0,2,94054,M,4.0,0,94
200900070931,9,11,4,1740,5,2,2,2.0,3,94068,M,4.0,0,94
200900070932,9,11,4,2010,5,2,2,2.0,3,94081,M,4.0,0,94
200900070933,9,11,5,720,1,2,2,1.0,6,94019,M,4.0,0,94
200900070934,9,11,5,930,1,2,3,1.0,3,94017,M,4.0,0,94
200900070935,9,11,5,955,1,2,1,1.0,3,94037,M,4.0,0,94
200900070936,9,11,5,1606,1,2,3,2.0,5,94055,M,4.0,0,94
200900070937,9,11,5,1755,5,2,2,2.0,3,94022,M,4.0,0,94
200900070938,9,11,6,1240,1,2,1,1.0,1,94033,M,4.0,0,94
200900070939,9,11,6,1240,1,2,1,1.0,6,94078,M,4.0,0,94
200900070940,9,11,6,1400,1,2,3,1.0,5,94022,M,4.0,0,94
200900070941,9,11,7,1200,1,2,1,1.0,6,94078,M,4.0,0,94
200900070942,9,11,7,1330,1,2,1,1.0,6,94017,M,4.0,0,94
200900070943,9,11,7,1515,1,2,1,2.0,6,94078,M,4.0,0,94
200900070944,9,11,7,1840,5,2,2,1.0,3,94016,M,4.0,0,94
200900070945,9,11,7,2220,5,2,1,1.0,3,94017,M,4.0,0,94
200900070946,9,11,8,1510,1,2,3,1.0,3,94079,M,4.0,0,94
200900070947,9,11,8,1710,2,2,1,1.0,6,94078,M,4.0,0,94
200900070948,9,11,8,1715,2,2,1,1.0,6,94017,M,4.0,0,94
200900070949,9,11,8,2015,5,2,3,1.0,4,94033,M,4.0,0,94
200900070950,9,11,8,2150,5,2,3,1.0,3,94068,M,4.0,0,94
200900070951,9,11,9,2030,5,2,1,1.0,2,94068,M,4.0,0,94
200900070952,9,11,10,810,1,2,2,1.0,6,94017,M,4.0,0,94
200900070953,9,11,10,1200,1,2,2,1.0,2,94068,M,4.0,0,94
200900070954,9,11,10,1440,1,2,1,1.0,7,94043,M,4.0,0,94
200900070955,9,11,10,1600,1,2,1,1.0,6,94068,M,4.0,0,94
200900070956,9,11,10,1625,2,2,2,1.0,3,94068,M,4.0,0,94
200900070957,9,11,10,2105,5,2,1,1.0,6,94068,M,4.0,0,94
200900070958,9,11,11,525,5,2,1,1.0,6,94078,M,4.0,0,94
200900070959,9,11,11,2020,5,2,1,1.0,1,94018,M,4.0,0,94
200900070960,9,11,12,600,5,2,1,2.0,3,94022,M,4.0,0,94
200900070961,9,11,12,750,1,2,1,2.0,6,94043,M,4.0,0,94
200900070962,9,11,12,940,1,2,1,1.0,2,94069,M,4.0,0,94
200900070963,9,11,12,1150,1,2,3,1.0,3,94076,M,4.0,0,94
200900070964,9,11,12,1500,1,2,3,1.0,3,94068,M,4.0,0,94
200900070965,9,11,12,1555,1,2,3,8.0,7,94053,M,4.0,0,94
200900070966,9,11,12,1925,5,2,1,1.0,7,94059,M,4.0,0,94
200900070967,9,11,13,755,2,2,2,1.0,1,94017,M,4.0,0,94
200900070968,9,11,13,1110,1,2,2,1.0,6,94076,M,4.0,0,94
200900070969,9,11,14,1740,5,2,1,1.0,2,94074,M,4.0,0,94
200900070970,9,11,14,1815,5,2,1,1.0,6,94055,M,4.0,0,94
200900070971,9,11,14,2230,5,2,3,1.0,3,94046,M,4.0,0,94
200900070972,9,11,15,2150,5,2,1,1.0,6,94069,M,4.0,0,94
200900070973,9,11,16,920,1,2,3,1.0,3,94016,M,4.0,0,94
200900070974,9,11,17,915,1,2,2,2.0,2,94076,M,4.0,0,94
200900070975,9,11,17,1100,1,2,3,2.0,2,94019,M,4.0,0,94
200900070976,9,11,17,1200,1,2,4,3.0,2,94055,M,4.0,0,94
200900070977,9,11,17,1555,1,2,1,8.0,7,94018,M,4.0,0,94
200900070978,9,11,18,1800,5,2,1,1.0,3,94076,M,4.0,0,94
200900070979,9,11,18,2030,5,2,3,1.0,3,94076,M,4.0,0,94
200900070980,9,11,19,1345,1,2,1,3.0,6,94016,M,4.0,0,94
200900070981,9,11,19,1720,5,2,1,1.0,6,94079,M,4.0,0,94
200900070982,9,11,20,825,1,2,3,1.0,6,94079,M,4.0,0,94
200900070983,9,11,20,1805,5,2,1,8.0,4,94055,M,4.0,0,94
200900070984,9,11,20,1820,5,2,2,1.0,2,94003,M,4.0,0,94
200900070985,9,11,20,1905,5,2,1,1.0,6,94043,M,4.0,0,94
200900070986,9,11,21,230,5,2,3,1.0,7,94016,M,4.0,0,94
200900070987,9,11,21,1525,1,2,1,1.0,6,94079,M,4.0,0,94
200900070988,9,11,22,555,3,1,1,1.0,6,94054,M,4.0,0,94
200900070989,9,11,22,1640,2,2,3,1.0,6,94018,M,4.0,0,94
200900070990,9,11,23,1405,1,2,1,2.0,3,94003,M,4.0,0,94
200900070991,9,11,24,705,3,2,1,2.0,7,94069,M,4.0,0,94
200900070992,9,11,24,1555,1,2,1,8.0,6,94019,M,4.0,0,94
200900070993,9,11,25,1115,1,2,1,2.0,6,94018,M,4.0,0,94
200900070994,9,11,25,2030,5,2,2,1.0,2,94019,M,4.0,0,94
200900070995,9,11,27,1005,1,2,1,1.0,1,94016,M,4.0,0,94
200900070996,9,11,27,1950,5,2,2,1.0,5,94069,M,4.0,0,94
200900070997,9,11,28,1715,5,2,3,2.0,3,94043,M,4.0,0,94
200900070998,9,11,29,1930,5,2,1,1.0,3,94076,M,4.0,0,94
200900070999,9,11,30,5,5,2,2,1.0,7,94016,M,4.0,0,94
200900071000,9,11,1,610,4,1,1,5.0,6,94069,M,4.0,0,94
200900071001,9,11,1,1315,1,1,1,3.0,6,94073,M,4.0,0,94
200900071002,9,11,2,1100,1,2,1,1.0,6,94028,M,4.0,0,94
200900071003,9,11,2,2200,5,2,3,1.0,3,94067,M,4.0,0,94
200900071004,9,11,3,720,2,2,3,2.0,3,94028,M,4.0,0,94
200900071005,9,11,3,830,2,1,1,2.0,7,94038,M,4.0,0,94
200900071006,9,11,3,900,1,1,1,3.0,3,94018,M,4.0,0,94
200900071007,9,11,3,1230,1,1,1,3.0,2,94081,M,4.0,0,94
200900071008,9,11,3,1820,2,2,2,2.0,5,94015,M,4.0,0,94
200900071009,9,11,3,2030,5,2,1,3.0,6,94038,M,4.0,0,94
200900071010,9,11,4,615,3,1,1,2.0,6,94069,M,4.0,0,94
200900071011,9,11,4,801,2,1,1,1.0,6,94003,M,4.0,0,94
200900071012,9,11,4,900,1,1,1,2.0,6,94044,M,4.0,0,94
200900071013,9,11,4,904,1,1,1,1.0,7,94034,M,4.0,0,94
200900071014,9,11,4,1240,1,2,1,2.0,2,94041,M,4.0,0,94
200900071015,9,11,4,1850,5,1,1,3.0,3,94073,M,4.0,0,94
200900071016,9,11,5,942,1,1,1,1.0,3,94034,M,4.0,0,94
200900071017,9,11,5,1730,3,2,1,2.0,7,94070,M,4.0,0,94
200900071018,9,11,5,1830,2,2,2,2.0,3,94041,M,4.0,0,94
200900071019,9,11,5,2020,5,2,1,1.0,3,94080,M,4.0,0,94
200900071020,9,11,5,2300,5,1,1,1.0,5,94018,M,4.0,0,94
200900071021,9,11,6,1100,1,2,1,1.0,6,94011,M,4.0,0,94
200900071022,9,11,6,1530,1,1,1,1.0,3,94022,M,4.0,0,94
200900071023,9,11,6,1730,5,2,2,1.0,6,94038,M,4.0,0,94
200900071024,9,11,6,1930,5,2,1,1.0,6,94004,M,4.0,0,94
200900071025,9,11,7,1300,1,2,3,1.0,6,94081,M,4.0,0,94
200900071026,9,11,8,1435,1,2,3,8.0,6,94067,M,4.0,0,94
200900071027,9,11,9,1250,1,2,1,1.0,6,94041,M,4.0,0,94
200900071028,9,11,17,1700,2,2,1,1.0,4,94017,M,4.0,0,94
200900071029,9,11,17,1900,5,1,1,1.0,5,94028,M,4.0,0,94
200900071030,9,11,18,750,2,2,1,1.0,3,94046,M,4.0,0,94