Num_Acc,an,mois,jour,hrmn,lum,agg,int,atm,col,com,gps,lat,long,dep
200900071781,9,1,21,1845,3,2,2,1.0,3,49180,M,4.0,-,49
200900071782,9,2,13,730,2,2,1,1.0,3,49196,M,4.0,-,49
200900071783,9,2,17,1530,1,1,1,1.0,3,49364,M,0.0,0,49
200900071784,9,3,14,1800,1,1,4,1.0,5,49361,M,0.0,0,49
200900071785,9,6,24,750,1,1,1,7.0,7,49271,M,0.0,0,49
200900071786,9,6,24,1700,1,1,2,7.0,1,49069,M,0.0,0,49
200900071787,9,7,20,1250,1,1,1,1.0,1,49194,M,4.0,-,49
200900071788,9,7,30,1815,1,2,3,1.0,2,49215,M,4.0,-,49
200900071789,9,10,29,1520,1,1,1,1.0,7,49129,M,,,49
200900071790,9,10,29,2130,3,1,1,2.0,7,49313,M,0.0,0,49
200900071791,9,11,8,1200,1,1,1,2.0,7,49292,M,0.0,0,49
200900071792,9,11,14,2000,5,2,1,1.0,6,49018,M,0.0,0,49
200900071793,9,11,20,1220,1,2,1,1.0,7,49026,M,,,49
200900071794,9,4,16,1036,1,2,1,1.0,3,49007,M,,,49
200900071795,9,10,5,1649,1,2,1,1.0,7,49007,M,,,49
200900071796,9,12,19,1944,5,2,1,1.0,7,49007,M,,,49
200900071797,9,10,9,1735,1,2,1,2.0,4,49007,M,,,49
200900071798,9,2,21,1649,1,1,1,1.0,2,49323,M,0.0,0,49
200900071799,9,10,23,1430,1,1,1,1.0,6,40210,M,4.0,-,40
200900071800,9,2,21,850,2,1,1,1.0,7,40320,M,0.0,0,40
200900071801,9,2,24,1110,1,1,1,1.0,7,40135,M,0.0,0,40
200900071802,9,2,26,1710,1,1,1,1.0,2,40046,M,0.0,0,40
200900071803,9,4,9,1445,1,1,1,1.0,3,40323,M,0.0,0,40
200900071804,9,5,2,1010,1,1,1,1.0,7,40233,M,0.0,0,40
200900071805,9,5,2,1203,1,2,1,1.0,6,40192,M,0.0,0,40
200900071806,9,5,9,1350,1,2,1,1.0,1,40224,M,0.0,0,40
200900071807,9,5,23,1630,1,1,2,1.0,5,40055,M,0.0,0,40
200900071808,9,6,21,55,5,2,1,1.0,7,40001,M,0.0,0,40
200900071809,9,7,17,1415,1,1,1,1.0,7,40310,M,0.0,0,40
200900071810,9,8,28,1805,1,1,2,1.0,3,40123,M,0.0,0,40
200900071811,9,11,25,1130,1,2,1,8.0,7,40284,M,0.0,0,40
200900071812,9,12,2,700,5,2,3,2.0,3,40284,M,0.0,0,40
200900071813,9,12,13,1445,1,1,1,1.0,7,40031,M,0.0,0,40
200900071814,9,2,21,1150,1,1,1,1.0,2,40271,M,0.0,0,40
200900071815,9,5,8,1455,1,1,1,1.0,1,40080,M,0.0,0,40
200900071816,9,5,30,1755,1,2,1,1.0,3,40331,M,0.0,0,40
200900071817,9,12,11,1310,1,1,1,1.0,3,40284,M,0.0,0,40
200900071818,9,4,4,600,3,1,1,1.0,6,32115,M,4.0,0,32
200900071819,9,4,30,1410,1,1,1,1.0,2,32147,M,4.0,0,32
200900071820,9,7,10,1600,1,1,1,1.0,7,32005,M,4.0,-,32
200900071821,9,7,21,1330,1,1,1,7.0,7,32306,M,4.0,0,32
200900071822,9,7,29,1830,1,1,1,1.0,7,32017,M,4.0,-,32
200900071823,9,8,4,1155,1,1,2,1.0,3,32290,M,4.0,0,32
200900071824,9,6,4,1445,1,1,3,1.0,2,14762,M,4.0,-,14
200900071825,9,3,31,2020,5,1,1,1.0,7,95527,M,4.0,0,95
200900071826,9,8,6,1710,1,1,1,1.0,7,14425,M,4.0,0,14
200900071827,9,5,5,850,1,2,4,1.0,3,59350,M,0.0,0,59
200900071828,9,4,22,1825,1,2,1,1.0,6,59017,M,0.0,0,59
200900071829,9,12,31,1800,3,1,1,2.0,6,36165,M,4.0,0,36
200900071830,9,6,9,1220,1,2,3,1.0,3,78299,M,4.0,0,78
200900071831,9,6,9,1710,1,1,3,8.0,3,78380,M,4.0,0,78
200900071832,9,6,13,1645,1,2,1,1.0,2,78440,M,4.0,0,78
200900071833,9,6,16,652,2,1,3,1.0,3,78401,M,4.0,0,78
200900071834,9,6,16,2130,2,1,1,1.0,6,78372,M,4.0,0,78
200900071835,9,6,18,1725,1,1,2,1.0,3,78470,M,4.0,0,78
200900071836,9,6,19,740,1,2,1,1.0,6,78440,M,4.0,0,78
200900071837,9,6,22,940,1,1,1,1.0,5,78616,M,4.0,0,78
200900071838,9,6,23,1715,1,2,1,1.0,3,78688,M,4.0,0,78
200900071839,9,6,23,1810,1,2,1,1.0,6,78423,M,4.0,0,78
200900071840,9,6,25,1400,1,2,6,1.0,6,78297,M,4.0,0,78
200900071841,9,6,25,1930,2,1,4,1.0,3,78009,M,4.0,0,78
200900071842,9,6,26,1100,1,2,2,1.0,6,78451,M,4.0,0,78
200900071843,9,6,29,1345,1,1,1,1.0,6,78003,M,4.0,0,78
200900071844,9,9,5,900,1,1,1,1.0,7,78506,M,4.0,0,78
200900071845,9,10,19,810,1,2,3,1.0,3,46042,M,,,46
200900071846,9,5,22,1730,1,2,1,1.0,6,41018,M,,,41
200900071847,9,7,22,1230,1,2,1,1.0,3,83137,M,,,83
200900071848,9,4,29,1900,1,1,7,2.0,3,59152,M,0.0,0,59
200900071849,9,5,7,2110,1,2,1,1.0,3,59648,M,,,59
200900071850,9,2,20,1030,1,2,1,1.0,6,15014,M,0.0,0,15
200900071851,9,5,8,1610,1,2,1,1.0,6,59599,M,,,59
200900071852,9,5,15,1805,1,2,1,1.0,3,59350,M,,,59
200900071853,9,7,22,1231,1,2,2,1.0,3,83137,M,,,83
200900071854,9,5,20,1645,1,1,1,1.0,7,59426,M,,,59
200900071855,9,7,21,1430,1,2,1,1.0,6,59009,M,0.0,0,59
200900071856,9,7,26,1930,1,2,1,1.0,6,59009,M,0.0,0,59
200900071857,9,11,15,2230,4,2,1,1.0,6,59350,M,0.0,0,59
200900071858,9,11,24,1950,2,2,1,1.0,6,59599,M,0.0,0,59
200900071859,9,12,5,1000,1,2,1,2.0,6,59152,M,0.0,0,59
200900071860,9,12,20,1400,1,2,1,4.0,6,59599,M,0.0,0,59
200900071861,9,12,31,1735,3,2,1,1.0,6,59508,M,0.0,0,59
200900071862,9,7,11,1700,1,2,1,1.0,2,59378,M,0.0,0,59
200900071863,9,12,5,1820,5,2,6,2.0,1,14712,M,4.0,-,14
200900071864,9,12,11,810,2,2,6,5.0,6,14690,M,4.0,-,14
200900071865,9,12,15,1130,1,1,1,1.0,6,14543,M,4.0,-,14
200900071866,9,12,16,825,3,1,1,1.0,6,14473,M,4.0,0,14
200900071867,9,12,17,1350,1,2,1,8.0,6,14190,M,4.0,-,14
200900071868,9,12,28,845,2,1,1,1.0,7,14007,M,4.0,-,14
200900071869,9,7,1,930,1,2,2,1.0,3,78517,M,4.0,0,78
200900071870,9,7,4,1950,1,2,2,1.0,2,78311,M,4.0,0,78
200900071871,9,7,9,1735,1,2,3,9.0,3,78440,M,4.0,0,78
200900071872,9,7,9,1815,1,1,1,1.0,3,78160,M,4.0,0,78
200900071873,9,7,9,1850,1,2,1,1.0,6,78168,M,4.0,0,78
200900071874,9,7,21,2110,1,2,3,1.0,2,78383,M,4.0,0,78
200900071875,9,7,25,1955,1,1,1,1.0,7,78638,M,4.0,0,78
200900071876,9,3,3,1325,1,1,1,1.0,2,77291,M,,,77
200900071877,9,3,7,1515,1,1,1,1.0,7,77294,M,,,77
200900071878,9,9,12,2215,5,1,1,1.0,6,77294,M,,,77
200900071879,9,2,27,356,5,2,1,1.0,6,50129,M,4.0,-,50
200900071880,9,5,31,1900,1,1,2,7.0,3,50256,M,4.0,-,50
200900071881,9,8,12,1752,1,1,6,1.0,3,78440,M,4.0,0,78
200900071882,9,8,13,600,2,2,6,1.0,3,78208,M,4.0,0,78
200900071883,9,8,17,805,1,2,1,1.0,3,78638,M,4.0,0,78
200900071884,9,8,25,1530,1,2,2,1.0,3,78337,M,4.0,0,78
200900071885,9,8,26,2120,2,2,2,1.0,3,78123,M,4.0,0,78
200900071886,9,8,27,1900,1,2,1,1.0,2,78401,M,4.0,0,78
200900071887,9,9,14,958,1,1,1,1.0,4,77291,M,,,77
200900071888,9,8,5,1900,1,2,3,1.0,7,78383,M,4.0,0,78
200900071889,9,8,21,1505,1,2,3,1.0,2,78440,M,4.0,0,78
200900071890,9,8,21,1915,1,2,1,1.0,6,78299,M,4.0,0,78
200900071891,9,8,25,705,1,2,6,1.0,3,78172,M,4.0,0,78
200900071892,9,1,24,1400,1,1,1,1.0,4,88364,M,4.0,0,88
200900071893,9,4,8,1230,1,1,1,1.0,6,88303,M,4.0,0,88
200900071894,9,5,29,2140,3,1,1,1.0,7,88273,M,4.0,0,88
200900071895,9,6,11,2030,1,2,1,1.0,6,88126,M,4.0,0,88
200900071896,9,7,3,1855,1,2,2,1.0,2,88451,M,4.0,0,88
200900071897,9,7,27,1530,1,2,3,1.0,3,88349,M,4.0,0,88
200900071898,9,7,28,1700,1,1,1,1.0,1,88516,M,4.0,0,88
200900071899,9,8,3,1350,1,1,1,1.0,2,88357,M,4.0,0,88
200900071900,9,8,4,1940,1,1,1,1.0,6,88218,M,4.0,0,88
200900071901,9,8,6,1140,1,1,1,1.0,3,88115,M,4.0,0,88
200900071902,9,8,11,945,1,1,1,1.0,1,88156,M,4.0,0,88
200900071903,9,8,11,1015,1,2,1,2.0,6,88372,M,4.0,0,88
200900071904,9,8,27,1550,1,1,1,1.0,7,88447,M,4.0,0,88
200900071905,9,9,2,1620,1,2,4,1.0,3,88315,M,4.0,0,88
200900071906,9,9,25,1730,1,1,1,1.0,1,88391,M,4.0,0,88
200900071907,9,10,24,1430,1,2,1,1.0,3,88196,M,4.0,0,88
200900071908,9,10,28,1355,1,1,1,7.0,1,88327,M,4.0,0,88
200900071909,9,11,17,840,1,2,7,2.0,6,88447,M,4.0,0,88
200900071910,9,11,17,1855,3,1,1,2.0,6,88315,M,4.0,0,88
200900071911,9,11,24,2205,5,2,1,1.0,6,88076,M,4.0,0,88
200900071912,9,11,26,1730,5,2,1,2.0,6,88196,M,4.0,0,88
200900071913,9,12,10,805,2,1,1,3.0,6,88505,M,4.0,0,88
200900071914,9,5,25,1820,1,2,3,2.0,3,64445,M,4.0,-,64
200900071915,9,11,10,1750,5,2,3,2.0,3,64445,M,4.0,-,64
200900071916,9,11,17,1730,5,2,1,2.0,2,64445,M,4.0,-,64
200900071917,9,12,11,1215,1,2,1,1.0,3,64445,M,4.0,-,64
200900071918,9,12,19,1840,5,2,3,1.0,3,64483,M,4.0,-,64
200900071919,9,6,2,2248,3,1,1,1.0,1,64483,M,4.0,-,64
200900071920,9,8,11,1225,1,2,1,1.0,2,64545,M,4.0,-,64
200900071921,9,7,15,1753,1,2,2,1.0,3,37261,M,,,37
200900071922,9,7,18,1440,1,2,3,1.0,7,37261,M,,,37
200900071923,9,10,3,915,1,2,1,1.0,6,37261,M,,,37
200900071924,9,9,4,2015,1,2,3,1.0,1,78490,M,4.0,0,78
200900071925,9,9,6,2020,1,2,4,1.0,6,78686,M,4.0,0,78
200900071926,9,9,17,1905,1,2,2,1.0,3,78490,M,4.0,0,78
200900071927,9,9,22,1540,1,2,1,1.0,6,78586,M,4.0,0,78
200900071928,9,9,23,1835,1,2,6,1.0,2,78165,M,4.0,0,78
200900071929,9,9,25,1400,1,2,2,1.0,3,78586,M,4.0,0,78
200900071930,9,1,6,1640,1,2,1,1.0,5,44109,M,,,44
200900071931,9,9,2,1220,1,2,3,1.0,2,78575,M,4.0,0,78
200900071932,9,9,11,1015,1,2,6,1.0,2,78490,M,,,78
200900071933,9,9,15,730,1,1,3,1.0,2,78128,M,4.0,0,78
200900071934,9,9,19,1245,1,1,1,1.0,3,78674,M,4.0,0,78
200900071935,9,9,27,1910,1,2,2,1.0,2,78586,M,4.0,0,78
200900071936,9,9,27,2011,5,2,1,1.0,5,78586,M,4.0,0,78
200900071937,9,9,29,1910,1,2,2,1.0,3,78490,M,4.0,0,78
200900071938,9,4,9,2340,5,2,1,1.0,3,44109,M,,,44
200900071939,9,5,12,1955,1,2,1,1.0,2,44109,M,,,44
200900071940,9,5,19,1815,1,2,1,1.0,6,44109,M,,,44
200900071941,9,6,3,935,1,2,8,1.0,3,44109,M,,,44
200900071942,9,1,14,621,3,1,1,5.0,6,59237,M,,,59
200900071943,9,6,5,1540,1,2,1,1.0,2,44184,M,,,44
200900071944,9,6,12,1755,1,2,1,1.0,2,44109,M,,,44
200900071945,9,6,17,1825,1,2,1,1.0,2,44109,M,,,44
200900071946,9,6,18,1451,1,2,1,1.0,2,44109,M,,,44
200900071947,9,7,10,1606,1,2,1,1.0,3,44109,M,,,44
200900071948,9,9,16,1235,1,2,2,2.0,2,44184,M,,,44
200900071949,9,9,25,907,1,2,1,1.0,3,44184,M,,,44
200900071950,9,4,28,2100,1,1,1,1.0,1,59284,M,,,59
200900071951,9,2,10,500,5,2,1,3.0,2,59526,M,,,59
200900071952,9,4,21,1730,1,2,1,1.0,6,59526,M,,,59
200900071953,9,5,29,1830,1,2,2,1.0,3,59284,M,,,59
200900071954,9,6,23,1800,1,2,1,1.0,6,59526,M,,,59
200900071955,9,6,28,1245,1,2,1,1.0,3,59526,M,,,59
200900071956,9,8,21,950,1,2,3,1.0,6,59526,M,,,59
200900071957,9,8,29,1030,1,2,3,1.0,6,59526,M,,,59
200900071958,9,10,3,2035,3,1,9,2.0,3,59284,M,,,59
200900071959,9,10,3,1230,1,2,2,1.0,2,78168,M,4.0,0,78
200900071960,9,10,3,1345,1,2,5,1.0,6,78490,M,4.0,0,78
200900071961,9,10,3,2150,3,1,1,1.0,2,78531,M,4.0,0,78
200900071962,9,10,8,1820,1,1,1,3.0,3,78551,M,4.0,0,78
200900071963,9,10,8,2220,5,2,2,1.0,1,78646,M,4.0,0,78
200900071964,9,10,10,1930,5,2,2,1.0,3,78490,M,4.0,0,78
200900071965,9,10,11,345,3,1,1,1.0,2,78551,M,4.0,0,78
200900071966,9,10,13,1230,1,1,5,1.0,3,78551,M,4.0,0,78
200900071967,9,10,14,2000,3,1,2,1.0,6,78551,M,4.0,0,78
200900071968,9,10,15,1025,1,2,3,7.0,6,78490,M,4.0,0,78
200900071969,9,10,16,1705,1,2,6,1.0,3,78646,M,4.0,0,78
200900071970,9,10,19,1820,2,2,3,1.0,3,78674,M,4.0,0,78
200900071971,9,10,24,1300,1,2,3,2.0,4,78350,M,4.0,0,78
200900071972,9,10,24,1325,1,2,1,2.0,6,78490,M,4.0,0,78
200900071973,9,10,28,1030,1,2,6,1.0,2,78490,M,4.0,0,78
200900071974,9,10,30,945,1,2,2,1.0,5,78621,M,4.0,0,78
200900071975,9,10,30,1645,1,2,2,1.0,2,78238,M,4.0,0,78
200900071976,9,1,12,1930,5,2,6,7.0,3,93027,M,4.0,0,93
200900071977,9,4,3,955,1,2,3,1.0,3,93046,M,4.0,0,93
200900071978,9,4,11,1840,1,2,2,1.0,6,93005,M,4.0,0,93
200900071979,9,5,30,115,5,2,2,1.0,2,93013,M,4.0,0,93
200900071980,9,5,15,2130,4,2,1,1.0,6,93027,M,4.0,0,93
200900071981,9,6,29,100,5,2,1,1.0,6,93063,M,4.0,0,93
200900071982,9,6,9,825,1,2,3,1.0,3,93078,M,4.0,0,93
200900071983,9,7,6,1830,1,2,1,1.0,6,93070,M,4.0,0,93
200900071984,9,9,18,1401,1,2,2,1.0,3,93077,M,4.0,0,93
200900071985,9,7,7,630,2,2,2,1.0,3,78401,M,4.0,0,78
200900071986,9,9,2,1500,1,1,2,1.0,3,78440,M,4.0,0,78
200900071987,9,9,3,1405,1,2,1,1.0,3,78440,M,4.0,0,78
200900071988,9,9,4,845,2,2,2,1.0,2,78440,M,4.0,0,78
200900071989,9,9,7,1715,1,1,1,1.0,2,78172,M,4.0,0,78
200900071990,9,9,8,720,2,2,2,1.0,3,78401,M,4.0,0,78
200900071991,9,9,8,1730,1,2,1,1.0,5,78029,M,4.0,0,78
200900071992,9,9,14,1220,1,2,1,1.0,6,78440,M,4.0,0,78
200900071993,9,9,18,750,1,2,3,1.0,7,78440,M,4.0,0,78
200900071994,9,9,29,830,1,2,1,1.0,6,78311,M,4.0,0,78
200900071995,9,1,3,2115,3,1,1,1.0,7,67482,M,4.0,0,67
200900071996,9,1,3,2230,3,1,1,8.0,7,67152,M,4.0,0,67
200900071997,9,1,4,240,3,1,1,1.0,7,67021,M,4.0,0,67
200900071998,9,1,5,1640,2,1,1,4.0,1,67301,M,4.0,0,67
200900071999,9,1,7,1730,3,1,1,1.0,1,67119,M,4.0,0,67
200900072000,9,1,9,1440,1,2,1,7.0,6,67348,M,4.0,0,67
200900072001,9,1,9,2345,3,1,1,1.0,7,67152,M,4.0,0,67
200900072002,9,1,10,755,1,1,1,1.0,7,67482,M,4.0,0,67
200900072003,9,1,10,1840,3,1,1,9.0,1,67475,M,4.0,0,67
200900072004,9,1,11,450,3,1,1,5.0,7,67417,M,4.0,0,67
200900072005,9,1,12,1630,1,1,1,1.0,2,67482,M,4.0,0,67
200900072006,9,1,13,800,1,1,1,1.0,3,67309,M,4.0,0,67
200900072007,9,1,16,1620,1,1,1,8.0,3,67534,M,4.0,0,67
200900072008,9,1,17,1950,3,1,1,1.0,2,67482,M,4.0,0,67
200900072009,9,1,18,1050,1,1,1,2.0,7,67475,M,4.0,0,67
200900072010,9,1,18,2250,3,1,1,9.0,7,67266,M,4.0,0,67
200900072011,9,1,20,1720,5,1,1,1.0,5,67218,M,4.0,0,67
200900072012,9,1,21,1940,5,1,1,1.0,2,67447,M,4.0,0,67
200900072013,9,1,22,1535,1,1,1,1.0,7,67191,M,4.0,0,67
200900072014,9,1,22,1630,1,1,3,1.0,5,67067,M,4.0,0,67
200900072015,9,1,23,1105,1,1,1,2.0,5,67482,M,4.0,0,67
200900072016,9,1,24,940,1,1,1,9.0,7,67504,M,4.0,0,67
200900072017,9,1,26,1146,1,1,1,1.0,7,67482,M,4.0,0,67
200900072018,9,1,28,410,3,1,1,1.0,2,67389,M,4.0,0,67
200900072019,9,2,3,1655,1,2,1,1.0,6,67018,M,4.0,0,67
200900072020,9,2,4,1210,1,1,1,2.0,2,67172,M,0.0,0,67
200900072021,9,2,7,1130,1,1,1,2.0,7,67482,M,4.0,0,67
200900072022,9,2,13,620,5,2,1,1.0,6,67130,M,4.0,0,67
200900072023,9,2,17,2220,5,1,1,2.0,7,67482,M,4.0,0,67
200900072024,9,2,18,2215,5,1,1,1.0,2,67482,M,4.0,0,67
200900072025,9,2,20,1545,1,2,1,1.0,3,67486,M,4.0,0,67
200900072026,9,2,26,1650,1,1,1,1.0,3,67482,M,4.0,0,67
200900072027,9,3,7,1330,1,1,1,1.0,2,67152,M,4.0,0,67
200900072028,9,3,19,1855,3,1,1,1.0,6,67067,M,4.0,0,67
200900072029,9,3,19,1910,3,1,1,1.0,3,67089,M,4.0,0,67
200900072030,9,3,29,725,1,1,1,1.0,6,67325,M,4.0,0,67
200900072031,9,3,29,1600,1,1,1,1.0,6,67246,M,4.0,0,67
200900072032,9,4,3,1130,1,2,1,1.0,3,67043,M,4.0,0,67
200900072033,9,4,6,1720,1,1,1,1.0,3,67043,M,4.0,0,67
200900072034,9,4,8,1215,1,1,1,1.0,2,67152,M,4.0,0,67
200900072035,9,4,9,1910,1,2,1,1.0,6,67460,M,0.0,0,67
200900072036,9,4,15,1205,1,2,1,1.0,3,67296,M,4.0,0,67
200900072037,9,4,16,1440,1,1,1,1.0,7,67465,M,4.0,0,67
200900072038,9,4,20,1545,1,1,1,1.0,5,67482,M,4.0,0,67
200900072039,9,4,29,1630,1,1,1,1.0,4,67137,M,4.0,0,67
200900072040,9,4,30,1425,1,1,1,1.0,4,67482,M,4.0,0,67
200900072041,9,5,1,430,5,1,1,1.0,7,67389,M,4.0,0,67
200900072042,9,5,2,2210,3,1,1,1.0,2,67388,M,4.0,0,67
200900072043,9,5,3,1215,1,1,1,1.0,7,67482,M,4.0,0,67
200900072044,9,5,4,2200,3,1,1,1.0,1,67535,M,4.0,0,67
200900072045,9,5,6,730,1,1,1,1.0,6,67434,M,4.0,0,67
200900072046,9,5,7,1446,1,1,1,1.0,7,67152,M,4.0,0,67
200900072047,9,5,7,2215,5,1,1,1.0,7,67482,M,0.0,0,67
200900072048,9,5,8,1210,1,1,1,1.0,1,67209,M,4.0,0,67
200900072049,9,5,9,1155,1,1,1,1.0,1,67049,M,4.0,0,67
200900072050,9,5,15,1820,1,1,1,2.0,4,67218,M,4.0,0,67
200900072051,9,5,15,1942,1,1,1,2.0,4,67482,M,4.0,0,67
200900072052,9,5,18,2050,2,1,1,1.0,6,67256,M,4.0,0,67
200900072053,9,5,20,1220,1,1,1,1.0,4,67482,M,4.0,0,67
200900072054,9,5,21,1205,1,1,9,1.0,6,67443,M,4.0,0,67
200900072055,9,5,21,1240,1,2,1,1.0,3,67281,M,4.0,0,67
200900072056,9,5,21,1810,1,1,1,1.0,6,67247,M,4.0,0,67
200900072057,9,5,24,1810,1,2,1,1.0,1,67045,M,0.0,0,67
200900072058,9,5,25,1050,1,1,1,7.0,7,67339,M,4.0,0,67
200900072059,9,5,26,1755,1,1,1,1.0,1,67336,M,0.0,0,67
200900072060,9,5,27,1510,1,1,1,1.0,7,67167,M,0.0,0,67
200900072061,9,5,27,1525,1,2,9,1.0,3,67414,M,4.0,0,67
200900072062,9,5,31,315,3,1,1,1.0,7,67482,M,4.0,0,67
200900072063,9,5,31,700,1,1,1,1.0,6,67061,M,4.0,0,67
200900072064,9,5,31,1230,1,1,1,1.0,6,67090,M,4.0,0,67
200900072065,9,5,31,1410,1,1,1,1.0,1,67133,M,0.0,0,67
200900072066,9,6,4,910,1,1,1,1.0,6,67298,M,4.0,0,67
200900072067,9,6,6,1150,1,1,1,2.0,3,67155,M,4.0,0,67
200900072068,9,6,10,1120,1,2,2,1.0,3,67135,M,4.0,0,67
200900072069,9,6,12,1820,1,1,1,1.0,4,67389,M,4.0,0,67
200900072070,9,6,15,2200,3,1,1,3.0,3,67389,M,4.0,0,67
200900072071,9,6,16,1325,1,2,1,1.0,6,67342,M,4.0,0,67
200900072072,9,6,16,1630,1,1,1,1.0,2,67301,M,4.0,0,67
200900072073,9,6,19,1815,1,2,1,1.0,6,67263,M,4.0,0,67
200900072074,9,6,19,1915,1,1,1,1.0,7,67137,M,4.0,0,67
200900072075,9,6,21,1245,1,2,1,1.0,6,67362,M,0.0,0,67
200900072076,9,6,25,1150,1,2,1,1.0,7,67348,M,4.0,0,67
200900072077,9,6,25,2300,3,2,1,1.0,7,67388,M,0.0,0,67
200900072078,9,6,27,700,1,1,1,1.0,7,67443,M,4.0,0,67
200900072079,9,6,27,1205,1,2,1,1.0,6,67205,M,4.0,0,67
200900072080,9,6,27,2220,2,1,1,1.0,1,67437,M,4.0,0,67
200900072081,9,6,28,1540,1,1,1,1.0,2,67338,M,4.0,0,67
200900072082,9,7,1,1340,1,1,1,1.0,6,67090,M,4.0,0,67
200900072083,9,7,3,1910,1,1,1,1.0,1,67283,M,4.0,0,67
200900072084,9,7,4,1330,1,1,1,1.0,7,67482,M,4.0,0,67
200900072085,9,7,6,640,2,1,1,1.0,6,67261,M,4.0,0,67
200900072086,9,7,6,1640,1,1,1,1.0,3,67551,M,4.0,0,67
200900072087,9,7,7,1200,1,2,1,1.0,3,67543,M,4.0,0,67
200900072088,9,7,8,100,5,1,1,1.0,7,67482,M,4.0,0,67
200900072089,9,7,8,1200,1,1,8,1.0,3,67348,M,0.0,0,67
200900072090,9,7,8,1710,1,1,1,3.0,2,67324,M,4.0,0,67
200900072091,9,7,11,700,2,1,1,1.0,7,67482,M,4.0,0,67
200900072092,9,7,11,705,1,2,1,1.0,3,67397,M,4.0,0,67
200900072093,9,7,12,2120,3,1,1,8.0,6,67119,M,4.0,0,67
200900072094,9,7,16,1350,1,1,1,1.0,7,67523,M,4.0,0,67
200900072095,9,7,16,1720,1,2,1,1.0,1,67073,M,4.0,0,67
200900072096,9,7,18,1220,1,1,1,2.0,3,67154,M,0.0,0,67
200900072097,9,7,20,920,1,1,1,7.0,1,67389,M,4.0,0,67
200900072098,9,7,20,1520,1,2,1,1.0,1,67511,M,4.0,0,67
200900072099,9,7,27,850,1,1,2,1.0,3,67005,M,4.0,0,67
200900072100,9,7,28,1310,1,1,1,1.0,6,67329,M,4.0,0,67
200900072101,9,7,28,1330,1,1,1,7.0,3,67098,M,4.0,0,67
200900072102,9,8,11,20,3,1,1,1.0,7,67463,M,4.0,0,67
200900072103,9,8,13,1815,3,1,1,2.0,7,67028,M,4.0,0,67
200900072104,9,8,13,1840,1,1,1,2.0,7,67506,M,4.0,0,67
200900072105,9,8,14,1225,1,1,1,1.0,4,67049,M,4.0,0,67
200900072106,9,8,14,1715,1,1,1,1.0,2,67055,M,4.0,0,67
200900072107,9,8,15,1705,1,2,1,1.0,7,67154,M,4.0,0,67
200900072108,9,8,17,1146,1,1,1,1.0,5,67112,M,4.0,0,67
200900072109,9,8,17,1930,1,1,1,1.0,3,67108,M,4.0,0,67
200900072110,9,8,18,906,1,1,1,1.0,3,67365,M,4.0,0,67
200900072111,9,8,19,1020,1,2,1,1.0,6,67458,M,4.0,0,67
200900072112,9,8,24,1850,1,1,1,1.0,2,67482,M,4.0,0,67
200900072113,9,8,25,1755,1,1,1,8.0,4,67218,M,4.0,0,67
200900072114,9,8,27,1115,1,1,1,1.0,7,67285,M,0.0,0,67
200900072115,9,8,30,1950,1,2,1,1.0,7,67152,M,4.0,0,67
200900072116,9,9,1,55,5,1,1,1.0,2,67482,M,4.0,0,67
200900072117,9,9,3,1125,1,2,3,1.0,3,67420,M,0.0,0,67
200900072118,9,9,5,1815,1,1,1,2.0,3,67309,M,4.0,0,67
200900072119,9,9,7,1950,1,2,1,1.0,1,67237,M,4.0,0,67
200900072120,9,9,8,1915,1,2,1,1.0,6,67482,M,0.0,0,67
200900072121,9,9,9,1000,1,2,1,7.0,6,67130,M,0.0,0,67
200900072122,9,9,10,1225,1,1,1,1.0,7,67150,M,4.0,0,67
200900072123,9,9,13,755,1,1,1,1.0,3,67355,M,0.0,0,67
200900072124,9,9,13,1745,1,1,1,1.0,1,67034,M,4.0,0,67
200900072125,9,9,14,850,1,2,1,1.0,1,67544,M,4.0,0,67
200900072126,9,9,15,1600,1,1,1,1.0,2,67137,M,4.0,0,67
200900072127,9,9,24,930,1,1,1,1.0,3,67218,M,4.0,0,67
200900072128,9,9,25,1010,1,1,1,1.0,3,67060,M,4.0,0,67
200900072129,9,9,25,1225,1,1,1,1.0,2,67152,M,4.0,0,67
200900072130,9,9,27,1430,1,2,1,,3,67213,M,0.0,0,67
200900072131,9,9,27,1510,1,2,2,1.0,3,67482,M,0.0,0,67
200900072132,9,9,28,1730,1,1,1,1.0,1,67510,M,4.0,0,67
200900072133,9,10,1,745,2,2,1,1.0,7,67445,M,4.0,0,67
200900072134,9,10,2,1115,1,1,1,2.0,7,67259,M,0.0,0,67
200900072135,9,10,2,1350,1,1,1,1.0,7,67484,M,4.0,0,67
200900072136,9,10,3,1125,1,1,9,1.0,7,67309,M,4.0,0,67
200900072137,9,10,3,1650,1,1,1,1.0,7,67018,M,4.0,0,67
200900072138,9,10,5,1940,3,1,1,8.0,7,67412,M,4.0,0,67
200900072139,9,10,6,1637,1,1,1,2.0,1,67487,M,4.0,0,67
200900072140,9,10,6,1725,1,2,1,1.0,3,67486,M,0.0,0,67
200900072141,9,10,7,1440,1,1,1,1.0,7,67280,M,4.0,0,67
200900072142,9,10,10,1345,1,1,1,3.0,3,67281,M,4.0,0,67
200900072143,9,10,11,445,3,1,1,1.0,6,67375,M,4.0,0,67
200900072144,9,10,15,900,1,2,2,1.0,7,67437,M,0.0,0,67
200900072145,9,10,15,925,1,1,1,1.0,7,67151,M,4.0,0,67
200900072146,9,10,16,1625,1,1,1,2.0,7,67152,M,4.0,0,67
200900072147,9,10,16,1630,1,1,1,2.0,7,67482,M,4.0,0,67
200900072148,9,10,17,1950,5,2,1,2.0,3,67397,M,0.0,0,67
200900072149,9,10,22,725,2,2,1,1.0,6,67409,M,0.0,0,67