Num_Acc,an,mois,jour,hrmn,lum,agg,int,atm,col,com,gps,lat,long,dep
200900072150,9,10,24,55,3,1,6,2.0,6,67487,M,4.0,0,67
200900072151,9,10,24,2005,5,2,1,2.0,3,67202,M,4.0,0,67
200900072152,9,10,26,1148,1,1,1,1.0,3,67031,M,4.0,0,67
200900072153,9,10,28,1755,3,1,1,1.0,6,67350,M,4.0,0,67
200900072154,9,10,28,1800,3,1,1,1.0,2,67482,M,4.0,0,67
200900072155,9,11,1,2200,3,1,1,2.0,5,67239,M,4.0,0,67
200900072156,9,11,6,1120,1,2,1,1.0,6,67118,M,4.0,0,67
200900072157,9,11,9,735,2,2,1,1.0,3,67281,M,4.0,0,67
200900072158,9,11,10,925,1,1,1,2.0,7,67482,M,4.0,0,67
200900072159,9,11,10,1600,1,1,1,2.0,7,67152,M,4.0,0,67
200900072160,9,11,12,1555,1,1,1,2.0,6,67226,M,4.0,0,67
200900072161,9,11,13,710,1,2,1,1.0,6,67067,M,4.0,0,67
200900072162,9,11,13,1800,5,1,1,1.0,2,67137,M,4.0,0,67
200900072163,9,11,15,520,5,2,1,1.0,6,67176,M,4.0,0,67
200900072164,9,11,15,1725,3,1,1,1.0,7,67462,M,4.0,0,67
200900072165,9,11,18,1440,1,1,1,8.0,2,67033,M,4.0,0,67
200900072166,9,11,18,2105,3,1,1,1.0,7,67452,M,4.0,0,67
200900072167,9,11,19,1730,5,1,1,1.0,4,67482,M,4.0,0,67
200900072168,9,11,24,1750,3,1,1,1.0,2,67452,M,4.0,0,67
200900072169,9,11,25,700,1,1,1,1.0,7,67443,M,4.0,0,67
200900072170,9,12,1,750,1,2,1,1.0,1,67007,M,4.0,0,67
200900072171,9,12,2,1430,1,1,1,1.0,3,67447,M,4.0,0,67
200900072172,9,12,3,250,3,1,1,1.0,1,67478,M,4.0,0,67
200900072173,9,12,3,535,3,1,1,1.0,6,67106,M,4.0,0,67
200900072174,9,12,6,350,4,1,1,8.0,6,67033,M,4.0,0,67
200900072175,9,12,7,340,3,1,1,2.0,6,67285,M,4.0,0,67
200900072176,9,12,7,755,1,2,1,1.0,1,67471,M,4.0,0,67
200900072177,9,12,22,900,1,1,1,4.0,6,67154,M,0.0,0,67
200900072178,9,12,31,1545,1,1,9,2.0,5,67506,M,0.0,0,67
200900072179,9,12,31,1915,3,1,1,2.0,7,67152,M,4.0,0,67
200900072180,9,2,3,1030,1,2,3,1.0,6,67482,M,4.0,0,67
200900072181,9,2,3,1245,1,2,1,1.0,2,67482,M,4.0,0,67
200900072182,9,12,4,1357,1,2,1,1.0,3,28085,M,4.0,0,28
200900072183,9,2,18,1230,1,2,2,1.0,3,67482,M,4.0,0,67
200900072184,9,2,18,1330,1,2,1,1.0,6,67482,M,4.0,0,67
200900072185,9,4,6,1915,1,2,1,1.0,6,67482,M,0.0,0,67
200900072186,9,4,12,1720,1,2,1,1.0,2,67482,M,0.0,0,67
200900072187,9,4,25,1450,1,2,1,1.0,2,67482,M,0.0,0,67
200900072188,9,5,4,1640,1,2,2,1.0,3,67482,M,0.0,0,67
200900072189,9,6,28,2025,1,2,1,1.0,6,67482,M,0.0,0,67
200900072190,9,3,1,15,3,2,1,1.0,6,28304,M,4.0,0,28
200900072191,9,7,9,1330,1,1,1,1.0,6,28191,M,4.0,0,28
200900072192,9,10,26,1815,5,2,1,2.0,6,28085,M,4.0,0,28
200900072193,9,12,26,1850,2,2,1,1.0,2,28229,M,4.0,0,28
200900072194,9,7,4,1941,1,2,1,1.0,3,67482,M,0.0,0,67
200900072195,9,7,23,1945,1,2,5,2.0,3,67482,M,0.0,0,67
200900072196,9,9,1,1731,1,2,2,2.0,3,67482,M,0.0,0,67
200900072197,9,9,7,1630,1,2,2,1.0,6,67482,M,0.0,0,67
200900072198,9,9,10,915,1,2,2,1.0,6,67482,M,0.0,0,67
200900072199,9,9,16,1835,1,2,1,1.0,6,67482,M,0.0,0,67
200900072200,9,9,18,1851,2,2,1,1.0,6,67482,M,0.0,0,67
200900072201,9,9,29,1830,1,2,2,1.0,3,67482,M,0.0,0,67
200900072202,9,10,7,1815,2,2,1,1.0,1,67482,M,0.0,0,67
200900072203,9,10,19,1930,5,2,1,1.0,4,67482,M,0.0,0,67
200900072204,9,10,30,1930,5,2,3,1.0,6,67482,M,0.0,0,67
200900072205,9,11,10,1330,1,2,1,2.0,3,67482,M,0.0,0,67
200900072206,9,12,2,1355,1,2,2,1.0,3,67482,M,0.0,0,67
200900072207,9,12,8,1745,5,2,2,2.0,3,67447,M,0.0,0,67
200900072208,9,12,16,1732,3,1,1,9.0,4,67482,M,4.0,0,67
200900072209,9,10,22,1740,1,2,3,1.0,3,93055,M,4.0,0,93
200900072210,9,10,30,2256,5,2,1,2.0,6,93078,M,4.0,0,93
200900072211,9,11,2,1820,3,2,2,1.0,3,93001,M,4.0,0,93
200900072212,9,12,10,1450,1,2,3,1.0,3,93005,M,4.0,0,93
200900072213,9,4,19,520,3,1,6,1.0,3,28209,M,,,28
200900072214,9,8,29,1630,1,1,1,1.0,7,62907,M,,,62
200900072215,9,8,31,1645,1,1,1,1.0,2,62771,M,,,62
200900072216,9,9,12,600,2,1,1,1.0,2,62634,M,,,62
200900072217,9,8,31,1745,1,1,1,1.0,6,59343,M,,,59
200900072218,9,1,29,1910,3,1,1,1.0,5,59606,M,,,59
200900072219,9,3,25,920,1,1,1,2.0,6,59043,M,,,59
200900072220,9,7,3,2010,1,1,1,1.0,6,59160,M,,,59
200900072221,9,8,25,1115,1,1,1,1.0,7,59350,M,,,59
200900072222,9,8,31,830,1,1,1,1.0,7,59599,M,,,59
200900072223,9,8,31,915,1,1,1,1.0,7,59378,M,,,59
200900072224,9,8,31,1720,1,1,1,1.0,2,59220,M,,,59
200900072225,9,9,27,1635,1,1,1,1.0,6,59355,M,,,59
200900072226,9,11,24,1045,1,1,1,2.0,6,59588,M,,,59
200900072227,9,1,6,1850,5,2,3,1.0,3,01320,M,4.0,0,01
200900072228,9,1,27,915,1,1,1,1.0,5,01099,M,4.0,0,01
200900072229,9,2,2,1645,1,1,1,1.0,1,01091,M,4.0,0,01
200900072230,9,2,4,1210,1,1,2,1.0,3,01348,M,,,01
200900072231,9,2,4,1545,1,2,3,7.0,6,01194,M,4.0,0,01
200900072232,9,2,4,1800,3,1,4,2.0,3,01225,M,4.0,0,01
200900072233,9,2,8,2040,5,2,3,1.0,3,01443,M,4.0,0,01
200900072234,9,2,10,2230,3,1,1,1.0,6,01140,M,4.0,0,01
200900072235,9,2,11,1550,1,1,1,1.0,1,01235,M,4.0,0,01
200900072236,9,2,16,1430,1,2,1,1.0,2,01321,M,4.0,0,01
200900072237,9,2,28,1455,1,1,1,1.0,7,01372,M,4.0,0,01
200900072238,9,3,6,1320,1,2,1,2.0,6,01004,M,,,01
200900072239,9,3,15,1205,1,2,9,1.0,7,01138,M,4.0,0,01
200900072240,9,3,16,335,3,1,1,1.0,6,01134,M,4.0,0,01
200900072241,9,3,19,850,1,2,2,1.0,3,01427,M,,,01
200900072242,9,4,1,700,1,1,1,1.0,2,01288,M,4.0,0,01
200900072243,9,4,5,1725,1,2,3,1.0,7,01444,M,4.0,0,01
200900072244,9,4,15,210,3,1,1,5.0,7,01267,M,4.0,0,01
200900072245,9,4,16,1350,1,1,1,2.0,1,01265,M,4.0,0,01
200900072246,9,4,17,1410,1,1,1,1.0,1,01093,M,4.0,0,01
200900072247,9,4,25,430,3,1,1,1.0,1,01034,M,4.0,0,01
200900072248,9,4,29,1210,1,2,1,1.0,6,01138,M,4.0,0,01
200900072249,9,5,2,1630,1,1,2,1.0,2,01313,M,4.0,0,01
200900072250,9,5,19,1700,1,1,1,7.0,6,01047,M,4.0,0,01
200900072251,9,5,22,1015,1,1,1,1.0,6,01218,M,4.0,0,01
200900072252,9,5,25,600,3,1,1,1.0,4,01142,M,,,01
200900072253,9,5,29,1730,1,2,3,1.0,6,01348,M,4.0,0,01
200900072254,9,6,2,2115,1,1,1,1.0,1,01259,M,,,01
200900072255,9,6,3,715,1,1,1,1.0,1,01255,M,4.0,0,01
200900072256,9,6,5,2130,5,2,3,3.0,3,01181,M,4.0,0,01
200900072257,9,6,15,1440,1,1,1,1.0,7,01421,M,4.0,0,01
200900072258,9,6,15,1920,1,1,4,1.0,3,01160,M,4.0,0,01
200900072259,9,6,20,1530,1,1,1,1.0,1,01173,M,4.0,0,01
200900072260,9,6,21,1430,1,1,1,1.0,5,01072,M,4.0,0,01
200900072261,9,6,24,1800,1,1,1,1.0,7,01012,M,4.0,0,01
200900072262,9,6,25,745,2,1,1,1.0,3,01288,M,4.0,0,01
200900072263,9,6,27,1430,1,1,1,3.0,7,01237,M,,,01
200900072264,9,6,28,330,3,1,1,1.0,6,01363,M,4.0,0,01
200900072265,9,7,3,1200,1,1,1,1.0,7,01366,M,4.0,0,01
200900072266,9,7,4,1910,1,1,3,1.0,1,01089,M,4.0,0,01
200900072267,9,7,7,820,1,1,4,1.0,3,01290,M,4.0,0,01
200900072268,9,7,8,2130,2,1,1,1.0,1,01366,M,4.0,0,01
200900072269,9,7,11,1720,1,1,2,1.0,3,01092,M,4.0,0,01
200900072270,9,7,15,1730,1,2,3,1.0,3,01034,M,,,01
200900072271,9,7,22,2010,1,1,1,1.0,1,01167,M,4.0,0,01
200900072272,9,7,24,1520,1,2,3,1.0,3,01074,M,,,01
200900072273,9,7,25,2200,3,1,1,1.0,7,01079,M,,,01
200900072274,9,7,26,1200,1,2,1,1.0,6,01376,M,4.0,0,01
200900072275,9,8,1,1530,1,1,1,7.0,7,01244,M,,,01
200900072276,9,8,20,825,1,1,1,1.0,2,01072,M,,,01
200900072277,9,8,20,2345,3,1,1,1.0,6,01341,M,4.0,0,01
200900072278,9,8,23,825,1,1,1,1.0,6,01445,M,,,01
200900072279,9,8,24,2000,1,2,3,1.0,3,01360,M,4.0,0,01
200900072280,9,8,25,820,1,2,3,1.0,3,01026,M,4.0,0,01
200900072281,9,8,27,1730,1,1,3,1.0,3,01263,M,4.0,0,01
200900072282,9,8,29,2325,5,1,1,1.0,3,01260,M,4.0,0,01
200900072283,9,5,6,245,5,2,1,1.0,6,01053,M,4.0,0,01
200900072284,9,4,5,1340,1,2,3,1.0,3,57480,M,,,57
200900072285,9,5,14,2030,3,2,2,3.0,2,93027,M,4.0,0,93
200900072286,9,10,21,2015,5,2,1,2.0,6,93071,M,,,93
200900072287,9,11,19,1640,1,2,3,1.0,3,93071,M,,,93
200900072288,9,9,25,1650,1,2,1,1.0,6,93071,M,,,93
200900072289,9,9,29,2140,5,2,1,1.0,6,93071,M,,,93
200900072290,9,10,5,1230,1,2,2,3.0,3,93071,M,,,93
200900072291,9,10,11,1925,5,2,1,2.0,6,93071,M,,,93
200900072292,9,10,21,1335,1,2,1,9.0,3,93071,M,,,93
200900072293,9,10,21,1430,1,2,1,3.0,4,93071,M,,,93
200900072294,9,10,22,1630,1,2,1,1.0,6,93071,M,,,93
200900072295,9,11,24,1800,5,1,1,1.0,6,93073,M,,,93
200900072296,9,11,28,1435,1,2,2,2.0,6,93071,M,,,93
200900072297,9,12,11,820,1,2,3,1.0,6,93071,M,,,93
200900072298,9,12,14,1820,5,2,3,1.0,3,93071,M,,,93
200900072299,9,12,28,1440,1,2,1,1.0,6,93071,M,,,93
200900072300,9,11,2,811,1,2,3,1.0,3,78401,M,4.0,0,78
200900072301,9,11,3,2030,3,1,1,8.0,7,78188,M,4.0,0,78
200900072302,9,11,6,1600,1,2,2,1.0,6,78498,M,4.0,0,78
200900072303,9,11,7,1135,1,2,2,1.0,6,78311,M,4.0,0,78
200900072304,9,11,12,1155,1,2,3,1.0,6,78517,M,4.0,0,78
200900072305,9,11,12,1830,4,2,3,1.0,4,78466,M,4.0,0,78
200900072306,9,11,20,1340,1,2,6,1.0,6,78609,M,4.0,0,78
200900072307,9,11,24,1915,5,2,3,1.0,3,78311,M,4.0,0,78
200900072308,9,11,26,1325,1,2,1,1.0,6,78586,M,4.0,0,78
200900072309,9,3,31,1130,1,1,1,1.0,2,67482,M,4.0,0,67
200900072310,9,11,14,1950,5,2,2,1.0,3,78586,M,4.0,0,78
200900072311,9,3,27,750,1,1,1,1.0,1,67351,M,4.0,0,67
200900072312,9,4,26,2035,2,1,1,1.0,1,67268,M,0.0,0,67
200900072313,9,8,27,1550,1,1,1,1.0,7,67247,M,0.0,0,67
200900072314,9,8,31,1430,1,2,1,1.0,7,67397,M,0.0,0,67
200900072315,9,12,16,1725,5,1,1,1.0,4,67482,M,4.0,0,67
200900072469,9,1,3,1955,5,2,1,1.0,6,97020,A,,,971
200900072470,9,1,29,1345,1,2,1,1.0,6,97003,A,0.0,0,971
200900072471,9,1,25,2015,1,2,1,1.0,3,97027,A,0.0,0,971
200900072472,9,1,27,1130,1,1,1,1.0,6,97025,A,0.0,0,971
200900072473,9,1,10,1915,5,1,1,1.0,6,97015,A,0.0,0,971
200900072474,9,1,13,1530,1,2,1,1.0,3,97015,A,0.0,0,971
200900072475,9,1,28,1945,5,2,1,1.0,6,97032,A,0.0,0,971
200900072476,9,1,3,1445,1,2,9,1.0,1,97029,A,0.0,0,971
200900072477,9,1,7,1830,3,1,1,1.0,5,97012,A,1.0,6,971
200900072478,9,1,19,1230,1,2,9,1.0,1,97015,A,0.0,0,971
200900072479,9,1,9,1130,1,2,1,1.0,3,97003,A,0.0,0,971
200900072480,9,1,17,700,1,1,1,7.0,2,97027,A,0.0,0,971
200900072481,9,1,18,400,5,1,1,1.0,1,97028,A,0.0,0,971
200900072482,9,1,10,1100,1,2,1,1.0,2,97013,A,,,971
200900072483,9,1,6,800,1,1,1,3.0,7,97013,A,,,971
200900072484,9,1,1,1130,1,1,1,1.0,6,97025,A,0.0,0,971
200900072485,9,1,1,745,1,1,1,1.0,1,97027,A,0.0,0,971
200900072486,9,1,7,1930,3,2,1,1.0,2,97001,A,,,971
200900072487,9,1,1,1410,1,2,1,1.0,6,97001,A,,,971
200900072488,9,1,8,1121,1,2,1,1.0,6,97020,A,,,971
200900072489,9,1,8,1850,5,2,1,1.0,6,97001,A,,,971
200900072490,9,1,12,745,1,2,1,1.0,6,97020,A,,,971
200900072491,9,1,15,1615,1,2,1,1.0,6,97020,A,,,971
200900072492,9,1,1,1830,5,2,1,1.0,3,97007,A,,,971
200900072493,9,2,9,800,1,2,1,1.0,3,97003,A,0.0,0,971
200900072494,9,2,3,1645,1,1,1,1.0,3,97014,A,0.0,0,971
200900072495,9,2,24,1000,1,1,1,1.0,6,97034,A,0.0,0,971
200900072496,9,2,6,230,5,2,1,1.0,6,97027,A,0.0,0,971
200900072497,9,2,24,415,3,1,1,1.0,6,97024,A,0.0,0,971
200900072498,9,2,26,1445,1,1,1,1.0,1,97009,A,0.0,0,971
200900072499,9,2,14,1415,1,2,1,1.0,3,97016,A,0.0,0,971
200900072500,9,2,1,715,1,1,1,1.0,6,97028,A,0.0,0,971
200900072501,9,2,28,300,5,1,1,1.0,6,97012,A,0.0,0,971
200900072502,9,2,2,750,1,2,2,7.0,3,97007,A,,,971
200900072503,9,2,7,1150,1,2,2,1.0,3,97007,A,,,971
200900072504,9,2,13,1240,1,2,1,1.0,1,97007,A,,,971
200900072505,9,2,1,1345,1,2,3,1.0,2,97007,A,,,971
200900072506,9,2,11,1415,1,1,1,1.0,3,97025,A,0.0,0,971
200900072507,9,3,18,1930,5,2,1,1.0,1,97027,A,0.0,0,971
200900072508,9,3,6,745,1,2,7,7.0,6,97007,A,,,971
200900072509,9,3,5,1930,5,2,1,1.0,3,97007,A,,,971
200900072510,9,3,8,1700,1,1,9,1.0,2,97015,A,0.0,0,971
200900072511,9,3,27,1715,1,2,1,1.0,7,97016,A,0.0,0,971
200900072512,9,3,7,1845,2,1,1,7.0,6,97025,A,0.0,0,971
200900072513,9,3,18,2145,4,1,1,1.0,6,97027,A,0.0,0,971
200900072514,9,3,5,1745,2,2,1,2.0,6,97011,A,0.0,0,971
200900072515,9,3,31,1700,1,1,1,7.0,2,97003,A,0.0,0,971
200900072516,9,3,21,2115,5,1,1,1.0,3,97028,A,0.0,0,971
200900072517,9,3,5,1730,1,1,1,1.0,1,97015,A,0.0,0,971
200900072518,9,3,31,1930,3,1,1,1.0,3,97028,A,0.0,0,971
200900072519,9,3,7,1745,2,1,1,1.0,3,97025,A,0.0,0,971
200900072520,9,3,12,815,1,1,1,1.0,1,97015,A,0.0,0,971
200900072521,9,3,21,1900,5,1,1,1.0,1,97028,A,0.0,0,971
200900072522,9,3,9,1530,1,1,1,1.0,6,97016,A,0.0,0,971
200900072523,9,3,27,1715,1,2,1,1.0,1,97017,A,0.0,0,971
200900072524,9,3,18,1515,1,2,1,1.0,3,97003,A,0.0,0,971
200900072525,9,3,7,2230,5,1,1,1.0,5,97009,A,0.0,0,971
200900072526,9,3,15,2145,3,1,1,1.0,1,97003,A,0.0,0,971
200900072527,9,4,30,945,1,2,2,1.0,3,97002,A,0.0,0,971
200900072528,9,4,25,800,1,1,1,1.0,1,97015,A,0.0,0,971
200900072529,9,4,26,1530,1,1,1,1.0,3,97019,A,0.0,0,971
200900072530,9,4,13,30,5,1,1,3.0,7,97007,A,0.0,0,971
200900072531,9,4,30,1345,1,2,1,1.0,6,97004,A,0.0,0,971
200900072532,9,4,19,1115,1,1,1,2.0,3,97006,A,0.0,0,971
200900072533,9,4,1,1830,5,2,1,1.0,3,97004,A,1.0,6,971
200900072534,9,4,24,1530,1,1,1,2.0,1,97025,A,0.0,0,971
200900072535,9,4,11,1730,1,1,1,1.0,7,97027,A,0.0,0,971
200900072536,9,4,28,300,3,1,1,1.0,7,97027,A,0.0,0,971
200900072537,9,4,11,1530,1,1,1,9.0,6,97003,A,0.0,0,971
200900072538,9,4,13,2300,5,2,1,1.0,6,97027,A,0.0,0,971
200900072539,9,4,26,230,3,1,1,8.0,6,97012,A,0.0,0,971
200900072540,9,4,1,1800,2,2,1,2.0,3,97018,A,0.0,0,971
200900072541,9,4,19,630,1,1,1,1.0,1,97028,A,0.0,0,971
200900072542,9,4,29,1945,3,1,3,1.0,5,97016,A,0.0,0,971
200900072543,9,4,29,30,5,2,1,1.0,3,97004,A,0.0,0,971
200900072544,9,4,25,545,1,1,1,1.0,5,97018,A,0.0,0,971
200900072545,9,4,28,1100,1,1,1,1.0,5,97015,A,0.0,0,971
200900072546,9,4,4,2145,3,1,1,1.0,1,97034,A,0.0,0,971
200900072547,9,4,17,630,1,1,1,1.0,1,97016,A,0.0,0,971
200900072548,9,4,8,1345,1,1,1,1.0,3,97004,A,0.0,0,971
200900072549,9,4,9,1815,5,1,1,1.0,1,97016,A,0.0,0,971
200900072550,9,4,26,245,5,2,1,1.0,6,97003,A,0.0,0,971
200900072551,9,4,3,800,1,2,1,1.0,7,97023,A,0.0,0,971
200900072552,9,4,17,100,5,2,1,1.0,2,97023,A,0.0,0,971
200900072553,9,4,14,615,1,2,1,1.0,6,97003,A,0.0,0,971
200900072554,9,4,12,1915,3,2,1,1.0,1,97028,A,0.0,0,971
200900072555,9,4,13,515,2,2,1,1.0,3,97027,A,0.0,0,971
200900072556,9,4,22,1215,1,2,1,1.0,2,97003,A,0.0,0,971
200900072557,9,4,30,700,1,2,1,1.0,6,97016,A,0.0,0,971
200900072558,9,1,7,1900,2,1,1,2.0,7,97007,R,,,974
200900072559,9,1,24,500,5,2,1,1.0,6,97011,R,,,974
200900072560,9,1,26,1717,1,2,1,1.0,6,97011,R,,,974
200900072561,9,1,10,45,3,1,1,1.0,7,97009,R,,,974
200900072562,9,1,3,1515,1,2,1,8.0,7,97009,R,,,974
200900072563,9,1,7,1540,1,2,4,2.0,1,97009,R,,,974
200900072564,9,1,7,1200,1,2,1,1.0,3,97010,R,0.0,0,974
200900072565,9,1,11,1630,1,1,1,2.0,3,97017,R,0.0,0,974
200900072566,9,1,11,600,2,1,1,1.0,6,97010,R,0.0,0,974
200900072567,9,1,3,1230,1,1,1,1.0,1,97051,R,0.0,0,974
200900072568,9,1,6,2330,3,1,1,1.0,1,97008,R,0.0,0,974
200900072569,9,1,26,1445,1,1,1,1.0,2,97020,R,0.0,0,974
200900072570,9,1,4,2315,5,1,9,1.0,6,97016,R,0.0,0,974
200900072571,9,1,17,1945,3,1,9,9.0,2,97002,R,0.0,0,974
200900072572,9,1,3,1700,1,1,1,1.0,6,97019,R,0.0,0,974
200900072573,9,1,16,2215,3,2,1,1.0,7,97024,R,0.0,0,974
200900072574,9,1,16,1300,1,2,3,1.0,1,97015,R,0.0,0,974
200900072575,9,1,17,1400,1,1,1,1.0,2,97055,R,0.0,0,974
200900072576,9,1,24,900,1,2,2,1.0,3,97014,R,,,974
200900072577,9,1,9,1745,1,2,2,2.0,1,97014,R,,,974
200900072578,9,1,11,515,5,2,2,1.0,3,97016,R,,,974
200900072579,9,1,14,615,1,2,1,1.0,3,97016,R,,,974
200900072580,9,1,10,1330,1,2,1,1.0,1,97014,R,,,974
200900072581,9,1,25,1655,1,2,1,1.0,6,97016,R,,,974
200900072582,9,1,1,817,1,2,1,1.0,6,97007,R,,,974
200900072583,9,1,4,2101,5,2,1,1.0,2,97011,R,,,974
200900072584,9,1,5,1650,1,2,2,1.0,3,97011,R,,,974
200900072585,9,1,10,1730,1,1,1,3.0,3,97007,R,,,974
200900072586,9,1,13,1335,1,2,1,1.0,6,97007,R,,,974
200900072587,9,1,16,245,3,1,1,1.0,7,97009,R,,,974
200900072588,9,1,14,1500,1,2,2,1.0,5,97007,R,,,974
200900072589,9,1,19,650,1,2,6,1.0,3,97007,R,,,974
200900072590,9,1,20,1809,1,2,1,1.0,6,97011,R,,,974
200900072591,9,1,1,530,2,2,1,1.0,6,97015,R,0.0,0,974
200900072592,9,1,1,845,1,2,1,1.0,1,97018,R,0.0,0,974
200900072593,9,1,27,736,1,2,1,1.0,6,97011,R,,,974
200900072594,9,1,31,1708,1,2,1,1.0,6,97011,R,,,974
200900072595,9,2,11,1245,1,2,1,1.0,7,97009,R,,,974
200900072596,9,2,9,600,1,2,2,1.0,3,97007,R,,,974
200900072597,9,2,12,2015,3,2,1,1.0,1,97009,R,,,974
200900072598,9,2,7,1930,3,2,1,1.0,3,97009,R,,,974
200900072599,9,2,11,2000,5,2,3,1.0,3,97007,R,,,974
200900072600,9,2,15,1445,1,2,1,1.0,1,97009,R,,,974
200900072601,9,2,11,1630,1,2,1,1.0,3,97009,R,,,974
200900072602,9,2,14,1445,1,2,1,1.0,1,97009,R,,,974
200900072603,9,2,8,1700,1,1,1,1.0,7,97010,R,0.0,0,974
200900072604,9,2,28,315,3,1,1,1.0,3,97015,R,0.0,0,974
200900072605,9,2,10,700,1,1,1,1.0,1,97015,R,0.0,0,974
200900072606,9,2,10,2300,5,2,1,1.0,7,97015,R,0.0,0,974
200900072607,9,2,23,1515,1,2,1,1.0,3,97022,R,0.0,0,974
200900072608,9,2,15,930,1,1,1,2.0,2,97012,R,0.0,0,974
200900072609,9,2,12,645,1,1,1,1.0,5,97004,R,0.0,0,974
200900072610,9,2,3,2030,5,2,1,1.0,1,97014,R,0.0,0,974
200900072611,9,2,21,1930,5,2,1,1.0,6,97015,R,0.0,0,974
200900072612,9,2,6,2000,4,2,1,3.0,3,97012,R,0.0,0,974
200900072613,9,2,22,2230,5,1,1,2.0,7,97051,R,0.0,0,974
200900072614,9,2,27,2115,5,1,1,1.0,7,97010,R,0.0,0,974
200900072615,9,2,8,1730,1,1,1,3.0,6,97010,R,0.0,0,974
200900072616,9,2,17,30,3,1,1,1.0,7,97006,R,0.0,0,974
200900072617,9,2,26,1715,1,1,1,1.0,1,97015,R,0.0,0,974
200900072618,9,2,9,1645,1,2,1,1.0,3,97014,R,0.0,0,974
200900072619,9,2,17,15,4,1,1,1.0,7,97020,R,0.0,0,974
200900072620,9,2,15,2245,3,1,1,1.0,2,97014,R,0.0,0,974
200900072621,9,2,9,1830,1,2,1,1.0,7,97010,R,0.0,0,974
200900072622,9,2,20,630,1,1,1,1.0,6,97003,R,0.0,0,974
200900072623,9,2,5,2015,5,2,1,1.0,2,97016,R,0.0,0,974
200900072624,9,2,14,2200,3,1,1,3.0,3,97019,R,0.0,0,974
200900072625,9,2,15,1915,5,1,1,1.0,1,97022,R,0.0,0,974
200900072626,9,2,28,1925,5,2,1,1.0,1,97007,R,,,974
200900072627,9,2,19,2220,5,2,2,1.0,3,97007,R,,,974
200900072628,9,2,24,750,1,2,1,1.0,6,97007,R,,,974
200900072629,9,2,23,1325,1,2,6,1.0,3,97007,R,,,974
200900072630,9,2,22,550,2,2,2,1.0,3,97011,R,,,974
200900072631,9,2,25,720,1,2,9,7.0,6,97016,R,,,974
200900072632,9,2,13,1225,1,2,2,1.0,3,97016,R,,,974
200900072633,9,2,10,1020,1,2,1,1.0,3,97016,R,,,974
200900072634,9,2,22,1700,1,1,3,1.0,7,97009,R,,,974
200900072635,9,2,23,1540,1,1,1,1.0,1,97009,R,,,974
200900072636,9,2,5,1605,1,2,1,1.0,1,97014,R,,,974
200900072637,9,2,22,1610,1,2,3,1.0,6,97009,R,,,974
200900072638,9,2,27,2025,5,2,1,1.0,6,97011,R,,,974
200900072639,9,2,5,1000,1,2,1,3.0,6,97006,R,0.0,0,974
200900072640,9,2,20,715,1,2,1,1.0,3,97016,R,,,974
200900072641,9,2,20,1710,1,2,1,1.0,3,97016,R,,,974
200900072642,9,2,1,1945,5,2,1,1.0,6,97014,R,,,974
200900072643,9,2,2,1130,1,2,1,1.0,1,97009,R,,,974
200900072644,9,2,3,645,1,2,1,1.0,1,97007,R,,,974
200900072645,9,2,1,305,5,2,3,1.0,2,97009,R,,,974
200900072646,9,2,1,449,5,2,1,1.0,6,97011,R,,,974
200900072647,9,2,1,1610,1,2,1,2.0,1,97011,R,,,974
200900072648,9,2,3,1815,1,1,1,1.0,1,97022,R,0.0,0,974
200900072649,9,2,8,1935,2,2,1,1.0,6,97011,R,,,974
200900072650,9,2,9,1620,1,2,1,1.0,6,97011,R,,,974
200900072651,9,2,9,1900,1,2,1,1.0,6,97011,R,,,974
200900072652,9,2,11,718,1,2,1,1.0,6,97011,R,,,974
200900072653,9,2,11,1918,1,2,1,1.0,6,97011,R,,,974
200900072654,9,2,12,1612,1,2,1,1.0,2,97011,R,,,974
200900072655,9,2,17,1135,1,2,1,1.0,4,97011,R,,,974
200900072656,9,2,19,515,1,2,1,1.0,6,97011,R,,,974
200900072657,9,2,23,1721,1,2,1,1.0,6,97011,R,,,974
200900072658,9,2,16,1905,2,2,1,1.0,6,97011,R,,,974
200900072659,9,2,23,1729,1,2,1,1.0,2,97011,R,,,974
200900072660,9,2,25,1155,1,2,1,1.0,6,97011,R,,,974
200900072661,9,2,26,720,1,2,1,1.0,6,97011,R,,,974
200900072662,9,2,28,1545,1,2,1,1.0,1,97015,R,0.0,0,974
200900072663,9,2,28,1955,2,2,1,1.0,4,97011,R,,,974
200900072664,9,3,16,1905,5,2,3,1.0,3,97007,A,,,971
200900072665,9,4,4,1145,1,2,3,1.0,3,97007,A,,,971
200900072666,9,4,23,655,1,2,3,1.0,3,97007,A,,,971
200900072705,9,3,21,1530,1,1,1,1.0,6,97013,R,0.0,0,974
200900072706,9,3,1,515,2,1,1,1.0,2,97008,R,0.0,0,974
200900072707,9,3,21,2145,5,2,6,1.0,7,97009,R,,,974
200900072708,9,3,2,730,1,2,2,1.0,3,97007,R,,,974
200900072709,9,3,12,1745,2,2,2,1.0,3,97016,R,,,974
200900072710,9,3,22,730,1,2,3,1.0,3,97009,R,,,974
200900072711,9,3,7,1230,1,2,9,2.0,3,97009,R,,,974
200900072712,9,3,27,915,1,2,2,1.0,3,97011,R,,,974
200900072713,9,3,10,1720,1,2,1,1.0,6,97007,R,,,974