Num_Acc,an,mois,jour,hrmn,lum,agg,int,atm,col,com,gps,lat,long,dep
200900072714,9,3,22,1130,1,2,1,1.0,6,97016,R,,,974
200900072715,9,3,21,1800,2,2,9,1.0,3,97009,R,,,974
200900072716,9,3,31,700,2,2,1,1.0,7,97009,R,,,974
200900072717,9,3,30,715,1,1,1,9.0,7,97009,R,,,974
200900072718,9,3,5,1445,1,2,1,1.0,7,97016,R,0.0,0,974
200900072719,9,3,1,600,1,1,1,1.0,6,97013,R,0.0,0,974
200900072720,9,3,7,1830,1,2,1,1.0,1,97012,R,0.0,0,974
200900072721,9,3,13,1715,1,1,1,8.0,7,97017,R,0.0,0,974
200900072722,9,3,7,145,5,1,1,1.0,6,97048,R,0.0,0,974
200900072723,9,3,21,100,3,1,1,1.0,6,97016,R,0.0,0,974
200900072724,9,3,23,1915,3,1,1,1.0,2,97016,R,0.0,0,974
200900072725,9,3,31,1015,1,1,1,1.0,7,97023,R,0.0,0,974
200900072726,9,3,4,2115,3,2,1,1.0,3,97012,R,0.0,0,974
200900072727,9,3,5,1745,1,1,1,1.0,7,97014,R,0.0,0,974
200900072728,9,3,4,1145,1,1,1,1.0,1,97015,R,0.0,0,974
200900072729,9,3,6,1915,5,2,1,1.0,1,97048,R,0.0,0,974
200900072730,9,3,28,130,3,1,1,1.0,6,97015,R,0.0,0,974
200900072731,9,3,30,730,1,2,1,1.0,6,97022,R,0.0,0,974
200900072732,9,3,2,845,1,1,1,1.0,1,97015,R,0.0,0,974
200900072733,9,3,18,1830,2,2,1,1.0,3,97015,R,0.0,0,974
200900072734,9,3,15,445,3,1,1,1.0,1,97015,R,0.0,0,974
200900072735,9,3,12,1700,1,1,1,1.0,3,97016,R,0.0,0,974
200900072736,9,3,15,1430,1,1,1,1.0,7,97015,R,0.0,0,974
200900072737,9,3,8,445,3,1,1,1.0,7,97023,R,0.0,0,974
200900072738,9,3,17,1400,1,1,1,1.0,1,97014,R,0.0,0,974
200900072739,9,3,15,2230,3,1,1,1.0,6,97058,R,0.0,0,974
200900072740,9,3,12,1200,1,2,1,1.0,7,97015,R,0.0,0,974
200900072741,9,3,8,1810,5,2,2,1.0,6,97016,R,,,974
200900072742,9,3,4,1845,5,2,1,1.0,7,97016,R,,,974
200900072743,9,3,3,800,1,1,1,1.0,2,97014,R,,,974
200900072744,9,3,1,1100,1,2,1,1.0,2,97011,R,,,974
200900072745,9,3,2,951,1,2,6,1.0,6,97011,R,,,974
200900072746,9,3,4,1600,1,2,1,1.0,2,97011,R,,,974
200900072747,9,3,4,1732,1,2,1,1.0,1,97011,R,,,974
200900072748,9,3,5,1750,1,2,1,1.0,6,97011,R,,,974
200900072749,9,3,6,1835,1,2,3,1.0,6,97011,R,,,974
200900072750,9,3,8,525,2,2,1,1.0,6,97011,R,,,974
200900072751,9,3,21,2119,5,2,1,1.0,6,97011,R,,,974
200900072752,9,3,6,723,1,2,1,1.0,6,97011,R,,,974
200900072753,9,3,6,1154,1,2,1,1.0,2,97011,R,,,974
200900072754,9,3,17,1950,5,2,3,1.0,3,97011,R,,,974
200900072755,9,3,19,555,2,2,6,2.0,6,97011,R,,,974
200900072756,9,3,21,852,1,2,1,1.0,1,97011,R,,,974
200900072757,9,3,23,2050,5,2,1,1.0,6,97011,R,,,974
200900072758,9,3,31,1555,1,2,2,1.0,3,97011,R,,,974
200900072759,9,3,3,1615,1,1,1,1.0,1,97023,R,0.0,0,974
200900072760,9,3,5,245,3,1,1,2.0,7,97020,R,0.0,0,974
200900072761,9,3,15,505,2,1,1,1.0,2,97007,R,,,974
200900072762,9,3,2,1715,1,2,1,1.0,3,97015,R,0.0,0,974
200900072763,9,4,10,45,5,2,1,1.0,6,97022,R,0.0,0,974
200900072764,9,4,10,2100,3,2,9,3.0,1,97015,R,0.0,0,974
200900072765,9,4,10,2230,3,1,1,1.0,6,97010,R,0.0,0,974
200900072766,9,4,1,2100,3,1,1,1.0,1,97015,R,0.0,0,974
200900072767,9,4,13,1945,3,1,1,8.0,6,97019,R,0.0,0,974
200900072768,9,4,22,945,1,2,1,1.0,6,97022,R,0.0,0,974
200900072769,9,4,23,945,1,1,1,1.0,1,97014,R,0.0,0,974
200900072770,9,4,7,1130,1,1,1,1.0,3,97058,R,0.0,0,974
200900072771,9,4,25,1230,1,1,1,1.0,7,97015,R,0.0,0,974
200900072772,9,4,6,1130,1,1,1,2.0,6,97008,R,0.0,0,974
200900072773,9,4,2,1530,1,1,9,1.0,3,97015,R,0.0,0,974
200900072774,9,4,26,1930,3,1,1,1.0,1,97015,R,0.0,0,974
200900072775,9,4,9,730,1,2,1,3.0,6,97011,R,,,974
200900072776,9,4,11,2055,4,2,6,1.0,6,97011,R,,,974
200900072777,9,4,20,725,1,2,1,1.0,3,97007,R,,,974
200900072778,9,4,23,950,1,2,1,1.0,7,97009,R,,,974
200900072779,9,4,2,2000,5,2,2,1.0,3,97007,R,,,974
200900072780,9,4,8,1330,1,2,6,1.0,3,97007,R,,,974
200900072781,9,4,20,235,3,2,9,1.0,7,97009,R,,,974
200900072782,9,4,30,1401,1,2,1,1.0,4,97007,R,,,974
200900072783,9,4,25,830,1,2,6,1.0,6,97007,R,,,974
200900072784,9,4,22,615,2,2,1,1.0,7,97009,R,,,974
200900072785,9,4,10,1025,1,2,1,3.0,6,97007,R,,,974
200900072786,9,4,17,615,1,2,2,1.0,6,97007,R,,,974
200900072787,9,4,14,1710,1,2,1,1.0,3,97007,R,,,974
200900072788,9,4,18,1455,1,2,1,1.0,1,97009,R,,,974
200900072789,9,4,26,715,1,2,1,1.0,6,97007,R,,,974
200900072790,9,4,10,2000,3,1,1,2.0,7,97009,R,,,974
200900072791,9,4,17,955,1,2,2,1.0,3,97007,R,,,974
200900072792,9,4,12,1155,1,2,1,2.0,3,97009,R,,,974
200900072793,9,4,10,1705,1,2,1,2.0,2,97007,R,,,974
200900072794,9,4,28,1645,1,2,3,1.0,2,97009,R,,,974
200900072795,9,4,7,1430,1,2,1,1.0,6,97007,R,,,974
200900072796,9,4,1,812,1,2,3,1.0,3,97007,R,,,974
200900072797,9,4,17,1600,1,2,1,1.0,6,97011,R,,,974
200900072798,9,4,6,2050,5,2,1,1.0,3,97016,R,,,974
200900072799,9,4,29,750,1,2,1,1.0,3,97016,R,,,974
200900072800,9,4,17,1300,1,2,1,1.0,6,97014,R,,,974
200900072801,9,4,22,1110,1,2,1,1.0,1,97014,R,,,974
200900072802,9,4,1,1730,1,2,3,1.0,3,97011,R,,,974
200900072803,9,4,5,1520,1,2,2,1.0,3,97011,R,,,974
200900072804,9,4,11,2215,5,2,3,1.0,3,97011,R,,,974
200900072805,9,4,29,1300,1,1,1,1.0,5,97014,R,,,974
200900072806,9,4,5,10,5,2,1,1.0,2,97011,R,,,974
200900072807,9,4,17,730,1,2,1,1.0,6,97011,R,,,974
200900072808,9,4,19,1950,3,1,1,1.0,6,97011,R,,,974
200900072809,9,4,22,1725,1,2,1,1.0,6,97011,R,,,974
200900072810,9,4,30,2010,5,2,1,1.0,1,97011,R,,,974
200900072811,9,4,18,315,3,1,1,1.0,6,97015,R,0.0,0,974
200900072812,9,1,31,545,2,1,1,8.0,5,97024,A,0.0,0,972
200900072813,9,1,12,1330,1,2,1,1.0,6,97022,A,0.0,0,972
200900072814,9,1,31,5,5,1,1,1.0,2,97013,A,,,972
200900072815,9,1,1,345,3,1,1,1.0,1,97022,A,0.0,0,972
200900072816,9,1,1,640,1,1,1,1.0,6,97013,A,,,972
200900072817,9,1,1,1300,1,1,1,1.0,6,97013,A,,,972
200900072818,9,1,2,2045,4,1,1,1.0,6,97032,A,0.0,0,972
200900072819,9,1,3,1910,5,1,1,1.0,3,97013,A,,,972
200900072820,9,1,3,1915,5,2,1,1.0,5,97017,A,0.0,0,972
200900072821,9,1,4,2048,5,2,1,1.0,3,97009,A,,,972
200900072822,9,1,5,700,1,1,1,1.0,6,97013,A,,,972
200900072823,9,1,5,1100,1,2,1,1.0,6,97009,A,,,972
200900072824,9,1,5,1945,3,1,1,1.0,1,97021,A,0.0,0,972
200900072825,9,1,7,1530,1,2,1,1.0,3,97009,A,,,972
200900072826,9,1,7,1930,3,2,1,1.0,6,97009,A,,,972
200900072827,9,1,8,1745,1,1,1,1.0,1,97004,A,0.0,0,972
200900072828,9,1,9,1540,1,1,1,1.0,1,97013,A,,,972
200900072829,9,1,10,1747,2,2,1,1.0,1,97009,A,,,972
200900072830,9,1,10,2030,5,1,1,1.0,6,97013,A,,,972
200900072831,9,1,11,545,2,1,1,1.0,1,97013,A,,,972
200900072832,9,1,11,1530,1,1,1,1.0,3,97010,A,0.0,0,972
200900072833,9,1,11,1600,1,1,1,1.0,1,97015,A,0.0,0,972
200900072834,9,1,11,1805,2,2,1,1.0,6,97009,A,,,972
200900072835,9,1,12,650,1,2,1,1.0,2,97009,A,,,972
200900072836,9,1,12,2322,5,2,1,1.0,6,97009,A,,,972
200900072837,9,1,13,1200,1,1,1,1.0,7,97013,A,,,972
200900072838,9,1,16,1215,1,1,1,1.0,7,97023,A,0.0,0,972
200900072839,9,1,17,205,5,1,1,1.0,7,97013,A,,,972
200900072840,9,1,17,900,1,2,1,1.0,2,97009,A,,,972
200900072841,9,1,17,1530,1,1,1,1.0,3,97013,A,,,972
200900072842,9,1,18,210,5,1,1,1.0,7,97013,A,,,972
200900072843,9,1,18,1400,1,1,1,1.0,7,97006,A,0.0,0,972
200900072844,9,1,19,830,1,2,1,1.0,3,97009,A,,,972
200900072845,9,1,19,1310,1,1,1,1.0,7,97013,A,,,972
200900072846,9,1,23,1545,1,2,1,1.0,6,97023,A,0.0,0,972
200900072847,9,1,24,345,3,1,1,2.0,4,97013,A,,,972
200900072848,9,1,24,1335,1,1,1,1.0,3,97013,A,,,972
200900072849,9,1,24,2145,3,1,1,2.0,6,97007,A,0.0,0,972
200900072850,9,1,24,2255,5,1,1,1.0,2,97013,A,,,972
200900072851,9,1,25,1425,1,1,1,1.0,1,97013,A,,,972
200900072852,9,1,28,1005,1,2,1,1.0,2,97009,A,,,972
200900072853,9,1,29,925,1,2,1,1.0,6,97009,A,,,972
200900072854,9,1,29,1415,1,2,1,1.0,6,97031,A,0.0,0,972
200900072855,9,1,29,1430,1,1,1,1.0,4,97013,A,,,972
200900072856,9,1,30,1310,1,2,2,1.0,6,97009,A,,,972
200900072857,9,1,20,50,5,2,1,1.0,3,97009,A,,,972
200900072858,9,1,1,110,5,2,1,1.0,7,97009,A,,,972
200900072859,9,1,15,600,1,1,1,1.0,6,97013,A,,,972
200900072860,9,1,23,925,1,2,1,1.0,3,97009,A,,,972
200900072861,9,1,27,1250,1,2,3,1.0,6,97009,A,,,972
200900072862,9,1,29,1125,1,2,2,1.0,3,97009,A,,,972
200900072863,9,1,15,800,1,2,1,1.0,3,97005,A,,,971
200900072866,9,5,6,820,1,2,1,1.0,6,97007,R,,,974
200900072867,9,5,26,1845,2,2,1,1.0,6,97011,R,,,974
200900072868,9,5,20,1725,1,2,1,1.0,3,97007,R,,,974
200900072869,9,5,4,1820,3,2,6,1.0,3,97007,R,,,974
200900072870,9,5,16,1744,5,2,3,1.0,3,97007,R,,,974
200900072871,9,5,16,1820,3,1,1,1.0,7,97009,R,,,974
200900072872,9,5,16,101,4,2,1,1.0,5,97011,R,,,974
200900072873,9,5,22,1855,5,2,1,2.0,4,97009,R,,,974
200900072874,9,5,21,900,1,2,3,1.0,2,97007,R,,,974
200900072875,9,5,18,1750,2,2,2,1.0,3,97007,R,,,974
200900072876,9,5,13,1555,1,2,7,1.0,3,97007,R,,,974
200900072877,9,5,21,1825,5,2,1,1.0,1,97011,R,,,974
200900072878,9,5,21,1020,1,2,1,1.0,7,97009,R,,,974
200900072879,9,5,23,1925,5,2,6,1.0,7,97007,R,,,974
200900072880,9,5,1,530,2,2,1,1.0,6,97007,R,,,974
200900072881,9,5,9,1903,5,2,1,1.0,6,97007,R,,,974
200900072882,9,5,9,2220,5,2,1,1.0,2,97007,R,,,974
200900072883,9,5,27,900,1,2,3,1.0,7,97009,R,,,974
200900072884,9,5,19,2100,5,2,1,1.0,7,97009,R,,,974
200900072885,9,5,31,510,5,2,1,1.0,6,97011,R,,,974
200900072886,9,5,31,1751,2,2,1,1.0,6,97011,R,,,974
200900072887,9,5,17,1310,1,1,1,1.0,7,97011,R,,,974
200900072888,9,5,23,1415,1,2,1,1.0,6,97011,R,,,974
200900072889,9,5,30,1850,3,1,1,2.0,6,97009,R,,,974
200900072890,9,5,15,1900,3,1,2,1.0,3,97014,R,,,974
200900072891,9,5,15,1720,2,2,1,8.0,7,97009,R,,,974
200900072892,9,5,10,2355,5,2,6,1.0,7,97014,R,,,974
200900072893,9,5,15,930,1,2,1,1.0,6,97016,R,,,974
200900072894,9,5,7,1930,5,2,1,1.0,1,97017,R,0.0,0,974
200900072895,9,5,20,1900,3,1,1,1.0,1,97018,R,0.0,0,974
200900072896,9,5,10,1400,1,1,1,1.0,4,97002,R,0.0,0,974
200900072897,9,5,27,2015,3,2,1,1.0,6,97017,R,0.0,0,974
200900072898,9,5,5,1630,1,1,1,1.0,1,97015,R,0.0,0,974
200900072899,9,5,9,2230,3,2,1,9.0,3,97022,R,0.0,0,974
200900072900,9,5,28,730,1,1,1,1.0,6,97015,R,0.0,0,974
200900072901,9,5,14,1645,1,1,1,1.0,2,97015,R,0.0,0,974
200900072902,9,5,4,1930,2,1,1,1.0,1,97021,R,0.0,0,974
200900072903,9,5,30,1530,1,1,1,1.0,6,97023,R,0.0,0,974
200900072904,9,5,6,630,2,1,1,1.0,1,97023,R,0.0,0,974
200900072905,9,5,18,630,1,1,1,1.0,6,97048,R,0.0,0,974
200900072906,9,5,2,1815,3,1,1,1.0,1,97016,R,0.0,0,974
200900072907,9,5,23,1945,3,1,1,1.0,5,97051,R,0.0,0,974
200900072908,9,5,31,1145,1,1,1,1.0,1,97010,R,0.0,0,974
200900072909,9,5,20,1830,4,2,1,1.0,6,97022,R,0.0,0,974
200900072910,9,5,11,1800,4,2,1,1.0,1,97055,R,0.0,0,974
200900072911,9,5,25,1915,3,2,1,3.0,3,97002,R,0.0,0,974
200900072912,9,5,30,1845,3,2,6,1.0,6,97015,R,0.0,0,974
200900072913,9,5,15,445,3,1,1,1.0,6,97016,R,0.0,0,974
200900072914,9,5,8,1915,3,1,1,1.0,7,97020,R,0.0,0,974
200900072915,9,5,18,1845,5,2,1,1.0,6,97008,R,0.0,0,974
200900072916,9,5,5,1300,1,1,1,1.0,1,97048,R,0.0,0,974
200900072917,9,5,4,1830,2,2,3,1.0,3,97011,R,,,974
200900072918,9,5,8,1136,1,2,1,1.0,6,97011,R,,,974
200900072919,9,5,13,1640,1,2,1,1.0,5,97011,R,,,974
200900072937,9,2,9,2200,5,1,1,1.0,2,97013,A,,,972
200900072938,9,2,5,1745,1,1,1,1.0,3,97013,A,,,972
200900072939,9,2,25,1145,1,2,1,1.0,6,97013,A,,,972
200900072940,9,2,18,855,1,2,1,1.0,2,97013,A,,,972
200900072941,9,2,10,2040,5,1,1,1.0,2,97013,A,,,972
200900072942,9,2,24,2000,5,1,1,1.0,7,97013,A,,,972
200900072943,9,2,7,200,5,1,1,1.0,2,97013,A,,,972
200900072944,9,2,16,1800,1,1,1,1.0,3,97013,A,,,972
200900072945,9,2,16,1530,1,1,6,1.0,3,97013,A,,,972
200900072946,9,2,7,5,5,1,1,1.0,4,97013,A,,,972
200900072947,9,2,3,1915,5,1,1,1.0,4,97013,A,,,972
200900072948,9,2,21,1545,1,1,6,1.0,3,97013,A,,,972
200900072949,9,2,3,1515,1,1,1,1.0,3,97013,A,,,972
200900072950,9,2,24,1900,5,2,1,1.0,6,97013,A,,,972
200900072951,9,2,7,545,2,2,1,1.0,3,97009,A,,,972
200900072952,9,2,5,1437,1,2,3,1.0,6,97009,A,,,972
200900072953,9,2,15,2135,5,2,1,1.0,3,97009,A,,,972
200900072954,9,2,13,802,1,2,1,1.0,3,97009,A,,,972
200900072955,9,2,2,725,1,2,1,1.0,6,97009,A,,,972
200900072956,9,2,11,1230,1,2,1,1.0,3,97009,A,,,972
200900072957,9,2,4,1615,1,2,1,1.0,6,97009,A,,,972
200900072958,9,2,7,1830,2,2,1,1.0,6,97009,A,,,972
200900072959,9,2,5,1042,1,2,1,1.0,6,97009,A,,,972
200900072960,9,2,8,1815,5,2,1,1.0,6,97009,A,,,972
200900072961,9,2,6,1035,1,2,1,1.0,2,97009,A,,,972
200900072962,9,2,1,2100,3,1,1,1.0,2,97010,A,0.0,0,972
200900072963,9,2,7,1545,1,1,1,1.0,6,97007,A,0.0,0,972
200900072964,9,2,12,1330,1,1,1,1.0,3,97027,A,0.0,0,972
200900072965,9,2,5,2000,5,1,1,1.0,1,97021,A,0.0,0,972
200900072966,9,2,16,1830,3,1,1,1.0,6,97028,A,0.0,0,972
200900072967,9,2,5,45,5,2,1,1.0,6,97022,A,0.0,0,972
200900072968,9,2,6,1615,1,2,1,7.0,7,97024,A,0.0,0,972
200900072969,9,2,10,1600,1,1,1,1.0,6,97024,A,0.0,0,972
200900072970,9,2,10,1745,1,1,1,1.0,1,97022,A,0.0,0,972
200900072971,9,2,15,2100,3,2,1,1.0,6,97028,A,0.0,0,972
200900072972,9,2,27,1745,1,1,1,1.0,1,97010,A,0.0,0,972
200900072973,9,2,19,1345,1,1,1,1.0,6,97007,A,0.0,0,972
200900072974,9,2,20,2020,3,1,1,1.0,3,97009,A,,,972
200900072975,9,2,20,1135,1,2,1,1.0,6,97009,A,,,972
200900072976,9,2,25,1915,3,1,1,1.0,6,97009,A,,,972
200900072977,9,2,27,1545,1,2,1,1.0,3,97009,A,,,972
200900072978,9,2,4,1140,1,2,1,1.0,3,97013,A,,,972
200900072979,9,2,6,1620,1,1,1,1.0,3,97013,A,,,972
200900072980,9,2,10,1200,1,2,2,1.0,3,97013,A,,,972
200900072981,9,2,17,807,1,2,1,1.0,3,97009,A,,,972
200900072982,9,2,21,1746,1,2,1,1.0,6,97009,A,,,972
200900072983,9,5,30,2010,5,2,9,1.0,6,97007,A,,,971
200900072984,9,5,13,910,1,2,3,1.0,3,97007,A,,,971
200900072985,9,5,23,1015,1,1,1,1.0,6,97033,A,0.0,0,971
200900072986,9,5,31,1645,1,1,1,1.0,6,97018,A,0.0,0,971
200900072987,9,5,26,800,1,2,1,1.0,6,97025,A,0.0,0,971
200900072988,9,5,29,1915,3,2,1,1.0,2,97029,A,0.0,0,971
200900072989,9,5,25,830,1,2,1,7.0,1,97029,A,0.0,0,971
200900072990,9,5,29,1400,1,1,1,1.0,1,97015,A,0.0,0,971
200900072991,9,5,30,800,1,2,1,1.0,6,97016,A,0.0,0,971
200900072992,9,5,23,900,1,2,1,1.0,6,97027,A,0.0,0,971
200900072993,9,5,29,2115,5,2,1,1.0,6,97009,A,0.0,0,971
200900072994,9,5,22,1215,1,2,1,1.0,3,97027,A,0.0,0,971
200900072995,9,5,5,1650,1,2,1,2.0,3,97007,A,,,971
200900072996,9,5,5,815,1,2,1,1.0,6,97027,A,0.0,0,971
200900072997,9,5,6,1215,1,1,1,1.0,1,97006,A,0.0,0,971
200900072998,9,5,6,1515,1,2,1,1.0,5,97004,A,0.0,0,971
200900072999,9,5,8,1100,1,1,2,1.0,3,97029,A,0.0,0,971
200900073000,9,5,9,1545,1,1,1,1.0,1,97028,A,0.0,0,971
200900073001,9,5,10,2215,5,2,1,1.0,1,97004,A,0.0,0,971
200900073002,9,5,13,1830,1,1,1,1.0,6,97016,A,0.0,0,971
200900073003,9,5,15,645,1,2,1,1.0,1,97008,A,0.0,0,971
200900073004,9,5,11,700,3,2,1,1.0,6,97016,A,0.0,0,971
200900073005,9,5,16,1145,1,2,1,1.0,6,97017,A,0.0,0,971
200900073006,9,5,17,1145,1,1,6,2.0,7,97016,A,0.0,0,971
200900073007,9,5,19,600,2,1,1,2.0,1,97007,A,0.0,0,971
200900073008,9,5,20,1500,1,2,1,1.0,1,97027,A,0.0,0,971
200900073009,9,5,3,615,1,1,1,1.0,6,97028,A,0.0,0,971
200900073010,9,5,24,930,1,2,9,9.0,2,97007,A,,,971
200900073011,9,6,28,715,1,1,1,1.0,3,97018,A,0.0,0,971
200900073012,9,6,28,530,2,1,1,1.0,6,97028,A,0.0,0,971
200900073013,9,6,27,2230,3,1,1,1.0,1,97028,A,0.0,0,971
200900073014,9,6,27,1130,1,1,1,1.0,3,97027,A,0.0,0,971
200900073015,9,6,27,330,3,2,1,1.0,1,97028,A,0.0,0,971
200900073016,9,6,24,2145,5,2,1,1.0,1,97017,A,0.0,0,971
200900073017,9,6,21,1215,1,1,1,1.0,1,97028,A,0.0,0,971
200900073018,9,6,1,1345,1,2,1,1.0,1,97023,A,0.0,0,971
200900073019,9,6,1,1600,1,2,1,1.0,6,97029,A,0.0,0,971
200900073020,9,6,7,1200,1,1,1,1.0,7,97012,A,0.0,0,971
200900073021,9,6,7,2130,3,1,1,9.0,6,97015,A,0.0,0,971
200900073022,9,6,8,745,1,1,1,1.0,6,97023,A,0.0,0,971
200900073023,9,6,10,445,3,1,1,1.0,6,97017,A,0.0,0,971
200900073024,9,6,12,645,1,2,1,1.0,5,97023,A,0.0,0,971
200900073025,9,6,13,1045,1,2,2,1.0,1,97032,A,0.0,0,971
200900073026,9,6,30,800,1,1,3,1.0,3,97025,A,0.0,0,971
200900073027,9,6,5,1600,1,2,1,1.0,6,97027,A,0.0,0,971
200900073028,9,6,22,30,5,2,1,1.0,1,97027,A,0.0,0,971
200900073029,9,6,14,1430,1,1,1,1.0,1,97009,A,0.0,0,971
200900073030,9,6,29,530,1,2,1,1.0,2,97017,A,0.0,0,971
200900073036,9,6,20,1630,1,2,1,2.0,5,97009,R,,,974
200900073037,9,6,1,1720,1,2,1,1.0,6,97007,R,,,974
200900073038,9,6,4,1305,1,2,1,1.0,7,97011,R,,,974
200900073039,9,6,4,1650,1,2,1,1.0,6,97007,R,,,974
200900073040,9,6,6,1430,1,1,2,1.0,3,97011,R,,,974
200900073041,9,6,9,2000,5,2,1,1.0,1,97007,R,,,974
200900073042,9,6,15,1000,1,2,2,1.0,3,97011,R,,,974
200900073043,9,6,6,2140,3,2,1,1.0,6,97007,R,,,974
200900073044,9,6,9,644,1,2,2,1.0,3,97011,R,,,974
200900073045,9,6,7,330,5,2,1,1.0,6,97011,R,,,974
200900073046,9,6,3,1140,1,2,1,1.0,6,97007,R,,,974
200900073047,9,6,11,850,1,2,3,1.0,6,97007,R,,,974
200900073048,9,6,5,1950,2,2,1,1.0,6,97011,R,,,974
200900073049,9,6,15,1800,5,2,3,1.0,5,97009,R,,,974
200900073050,9,6,3,1450,1,2,2,1.0,6,97007,R,,,974
200900073051,9,6,5,1540,1,2,3,1.0,1,97009,R,,,974
200900073052,9,6,5,1445,1,2,1,1.0,1,97011,R,,,974
200900073053,9,6,8,2045,3,1,1,1.0,1,97016,R,0.0,0,974
200900073054,9,6,21,815,1,1,9,1.0,2,97002,R,0.0,0,974
200900073055,9,6,27,1245,1,1,1,1.0,6,97004,R,0.0,0,974
200900073056,9,6,20,1745,2,1,1,1.0,3,97013,R,0.0,0,974
200900073057,9,6,28,1830,5,2,1,1.0,3,97010,R,0.0,0,974
200900073058,9,6,21,1900,3,1,1,1.0,1,97024,R,0.0,0,974
200900073059,9,6,9,715,2,1,1,3.0,3,97016,R,0.0,0,974
200900073060,9,6,27,1115,1,2,1,2.0,6,97002,R,0.0,0,974
200900073061,9,6,21,2045,3,1,1,1.0,1,97015,R,0.0,0,974
200900073062,9,6,21,1615,1,2,1,2.0,1,97021,R,0.0,0,974
200900073063,9,6,5,1030,1,1,1,1.0,7,97021,R,0.0,0,974
200900073064,9,6,8,1100,1,2,1,1.0,6,97015,R,0.0,0,974
200900073065,9,6,21,1700,2,1,1,8.0,7,97017,R,0.0,0,974
200900073066,9,6,17,900,1,2,1,1.0,1,97015,R,0.0,0,974
200900073067,9,6,29,600,3,1,1,1.0,2,97023,R,0.0,0,974
200900073068,9,6,27,1845,3,1,1,2.0,6,97019,R,0.0,0,974
200900073069,9,6,11,845,1,1,1,1.0,4,97008,R,0.0,0,974
200900073070,9,6,4,1315,1,1,1,1.0,1,97010,R,0.0,0,974
200900073071,9,6,28,1815,5,1,1,1.0,6,97015,R,0.0,0,974
200900073072,9,6,14,100,3,1,1,1.0,6,97012,R,0.0,0,974
200900073073,9,6,2,1200,1,1,1,1.0,6,97018,R,0.0,0,974
200900073074,9,6,19,2045,5,2,1,1.0,3,97015,R,0.0,0,974
200900073075,9,6,10,610,3,1,1,1.0,2,97007,R,,,974
200900073076,9,6,10,1730,1,2,1,1.0,1,97011,R,,,974
200900073077,9,6,10,1141,1,1,1,1.0,2,97011,R,,,974
200900073078,9,6,23,700,1,2,1,1.0,3,97013,R,0.0,0,974
200900073079,9,6,17,825,1,2,6,1.0,2,97009,R,,,974
200900073080,9,6,22,1905,5,2,1,1.0,3,97009,R,,,974
200900073081,9,6,16,1900,5,2,1,1.0,7,97009,R,,,974
200900073082,9,6,27,800,1,2,1,1.0,6,97009,R,,,974
200900073083,9,3,22,1915,3,2,1,1.0,6,97009,A,,,972
200900073084,9,3,6,1335,1,2,1,1.0,1,97009,A,,,972
200900073085,9,3,6,1555,1,2,1,1.0,6,97009,A,,,972
200900073086,9,3,7,900,1,1,1,1.0,2,97013,A,,,972
200900073087,9,3,7,1945,5,1,1,1.0,6,97020,A,0.0,0,972
200900073088,9,3,7,2100,5,1,1,1.0,7,97013,A,,,972
200900073089,9,3,8,1930,5,1,1,1.0,7,97013,A,,,972
200900073090,9,3,9,1130,1,1,1,1.0,1,97013,A,,,972
200900073091,9,3,9,1845,5,2,3,1.0,3,97009,A,,,972
200900073092,9,3,10,915,1,2,2,1.0,3,97009,A,,,972
200900073093,9,3,10,1445,1,1,1,1.0,1,97004,A,0.0,0,972
200900073094,9,3,11,1905,5,2,1,1.0,1,97009,A,,,972
200900073095,9,3,13,700,1,1,1,1.0,3,97013,A,,,972
200900073096,9,3,13,925,1,1,1,1.0,2,97013,A,,,972
200900073097,9,3,13,1130,1,1,1,1.0,7,97013,A,,,972
200900073098,9,3,13,1800,1,2,3,1.0,6,97013,A,,,972
200900073099,9,3,14,100,5,1,1,1.0,7,97013,A,,,972
200900073100,9,3,14,1335,1,1,3,1.0,3,97009,A,,,972
200900073101,9,3,17,1725,1,2,1,1.0,3,97013,A,,,972
200900073102,9,3,18,545,2,2,1,1.0,3,97022,A,0.0,0,972
200900073103,9,3,18,1050,1,2,1,1.0,6,97009,A,,,972
200900073104,9,3,18,1200,1,2,6,1.0,6,97030,A,0.0,0,972
200900073105,9,3,20,2045,4,2,1,1.0,7,97029,A,0.0,0,972
200900073106,9,3,21,1130,1,1,1,1.0,3,97013,A,,,972
200900073107,9,3,21,2300,5,1,1,1.0,7,97013,A,,,972
200900073108,9,3,22,1930,5,1,1,1.0,3,97013,A,,,972
200900073109,9,3,23,1740,1,2,3,1.0,6,97009,A,,,972
200900073110,9,3,23,2145,3,2,1,1.0,6,97029,A,0.0,0,972
200900073111,9,3,24,1010,1,2,1,1.0,6,97009,A,,,972
200900073112,9,3,24,1045,1,1,1,7.0,6,97003,A,0.0,0,972
200900073113,9,3,24,1500,1,2,1,1.0,1,97009,A,,,972
200900073114,9,3,24,1815,2,1,1,1.0,5,97024,A,0.0,0,972
200900073115,9,3,25,615,1,1,1,1.0,7,97013,A,,,972