Num_Acc,an,mois,jour,hrmn,lum,agg,int,atm,col,com,gps,lat,long,dep
200900073974,9,9,4,2230,3,1,1,1.0,1,97022,R,0.0,0,974
200900073975,9,9,17,1600,2,2,1,1.0,2,97022,R,0.0,0,974
200900073976,9,9,2,1615,1,2,1,1.0,6,97022,R,0.0,0,974
200900073977,9,9,10,1600,1,1,1,1.0,7,97020,R,0.0,0,974
200900073978,9,9,12,730,1,2,1,1.0,1,97020,R,0.0,0,974
200900073979,9,9,6,915,1,1,1,1.0,2,97016,R,0.0,0,974
200900073980,9,9,13,830,1,1,1,1.0,7,97005,R,0.0,0,974
200900073981,9,9,1,815,1,1,1,1.0,6,97005,R,0.0,0,974
200900073982,9,9,14,630,1,1,1,1.0,2,97015,R,0.0,0,974
200900073983,9,9,1,2030,5,2,1,1.0,6,97016,R,0.0,0,974
200900073984,9,9,19,1500,1,1,1,1.0,3,97015,R,0.0,0,974
200900073985,9,9,18,600,1,1,1,1.0,1,97005,R,0.0,0,974
200900073986,9,9,18,2015,5,2,1,1.0,3,97013,R,0.0,0,974
200900073987,9,9,6,1730,1,2,1,1.0,3,97049,R,0.0,0,974
200900073988,9,9,2,815,1,2,1,1.0,3,97016,R,0.0,0,974
200900073989,9,9,9,1640,1,2,1,1.0,6,97009,R,,,974
200900073990,9,9,10,1300,1,1,1,1.0,6,97009,R,,,974
200900073991,9,9,6,1920,3,1,1,2.0,1,97009,R,,,974
200900073992,9,9,27,1315,1,2,1,1.0,6,97014,R,,,974
200900073993,9,9,22,1723,2,2,1,1.0,6,97014,R,,,974
200900073994,9,9,28,1525,1,1,1,1.0,7,97016,R,,,974
200900073995,9,9,6,1845,5,2,1,1.0,2,97016,R,,,974
200900073996,9,9,14,930,1,2,1,1.0,2,97014,R,,,974
200900073997,9,9,2,1018,1,1,1,1.0,6,97014,R,,,974
200900073998,9,9,7,1245,1,2,3,1.0,3,97016,R,,,974
200900073999,9,9,14,1800,5,1,3,1.0,3,97016,R,,,974
200900074000,9,8,27,400,3,1,1,1.0,6,97013,A,,,972
200900074001,9,8,2,545,2,1,1,1.0,6,97012,A,0.0,0,972
200900074002,9,8,9,2145,3,1,1,1.0,2,97005,A,0.0,0,972
200900074003,9,8,16,1330,1,1,1,1.0,4,97022,A,0.0,0,972
200900074004,9,8,31,900,1,1,1,1.0,7,97028,A,0.0,0,972
200900074005,9,8,7,545,1,1,1,1.0,6,97021,A,0.0,0,972
200900074006,9,8,12,2030,3,1,1,1.0,1,97007,A,0.0,0,972
200900074007,9,8,15,1800,3,1,1,1.0,2,97021,A,0.0,0,972
200900074008,9,8,20,830,1,2,1,1.0,3,97030,A,0.0,0,972
200900074009,9,8,6,2000,1,1,1,1.0,1,97021,A,0.0,0,972
200900074010,9,8,8,515,2,1,1,1.0,1,97020,A,0.0,0,972
200900074011,9,8,28,1830,2,2,1,2.0,6,97001,A,0.0,0,972
200900074012,9,8,8,2045,3,1,1,1.0,3,97021,A,0.0,0,972
200900074013,9,8,9,600,1,1,6,1.0,3,97022,A,0.0,0,972
200900074014,9,8,19,2200,3,1,1,1.0,6,97007,A,0.0,0,972
200900074015,9,8,23,200,5,2,1,1.0,1,97003,A,0.0,0,972
200900074016,9,8,26,1115,1,1,1,1.0,1,97031,A,0.0,0,972
200900074017,9,8,26,2315,5,1,1,1.0,1,97028,A,0.0,0,972
200900074018,9,8,25,1,3,1,1,1.0,1,97027,A,0.0,0,972
200900074019,9,8,3,640,1,2,2,1.0,6,97009,A,,,972
200900074020,9,8,17,1912,5,2,1,1.0,6,97009,A,,,972
200900074021,9,8,19,2000,5,2,1,1.0,6,97009,A,,,972
200900074022,9,8,22,1630,1,2,1,1.0,6,97009,A,,,972
200900074023,9,8,21,1926,5,2,1,1.0,6,97009,A,,,972
200900074024,9,8,4,1530,1,2,1,1.0,3,97009,A,,,972
200900074025,9,8,3,1940,5,1,1,1.0,6,97009,A,,,972
200900074026,9,8,9,2115,5,2,1,1.0,6,97009,A,,,972
200900074027,9,8,30,27,5,2,1,1.0,6,97009,A,,,972
200900074028,9,8,7,510,2,2,1,1.0,2,97009,A,,,972
200900074029,9,8,21,1620,1,2,1,1.0,7,97009,A,,,972
200900074030,9,8,12,1620,1,2,1,1.0,7,97009,A,,,972
200900074031,9,8,13,1540,1,2,1,1.0,1,97009,A,,,972
200900074032,9,8,3,1412,1,2,1,1.0,6,97009,A,,,972
200900074033,9,8,29,222,5,2,1,1.0,2,97009,A,,,972
200900074034,9,8,5,1215,1,1,1,1.0,6,97013,A,,,972
200900074035,9,8,2,540,5,1,1,1.0,6,97013,A,,,972
200900074036,9,8,19,2215,4,1,1,1.0,2,97013,A,,,972
200900074037,9,8,14,1330,1,1,1,1.0,4,97013,A,,,972
200900074038,9,8,25,200,5,1,1,1.0,4,97013,A,,,972
200900074039,9,8,2,250,5,1,1,1.0,6,97013,A,,,972
200900074040,9,8,18,2155,3,2,1,1.0,1,97013,A,,,972
200900074041,9,8,3,1808,5,1,1,1.0,6,97013,A,,,972
200900074042,9,8,3,20,5,1,1,1.0,6,97013,A,,,972
200900074043,9,8,11,1335,1,1,1,1.0,6,97013,A,,,972
200900074044,9,8,30,1600,1,1,3,1.0,3,97013,A,,,972
200900074045,9,8,16,20,3,1,1,1.0,6,97013,A,,,972
200900074046,9,8,4,720,1,1,1,1.0,6,97013,A,,,972
200900074047,9,8,12,1745,2,1,1,1.0,6,97013,A,,,972
200900074048,9,8,12,1840,1,1,1,2.0,7,97013,A,,,972
200900074049,9,10,3,1345,1,1,1,1.0,6,97001,A,,,971
200900074050,9,10,3,1435,1,2,1,1.0,6,97013,A,,,971
200900074051,9,10,12,1645,1,2,1,1.0,6,97001,A,,,971
200900074052,9,10,13,1445,1,2,1,1.0,6,97020,A,,,971
200900074053,9,10,17,1930,5,2,1,1.0,6,97020,A,,,971
200900074054,9,10,24,1118,1,2,1,1.0,6,97001,A,,,971
200900074055,9,10,25,1758,5,2,1,1.0,7,97001,A,,,971
200900074056,9,10,26,730,1,2,3,1.0,7,97020,A,,,971
200900074057,9,10,26,1655,1,2,1,1.0,3,97007,A,,,971
200900074058,9,10,7,1500,1,1,1,1.0,6,97001,A,,,971
200900074059,9,10,9,2310,5,2,1,1.0,6,97001,A,,,971
200900074060,9,10,10,2000,3,1,1,1.0,6,97013,A,,,971
200900074061,9,10,13,1010,1,1,1,1.0,2,97013,A,,,971
200900074062,9,10,14,2231,5,1,1,1.0,6,97013,A,,,971
200900074063,9,10,17,620,1,1,1,2.0,6,97013,A,,,971
200900074064,9,10,20,2320,5,2,1,1.0,6,97001,A,,,971
200900074065,9,10,22,650,1,2,1,1.0,7,97013,A,,,971
200900074066,9,10,26,1336,1,1,1,1.0,1,97013,A,,,971
200900074067,9,10,15,1437,1,2,1,1.0,6,97001,A,,,971
200900074068,9,10,22,820,1,2,1,1.0,6,97020,A,,,971
200900074069,9,10,17,1400,1,2,1,1.0,6,97013,A,,,971
200900074070,9,11,2,1135,1,2,2,1.0,6,97007,A,,,971
200900074071,9,9,9,1930,5,1,1,1.0,2,97013,A,,,972
200900074072,9,9,12,1610,1,2,1,1.0,1,97009,A,,,972
200900074073,9,9,13,1900,5,2,1,1.0,3,97013,A,,,972
200900074074,9,9,17,2100,5,1,2,1.0,7,97013,A,,,972
200900074075,9,9,26,1,5,1,1,1.0,2,97013,A,,,972
200900074076,9,9,26,15,5,1,1,1.0,4,97013,A,,,972
200900074077,9,9,8,1600,1,2,3,1.0,1,97009,A,,,972
200900074078,9,9,4,925,1,2,1,1.0,6,97009,A,,,972
200900074079,9,9,19,1925,5,2,1,1.0,1,97009,A,,,972
200900074080,9,9,14,1630,1,2,1,1.0,6,97009,A,,,972
200900074081,9,9,19,142,5,2,3,1.0,1,97009,A,,,972
200900074082,9,9,4,807,1,2,1,1.0,6,97009,A,,,972
200900074083,9,9,11,1450,1,1,1,1.0,6,97009,A,,,972
200900074084,9,9,7,750,1,2,1,1.0,3,97009,A,,,972
200900074085,9,9,19,2225,5,2,1,1.0,6,97009,A,,,972
200900074086,9,9,26,1119,1,2,1,1.0,6,97009,A,,,972
200900074087,9,9,21,1230,1,2,3,1.0,3,97009,A,,,972
200900074088,9,9,26,2150,5,2,1,1.0,6,97009,A,,,972
200900074089,9,9,30,1745,1,2,1,1.0,7,97009,A,,,972
200900074090,9,9,14,1826,1,2,3,8.0,3,97009,A,,,972
200900074091,9,9,15,1740,1,2,1,1.0,6,97009,A,,,972
200900074092,9,9,6,2010,5,2,1,1.0,6,97009,A,,,972
200900074093,9,9,17,550,2,2,1,1.0,1,97009,A,,,972
200900074094,9,9,13,1622,1,2,1,2.0,6,97009,A,,,972
200900074095,9,9,24,1030,1,1,1,1.0,1,97030,A,0.0,0,972
200900074096,9,9,6,115,3,1,1,1.0,7,97014,A,0.0,0,972
200900074097,9,9,8,1030,1,1,1,1.0,2,97030,A,0.0,0,972
200900074098,9,9,11,1630,1,1,1,1.0,1,97016,A,0.0,0,972
200900074099,9,9,19,345,3,1,1,1.0,1,97034,A,0.0,0,972
200900074100,9,9,27,1745,2,1,1,1.0,1,97028,A,0.0,0,972
200900074101,9,9,5,730,1,1,1,1.0,1,97017,A,0.0,0,972
200900074102,9,9,6,1345,1,1,1,1.0,3,97010,A,0.0,0,972
200900074103,9,9,12,1230,1,2,1,1.0,6,97002,A,0.0,0,972
200900074104,9,9,25,1615,1,1,1,1.0,7,97029,A,0.0,0,972
200900074105,9,9,13,2300,5,1,1,1.0,7,97013,A,,,972
200900074106,9,9,17,1600,1,1,1,1.0,2,97013,A,,,972
200900074107,9,9,28,1530,1,1,1,1.0,3,97013,A,,,972
200900074108,9,9,22,2000,5,1,1,1.0,7,97013,A,,,972
200900074109,9,9,27,1830,1,1,1,1.0,2,97013,A,,,972
200900074110,9,9,1,2115,5,1,1,1.0,6,97013,A,,,972
200900074111,9,9,14,715,1,2,1,1.0,3,97013,A,,,972
200900074112,9,9,19,900,1,1,1,1.0,6,97013,A,,,972
200900074113,9,9,13,1230,1,1,1,1.0,1,97013,A,,,972
200900074114,9,9,20,1430,1,1,1,1.0,6,97013,A,,,972
200900074115,9,9,25,1330,1,1,1,1.0,3,97013,A,,,972
200900074116,9,9,29,1600,1,1,1,1.0,1,97013,A,,,972
200900074117,9,9,12,400,5,1,1,1.0,6,97013,A,,,972
200900074118,9,9,29,2120,5,1,1,1.0,2,97013,A,,,972
200900074119,9,9,15,745,1,1,1,1.0,7,97013,A,,,972
200900074120,9,9,21,1930,5,1,1,1.0,1,97013,A,,,972
200900074121,9,10,2,1400,1,1,1,1.0,1,97002,A,0.0,0,971
200900074122,9,10,3,1815,4,2,1,1.0,6,97004,A,0.0,0,971
200900074123,9,10,4,2315,3,1,1,3.0,1,97022,A,0.0,0,971
200900074124,9,10,6,1400,1,1,1,1.0,6,97018,A,0.0,0,971
200900074125,9,10,6,1900,3,1,1,1.0,6,97025,A,0.0,0,971
200900074126,9,10,8,845,1,2,1,1.0,3,97017,A,0.0,0,971
200900074127,9,10,8,1445,1,1,1,1.0,6,97016,A,0.0,0,971
200900074128,9,10,10,1115,1,1,1,1.0,3,97017,A,0.0,0,971
200900074129,9,10,11,200,3,1,1,1.0,6,97023,A,0.0,0,971
200900074130,9,10,11,815,1,2,3,1.0,1,97027,A,0.0,0,971
200900074131,9,10,12,1515,1,1,1,1.0,5,97028,A,0.0,0,971
200900074132,9,10,14,1415,1,1,1,1.0,3,97027,A,0.0,0,971
200900074133,9,10,15,745,1,2,9,1.0,6,97027,A,0.0,0,971
200900074134,9,10,16,2030,5,2,1,3.0,3,97025,A,0.0,0,971
200900074135,9,10,18,515,2,2,1,1.0,6,97016,A,0.0,0,971
200900074136,9,10,18,1530,1,2,1,1.0,6,97003,A,0.0,0,971
200900074137,9,10,18,1530,1,1,1,2.0,5,97015,A,0.0,0,971
200900074138,9,10,19,1815,2,1,1,1.0,6,97027,A,0.0,0,971
200900074139,9,10,20,1800,3,1,1,1.0,2,97009,A,0.0,0,971
200900074140,9,10,21,700,1,2,1,1.0,4,97007,A,0.0,0,971
200900074141,9,10,21,1300,1,1,1,1.0,6,97015,A,0.0,0,971
200900074142,9,10,24,2030,5,2,1,3.0,6,97027,A,0.0,0,971
200900074143,9,10,25,1900,1,1,2,1.0,2,97029,A,0.0,0,971
200900074144,9,10,27,800,1,1,1,1.0,2,97002,A,0.0,0,971
200900074145,9,10,28,2215,3,1,1,1.0,6,97019,A,0.0,0,971
200900074146,9,11,1,600,2,1,1,2.0,1,97019,A,0.0,0,971
200900074147,9,11,1,2045,3,1,1,3.0,4,97025,A,0.0,0,971
200900074148,9,11,6,1615,1,1,1,2.0,1,97025,A,0.0,0,971
200900074149,9,11,6,2345,5,1,1,1.0,7,97025,A,0.0,0,971
200900074150,9,11,7,800,1,2,3,1.0,3,97016,A,0.0,0,971
200900074151,9,11,7,1700,1,1,1,1.0,6,97018,A,0.0,0,971
200900074152,9,11,10,2315,4,2,1,8.0,7,97025,A,0.0,0,971
200900074153,9,11,12,1030,1,1,6,1.0,1,97007,A,0.0,0,971
200900074154,9,11,17,1800,4,2,1,1.0,6,97016,A,0.0,0,971
200900074155,9,11,19,2230,3,1,1,1.0,6,97003,A,0.0,0,971
200900074156,9,11,22,400,3,1,1,1.0,6,97032,A,0.0,0,971
200900074157,9,11,22,1700,1,1,1,1.0,7,97017,A,0.0,0,971
200900074158,9,11,22,1815,3,1,1,2.0,6,97028,A,0.0,0,971
200900074159,9,11,23,930,1,1,1,1.0,1,97006,A,0.0,0,971
200900074160,9,11,23,1700,1,1,1,1.0,1,97027,A,0.0,0,971
200900074161,9,11,24,1600,1,1,1,1.0,6,97034,A,0.0,0,971
200900074162,9,11,27,1700,1,1,1,1.0,3,97016,A,1.0,6,971
200900074163,9,11,29,1145,1,2,9,1.0,1,97023,A,0.0,0,971
200900074164,9,11,14,2000,5,2,1,1.0,3,97012,A,0.0,0,971
200900074165,9,10,17,547,2,2,3,1.0,3,97011,R,,,974
200900074166,9,10,23,1745,1,2,1,1.0,6,97011,R,,,974
200900074167,9,10,14,745,1,2,1,1.0,6,97011,R,,,974
200900074168,9,10,20,1617,1,2,1,1.0,2,97011,R,,,974
200900074169,9,10,30,810,1,2,1,1.0,6,97011,R,,,974
200900074170,9,10,19,1350,1,2,2,1.0,3,97011,R,,,974
200900074171,9,10,17,1245,1,2,1,1.0,6,97011,R,,,974
200900074172,9,10,19,500,5,2,1,1.0,1,97011,R,,,974
200900074173,9,10,3,1158,1,2,3,1.0,3,97011,R,,,974
200900074174,9,10,20,751,1,1,1,1.0,6,97011,R,,,974
200900074175,9,10,24,15,5,2,1,1.0,6,97011,R,,,974
200900074176,9,10,19,2145,5,2,1,1.0,2,97011,R,,,974
200900074177,9,10,19,2210,5,2,3,1.0,3,97011,R,,,974
200900074178,9,10,1,620,1,2,6,1.0,6,97011,R,,,974
200900074179,9,10,28,2020,2,2,1,1.0,6,97011,R,,,974
200900074180,9,10,7,1124,1,2,1,1.0,2,97011,R,,,974
200900074181,9,10,2,1335,1,2,2,1.0,3,97011,R,,,974
200900074182,9,10,13,2105,5,2,1,1.0,6,97011,R,,,974
200900074183,9,10,29,1559,1,2,1,1.0,2,97011,R,,,974
200900074184,9,10,24,1630,1,2,1,1.0,1,97058,R,0.0,0,974
200900074185,9,10,5,1500,1,1,1,1.0,2,97016,R,0.0,0,974
200900074186,9,10,28,1245,1,2,1,1.0,1,97023,R,0.0,0,974
200900074187,9,10,10,130,3,1,1,1.0,5,97020,R,0.0,0,974
200900074188,9,10,9,1815,2,2,1,1.0,3,97001,R,0.0,0,974
200900074189,9,10,1,730,1,2,1,9.0,3,97014,R,0.0,0,974
200900074190,9,10,24,2200,5,2,1,1.0,6,97003,R,0.0,0,974
200900074191,9,10,16,2215,5,2,1,1.0,5,97052,R,0.0,0,974
200900074192,9,10,28,1200,1,2,1,1.0,1,97015,R,0.0,0,974
200900074193,9,10,24,315,3,1,1,1.0,1,97020,R,0.0,0,974
200900074194,9,10,29,915,1,2,2,1.0,3,97015,R,0.0,0,974
200900074195,9,10,19,2045,5,2,1,1.0,3,97015,R,0.0,0,974
200900074196,9,10,13,30,5,2,1,1.0,6,97019,R,0.0,0,974
200900074197,9,10,6,1130,1,2,1,1.0,6,97015,R,0.0,0,974
200900074198,9,10,24,530,2,1,1,1.0,6,97008,R,0.0,0,974
200900074199,9,10,24,1545,1,1,1,1.0,6,97004,R,0.0,0,974
200900074200,9,10,6,2315,5,2,1,3.0,1,97017,R,0.0,0,974
200900074201,9,10,2,2300,5,2,1,1.0,1,97040,R,0.0,0,974
200900074202,9,10,5,620,1,2,1,1.0,6,97011,R,,,974
200900074203,9,10,7,1725,1,2,1,1.0,6,97011,R,,,974
200900074204,9,10,10,1100,1,1,1,1.0,6,97011,R,,,974
200900074205,9,10,18,2305,5,2,3,1.0,3,97011,R,,,974
200900074206,9,10,23,2130,5,2,1,1.0,3,97009,R,,,974
200900074207,9,10,23,1705,1,2,1,1.0,3,97007,R,,,974
200900074208,9,10,26,745,1,1,1,1.0,3,97007,R,,,974
200900074209,9,10,30,1215,1,2,1,1.0,2,97007,R,,,974
200900074210,9,10,22,1915,3,2,1,1.0,6,97007,R,,,974
200900074211,9,10,16,2140,3,2,1,1.0,6,97009,R,,,974
200900074212,9,10,19,1600,1,2,2,1.0,3,97011,R,,,974
200900074213,9,10,25,1715,1,1,1,2.0,6,97016,R,0.0,0,974
200900074214,9,10,29,745,1,2,1,1.0,6,97011,R,,,974
200900074215,9,10,8,750,1,2,1,1.0,3,97007,R,,,974
200900074216,9,10,12,1455,1,2,2,1.0,3,97007,R,,,974
200900074217,9,10,9,715,1,2,1,1.0,6,97007,R,,,974
200900074218,9,10,13,2130,5,2,1,1.0,6,97007,R,,,974
200900074219,9,10,8,1735,2,1,1,1.0,3,97007,R,,,974
200900074220,9,10,11,900,1,1,1,2.0,7,97009,R,,,974
200900074221,9,10,14,940,1,2,1,1.0,6,97007,R,,,974
200900074222,9,10,6,1845,3,1,1,1.0,6,97009,R,,,974
200900074223,9,10,7,1025,1,1,1,1.0,3,97007,R,,,974
200900074224,9,10,15,1830,2,1,1,1.0,6,97007,R,,,974
200900074225,9,11,3,1725,1,2,2,2.0,1,97020,A,,,971
200900074226,9,11,5,1615,1,2,2,1.0,7,97020,A,,,971
200900074227,9,11,6,1700,2,2,1,2.0,6,97001,A,,,971
200900074228,9,11,12,805,1,2,1,1.0,6,97001,A,,,971
200900074229,9,11,12,1725,1,2,1,1.0,6,97001,A,,,971
200900074230,9,11,17,1930,5,2,1,1.0,6,97020,A,,,971
200900074231,9,11,24,1927,2,2,1,1.0,5,97001,A,,,971
200900074232,9,11,25,1340,1,2,1,1.0,6,97020,A,,,971
200900074233,9,11,26,1022,1,2,1,1.0,3,97001,A,,,971
200900074234,9,11,6,1256,1,2,1,1.0,6,97001,A,,,971
200900074235,9,11,8,2300,5,1,1,1.0,6,97013,A,,,971
200900074236,9,11,12,1930,5,1,1,1.0,6,97013,A,,,971
200900074237,9,11,13,2200,5,2,2,2.0,3,97001,A,,,971
200900074238,9,11,14,1500,1,2,1,1.0,6,97001,A,,,971
200900074239,9,11,15,255,5,1,1,1.0,6,97013,A,,,971
200900074240,9,11,17,825,1,2,1,1.0,6,97020,A,,,971
200900074241,9,11,18,700,1,1,1,1.0,6,97013,A,,,971
200900074242,9,11,22,630,1,2,3,1.0,4,97013,A,,,971
200900074243,9,11,26,1110,1,2,1,1.0,6,97013,A,,,971
200900074244,9,11,12,630,1,2,1,1.0,6,97001,A,,,971
200900074245,9,11,25,918,1,2,6,2.0,7,97013,A,,,971
200900074246,9,11,12,2000,5,2,3,1.0,4,97020,A,,,971
200900074247,9,12,2,1430,1,2,8,1.0,6,97007,A,,,971
200900074248,9,9,21,1805,2,2,3,1.0,3,97011,R,,,974
200900074249,9,8,24,740,1,1,1,1.0,2,97016,R,,,974
200900074250,9,9,7,2155,5,2,1,1.0,1,97002,G,,,973
200900074251,9,9,4,1200,1,2,1,1.0,6,97002,G,,,973
200900074252,9,9,1,1409,1,2,3,1.0,6,97002,G,,,973
200900074253,9,9,8,1424,1,2,3,1.0,6,97002,G,,,973
200900074254,9,9,10,1739,1,2,1,1.0,6,97002,G,,,973
200900074255,9,9,8,2020,5,2,2,1.0,6,97002,G,,,973
200900074256,9,9,5,1305,1,2,2,1.0,6,97002,G,,,973
200900074257,9,9,3,1933,5,2,1,1.0,6,97002,G,,,973
200900074258,9,9,2,1731,1,2,1,1.0,6,97002,G,,,973
200900074259,9,9,11,15,5,2,3,1.0,6,97002,G,,,973
200900074260,9,9,1,2015,5,2,1,1.0,6,97002,G,,,973
200900074261,9,9,12,2030,5,2,3,1.0,6,97002,G,,,973
200900074262,9,9,8,1727,1,2,1,1.0,6,97002,G,,,973
200900074263,9,9,5,800,1,2,1,1.0,1,97011,G,0.0,0,973
200900074264,9,9,16,1500,1,1,3,1.0,3,97009,G,0.0,0,973
200900074265,9,9,9,1230,1,1,1,1.0,1,97006,G,0.0,0,973
200900074266,9,9,18,615,2,1,1,1.0,7,97011,G,0.0,0,973
200900074267,9,9,3,430,3,1,1,1.0,6,97003,G,0.0,0,973
200900074268,9,9,11,830,1,2,1,1.0,3,97004,G,0.0,0,973
200900074269,9,9,24,1400,1,1,1,1.0,2,97005,G,0.0,0,973
200900074270,9,9,30,645,1,1,1,1.0,7,97005,G,0.0,0,973
200900074271,9,9,29,1215,1,2,1,1.0,1,97011,G,0.0,0,973
200900074272,9,9,9,1545,1,1,1,1.0,4,97007,G,0.0,0,973
200900074273,9,9,23,700,1,2,1,1.0,3,97009,G,0.0,0,973
200900074274,9,9,8,1300,1,2,9,1.0,3,97011,G,0.0,0,973
200900074275,9,9,13,1115,1,1,1,1.0,6,97008,G,0.0,0,973
200900074276,9,9,6,1930,3,2,1,1.0,6,97009,G,0.0,0,973
200900074277,9,9,26,1930,5,1,1,1.0,6,97002,G,,,973
200900074278,9,9,25,1256,1,2,6,1.0,6,97002,G,,,973
200900074279,9,9,19,1508,1,2,1,1.0,6,97002,G,,,973
200900074280,9,9,19,1816,1,2,1,1.0,3,97002,G,,,973
200900074281,9,9,18,1325,1,2,3,1.0,6,97002,G,,,973
200900074282,9,9,21,840,1,2,3,1.0,2,97002,G,,,973
200900074283,9,10,18,315,3,1,1,1.0,2,97007,G,0.0,0,973
200900074284,9,10,8,2315,3,2,3,1.0,3,97009,G,0.0,0,973
200900074285,9,10,24,2000,3,2,1,1.0,6,97007,G,0.0,0,973
200900074286,9,10,1,2100,5,2,1,1.0,3,97011,G,0.0,0,973
200900074287,9,10,2,2215,3,1,9,1.0,2,97007,G,0.0,0,973
200900074288,9,10,3,1745,1,1,1,1.0,6,97004,G,0.0,0,973
200900074289,9,10,29,1900,2,2,1,1.0,6,97011,G,0.0,0,973
200900074290,9,10,16,2200,3,2,1,1.0,1,97007,G,0.0,0,973
200900074291,9,10,15,1130,1,2,1,1.0,7,97004,G,0.0,0,973
200900074292,9,10,30,1345,1,1,1,9.0,6,97008,G,0.0,0,973
200900074293,9,10,25,2100,3,1,1,1.0,1,97005,G,0.0,0,973
200900074294,9,10,7,1845,2,1,1,3.0,6,97011,G,0.0,0,973
200900074295,9,10,18,830,1,1,1,1.0,6,97007,G,0.0,0,973
200900074296,9,10,17,1845,3,1,1,1.0,5,97005,G,0.0,0,973
200900074297,9,10,19,2100,5,2,1,1.0,1,97011,G,0.0,0,973
200900074298,9,10,3,1445,1,1,1,7.0,7,97004,G,0.0,0,973
200900074299,9,10,9,1445,1,1,1,1.0,3,97005,G,0.0,0,973
200900074300,9,10,12,1730,2,2,1,1.0,3,97009,G,0.0,0,973
200900074301,9,10,20,1418,1,2,1,1.0,6,97002,G,,,973
200900074302,9,10,30,830,1,2,2,1.0,2,97002,G,,,973
200900074303,9,10,16,2305,5,2,2,1.0,3,97002,G,,,973
200900074304,9,10,16,1358,1,2,2,1.0,6,97002,G,,,973
200900074305,9,10,25,2013,5,2,1,1.0,6,97002,G,,,973
200900074306,9,10,23,1650,1,1,1,1.0,6,97002,G,,,973
200900074307,9,10,30,1645,1,1,1,1.0,4,97002,G,,,973
200900074308,9,10,24,1117,1,1,1,1.0,7,97002,G,,,973
200900074309,9,10,2,1940,5,2,3,1.0,3,97002,G,,,973
200900074310,9,10,2,1106,1,2,1,1.0,6,97002,G,,,973
200900074311,9,10,5,725,1,2,1,1.0,6,97002,G,,,973
200900074312,9,10,5,1216,1,2,3,1.0,6,97002,G,,,973
200900074313,9,10,8,1730,1,2,3,1.0,6,97002,G,,,973
200900074314,9,10,9,1934,5,1,3,1.0,3,97002,G,,,973
200900074315,9,10,2,1631,1,2,3,1.0,2,97002,G,,,973
200900074316,9,10,6,1640,1,2,1,1.0,6,97002,G,,,973
200900074317,9,10,5,2300,5,2,2,1.0,3,97002,G,,,973
200900074318,9,10,6,1700,1,2,1,1.0,3,97002,G,,,973
200900074319,9,10,5,1708,1,2,1,1.0,6,97002,G,,,973
200900074320,9,11,2,1415,1,2,1,1.0,7,97007,G,0.0,0,973
200900074321,9,11,25,1130,1,1,1,2.0,7,97012,G,0.0,0,973
200900074322,9,11,23,130,5,2,1,1.0,7,97009,G,0.0,0,973
200900074323,9,11,23,1715,1,2,1,1.0,3,97009,G,0.0,0,973
200900074324,9,11,7,2200,3,1,1,1.0,3,97005,G,0.0,0,973
200900074325,9,11,25,730,1,2,1,1.0,1,97009,G,0.0,0,973
200900074326,9,11,13,930,1,1,1,1.0,7,97005,G,0.0,0,973
200900074327,9,11,6,2140,5,2,3,1.0,6,97002,G,,,973
200900074328,9,11,23,1153,1,1,3,1.0,1,97002,G,,,973
200900074329,9,11,9,1225,1,1,1,1.0,2,97002,G,,,973
200900074330,9,11,30,1640,1,1,1,1.0,3,97002,G,,,973
200900074331,9,11,16,2052,5,2,1,1.0,3,97002,G,,,973
200900074332,9,11,26,800,1,1,1,1.0,6,97002,G,,,973
200900074333,9,11,13,1158,1,1,1,1.0,3,97002,G,,,973
200900074334,9,11,18,1340,1,1,6,1.0,3,97002,G,,,973
200900074335,9,11,12,754,1,1,3,2.0,3,97002,G,,,973
200900074336,9,11,1,1710,1,2,1,1.0,5,97002,G,,,973
200900074337,9,11,21,1823,4,2,1,1.0,6,97002,G,,,973
200900074338,9,11,17,738,1,1,1,1.0,2,97002,G,,,973
200900074339,9,11,20,1853,2,1,1,1.0,3,97002,G,,,973
200900074340,9,11,7,1930,5,1,1,1.0,2,97002,G,,,973
200900074341,9,11,7,1129,1,2,1,1.0,6,97002,G,,,973
200900074342,9,11,6,1420,1,2,2,1.0,6,97002,G,,,973
200900074343,9,11,18,1022,1,1,1,1.0,3,97002,G,,,973
200900074344,9,11,19,800,1,2,1,1.0,6,97002,G,,,973
200900074345,9,11,10,2020,5,1,1,1.0,3,97002,G,,,973
200900074346,9,11,9,1145,1,2,1,1.0,6,97002,G,,,973
200900074347,9,12,4,1815,5,1,3,1.0,3,97002,G,,,973
200900074348,9,12,4,1215,1,2,1,1.0,6,97002,G,,,973