Num_Acc,an,mois,jour,hrmn,lum,agg,int,atm,col,com,gps,lat,long,dep
200900074349,9,12,13,1916,5,2,3,1.0,3,97002,G,,,973
200900074350,9,12,1,2200,5,1,3,1.0,6,97002,G,,,973
200900074351,9,12,10,1305,1,1,1,2.0,3,97002,G,,,973
200900074352,9,12,9,1844,5,1,3,2.0,3,97002,G,,,973
200900074353,9,12,8,700,1,2,1,1.0,3,97002,G,,,973
200900074354,9,12,1,2030,5,2,1,1.0,3,97009,G,0.0,0,973
200900074355,9,12,5,1300,1,2,1,1.0,3,97007,G,0.0,0,973
200900074356,9,12,17,645,1,2,3,1.0,3,97009,G,0.0,0,973
200900074357,9,12,14,1645,1,1,1,1.0,3,97004,G,0.0,0,973
200900074358,9,12,6,30,3,2,1,1.0,6,97011,G,0.0,0,973
200900074359,9,12,4,2030,4,1,1,1.0,7,97005,G,0.0,0,973
200900074360,9,12,25,1200,1,2,1,1.0,1,97011,G,0.0,0,973
200900074361,9,12,9,1715,1,2,1,8.0,1,97004,G,0.0,0,973
200900074362,9,12,1,1145,1,2,1,1.0,1,97004,G,0.0,0,973
200900074363,9,12,7,1900,3,1,1,1.0,2,97003,G,0.0,0,973
200900074364,9,12,2,830,1,1,1,1.0,3,97013,G,0.0,0,973
200900074365,9,12,19,1200,1,1,1,1.0,3,97006,G,0.0,0,973
200900074366,9,12,3,2000,5,2,1,1.0,3,97004,G,0.0,0,973
200900074367,9,12,18,1245,1,1,1,1.0,2,97005,G,0.0,0,973
200900074368,9,12,30,1500,1,2,1,1.0,1,97009,G,0.0,0,973
200900074369,9,12,31,2325,5,2,3,1.0,3,97002,G,,,973
200900074370,9,12,18,713,1,2,4,1.0,3,97002,G,,,973
200900074371,9,12,18,2020,5,2,1,1.0,6,97002,G,,,973
200900074372,9,12,21,840,1,1,1,1.0,6,97002,G,,,973
200900074373,9,12,22,1807,5,2,1,1.0,6,97002,G,,,973
200900074374,9,12,22,2035,5,2,1,1.0,6,97002,G,,,973
200900074375,9,12,23,1041,1,2,1,1.0,6,97002,G,,,973
200900074376,9,12,24,1425,1,2,2,1.0,6,97002,G,,,973
200900074377,9,12,24,1600,1,2,1,1.0,7,97002,G,,,973
200900074378,9,12,28,2155,5,2,3,1.0,6,97002,G,,,973
200900074379,9,10,30,120,5,2,1,1.0,7,97016,R,,,974
200900074380,9,11,9,1600,1,1,1,1.0,1,97040,R,0.0,0,974
200900074381,9,11,12,1730,1,1,6,1.0,3,97008,R,0.0,0,974
200900074382,9,11,15,1545,1,1,1,1.0,1,97012,R,0.0,0,974
200900074383,9,11,12,1815,2,2,1,1.0,3,97004,R,0.0,0,974
200900074384,9,11,12,2030,3,1,6,1.0,7,97015,R,0.0,0,974
200900074385,9,11,9,1600,1,1,1,1.0,6,97015,R,0.0,0,974
200900074386,9,11,28,630,1,1,1,1.0,6,97010,R,0.0,0,974
200900074387,9,11,29,2145,4,2,1,1.0,6,97019,R,0.0,0,974
200900074388,9,11,10,1630,1,1,1,1.0,3,97008,R,0.0,0,974
200900074389,9,11,15,1230,1,2,1,1.0,7,97012,R,0.0,0,974
200900074390,9,11,16,1745,1,2,1,1.0,1,97010,R,0.0,0,974
200900074391,9,11,21,1715,1,2,1,1.0,1,97052,R,0.0,0,974
200900074392,9,11,28,1900,3,2,1,1.0,6,97012,R,0.0,0,974
200900074393,9,11,7,1500,1,2,1,3.0,1,97018,R,0.0,0,974
200900074394,9,11,18,1130,1,2,6,1.0,6,97014,R,0.0,0,974
200900074395,9,11,14,1230,1,1,1,1.0,3,97005,R,0.0,0,974
200900074396,9,11,28,1630,1,2,1,1.0,3,97009,R,,,974
200900074397,9,11,4,2047,5,2,1,1.0,2,97011,R,,,974
200900074398,9,11,14,1042,1,2,1,1.0,2,97011,R,,,974
200900074399,9,11,7,1255,1,2,2,1.0,3,97011,R,,,974
200900074400,9,11,26,630,2,1,1,3.0,1,97009,R,,,974
200900074401,9,11,18,1725,1,2,2,1.0,3,97007,R,,,974
200900074402,9,11,16,1550,1,2,1,1.0,6,97007,R,,,974
200900074403,9,11,26,850,1,2,3,1.0,3,97011,R,,,974
200900074404,9,11,19,1810,1,1,6,1.0,1,97009,R,,,974
200900074405,9,11,4,1445,1,2,1,1.0,6,97011,R,,,974
200900074406,9,11,5,1535,1,2,1,1.0,6,97011,R,,,974
200900074407,9,11,12,2320,5,2,1,1.0,6,97011,R,,,974
200900074408,9,11,11,1735,1,2,1,1.0,1,97011,R,,,974
200900074409,9,11,28,600,1,2,3,1.0,3,97007,R,,,974
200900074410,9,11,17,1725,1,2,1,1.0,1,97011,R,,,974
200900074411,9,11,23,1505,1,2,1,1.0,7,97011,R,,,974
200900074412,9,11,7,930,1,2,2,2.0,3,97011,R,,,974
200900074413,9,11,9,700,1,2,2,1.0,3,97011,R,,,974
200900074414,9,11,20,1850,2,2,1,1.0,7,97009,R,,,974
200900074415,9,11,20,1611,1,2,1,1.0,6,97011,R,,,974
200900074416,9,11,12,1159,1,2,1,1.0,2,97011,R,,,974
200900074417,9,11,23,1310,1,2,3,1.0,1,97009,R,,,974
200900074418,9,11,22,550,1,1,1,1.0,2,97009,R,,,974
200900074419,9,11,11,1705,1,1,1,1.0,6,97011,R,,,974
200900074420,9,11,27,2210,5,2,1,1.0,7,97011,R,,,974
200900074421,9,11,20,1755,1,2,1,1.0,6,97011,R,,,974
200900074422,9,11,20,1920,5,2,1,1.0,4,97011,R,,,974
200900074423,9,11,26,1550,1,2,2,1.0,3,97011,R,,,974
200900074424,9,11,23,1330,1,2,1,1.0,6,97011,R,,,974
200900074425,9,11,30,1655,1,2,3,1.0,2,97016,R,,,974
200900074426,9,11,8,2050,5,2,3,1.0,3,97007,R,,,974
200900074427,9,11,14,140,5,2,1,1.0,6,97007,R,,,974
200900074428,9,11,21,730,1,2,1,1.0,3,97016,R,,,974
200900074429,9,11,10,1730,1,2,1,1.0,6,97007,R,,,974
200900074430,9,11,18,2150,3,1,1,1.0,3,97016,R,,,974
200900074431,9,11,10,805,1,1,3,1.0,3,97016,R,,,974
200900074432,9,11,29,35,3,1,3,1.0,3,97016,R,,,974
200900074433,9,11,13,940,1,2,2,1.0,3,97007,R,,,974
200900074434,9,11,2,1920,3,1,1,2.0,7,97016,R,,,974
200900074435,9,11,11,1350,1,2,1,1.0,7,97016,R,,,974
200900074436,9,11,21,1620,1,1,1,1.0,7,97016,R,,,974
200900074437,9,11,12,930,1,1,1,1.0,1,97016,R,,,974
200900074438,9,11,3,818,1,1,1,1.0,7,97007,R,,,974
200900074439,9,11,10,2110,3,2,1,1.0,7,97016,R,,,974
200900074440,9,11,21,700,1,2,1,1.0,6,97016,R,,,974
200900074441,9,10,19,2045,3,2,1,1.0,1,97005,A,,,971
200900074442,9,10,21,720,1,2,1,1.0,7,97005,A,,,971
200900074443,9,10,25,1825,5,2,1,1.0,7,97005,A,,,971
200900074444,9,11,4,1015,1,2,1,1.0,7,97005,A,,,971
200900074445,9,11,23,1245,1,2,1,1.0,2,97005,A,,,971
200900074446,9,11,23,1350,1,2,1,1.0,3,97001,A,,,971
200900074447,9,11,25,2125,5,2,1,1.0,3,97001,A,,,971
200900074448,9,11,28,10,5,1,1,1.0,3,97001,A,,,971
200900074449,9,12,4,815,1,1,1,1.0,3,97003,A,0.0,0,971
200900074450,9,12,5,1155,1,2,1,1.0,6,97001,A,,,971
200900074451,9,12,5,1600,1,1,1,1.0,7,97016,A,0.0,0,971
200900074452,9,12,5,2000,5,1,1,1.0,5,97017,A,0.0,0,971
200900074453,9,12,5,2030,5,2,1,1.0,3,97023,A,0.0,0,971
200900074454,9,12,6,750,1,1,1,1.0,6,97013,A,,,971
200900074455,9,12,8,1245,1,1,1,1.0,1,97018,A,0.0,0,971
200900074456,9,12,8,1700,1,2,1,1.0,6,97003,A,0.0,0,971
200900074457,9,12,9,630,1,2,1,1.0,3,97027,A,0.0,0,971
200900074458,9,12,9,945,1,1,1,1.0,7,97028,A,0.0,0,971
200900074459,9,12,10,2010,4,2,1,1.0,6,97001,A,,,971
200900074460,9,12,10,2200,5,2,1,2.0,6,97001,A,,,971
200900074461,9,12,11,630,2,1,1,2.0,6,97027,A,0.0,0,971
200900074462,9,12,11,725,1,1,1,2.0,6,97013,A,,,971
200900074463,9,12,11,1715,1,1,1,1.0,6,97027,A,0.0,0,971
200900074464,9,12,11,1515,1,2,1,1.0,3,97003,A,0.0,0,971
200900074465,9,12,11,1730,3,1,1,1.0,2,97014,A,0.0,0,971
200900074466,9,12,11,2030,3,1,9,1.0,6,97003,A,0.0,0,971
200900074467,9,12,14,1630,1,2,1,1.0,3,97019,A,0.0,0,971
200900074468,9,12,14,1655,1,1,1,1.0,6,97001,A,,,971
200900074469,9,12,14,1830,3,1,1,2.0,6,97001,A,,,971
200900074470,9,12,17,805,1,2,1,1.0,7,97005,A,,,971
200900074471,9,12,17,1630,1,1,1,1.0,5,97028,A,0.0,0,971
200900074472,9,12,18,2015,3,1,1,1.0,6,97018,A,0.0,0,971
200900074473,9,12,19,240,5,1,1,1.0,7,97001,A,,,971
200900074474,9,12,19,1530,1,2,1,1.0,3,97017,A,0.0,0,971
200900074475,9,12,19,1830,4,2,3,1.0,5,97001,A,,,971
200900074476,9,12,19,910,1,2,1,1.0,6,97001,A,,,971
200900074477,9,12,20,630,1,1,1,1.0,5,97016,A,0.0,0,971
200900074478,9,12,20,1115,1,1,1,1.0,2,97027,A,0.0,0,971
200900074479,9,12,20,1525,1,2,3,1.0,2,97001,A,,,971
200900074480,9,12,20,2000,4,1,1,1.0,6,97013,A,,,971
200900074481,9,12,21,115,3,1,1,1.0,6,97012,A,0.0,0,971
200900074482,9,12,21,2045,3,1,1,1.0,1,97003,A,0.0,0,971
200900074483,9,12,22,1430,1,1,2,1.0,6,97032,A,0.0,0,971
200900074484,9,12,22,1800,2,1,1,1.0,2,97007,A,0.0,0,971
200900074485,9,12,23,750,1,1,1,1.0,7,97005,A,,,971
200900074486,9,12,23,930,1,2,1,1.0,7,97001,A,,,971
200900074487,9,12,23,1925,3,2,1,1.0,2,97001,A,,,971
200900074488,9,12,23,2200,4,1,1,1.0,1,97001,A,,,971
200900074489,9,12,24,839,1,2,1,1.0,2,97005,A,,,971
200900074490,9,12,24,1300,1,1,1,1.0,4,97003,A,0.0,0,971
200900074491,9,12,25,245,3,1,1,1.0,2,97014,A,0.0,0,971
200900074492,9,12,26,745,1,2,1,7.0,1,97004,A,0.0,0,971
200900074493,9,12,27,630,2,2,1,1.0,6,97020,A,,,971
200900074494,9,12,27,1415,1,2,1,1.0,1,97025,A,0.0,0,971
200900074495,9,12,29,700,2,1,1,1.0,6,97006,A,0.0,0,971
200900074496,9,12,31,1430,1,1,3,1.0,7,97001,A,,,971
200900074497,9,10,9,900,1,1,1,1.0,6,97014,R,,,974
200900074498,9,12,3,915,1,2,1,1.0,6,97011,R,,,974
200900074499,9,12,10,606,1,1,6,1.0,6,97011,R,,,974
200900074500,9,12,1,910,1,2,1,1.0,6,97011,R,,,974
200900074501,9,12,8,1230,1,2,1,1.0,6,97011,R,,,974
200900074502,9,12,4,740,1,2,3,1.0,3,97011,R,,,974
200900074503,9,12,6,1415,1,2,1,1.0,1,97011,R,,,974
200900074504,9,12,8,2240,3,1,1,1.0,7,97007,R,,,974
200900074505,9,12,14,2340,5,2,1,1.0,1,97007,R,,,974
200900074506,9,12,9,1805,1,2,1,1.0,6,97011,R,,,974
200900074507,9,12,8,745,1,1,1,1.0,6,97011,R,,,974
200900074508,9,12,15,1510,1,2,2,1.0,3,97011,R,,,974
200900074509,9,12,10,1305,1,2,1,1.0,6,97011,R,,,974
200900074510,9,12,7,1720,1,2,6,1.0,2,97007,R,,,974
200900074511,9,12,5,1315,1,2,3,1.0,3,97007,R,,,974
200900074512,9,12,10,2000,3,2,1,1.0,6,97007,R,,,974
200900074513,9,12,12,1150,1,2,1,1.0,6,97011,R,,,974
200900074514,9,12,15,1800,1,2,1,1.0,6,97011,R,,,974
200900074515,9,12,14,705,1,2,2,1.0,3,97011,R,,,974
200900074516,9,12,12,145,5,1,1,1.0,7,97011,R,,,974
200900074517,9,12,26,1315,1,2,1,1.0,1,97015,R,0.0,0,974
200900074518,9,12,20,2245,3,1,1,1.0,6,97002,R,0.0,0,974
200900074519,9,12,15,1700,1,1,1,1.0,1,97020,R,0.0,0,974
200900074520,9,12,27,1815,1,1,1,1.0,6,97015,R,0.0,0,974
200900074521,9,12,29,1715,5,2,1,1.0,6,97013,R,0.0,0,974
200900074522,9,12,17,1555,1,2,1,1.0,6,97011,R,,,974
200900074523,9,12,20,1950,5,2,1,1.0,2,97007,R,,,974
200900074524,9,12,25,1450,1,1,1,1.0,6,97011,R,,,974
200900074525,9,12,27,45,3,1,1,1.0,2,97011,R,,,974
200900074526,9,12,22,2035,3,2,1,1.0,6,97007,R,,,974
200900074527,9,12,19,109,5,1,1,1.0,2,97011,R,,,974
200900074528,9,12,16,1015,1,2,1,1.0,6,97011,R,,,974
200900074529,9,12,18,1209,1,2,1,1.0,6,97011,R,,,974
200900074530,9,12,18,900,1,2,1,1.0,4,97011,R,,,974
200900074531,9,12,24,1220,1,2,3,1.0,3,97007,R,,,974
200900074532,9,12,18,710,1,2,1,1.0,4,97011,R,,,974
200900074533,9,12,17,2030,5,1,3,1.0,3,97011,R,,,974
200900074534,9,12,19,310,5,2,1,1.0,7,97011,R,,,974
200900074535,9,12,19,2040,3,1,1,1.0,1,97011,R,,,974
200900074536,9,12,19,1600,1,2,2,1.0,7,97011,R,,,974
200900074537,9,12,28,1300,1,2,6,1.0,2,97011,R,,,974
200900074538,9,12,21,1955,3,2,1,3.0,6,97007,R,,,974
200900074539,9,12,25,47,3,2,1,1.0,6,97007,R,,,974
200900074540,9,12,30,2120,3,1,1,2.0,6,97011,R,,,974
200900074541,9,12,25,10,5,2,3,1.0,6,97007,R,,,974
200900074542,9,12,24,630,1,2,1,1.0,2,97011,R,,,974
200900074543,9,12,29,1430,2,2,1,1.0,6,97011,R,,,974
200900074544,9,12,22,1130,1,2,3,1.0,6,97011,R,,,974
200900074545,9,12,30,1455,1,2,1,1.0,3,97009,R,,,974
200900074546,9,12,8,1730,1,2,4,1.0,5,97009,R,,,974
200900074547,9,12,20,2250,3,2,1,1.0,7,97009,R,,,974
200900074548,9,12,22,1350,1,2,1,1.0,2,97009,R,,,974
200900074549,9,12,14,1000,1,2,3,1.0,3,97009,R,,,974
200900074550,9,12,7,45,3,1,1,1.0,1,97009,R,,,974
200900074551,9,12,20,530,3,2,1,1.0,2,97016,R,,,974
200900074552,9,12,11,1845,2,2,1,1.0,7,97016,R,,,974
200900074553,9,12,19,1640,1,1,1,1.0,7,97016,R,,,974
200900074554,9,12,22,1000,1,2,1,1.0,7,97016,R,,,974
200900074555,9,12,14,1145,1,2,3,1.0,3,97016,R,,,974
200900074556,9,12,14,1710,1,2,1,1.0,4,97016,R,,,974
200900074557,9,12,26,2100,5,2,1,1.0,7,97016,R,,,974
200900074558,9,12,22,1220,1,2,1,1.0,7,97016,R,,,974
200900074559,9,12,7,1420,1,2,2,1.0,3,97016,R,,,974
200900074560,9,12,12,930,1,1,1,1.0,7,97016,R,,,974
200900074561,9,12,20,540,2,1,1,1.0,2,97016,R,,,974
200900074562,9,12,6,500,3,1,1,1.0,7,97016,R,,,974
200900074563,9,12,25,45,3,1,1,1.0,7,97016,R,,,974
200900074564,9,12,4,2350,3,1,1,1.0,7,97016,R,,,974
200900074565,9,12,8,800,1,1,1,1.0,2,97016,R,,,974
200900074566,9,12,9,1,3,1,1,2.0,7,97016,R,,,974
200900074567,9,12,11,1750,1,1,1,1.0,3,97016,R,,,974
200900074568,9,12,19,2020,3,1,1,1.0,2,97016,R,,,974
200900074569,9,10,9,1653,1,1,2,1.0,3,97014,R,,,974
200900074570,9,10,16,1750,1,1,1,1.0,7,97016,R,,,974
200900074571,9,10,25,1425,1,2,1,1.0,3,97016,R,,,974
200900074572,9,10,29,1440,1,2,1,1.0,7,97016,R,,,974
200900074573,9,10,29,815,1,2,1,1.0,7,97016,R,,,974
200900074574,9,10,28,1140,1,2,1,1.0,5,97016,R,,,974
200900074575,9,10,28,940,1,2,2,1.0,3,97016,R,,,974
200900074576,9,10,21,2010,5,2,1,1.0,3,97016,R,,,974
200900074577,9,10,14,1600,1,2,1,1.0,3,97016,R,,,974
200900074578,9,10,3,1400,1,2,1,1.0,6,97029,R,,,974
200900074579,9,1,27,1300,1,2,3,1.0,2,97009,R,,,974
200900074580,9,11,5,610,2,2,1,1.0,3,97009,R,,,974
200900074581,9,11,11,1630,1,2,2,1.0,1,97009,R,,,974
200900074582,9,2,28,900,1,1,1,1.0,6,97013,A,,,971
200900074583,9,4,1,925,1,1,1,1.0,6,97013,A,,,971
200900074584,9,7,23,2120,5,2,1,1.0,3,97001,A,,,971
200900074585,9,8,30,819,1,2,1,1.0,6,97013,A,,,971
200900074586,9,8,30,1830,5,1,1,1.0,6,97013,A,,,971
200900074587,9,8,14,925,1,1,1,1.0,6,97001,A,,,971
200900074588,9,8,30,1630,1,1,1,1.0,6,97013,A,,,971
200900074589,9,3,23,545,2,2,1,1.0,6,97001,A,,,971
200900074590,9,4,2,940,1,1,1,1.0,3,97013,A,,,971
200900074591,9,8,8,2315,3,1,1,1.0,7,97001,A,,,971
200900074592,9,8,9,1505,1,1,1,1.0,3,97020,A,,,971
200900074593,9,10,23,1400,1,2,1,1.0,6,97001,A,,,971
200900074594,9,10,30,1830,2,2,3,1.0,3,97001,A,,,971
200900074595,9,12,10,1440,1,1,6,1.0,3,97009,A,,,972
200900074596,9,12,4,710,1,2,1,1.0,6,97009,A,,,972
200900074597,9,12,6,1935,5,2,1,1.0,6,97009,A,,,972
200900074598,9,12,11,2010,5,2,1,1.0,7,97009,A,,,972
200900074599,9,12,13,15,5,2,1,8.0,6,97009,A,,,972
200900074600,9,12,14,940,1,2,1,1.0,1,97009,A,,,972
200900074601,9,12,4,1445,1,1,1,1.0,7,97018,A,1.0,6,972
200900074602,9,12,24,1615,1,2,1,1.0,6,97025,A,0.0,0,972
200900074603,9,12,16,2230,3,1,1,2.0,1,97028,A,0.0,0,972
200900074604,9,12,20,1700,1,1,1,1.0,7,97020,A,0.0,0,972
200900074605,9,12,20,2030,3,1,1,1.0,6,97014,A,0.0,0,972
200900074606,9,12,27,1200,1,1,1,1.0,6,97002,A,0.0,0,972
200900074607,9,12,1,1715,1,1,1,1.0,1,97005,A,0.0,0,972
200900074608,9,12,3,1830,3,1,1,2.0,1,97028,A,0.0,0,972
200900074609,9,12,4,700,1,2,1,1.0,6,97016,A,0.0,0,972
200900074610,9,12,11,2000,3,1,1,1.0,7,97006,A,0.0,0,972
200900074611,9,12,12,1430,1,2,1,1.0,3,97018,A,1.0,6,972
200900074612,9,12,13,715,1,2,1,1.0,1,97028,A,0.0,0,972
200900074613,9,12,14,30,5,2,1,2.0,3,97020,A,0.0,0,972
200900074614,9,12,17,900,1,2,1,1.0,2,97018,A,0.0,0,972
200900074615,9,12,26,1700,2,1,1,1.0,6,97012,A,0.0,0,972
200900074616,9,12,24,1108,1,1,1,1.0,6,97009,A,,,972
200900074617,9,12,25,750,1,2,1,1.0,1,97009,A,,,972
200900074618,9,12,22,1925,3,2,1,1.0,7,97009,A,,,972
200900074619,9,12,1,930,1,1,1,1.0,6,97013,A,,,972
200900074620,9,12,2,1935,5,2,1,1.0,1,97009,A,,,972
200900074621,9,12,3,1045,1,1,1,1.0,3,97013,A,,,972
200900074622,9,12,4,1945,3,1,1,1.0,6,97013,A,,,972
200900074623,9,12,5,2000,3,1,1,1.0,3,97013,A,,,972
200900074624,9,12,9,1400,1,1,1,1.0,2,97013,A,,,972
200900074625,9,12,11,1340,1,1,1,1.0,1,97013,A,,,972
200900074626,9,12,13,316,5,1,1,1.0,2,97013,A,,,972
200900074627,9,12,13,1155,1,1,1,1.0,6,97013,A,,,972
200900074628,9,12,13,1515,1,1,1,1.0,1,97013,A,,,972
200900074629,9,12,17,45,5,2,1,1.0,3,97013,A,,,972
200900074630,9,12,17,810,1,1,1,3.0,2,97013,A,,,972
200900074631,9,12,18,2155,3,1,1,1.0,1,97013,A,,,972
200900074632,9,12,19,600,1,1,1,1.0,6,97013,A,,,972
200900074633,9,12,20,5,5,1,1,1.0,6,97013,A,,,972
200900074634,9,12,21,710,1,2,1,1.0,6,97009,A,,,972
200900074635,9,12,22,1845,5,1,1,1.0,4,97013,A,,,972
200900074636,9,12,22,2225,5,1,1,1.0,2,97013,A,,,972
200900074637,9,12,26,1835,1,1,1,1.0,6,97013,A,,,972
200900074638,9,12,27,230,5,1,1,1.0,2,97013,A,,,972
200900074639,9,12,27,420,3,1,1,1.0,3,97013,A,,,972
200900074640,9,12,28,2245,5,1,1,1.0,1,97013,A,,,972
200900074641,9,12,29,1528,1,2,1,1.0,6,97009,A,,,972
200900074642,9,12,29,1700,1,1,1,1.0,1,97013,A,,,972
200900074643,9,12,30,2030,5,1,1,1.0,1,97013,A,,,972
200900074644,9,5,5,1900,5,2,1,1.0,6,97013,A,,,971
200900074645,9,10,1,1905,5,2,1,1.0,6,97009,A,,,972
200900074646,9,10,1,2010,5,2,1,1.0,3,97009,A,,,972
200900074647,9,10,1,2200,5,2,1,1.0,7,97009,A,,,972
200900074648,9,10,2,1945,5,2,3,1.0,5,97013,A,,,972
200900074649,9,10,3,1600,1,2,1,1.0,7,97009,A,,,972
200900074650,9,10,6,1152,1,2,1,1.0,7,97009,A,,,972
200900074651,9,10,10,1520,1,1,1,1.0,6,97013,A,,,972
200900074652,9,10,12,142,5,1,1,1.0,6,97013,A,,,972
200900074653,9,10,12,830,1,1,1,1.0,4,97013,A,,,972
200900074654,9,10,12,1045,1,1,1,1.0,3,97013,A,,,972
200900074655,9,10,13,715,1,1,1,1.0,2,97013,A,,,972
200900074656,9,10,14,1325,1,1,1,1.0,2,97013,A,,,972
200900074657,9,10,14,1555,1,2,1,1.0,7,97009,A,,,972
200900074658,9,10,14,1725,1,2,1,1.0,6,97009,A,,,972
200900074659,9,10,16,1945,5,2,3,1.0,3,97009,A,,,972
200900074660,9,10,20,715,1,2,1,1.0,6,97013,A,,,972
200900074661,9,10,20,1943,5,1,1,1.0,2,97013,A,,,972
200900074662,9,10,21,1255,1,1,1,1.0,6,97013,A,,,972
200900074663,9,10,22,1700,1,1,1,1.0,3,97013,A,,,972
200900074664,9,10,25,700,1,1,1,1.0,6,97013,A,,,972
200900074665,9,10,26,230,3,1,1,1.0,6,97013,A,,,972
200900074666,9,10,27,720,1,2,1,1.0,2,97009,A,,,972
200900074667,9,10,27,1630,1,2,2,1.0,3,97013,A,,,972
200900074668,9,10,30,1709,1,2,1,1.0,6,97009,A,,,972
200900074669,9,10,19,155,5,2,1,1.0,7,97009,A,,,972
200900074670,9,10,1,1845,3,1,1,1.0,5,97010,A,0.0,0,972
200900074671,9,10,21,1330,1,1,1,1.0,1,97020,A,0.0,0,972
200900074672,9,10,28,2100,3,1,1,1.0,5,97030,A,0.0,0,972
200900074673,9,10,31,415,5,1,6,1.0,1,97034,A,0.0,0,972
200900074674,9,10,12,1600,1,1,9,7.0,3,97022,A,0.0,0,972
200900074675,9,10,17,30,3,1,1,1.0,6,97032,A,0.0,0,972
200900074676,9,10,2,1500,1,2,1,7.0,6,97029,A,0.0,0,972
200900074677,9,10,1,815,2,1,1,1.0,3,97007,A,0.0,0,972
200900074678,9,10,8,1100,1,2,1,1.0,6,97024,A,0.0,0,972
200900074679,9,10,7,1955,5,2,3,1.0,3,97009,A,,,972
200900074680,9,11,1,408,3,2,1,1.0,6,97009,A,,,972
200900074681,9,11,3,2215,5,2,3,1.0,6,97009,A,,,972
200900074682,9,11,7,1500,1,1,1,1.0,3,97013,A,,,972
200900074683,9,11,7,2320,5,2,1,1.0,2,97009,A,,,972
200900074684,9,11,9,1015,1,2,1,1.0,6,97009,A,,,972
200900074685,9,11,9,1935,5,2,1,1.0,3,97009,A,,,972
200900074686,9,11,10,940,1,2,2,1.0,3,97009,A,,,972
200900074687,9,11,11,1940,3,1,1,1.0,6,97009,A,,,972
200900074688,9,11,15,615,1,2,1,1.0,6,97009,A,,,972
200900074689,9,11,25,1920,5,2,2,1.0,3,97009,A,,,972
200900074690,9,11,2,2100,5,2,1,1.0,1,97020,A,0.0,0,972
200900074691,9,11,11,1645,1,1,1,1.0,6,97028,A,0.0,0,972
200900074692,9,11,21,1800,3,1,1,1.0,5,97022,A,0.0,0,972
200900074693,9,11,25,1500,1,1,1,1.0,3,97010,A,0.0,0,972
200900074694,9,11,10,1930,5,2,1,1.0,3,97030,A,0.0,0,972
200900074695,9,11,11,2145,5,1,1,2.0,7,97027,A,0.0,0,972
200900074696,9,11,16,830,1,1,1,1.0,3,97003,A,0.0,0,972
200900074697,9,11,24,700,1,2,1,1.0,3,97024,A,0.0,0,972
200900074698,9,11,26,1630,1,2,9,1.0,6,97029,A,0.0,0,972
200900074699,9,11,10,930,1,2,2,8.0,3,97032,A,0.0,0,972
200900074700,9,11,30,845,1,1,1,1.0,6,97030,A,0.0,0,972
200900074701,9,11,1,1300,1,2,1,1.0,1,97024,A,0.0,0,972
200900074702,9,11,22,40,3,2,3,1.0,2,97009,A,,,972
200900074703,9,11,30,10,5,2,1,1.0,3,97009,A,,,972
200900074704,9,11,25,1315,1,2,1,1.0,6,97009,A,,,972
200900074705,9,11,23,1050,1,1,1,1.0,4,97013,A,,,972
200900074706,9,11,9,830,1,1,1,1.0,3,97013,A,,,972
200900074707,9,11,11,330,5,1,1,1.0,7,97013,A,,,972
200900074708,9,11,13,1530,1,1,1,1.0,3,97013,A,,,972
200900074709,9,11,26,1715,1,2,1,1.0,6,97013,A,,,972
200900074710,9,11,23,630,1,1,1,1.0,7,97013,A,,,972
200900074711,9,11,7,1830,1,1,1,1.0,4,97013,A,,,972
200900074712,9,11,16,1630,1,1,3,1.0,3,97013,A,,,972
200900074713,9,11,14,2110,5,2,1,1.0,3,97013,A,,,972
200900074714,9,11,21,100,5,1,1,1.0,7,97013,A,,,972
200900074715,9,11,22,1400,1,1,1,1.0,3,97013,A,,,972
200900074716,9,11,25,800,1,1,1,1.0,7,97013,A,,,972
200900074717,9,11,28,1200,1,1,1,1.0,4,97013,A,,,972
200900074718,9,11,23,500,2,2,1,1.0,7,97013,A,,,972
200900074719,9,11,17,1740,1,1,1,1.0,2,97013,A,,,972
200900074720,9,11,21,2100,3,1,1,1.0,2,97013,A,,,972
200900074721,9,11,1,1120,1,1,1,1.0,5,97013,A,,,972
200900074722,9,11,8,1540,1,2,1,1.0,7,97009,R,,,974
200900074898,9,4,3,1225,1,1,3,1.0,3,97002,G,,,973